customerNumber,customerName,contactLastName,contactFirstName,phone,addressLine1,addressLine2,city,state,postalCode,country,salesRepEmployeeNumber,creditLimit
20001,Anderson Industries,Anderson,Samantha,+1 (295) 423-4811,8936 Elm Terr,,Dallas,WV,23434,USA,1401,18000
20002,Smith & Hughes Services,Smith,Kimberly,+49 856 55561,1675 Elm Way,Rm 353,San Jose,IN,54118,USA,1619,87900
20003,Rodriguez Solutions,Rodriguez,Alexander,+61 4 7065 6820,1655 Garden Rd,,Barcelona,,40512,Spain,1188,47500
20004,Lee Shop,Lee,Ashley,+61 8 5386 2084,5314 Cedar Dr,,Mesa,IA,99733,USA,1188,124200
20005,Collins & King Corp.,Collins,Samuel,+33 3 75 73 21 16,9578 Creek Terr,,Mesa,OH,44438,USA,1702,239500
20006,Capital Auto Co.,Ortiz,Cynthia,+49 542 808975,7434 Main Loop,,Hamilton,MB,X5D 4P2,Canada,1166,44800
20007,Lee Ventures,Lee,Maria,(287) 949-8962,5039 Valley St,Ste 970,Los Angeles,DE,57576,USA,1625,31300
20008,Diaz & Cooper Enterprises,Diaz,Nicole,+61 2 4770 4608,7178 Willow Ct,Apt 66,Kobe,,787-7118,Japan,1102,56700
20009,Scott Gifts,Scott,Donald,+34 973 155 789,1589 Creek Ln,,Leicester,,HZ61 7GD,UK,1611,6500
20010,Morgan Toys,Morgan,Matthew,(251) 867-9856,4093 Pine Ct,,Nice,,70637,France,1625,174900
20011,Davis & Carter Inc.,Davis,Stephanie,+34 679 294 403,4674 Creek Loop,,Innsbruck,,69638,Austria,1188,600
20012,Ortiz & Davis Wholesale,Ortiz,Nicholas,+1 (834) 283-7868,1114 Valley Way,Ste 253,Jacksonville,CA,87992,USA,1611,76100
20013,Sunrise Supply Ltd.,Taylor,Ronald,+44 55 2127 5002,1201 Poplar Dr,,Virginia Beach,OR,23104,USA,1323,1600
20014,Hill Corp.,Hill,Stephen,+61 5 5325 9280,2547 Summit Rd,,San Antonio,WV,82512,USA,1401,59200
20015,Foster & Brooks Industries,Foster,Kevin,+44 80 1590 7049,9190 Main Ave,# 926,Milwaukee,OK,66057,USA,1504,700
20016,Mendoza & Bennett Co.,Mendoza,Anthony,+44 63 1406 3938,2533 Valley Blvd,,Mesa,NE,91351,USA,1619,47200
20017,Hughes Partners,Hughes,Tyler,+33 4 13 94 34 61,3270 Glen Ln,Rm 893,Palmerston North,,39154,New Zealand,1286,246200
20018,Global Trade Industries,Morgan,Victoria,+61 8 9379 2894,9775 Creek Ln,,Indianapolis,AZ,24208,USA,1337,20200
20019,Alpha Supply Co.,Bennett,William,+44 35 7888 7211,6692 Church Way,,Sapporo,,619-6067,Japan,1612,9000
20020,Sunrise Export Imports,Parker,Anthony,+33 4 28 13 15 41,5492 Elm Dr,,Hamilton,NB,F1K 8Y9,Canada,,40700
20021,Murphy Gifts,Murphy,Deborah,+34 625 670 355,6966 Highland Blvd,,New York,WI,23970,USA,,48200
20022,Ward Depot,Ward,Jeffrey,+49 814 825451,7374 Meadow Dr,,Lyon,,72216,France,1401,57700
20023,Hernandez & Martin Solutions,Hernandez,Anna,+1 (411) 630-7381,1053 Ridge Way,Floor 426,San Jose,VA,38043,USA,,264800
20024,Hill Shop,Hill,Amanda,+81-46-7624-3704,3614 Walnut Dr,Floor 30,Essen,,89069,Germany,1625,9200
20025,Moore Toys,Moore,Jason,+81-38-7906-5133,7450 Church Ln,,Louisville,MA,37742,USA,1625,40000
20026,Wood Inc.,Wood,Heather,(777) 423-8619,2497 Valley Blvd,,Uppsala,,12671,Sweden,1612,7700
20027,Flores Holdings,Flores,Christopher,+33 2 99 48 97 86,6150 Manor Loop,Ste 708,Nashville,OR,98781,USA,1621,54100
20028,Baker Services,Baker,Samuel,+49 660 857458,5935 Glen Loop,Apt 752,Milan,,66822,Italy,,66300
20029,Sunrise Parts Imports,Lopez,Adam,+49 599 20644,5814 Meadow Ln,Ste 719,Sheffield,Wales,AP42 3PG,UK,1401,19700
20030,Alvarez Store,Alvarez,Samuel,+61 9 9698 6632,3631 Manor Loop,# 596,Barcelona,,48566,Spain,1337,120300
20031,Premier Craft Group,Harris,Patrick,+33 5 39 56 32 48,8596 Hickory Rd,,Tucson,LA,87278,USA,1102,21000
20032,Morales Inc.,Morales,Dennis,+1 (355) 352-5978,1870 Pine Way,,Leeds,,OK24 1IP,UK,1143,32300
20033,Edwards Gallery,Edwards,Timothy,(981) 412-4457,9317 Ash St,,Tilburg,,50026,Netherlands,1216,173500
20034,Pacific Parts Trading,Stewart,Scott,+49 876 159145,6966 Park Pl,Apt 931,Quebec City,QC,Y3J 9Y3,Canada,1143,124900
20035,Diamond Sales Wholesale,Ruiz,Cynthia,+1 (983) 888-5415,424 Elm Dr,,Leeds,England,TB56 6TI,UK,1504,101900
20036,Parker Models,Parker,Justin,+49 708 429904,5261 Washington Blvd,# 508,Düsseldorf,,53687,Germany,1625,99200
20037,Smith Shop,Smith,Joyce,+49 478 933634,8168 Hollow St,Ste 135,Kansas City,MS,91609,USA,1612,48900
20038,Peterson Models,Peterson,Mary,+81-64-8736-4993,2523 Walnut Loop,# 280,San Diego,NJ,25396,USA,1370,8800
20039,Foster Boutique,Foster,Kimberly,+34 676 557 651,43 Harbor Loop,Ste 594,Jönköping,,45018,Sweden,1401,20300
20040,Kelly Gifts,Kelly,Donald,+81-52-3492-9115,5214 Birch Loop,,Tilburg,,15720,Netherlands,,165100
20041,Johnson & Evans Corp.,Johnson,Ryan,+81-43-8994-9864,6513 Elm Ln,,Indianapolis,MI,91691,USA,1102,700
20042,Ross Imports,Ross,Richard,+81-21-5000-9702,5315 Cedar Rd,,Nashville,AK,16028,USA,1337,241400
20043,Murphy & Robinson Imports,Murphy,Donald,(652) 553-5901,7623 Harbor Circle,,Canberra,SA,1153,Australia,1611,89900
20044,Walker Center,Walker,Susan,+1 (820) 963-9138,360 Manor Rd,Rm 703,Denver,VT,48696,USA,1625,41000
20045,Allen & Watson Co.,Allen,Helen,+44 22 5835 6352,7223 Maple Terr,,Brussels,,50492,Belgium,1619,52000
20046,Golden Trade Imports,Morris,Steven,+49 579 139592,6512 Magnolia Ln,Floor 15,Trondheim,,39571,Norway,1370,108500
20047,Stewart Ventures,Stewart,Sandra,+49 694 438129,9996 Highland Circle,Rm 476,Nelson,,52992,New Zealand,1165,5700
20048,Roberts Boutique,Roberts,Sarah,+33 8 66 40 56 22,6687 Summit St,,Hamilton,NS,V2P 1S9,Canada,,114500
20049,Collins Enterprises,Collins,Jessica,+33 2 80 36 85 37,5465 Valley Blvd,,Logan City,NSW,1828,Australia,1625,64400
20050,Royal Trade Inc.,Taylor,Charles,+81-70-2862-2041,5305 Oak Blvd,Apt 760,Washington,KS,87182,USA,1401,7800
20051,Sunrise Auto LLC,Gutierrez,Raymond,(282) 529-3430,1769 Walnut Loop,,Dundalk,,65872,Ireland,1143,104800
20052,Parker Co.,Parker,Nicole,+34 804 525 847,7047 Hollow Dr,,Breda,,38183,Netherlands,1143,172900
20053,Hernandez Services,Hernandez,Adam,(620) 562-7929,983 Chestnut Pl,,Las Vegas,FL,82924,USA,1702,48700
20054,Lewis Associates,Lewis,Kathleen,+1 (823) 873-5381,4565 Sycamore Dr,,Groningen,,25058,Netherlands,1102,20200
20055,James Models,James,Larry,+44 58 6105 6314,3525 Garden Way,,Los Angeles,CO,79531,USA,1621,5700
20056,Cruz Store,Cruz,Paul,+34 869 783 415,1817 Harbor Circle,,Sheffield,Wales,GY66 2LN,UK,1102,34000
20057,Golden Trade Inc.,Allen,Maria,+61 3 7505 1693,2117 Garden Pl,,Düsseldorf,,33028,Germany,1370,214400
20058,Nguyen Partners,Nguyen,Rebecca,(449) 646-7560,7539 Station Ave,,Oklahoma City,HI,91018,USA,1501,22400
20059,Anderson & Jimenez Associates,Anderson,Samantha,(381) 991-9095,2400 Meadow Dr,Apt 779,San Jose,KS,23474,USA,1370,59100
20060,Green & Cruz Ltd.,Green,Benjamin,+49 502 483866,9690 Cedar Ln,,Frankfurt,,46002,Germany,1102,3700
20061,Roberts Center,Roberts,Nicholas,+34 652 930 957,7793 Cherry Blvd,,London,,ZS84 4KT,UK,1323,93600
20062,Gutierrez & Campbell Associates,Gutierrez,Shirley,+61 3 6401 2548,5544 Hickory St,,Lucerne,,63578,Switzerland,1501,20100
20063,James & Hall Trading,James,Justin,+61 4 9624 2531,9750 Elm Rd,,Porsgrunn,,26901,Norway,1611,24500
20064,Morales & Lewis Corp.,Morales,Jerry,+44 87 7172 3527,8844 Willow St,,Denver,CT,76543,USA,1166,174800
20065,Gray & Cruz Ventures,Gray,George,+33 6 96 83 66 69,3919 Bay Ct,,Milwaukee,IA,79993,USA,1621,15100
20066,Allen Exports,Allen,Sarah,+34 862 250 950,8453 Park Rd,Apt 280,Nelson,,23446,New Zealand,1370,9500
20067,Metro Import Ltd.,Cook,Ronald,+44 71 8349 1086,5494 Hill Blvd,Rm 484,Los Angeles,MA,22987,USA,,291000
20068,Premier Auto Solutions,Walker,Andrew,+1 (847) 727-4963,1030 Park Ct,,Lille,,69914,France,1619,10100
20069,Atlantic Craft Distribution,Ortiz,David,+49 795 27031,334 Garden Ct,Floor 383,Essen,,82633,Germany,1323,115700
20070,Royal Export Exports,Cooper,Amanda,+1 (523) 517-9444,606 Harbor Dr,Apt 908,Brisbane,VIC,8498,Australia,1337,53700
20071,Urban Trade Associates,Miller,Heather,+34 788 916 631,6335 School Blvd,,Strasbourg,,67637,France,1216,27000
20072,Wilson International,Wilson,Michelle,+61 8 5498 1939,2731 Hollow Ln,,Adelaide,ACT,7981,Australia,1143,6400
20073,Gray Collectibles,Gray,Nicole,+1 (819) 357-8371,6002 Station Way,,San Francisco,WY,94562,USA,,229400
20074,Young Inc.,Young,Kimberly,+34 709 726 392,9203 Park Rd,,Kawasaki,,630-7340,Japan,1612,9000
20075,Silver Trade Distribution,Lopez,Jeffrey,+44 41 9094 1430,8336 Highland Ave,,Liverpool,Scotland,WW90 3ZL,UK,1323,5700
20076,Alvarez Depot,Alvarez,Ronald,+34 838 796 629,1209 Lake Ln,,Strasbourg,,85353,France,1323,41200
20077,Thomas & Hill Group,Thomas,Linda,+44 91 5961 9740,4654 Elm Rd,Ste 282,Charlotte,MN,78012,USA,1143,54000
20078,Garcia Ltd.,Garcia,Larry,+1 (709) 842-9938,3454 Sycamore Way,,Atlanta,KY,95344,USA,1286,130500
20079,Davis & Cruz Services,Davis,Frank,+61 7 7532 3142,9940 Hill Ln,,Cologne,,54589,Germany,1619,168400
20080,Diamond Art Services,Miller,Richard,+34 855 415 609,5124 Sunset Blvd,,Austin,MA,85718,USA,1102,146700
20081,Murphy Gallery,Murphy,Andrew,+81-49-1741-7563,2195 Meadow Loop,,Hamburg,,66482,Germany,1143,208000
20082,Richardson Corp.,Richardson,Kimberly,+33 9 61 74 15 15,5556 Magnolia Ln,,Kolding,,58915,Denmark,1102,42200
20083,Green & Gomez Ventures,Green,Brandon,+49 516 865374,8312 Cherry Pl,,Sapporo,,707-6511,Japan,1102,3300
20084,Wood & Castillo LLC,Wood,Dorothy,+81-22-7765-4340,1801 Sunset St,,Manchester,,EV32 1SW,UK,1337,7700
20085,Horizon Craft Partners,Clark,Eric,+49 654 517699,5609 Poplar Ln,,Jacksonville,NJ,79878,USA,1188,72500
20086,Clark Boutique,Clark,Alexander,+81-53-6654-3399,4716 Park Terr,,Essen,,45842,Germany,1286,84600
20087,Capital Sales Corp.,Sanchez,Margaret,+1 (302) 623-6411,832 Willow Dr,,Colorado Springs,KS,41779,USA,1619,40800
20088,Morris & Long Trading,Morris,Jacob,+1 (379) 627-3880,9407 Highland Pl,,Houston,WY,21725,USA,,64400
20089,Hill International,Hill,Mary,+61 4 8518 5215,2199 Cherry Ct,Rm 116,Long Beach,ND,74738,USA,1619,23500
20090,Brooks Shop,Brooks,Kelly,+33 1 43 59 40 67,1563 Spring Blvd,,Hamburg,,62538,Germany,1619,122300
20091,Bennett Imports,Bennett,Linda,+49 406 654481,5096 Park Circle,,Memphis,UT,75866,USA,1188,95500
20092,Stewart & Ross Solutions,Stewart,Stephen,+33 9 29 31 51 76,1839 Cedar Pl,,Kitchener,QC,T7T 5C9,Canada,1370,142400
20093,Taylor Store,Taylor,Ryan,(754) 261-2130,50 Forest Terr,Floor 353,Edinburgh,,VZ40 1MI,UK,,170300
20094,Edwards Shop,Edwards,Timothy,+81-70-3086-4648,5698 Park Blvd,,Long Beach,FL,95660,USA,1625,257900
20095,Robinson & Collins Associates,Robinson,Joyce,+1 (446) 411-2102,528 Ridge Terr,,Fort Worth,WA,24790,USA,1165,300
20096,Cooper & Long LLC,Cooper,Sandra,+61 5 5944 3347,5225 Sycamore Terr,,Denver,IA,85511,USA,,26500
20097,Bailey Collectibles,Bailey,Jason,+34 723 969 330,5223 Ridge Way,Floor 189,Kolding,,78742,Denmark,1286,234400
20098,Roberts & Allen Enterprises,Roberts,Sarah,+1 (474) 586-1647,1515 Poplar Loop,,Philadelphia,NH,58637,USA,1702,233800
20099,Hill Enterprises,Hill,Kevin,+61 6 7236 8639,3975 Hickory Loop,Apt 566,Gothenburg,,72773,Sweden,1501,1800
20100,National Supply International,Stewart,Patrick,+81-40-3497-4214,2391 Oak Rd,,Lille,,39002,France,1286,99900
20101,Morales Store,Morales,Joyce,+1 (736) 234-2217,8955 Walnut Blvd,,Washington,HI,28344,USA,,40600
20102,Johnson & Cook Imports,Johnson,Karen,+1 (217) 742-5501,7917 Walnut St,Ste 422,Virginia Beach,SD,97392,USA,1501,30100
20103,Ortiz & Walker Enterprises,Ortiz,Richard,+34 889 349 813,6503 Elm Ln,,Adelaide,TAS,5379,Australia,1188,6800
20104,Carter Collectibles,Carter,Timothy,(740) 243-4764,7110 School Terr,,Brisbane,VIC,9189,Australia,1188,8700
20105,Cooper Group,Cooper,Kimberly,+81-12-5903-3661,3395 Chestnut Blvd,,Winterthur,,12052,Switzerland,1501,231100
20106,Ruiz Wholesale,Ruiz,Sarah,+81-44-1485-5478,7162 Highland Ave,Rm 629,Fukuoka,,154-2600,Japan,1621,19100
20107,Carter Ventures,Carter,Raymond,+44 60 6188 6909,1345 Summit Blvd,,San Francisco,VA,19634,USA,1165,22300
20108,Edwards Models,Edwards,Sharon,+1 (498) 623-7353,9781 Hickory Ln,,Washington,OK,22198,USA,1621,32400
20109,Classic Sales Exports,Moore,Lisa,+61 6 5040 9123,6900 Bay Ct,,Austin,NV,46170,USA,1504,40200
20110,Nelson Boutique,Nelson,Timothy,+33 8 50 32 60 50,4923 Church Terr,,Lille,,27842,France,1286,186400
20111,Premier Art Enterprises,Gomez,Tyler,(618) 889-9180,3435 Hollow Rd,,Edinburgh,Scotland,VY71 1XO,UK,1165,213500
20112,Morris Depot,Morris,Scott,(311) 987-5067,603 Station Loop,,Düsseldorf,,81256,Germany,1611,148800
20113,Parker Inc.,Parker,Kevin,+34 791 500 574,9143 Chestnut Loop,,Charlotte,NC,77999,USA,1621,5900
20114,Anderson & Hall Trading,Anderson,David,+34 763 168 407,5707 Birch Ave,,Columbus,ND,73298,USA,1102,5500
20115,Young & Peterson Group,Young,Jack,+81-53-1478-4232,6637 Spring Blvd,,Baltimore,NJ,40389,USA,1370,4300
20116,Morgan & Campbell International,Morgan,Aaron,+81-78-2871-6700,8020 Willow Circle,Floor 626,San Diego,KY,97910,USA,1323,4600
20117,Thomas & Flores Co.,Thomas,Joshua,+81-26-8973-9804,6853 Hickory Blvd,,San Jose,NC,60916,USA,1612,50000
20118,Edwards Associates,Edwards,Victoria,+34 809 801 603,3197 Garden Pl,,Helsingborg,,27895,Sweden,1337,29500
20119,Royal Export Holdings,Lewis,Kimberly,+61 2 8231 9951,1855 Sycamore Ave,Ste 844,Kawasaki,,662-9369,Japan,1188,4300
20120,Lopez Models,Lopez,Brian,+81-24-3281-4385,9633 Market Loop,,Seville,,37509,Spain,1625,32800
20121,Central Sales Wholesale,Nguyen,Alexander,+44 27 5090 3396,6744 Cedar Rd,,Graz,,27771,Austria,1612,117600
20122,Edwards Ltd.,Edwards,Timothy,(948) 669-6869,7450 Walnut Ln,,Nice,,58374,France,1625,273700
20123,Capital Art Corp.,Torres,Adam,+44 67 8479 1011,7530 Oak Ave,,Leeds,Wales,VY7 1DU,UK,,140900
20124,Urban Trade Associates,Lopez,Kimberly,+44 86 4705 9510,1560 Main Dr,,Vancouver,ON,N4H 6X1,Canada,1612,298200
20125,Martinez & Roberts Ltd.,Martinez,Kathleen,+44 93 3340 2120,6023 Bay Blvd,,Yokohama,,205-6133,Japan,1501,18000
20126,Mendoza Gifts,Mendoza,Brandon,+61 4 5059 5537,9660 Garden Ln,,San Antonio,FL,26142,USA,1611,1200
20127,Hill & Gutierrez Ventures,Hill,Raymond,+33 8 91 86 19 77,895 Valley Ct,,Düsseldorf,,48737,Germany,1702,208000
20128,Thompson Models,Thompson,Debra,+81-67-5693-9209,3535 Maple St,,Phoenix,AL,44365,USA,1621,26100
20129,Hernandez & Martin Distribution,Hernandez,Donna,+33 1 41 21 65 24,1084 Bay Loop,,Colorado Springs,SD,95175,USA,1370,6100
20130,Hughes Group,Hughes,Sarah,+49 780 939473,8475 Meadow Blvd,,Stuttgart,,78551,Germany,1165,92900
20131,Watson Exports,Watson,Pamela,+49 821 117903,8186 Sycamore Blvd,,Nantes,,17266,France,1702,6700
20132,Campbell Toys,Campbell,Jacob,+49 875 91670,6871 Highland Ln,# 328,Chicago,OK,95944,USA,1504,600
20133,Classic Supply Ltd.,Reyes,William,+34 995 894 300,3975 Glen Ln,,London,Wales,GJ73 5XT,UK,1619,5500
20134,Brooks International,Brooks,Brian,+81-65-1981-3332,1704 Forest Pl,,Louisville,WV,50306,USA,1612,139700
20135,Hernandez Wholesale,Hernandez,Catherine,+44 41 5778 5276,9304 Cedar Way,,Memphis,CA,87580,USA,1625,198900
20136,Sanchez & Jimenez Holdings,Sanchez,Barbara,+33 8 49 69 43 25,7636 Church Way,Unit 988,San Antonio,HI,68925,USA,1143,11100
20137,Jackson Solutions,Jackson,Michelle,+44 14 7625 8408,803 Bay Rd,,Porsgrunn,,77300,Norway,1501,5500
20138,Jimenez & Taylor Enterprises,Jimenez,Adam,+1 (266) 402-8265,1377 Chestnut Terr,Rm 77,Genoa,,99952,Italy,1621,168400
20139,Parker Store,Parker,Pamela,+33 5 73 62 80 71,3518 Spring Rd,Apt 36,Baltimore,ID,56392,USA,1143,15500
20140,Cooper Partners,Cooper,Aaron,+61 8 5430 3946,8922 Walnut Ln,,Málaga,,72873,Spain,1102,192100
20141,Howard & Lee Co.,Howard,Jerry,+81-48-3846-3885,917 Highland Terr,,San Francisco,LA,79951,USA,1188,42900
20142,Jackson & Murphy Distribution,Jackson,Larry,+1 (539) 828-4300,921 Highland Terr,Ste 490,Fresno,AZ,21830,USA,1621,3400
20143,Price & Jimenez Co.,Price,Emma,+44 31 8157 8982,6121 Manor Terr,Unit 331,Groningen,,19506,Netherlands,1611,119400
20144,Thompson Gallery,Thompson,Emma,+1 (386) 816-6213,30 Sycamore Way,,Sapporo,,230-3911,Japan,,18800
20145,Golden Motor Ltd.,Walker,Barbara,+49 835 123282,187 Meadow Dr,Suite 359,Genoa,,68540,Italy,1619,175000
20146,Hall Models,Hall,Timothy,+49 50 344198,3696 River Ct,Rm 35,Catania,,95323,Italy,1216,1000
20147,Baker Collectibles,Baker,Elizabeth,+33 7 99 80 79 43,7114 River St,Apt 998,Lyon,,89602,France,1611,232400
20148,Smith Models,Smith,George,+34 659 415 903,1590 Oak Dr,Unit 84,Raleigh,NM,36171,USA,1337,36400
20149,Mitchell & Edwards LLC,Mitchell,Timothy,(287) 884-6632,4401 Sycamore St,# 684,Albuquerque,KY,39654,USA,1621,79600
20150,Morgan Center,Morgan,Rebecca,+44 26 8357 3832,1294 Manor Loop,Ste 923,Palmerston North,,49171,New Zealand,,800
20151,Sanchez & Kim Industries,Sanchez,Sharon,+34 606 905 817,9116 Manor Pl,Unit 533,Phoenix,CO,60868,USA,1611,2600
20152,Jimenez Trading,Jimenez,Larry,+34 619 276 382,4328 Garden Circle,,Napier,,63856,New Zealand,1337,90200
20153,Myers Gallery,Myers,Michael,(433) 337-5923,4966 Bay Rd,,Brussels,,54284,Belgium,,4400
20154,Evans Depot,Evans,Margaret,+81-20-9589-1474,2605 Pine Rd,,Auckland,,77537,New Zealand,1166,4400
20155,Silver Export Wholesale,Sanchez,Alexander,+34 690 991 585,501 Valley Ln,,Marseille,,99282,France,1504,3500
20156,Miller & Kelly Enterprises,Miller,Deborah,+1 (999) 985-1145,3388 Summit Circle,,Utrecht,,98826,Netherlands,1370,130100
20157,Crystal Import Associates,Chavez,Alexander,(207) 723-7131,4951 Willow Terr,,Toulouse,,71171,France,1501,59200
20158,Urban Sales Enterprises,Adams,Samantha,+34 751 365 528,6621 Church Circle,Suite 672,San Francisco,AR,88647,USA,1337,149500
20159,Mendoza Boutique,Mendoza,Mark,+49 772 857609,9147 Spring Rd,Apt 759,Munich,,96194,Germany,1501,47900
20160,Flores Boutique,Flores,Catherine,(683) 399-9199,1930 Birch St,,Colorado Springs,ME,70786,USA,1165,31200
20161,Baker Center,Baker,Betty,+44 51 1950 1077,5184 Spring Ave,,Mons,,28772,Belgium,1370,2100
20162,Brooks Shop,Brooks,Sharon,+1 (529) 975-9700,77 Maple Pl,Unit 973,Montpellier,,60242,France,1188,74900
20163,Royal Trade LLC,Roberts,Susan,+44 54 9031 6885,9771 Willow Ln,,Denver,NJ,78195,USA,1619,46300
20164,Ramirez Holdings,Ramirez,Thomas,+1 (808) 249-2771,613 Garden Circle,Ste 639,Hamburg,,58049,Germany,1611,91700
20165,Clark Trading,Clark,Karen,+44 64 2718 9381,8525 Summit Terr,,Marseille,,96832,France,1619,14600
20166,Gutierrez & Rivera Services,Gutierrez,Adam,(313) 787-9095,3403 Birch Ln,Suite 688,Chicago,OK,75058,USA,1166,122400
20167,Sunrise Auto Co.,Nguyen,Ryan,(976) 246-1158,5902 Church Way,,Rome,,48085,Italy,1625,42900
20168,Royal Trade Partners,Mitchell,Elizabeth,+44 25 3171 1960,6320 Birch Way,,Montpellier,,45629,France,,222400
20169,Alpha Auto Corp.,Jimenez,Timothy,+1 (921) 894-9598,6739 Hollow St,# 322,Dortmund,,24802,Germany,1621,147800
20170,Hughes Services,Hughes,Frank,+1 (211) 858-3571,6306 Hill Pl,,Perth,ACT,6664,Australia,1401,66500
20171,Miller & Peterson Partners,Miller,Kimberly,+34 828 423 221,7522 Hollow Terr,,Toulouse,,20332,France,,3700
20172,Heritage Craft Enterprises,Cox,Diane,+34 966 772 472,890 Highland Ct,Rm 635,Canberra,TAS,6953,Australia,1619,72200
20173,Hughes LLC,Hughes,Melissa,+33 2 60 37 68 34,6705 Washington Rd,,Mons,,28408,Belgium,1619,1100
20174,Collins & Murphy Inc.,Collins,Laura,+44 99 3845 3103,7092 Chestnut Ct,,Berlin,,82512,Germany,1165,141100
20175,Ross & Scott Partners,Ross,Frank,+49 893 745570,2186 Lake Way,,Drammen,,69355,Norway,1501,39500
20176,Elite Motor Wholesale,Mendoza,Emily,+81-4-9564-2744,6840 Poplar Rd,,Bristol,England,YL72 8SS,UK,1102,18400
20177,Allen & Davis Trading,Allen,Debra,+33 9 59 40 75 99,7416 Washington Terr,,Long Beach,AZ,57013,USA,1286,44400
20178,National Art Imports,Johnson,Michael,+33 5 67 32 97 19,8956 Hickory Dr,,Genoa,,87120,Italy,1166,87700
20179,Allen International,Allen,Justin,+49 532 838278,2519 Church Terr,# 631,Munich,,15235,Germany,1504,41400
20180,Cook & Turner Distribution,Cook,Tyler,+33 9 70 81 93 11,3625 Forest Circle,Unit 301,Hamburg,,55796,Germany,1165,9800
20181,Adams Models,Adams,Debra,+34 849 144 403,405 Willow Ln,,Bordeaux,,47070,France,1702,1900
20182,Bennett & Mendoza Services,Bennett,Anthony,+1 (670) 934-6434,7131 Pine Loop,,Turin,,80484,Italy,1102,8600
20183,Roberts Shop,Roberts,Edward,(974) 963-1745,1939 Poplar St,,Paris,,61052,France,1612,60600
20184,Ross Shop,Ross,Andrew,+49 679 161074,2562 Poplar Dr,Floor 816,Paris,,72126,France,1286,8900
20185,Jackson LLC,Jackson,Brenda,+61 5 7760 9397,8971 Elm Rd,# 926,Raleigh,MT,80405,USA,1165,900
20186,Reyes Trading,Reyes,Stephen,+33 6 72 67 52 88,3843 Washington Rd,,Edmonton,QC,G9S 5M2,Canada,1611,271200
20187,Young & Alvarez Services,Young,Joshua,+49 528 588469,5433 Birch Ct,,Las Vegas,FL,99073,USA,1165,13300
20188,Martinez Inc.,Martinez,Benjamin,+49 586 947412,9485 Manor Terr,Suite 565,Amsterdam,,86269,Netherlands,,86600
20189,Rogers Partners,Rogers,Nicholas,+44 83 3395 8921,2718 Cherry Blvd,,New York,TX,41310,USA,,40500
20190,Diamond Export Imports,Gutierrez,Anthony,+49 884 787948,5310 Washington Loop,,Auckland,,95003,New Zealand,1216,5400
20191,Lewis Boutique,Lewis,Timothy,+44 67 3713 4768,7899 Hickory St,,Genoa,,73813,Italy,1143,6400
20192,Nelson Exports,Nelson,Rebecca,+44 91 9399 1642,707 Lake Terr,,Quebec City,AB,V2X 6A3,Canada,1702,227500
20193,Brooks Trading,Brooks,Larry,+44 85 3979 9369,9938 Birch Ct,Rm 421,Uppsala,,68877,Sweden,1216,23700
20194,Wilson Enterprises,Wilson,Thomas,+1 (744) 715-2925,6878 Hill Terr,Floor 924,Essen,,99701,Germany,1143,150200
20195,Garcia Gifts,Garcia,Melissa,(635) 337-5170,5743 Chestnut Loop,,Helsingborg,,59969,Sweden,1401,281500
20196,Price Holdings,Price,James,+81-49-2746-3535,6145 Forest Loop,,Essen,,10942,Germany,1337,51800
20197,Long & Evans Distribution,Long,Ronald,+49 621 371083,6066 Magnolia Pl,,Palma,,33425,Spain,1621,15500
20198,Lee Enterprises,Lee,Rachel,+1 (293) 348-8727,853 River Way,,Stuttgart,,82165,Germany,,4400
20199,Alpha Auto Group,Ward,Stephanie,+33 3 96 14 56 40,8490 Harbor Dr,Ste 523,Canberra,NSW,4304,Australia,1611,209900
20200,Gutierrez Ltd.,Gutierrez,Betty,+33 4 68 61 83 10,9161 Chestnut Ln,Rm 284,Lugano,,47289,Switzerland,1216,2000
20201,Sunrise Import Holdings,Morgan,Steven,+34 659 364 169,7518 Glen Terr,,Cologne,,54520,Germany,1337,135000
20202,Morgan Industries,Morgan,Eric,+34 760 462 323,5604 Pine Pl,,Philadelphia,MT,98302,USA,1702,286500
20203,Patel & King Enterprises,Patel,Donald,+34 914 106 882,2556 Washington Ave,,San Francisco,SC,56665,USA,1625,87100
20204,Diamond Parts Holdings,Rogers,Maria,+44 69 2972 9490,8860 Maple Pl,Rm 703,Kansas City,NV,72694,USA,1370,71100
20205,Metro Sales Exports,White,Dorothy,+61 7 7563 5581,3014 Walnut Way,# 771,Turku,,57962,Finland,1370,59300
20206,Parker Gifts,Parker,Brenda,+61 9 5915 5111,2894 Ridge Ct,Rm 646,San Jose,NM,11276,USA,1501,119100
20207,Gonzalez Boutique,Gonzalez,Benjamin,+61 5 9821 3859,4223 Market St,,Las Vegas,OK,83071,USA,,133100
20208,Sunrise Motor Group,Ward,Timothy,+49 757 290465,1169 Elm Blvd,Unit 325,Gold Coast,NT,7631,Australia,1504,290800
20209,Williams & Sanders Solutions,Williams,Nancy,+1 (226) 989-7504,6506 Washington Ave,Floor 562,Melbourne,WA,3734,Australia,1501,162600
20210,Sunrise Motor Corp.,Patel,Ashley,+34 876 378 661,576 Market Ln,,Munich,,13744,Germany,1370,239600
20211,Silver Export Distribution,Morgan,Samantha,+44 55 5698 8687,5993 Ridge Rd,Suite 1,Philadelphia,NH,50352,USA,1501,194900
20212,Robinson Distribution,Robinson,Scott,+81-51-4614-5308,6468 Valley Blvd,,Portland,OK,67292,USA,1143,130000
20213,Crystal Parts Ltd.,Morgan,Catherine,+33 6 12 29 16 78,7461 Ash Ct,Ste 504,Denver,DE,93478,USA,1102,9700
20214,Johnson Gifts,Johnson,Karen,+44 18 5366 7429,7598 Maple Ln,Rm 975,Nashville,NY,58679,USA,1143,4700
20215,Alvarez & Roberts Imports,Alvarez,Jerry,+34 799 797 419,1540 Willow Circle,,Chicago,IL,70402,USA,,1600
20216,Hill & Campbell LLC,Hill,Samantha,(605) 448-1146,3867 Creek Ln,Rm 283,Utrecht,,24801,Netherlands,,5800
20217,Pacific Auto Associates,Lopez,Amy,+61 9 4161 1349,7993 Highland Ln,,Wollongong,VIC,3061,Australia,1612,222800
20218,Hughes Gifts,Hughes,Anna,+49 584 394945,2628 Pine Pl,Unit 840,Edinburgh,Wales,KX60 5TR,UK,1370,123400
20219,Adams Distribution,Adams,Donald,+61 8 6276 2809,8152 Magnolia Blvd,,Turin,,78690,Italy,1165,6600
20220,Harris LLC,Harris,Gary,+34 640 579 920,3617 Hickory Loop,Apt 672,Sheffield,,QT90 5BL,UK,1611,1800
20221,Ortiz Ltd.,Ortiz,Paul,+81-27-4164-9621,8512 Washington Ave,,Milan,,38298,Italy,1611,5700
20222,Rivera Shop,Rivera,Pamela,+34 780 422 663,9011 Manor Pl,Apt 547,Christchurch,,33644,New Zealand,,126400
20223,Cooper & Carter Distribution,Cooper,Larry,+1 (730) 338-5945,7413 Hollow Way,Suite 292,Bern,,57187,Switzerland,1102,40700
20224,Bailey & Gonzalez LLC,Bailey,Angela,+49 124 608199,4342 Station Terr,Unit 831,Lyon,,28141,France,1337,39400
20225,Hughes Ventures,Hughes,Frank,+81-56-2974-4714,917 School Ln,,Sydney,NT,2285,Australia,1619,8500
20226,Green & Adams Wholesale,Green,Jennifer,+44 54 2352 8796,1476 Highland Way,Floor 152,Vancouver,ON,Y6R 9V8,Canada,1504,26000
20227,Bailey & Morales Partners,Bailey,Kathleen,(887) 623-7939,1174 Summit Way,Ste 92,Perth,WA,4970,Australia,1323,11900
20228,Cruz & Cruz LLC,Cruz,Brandon,(957) 255-4982,6125 Hill Loop,,Lausanne,,36173,Switzerland,,9300
20229,National Craft Enterprises,Williams,Jacob,+44 99 1301 7170,8992 Birch Terr,,Kansas City,WI,43902,USA,1504,67000
20230,Johnson Partners,Johnson,Katherine,(523) 696-9709,4793 Garden Dr,,Gold Coast,VIC,1312,Australia,1143,2000
20231,Horizon Import Group,Flores,Shirley,+49 929 415977,4954 Valley Pl,Suite 641,Washington,MN,91950,USA,1702,11200
20232,James & Lopez Partners,James,Ronald,+81-42-6395-8359,3727 Ridge Dr,,Leipzig,,91988,Germany,1501,15500
20233,Ortiz & Parker Corp.,Ortiz,Alexander,(388) 525-3384,1112 Magnolia Pl,,Logan City,QLD,6201,Australia,1619,211700
20234,Elite Parts Co.,Brooks,Joyce,+33 4 97 13 55 20,4373 Hickory Terr,,Los Angeles,WI,90213,USA,1612,110500
20235,Morales Toys,Morales,Deborah,+33 2 32 66 88 72,246 Summit Way,# 208,Charlotte,AZ,63554,USA,1612,266400
20236,Ward Wholesale,Ward,Ronald,+1 (771) 596-9456,8499 Poplar Way,,Albuquerque,AZ,42207,USA,1621,94000
20237,Nguyen Wholesale,Nguyen,Jason,+44 85 9952 3216,7401 Elm Loop,,Mons,,94685,Belgium,1337,5500
20238,Royal Trade Ltd.,Allen,Elizabeth,+44 59 7235 1719,1398 Willow Loop,,Milwaukee,SD,57571,USA,1621,32600
20239,Miller Gallery,Miller,Carolyn,+1 (837) 983-5146,2961 Park Blvd,,Milwaukee,ME,92110,USA,1102,241200
20240,James Store,James,Emma,+49 664 669172,9833 Main Dr,,Marseille,,88802,France,1501,8300
20241,Golden Trade LLC,Bennett,Robert,+44 69 6901 1587,4660 Ash Circle,,Jacksonville,HI,98092,USA,1143,80100
20242,Nguyen Toys,Nguyen,William,+1 (311) 785-9666,6780 Willow Dr,,Seattle,MI,79081,USA,,143400
20243,Heritage Art Ventures,Green,Nathan,+34 692 724 338,8133 Willow Loop,,Dallas,SC,83745,USA,1612,9800
20244,Ward Shop,Ward,Anthony,(515) 507-9301,3479 Main Circle,Unit 261,Washington,OK,93558,USA,1501,3800
20245,Horizon Export LLC,Nelson,Matthew,+81-10-9537-5904,8798 School Ct,,Canberra,QLD,8546,Australia,1501,51900
20246,Rivera Corp.,Rivera,Diane,+44 87 2914 6050,8754 River Terr,,Los Angeles,MI,59183,USA,1612,11300
20247,Hill & Ortiz Trading,Hill,Adam,+44 35 6572 8921,1518 Hollow Pl,Floor 927,Las Vegas,AZ,36489,USA,1619,41000
20248,Collins Depot,Collins,Robert,(733) 984-6119,1427 School Ct,,Nashville,AZ,87894,USA,1102,71000
20249,Foster Models,Foster,Joshua,+33 9 54 80 50 44,250 Ash Pl,,Austin,LA,25002,USA,1165,74500
20250,Taylor Exports,Taylor,Michael,+44 87 8304 6826,6285 Cedar Ave,,Brussels,,23884,Belgium,1286,230000
20251,Hughes Models,Hughes,Elizabeth,+49 964 391104,3797 Highland Blvd,,Montpellier,,71675,France,1337,282400
20252,Stewart Associates,Stewart,William,(533) 769-2162,5712 Hickory Terr,Suite 416,Munich,,46996,Germany,1621,13000
20253,National Art Services,Rodriguez,Deborah,(957) 928-8972,5607 Poplar Loop,# 686,Murcia,,84345,Spain,1165,29900
20254,Kim Ventures,Kim,William,+1 (975) 350-3444,8099 Cedar Ave,Apt 909,Murcia,,52914,Spain,1370,94700
20255,Crystal Supply Ltd.,Gray,Diane,+1 (440) 642-7459,14 Magnolia Ln,Unit 887,Leicester,,EJ8 6RB,UK,1611,26200
20256,Bailey Boutique,Bailey,Matthew,+34 936 547 239,2057 Lake St,Suite 148,The Hague,,47810,Netherlands,1143,268300
20257,Rogers Depot,Rogers,Ryan,+34 974 342 829,3699 Spring Way,,Bologna,,56570,Italy,1401,296700
20258,Howard Models,Howard,Joseph,(451) 683-2279,7618 Willow Ave,,Kansas City,WI,46624,USA,1612,5400
20259,Crystal Supply Trading,Stewart,Angela,+44 84 1845 5780,4982 Sycamore Rd,Floor 593,Chicago,VT,88333,USA,1621,58300
20260,Urban Auto Co.,Scott,Brandon,+1 (551) 286-3376,3870 Walnut Blvd,,Leicester,Scotland,VO48 3IZ,UK,1504,211900
20261,Castillo & Clark Holdings,Castillo,Jeffrey,+34 754 587 864,1901 Cedar Blvd,,Fukuoka,,155-5331,Japan,,118400
20262,Sunrise Import International,Johnson,Sharon,+49 373 293457,8705 Market Way,,Oslo,,22761,Norway,1216,36200
20263,Foster & Gutierrez International,Foster,Emma,+33 5 42 34 14 13,6738 Washington Pl,Floor 360,Vancouver,SK,U0Y 0C0,Canada,1611,600
20264,Lopez & Carter Holdings,Lopez,Jessica,(854) 664-5528,3019 Meadow Rd,,Naples,,24528,Italy,1621,6900
20265,Carter Boutique,Carter,Linda,+33 7 32 92 72 23,2916 Hollow Ave,,Waterford,,44690,Ireland,1166,114300
20266,Sunrise Auto Exports,Martinez,Barbara,+81-76-1060-9444,6398 Summit Blvd,,New York,AZ,97111,USA,1612,7700
20267,Roberts Models,Roberts,James,+61 3 8530 5750,1486 Station Pl,,Bristol,Wales,VJ52 1UU,UK,1611,89300
20268,Horizon Trade Imports,Ruiz,Benjamin,(753) 858-6041,416 Chestnut Dr,,Osaka,,136-4163,Japan,1401,146700
20269,Castillo Partners,Castillo,Tyler,(237) 953-3319,8792 Hill Loop,,Kansas City,NJ,98877,USA,1401,46300
20270,Premier Export Ventures,Miller,Benjamin,+33 2 35 64 53 96,1871 Walnut Terr,,Colorado Springs,CA,23937,USA,1337,37400
20271,Atlantic Trade Industries,Thompson,Emma,+44 23 7162 3584,9068 River Ct,Ste 42,Portland,HI,58487,USA,1102,67900
20272,Foster Toys,Foster,Julie,+1 (810) 384-9190,6751 Valley Blvd,,Seattle,ND,69037,USA,1504,43100
20273,Capital Craft Solutions,Gonzalez,Shirley,+34 854 280 263,870 Sunset Ave,,Cologne,,46231,Germany,1612,78500
20274,Collins Co.,Collins,Maria,+34 903 693 433,477 Walnut Pl,Apt 739,Kyoto,,280-3589,Japan,1337,45900
20275,Evans & Carter Solutions,Evans,Jack,+34 691 496 482,7142 Hill Dr,,Colorado Springs,NY,17122,USA,1165,35300
20276,Elite Trade Imports,Davis,Larry,+44 84 4763 2416,3603 Harbor Terr,Rm 654,Lyon,,55033,France,1337,221000
20277,Diaz & Young International,Diaz,Janet,+1 (241) 681-9261,2441 Sycamore St,,Toulouse,,87564,France,1102,273200
20278,Bailey Services,Bailey,David,+1 (691) 885-5994,4847 Valley Circle,,Malmö,,56976,Sweden,1166,296500
20279,Phillips & Mitchell Imports,Phillips,Alexander,+33 2 89 52 17 75,4421 Ash Pl,,Toronto,QC,N5T 0K6,Canada,,6700
20280,Chavez Distribution,Chavez,Daniel,+61 7 5380 9250,9505 Forest Loop,,Calgary,BC,L3U 1X7,Canada,1612,2800
20281,Sunrise Art Associates,Gray,Jonathan,+44 47 2260 2791,7502 Elm Ave,,Milan,,34687,Italy,1166,1100
20282,Cooper & Stewart Associates,Cooper,Debra,+33 9 92 52 62 84,3098 Pine St,,Paris,,48209,France,1323,254500
20283,Royal Sales Solutions,Taylor,Larry,+44 90 3634 9770,2431 Market Rd,,Frankfurt,,16202,Germany,1216,43600
20284,Central Motor Imports,Garcia,Joseph,+44 79 5940 2990,569 Church Ln,Floor 553,Jacksonville,IN,83726,USA,,64500
20285,Classic Export Trading,Cooper,Jack,+34 773 805 215,2410 Sycamore Loop,,Skien,,97410,Norway,1619,196200
20286,Atlantic Supply LLC,Edwards,Mark,(724) 603-4185,8822 Hollow Circle,,Glasgow,Scotland,ZY36 4AC,UK,1401,250000
20287,Diamond Supply Inc.,Diaz,Kelly,+34 979 525 922,9192 Elm Dr,,Washington,MD,68402,USA,1370,259300
20288,Kim Corp.,Kim,Emma,+49 454 193388,1084 Chestnut Way,Floor 655,Tucson,ND,53963,USA,1501,177900
20289,Central Sales Exports,Garcia,Gary,+49 457 198085,7743 Park Circle,,Leeds,Scotland,AZ1 3IJ,UK,1401,6900
20290,Howard Center,Howard,George,+1 (465) 366-1958,7800 Park Ln,,Nice,,92312,France,1166,85700
20291,Classic Craft Ltd.,Miller,Amanda,+49 307 728739,9811 River Pl,Unit 847,Munich,,22387,Germany,1612,31400
20292,Jimenez Shop,Jimenez,Melissa,(627) 671-2251,2533 Cherry Dr,,Austin,CT,38557,USA,1165,5300
20293,Royal Sales Inc.,Gutierrez,Scott,+81-17-2273-1308,2333 Highland Rd,Apt 81,Yokohama,,327-3108,Japan,1621,7600
20294,Garcia Trading,Garcia,Steven,+49 623 374733,480 Elm Blvd,,Montreal,QC,W3V 3F5,Canada,1323,8600
20295,Ross Wholesale,Ross,Justin,+34 787 814 703,8801 Main Loop,Apt 943,Fort Worth,ME,32514,USA,1166,297200
20296,Evans International,Evans,Sandra,(535) 705-2895,8124 Station Loop,# 42,San Diego,ND,27814,USA,1337,39400
20297,Diaz & Rodriguez Exports,Diaz,Emily,(322) 346-7468,210 Walnut Circle,Floor 536,Örebro,,33500,Sweden,1337,5900
20298,Baker & Kim Partners,Baker,Betty,+81-48-8795-7626,4564 Chestnut Terr,Rm 821,Baltimore,WA,75419,USA,,168300
20299,Moore Co.,Moore,Benjamin,+44 49 2578 2253,2935 Garden Terr,,Yokohama,,610-1438,Japan,1611,194000
20300,Capital Craft Inc.,Cooper,Dorothy,+34 618 133 281,1952 Garden Ct,Floor 454,Helsinki,,66414,Finland,1501,22100
20301,Morales Holdings,Morales,Deborah,+81-81-6779-5660,914 Manor Rd,,Hamilton,PE,V7S 8F8,Canada,1286,300
20302,Baker Models,Baker,Benjamin,+49 636 99067,5756 Cedar Circle,Apt 664,Nantes,,63992,France,,83800
20303,Diaz Gallery,Diaz,Raymond,(700) 302-4373,5186 Garden Terr,,Tucson,PA,12914,USA,1323,42000
20304,Murphy Distribution,Murphy,Betty,(934) 792-2552,9397 Manor Dr,,Indianapolis,AR,48970,USA,1504,103100
20305,Crystal Craft International,Hill,Katherine,+44 13 9457 4056,8444 Glen Circle,,Memphis,KY,91915,USA,1504,110000
20306,Watson Wholesale,Watson,Janet,(849) 408-7757,2466 Bay Way,,Albuquerque,GA,41506,USA,1216,16400
20307,Brown & Flores Imports,Brown,Matthew,+49 704 587457,607 Sunset Blvd,Suite 265,Düsseldorf,,65314,Germany,1166,8500
20308,Rodriguez Boutique,Rodriguez,Kenneth,(991) 520-6395,8552 Chestnut Pl,Suite 244,Montreal,NS,E3D 9T1,Canada,1625,42200
20309,Sunrise Import Industries,Ramirez,Daniel,+61 8 8780 5036,8741 Station Loop,,Amsterdam,,74272,Netherlands,,86300
20310,Jones Solutions,Jones,Nicole,+34 798 108 502,5946 Park Pl,,Louisville,MD,93748,USA,,143600
20311,Crystal Auto Industries,Cruz,Christopher,(364) 915-5275,6766 School Loop,,Palmerston North,,71746,New Zealand,1401,260700
20312,Miller & Watson Imports,Miller,Maria,(361) 455-9460,6565 Sunset Circle,Ste 85,Valencia,,10403,Spain,1612,239100
20313,Edwards Toys,Edwards,Joshua,+81-51-4677-1339,3255 Elm Way,,Colorado Springs,MA,46935,USA,,286000
20314,Perez Partners,Perez,Rachel,(214) 935-9615,1460 Station Blvd,,Logan City,SA,3445,Australia,1370,28100
20315,Horizon Import Corp.,Wright,Jose,+81-26-7693-3391,3532 Harbor Loop,,Toulouse,,88654,France,1102,187200
20316,Diamond Parts Partners,Moore,Jacob,+1 (205) 459-9266,3848 Birch Ln,,Kitchener,MB,C1U 0B5,Canada,1611,3000
20317,Perez Boutique,Perez,Dorothy,+1 (330) 711-5603,5199 Willow Way,Suite 321,Christchurch,,21750,New Zealand,1619,137700
20318,Horizon Motor Distribution,Perez,Sharon,+49 197 750255,3096 Hill St,Suite 482,Almere,,16975,Netherlands,1370,216200
20319,Castillo & Thomas Associates,Castillo,Joseph,+33 1 77 83 33 63,8336 Summit Terr,,Denver,ID,32058,USA,,59400
20320,Thomas Boutique,Thomas,Debra,+1 (537) 244-8423,7862 Glen Circle,,Birmingham,Wales,EA11 8WV,UK,1286,19700
20321,Golden Auto Ltd.,Chavez,Aaron,+44 60 7592 5668,6536 Elm St,,Leicester,,CM33 3HY,UK,1611,39900
20322,Premier Supply Wholesale,Taylor,Nicole,+81-50-4053-8112,4399 Sycamore Terr,,Milwaukee,MO,72447,USA,1611,15300
20323,Watson Trading,Watson,Shirley,+49 891 270732,4922 Hill Blvd,,Hamburg,,72601,Germany,1401,3000
20324,Gonzalez Center,Gonzalez,Edward,+34 691 905 286,9594 Elm Pl,# 678,Genoa,,43405,Italy,1625,197100
20325,Golden Motor Enterprises,Richardson,Laura,+1 (375) 871-8817,1743 Creek Pl,Floor 120,Raleigh,KY,98265,USA,1370,124400
20326,Campbell Gallery,Campbell,Brandon,+1 (414) 692-3378,1834 Oak Loop,,Dallas,AL,35008,USA,1611,129000
20327,Stewart Collectibles,Stewart,Charles,+33 4 47 82 60 16,7948 Birch St,,San Jose,WV,68361,USA,1323,212400
20328,Pacific Export Partners,Sanders,Scott,+61 3 5388 7834,7994 Highland Loop,Suite 433,Leipzig,,90149,Germany,1702,217200
20329,Castillo & Stewart Associates,Castillo,Andrew,+34 667 400 840,9629 School Terr,,Bordeaux,,38796,France,1612,260200
20330,Lee & Torres Ltd.,Lee,Nathan,+61 6 6849 3598,8090 Bay Dr,Suite 19,Vancouver,BC,G2W 7D6,Canada,1166,8600
20331,Bailey & Morales Industries,Bailey,Jessica,(923) 251-8173,9127 Summit Blvd,,Drogheda,,16117,Ireland,1621,4800
20332,Cook Group,Cook,Jennifer,(357) 862-6959,4787 Hollow Pl,,Perth,TAS,3572,Australia,1323,1400
20333,Classic Craft Group,Stewart,Julie,+81-32-3260-8025,5909 Valley Blvd,,Las Vegas,VA,64396,USA,1337,67600
20334,Jackson Wholesale,Jackson,Jeffrey,+81-7-3473-1947,5158 Manor Blvd,,Gothenburg,,54342,Sweden,,295900
20335,Golden Supply Inc.,Hughes,Debra,+34 957 453 931,2407 Manor Ct,,Bari,,90006,Italy,1621,80200
20336,Patel & Gutierrez Distribution,Patel,Patrick,+44 13 1456 9846,5116 Willow Ln,,Philadelphia,NC,82323,USA,1504,2400
20337,Heritage Supply Co.,Mitchell,Victoria,+33 6 48 46 95 83,9379 Main Ct,Apt 825,San Diego,NH,49054,USA,1612,15400
20338,Collins Corp.,Collins,George,+34 639 478 793,1019 Creek Blvd,,Kobe,,183-2511,Japan,1501,189600
20339,Ruiz Shop,Ruiz,Jeffrey,(911) 417-8461,2083 Walnut Loop,,Naples,,76294,Italy,1370,292800
20340,Pacific Craft Corp.,Kelly,Melissa,+44 86 7910 1797,4817 Walnut St,,Nashville,MS,49748,USA,,3100
20341,Rodriguez Services,Rodriguez,Brian,+44 28 9270 8551,7412 School Way,,Frankfurt,,84155,Germany,1619,163400
20342,Baker Imports,Baker,Ronald,+49 604 686498,407 Sycamore Circle,,Yokohama,,986-3713,Japan,1165,2800
20343,Harris Depot,Harris,Eric,+34 643 926 646,8714 Spring St,Apt 252,Ghent,,96278,Belgium,1504,153500
20344,Diamond Sales Ltd.,Ortiz,Patricia,+49 447 721572,4676 Hill Blvd,Suite 158,San Antonio,OH,32040,USA,1166,158800
20345,Urban Import Co.,Evans,Charles,+81-17-5412-1993,9602 Valley Ct,,San Francisco,WI,88250,USA,1286,5500
20346,Gray Solutions,Gray,Emma,+33 3 57 79 31 41,9311 Ridge Ct,# 513,Valencia,,49926,Spain,1501,75100
20347,Nguyen & Smith LLC,Nguyen,Helen,+61 5 9361 5609,9796 Meadow Circle,,Helsingborg,,45822,Sweden,1102,3700
20348,Crystal Parts Ventures,Bailey,Patrick,+33 6 53 36 68 86,5614 Meadow Loop,,Stuttgart,,99404,Germany,1286,4600
20349,Thompson Depot,Thompson,Gregory,+1 (887) 655-3022,8817 Elm Circle,,Mons,,61483,Belgium,1323,8100
20350,Harris Collectibles,Harris,Melissa,+49 857 762677,5863 Sunset Ave,,Los Angeles,WI,46848,USA,1188,48700
20351,Brooks Models,Brooks,Joyce,+44 19 3101 2065,8094 River Pl,# 580,Rotorua,,75578,New Zealand,1165,138100
20352,Capital Export Inc.,Williams,Gregory,+34 785 629 877,7087 Ridge Rd,Ste 478,Stockholm,,52336,Sweden,1102,141800
20353,Nelson Holdings,Nelson,Matthew,(228) 691-8077,1220 Valley Dr,Unit 65,Turin,,65550,Italy,1621,5900
20354,Heritage Parts Ltd.,Miller,Carol,+1 (586) 520-2065,1568 Hollow Terr,Suite 939,Bilbao,,67478,Spain,1621,241600
20355,Davis Trading,Davis,Gregory,+1 (664) 593-8605,6736 Highland Terr,,Tilburg,,22560,Netherlands,1621,8800
20356,Ramos & Wilson Co.,Ramos,Kevin,+61 8 8887 8284,9392 Lake Circle,,Phoenix,PA,35377,USA,1166,62800
20357,Jimenez & Jackson Exports,Jimenez,Anna,+44 18 4889 9308,133 Willow Terr,,El Paso,ME,58343,USA,1625,12200
20358,Harris Store,Harris,Carol,+33 4 69 89 37 40,7444 Maple Ct,Suite 655,Bristol,Wales,TJ54 6FD,UK,1401,206400
20359,Campbell Ltd.,Campbell,James,+61 2 1486 4262,4761 Hollow Dr,,Mesa,DE,28664,USA,1188,45400
20360,Premier Auto Corp.,Thompson,John,+61 4 9633 8106,4999 Glen Dr,,San Diego,MI,37556,USA,1702,15800
20361,Alpha Import Solutions,Mitchell,Frank,+61 5 1872 5588,3099 Poplar Rd,,Biel,,86981,Switzerland,1702,8500
20362,James Group,James,Diane,+34 966 606 585,8169 Willow Ct,# 383,Essen,,59055,Germany,1216,23400
20363,Walker Gifts,Walker,Laura,+49 485 554022,6130 Meadow Pl,Rm 87,Louisville,OR,30605,USA,1323,213900
20364,Urban Import Inc.,Murphy,Melissa,(483) 433-2612,1244 Market Ave,Ste 526,Charlotte,KY,94587,USA,1165,83400
20365,National Art Corp.,Foster,Jose,+81-54-1194-8733,140 Bay Rd,,Bray,,44227,Ireland,1611,48100
20366,Ramos Store,Ramos,Eric,+1 (583) 342-3102,7026 Ridge Dr,,Philadelphia,MA,34621,USA,1286,30000
20367,Long Depot,Long,Debra,+61 8 7247 4345,528 Lake Blvd,,Colorado Springs,AK,84393,USA,,199300
20368,Lopez & Wilson Distribution,Lopez,Kenneth,+81-39-4373-4818,3059 Sunset Ave,,Raleigh,NY,13517,USA,1286,43400
20369,Gomez & Anderson Corp.,Gomez,Edward,+49 472 867626,6374 Forest Blvd,,Dortmund,,19012,Germany,1612,238100
20370,Jackson Models,Jackson,James,+34 836 689 140,8616 School Terr,,Catania,,42353,Italy,1619,95600
20371,Thompson Gifts,Thompson,Joyce,+81-8-4927-3587,7502 Garden Circle,Ste 98,Virginia Beach,WA,66633,USA,1216,10800
20372,Ross Associates,Ross,Edward,+34 613 174 754,6720 Hollow Blvd,Ste 46,San Antonio,NC,52731,USA,1612,278400
20373,Anderson & Adams Imports,Anderson,Steven,+44 71 5573 3643,8986 Valley Loop,,Hamburg,,20819,Germany,1166,230200
20374,Ross Industries,Ross,Christine,+1 (850) 735-2684,565 Poplar Dr,,Washington,ID,38399,USA,1337,6000
20375,Walker & Lopez Inc.,Walker,Melissa,(880) 371-3736,3149 Pine Dr,,Paris,,54186,France,1102,21300
20376,Diaz Solutions,Diaz,Ronald,+34 712 167 773,246 Manor Circle,Floor 218,Washington,MA,32756,USA,1625,56700
20377,Wilson & Allen Co.,Wilson,Amy,+34 795 623 755,1107 School St,,Sheffield,Scotland,KF82 6VP,UK,1619,5000
20378,Diaz & Richardson Ltd.,Diaz,Jack,+34 978 998 436,3310 Hill Way,Suite 244,Las Vegas,NY,48877,USA,1165,268800
20379,Long Solutions,Long,Andrew,+33 7 76 51 33 66,3970 Forest Pl,# 255,Groningen,,54922,Netherlands,1611,14800
20380,Lopez & Ramos Distribution,Lopez,Thomas,+49 198 766729,8314 Elm Way,,Turin,,40973,Italy,1188,34200
20381,Morris Associates,Morris,Tyler,+81-22-8897-1324,7232 Creek Pl,,Lyon,,71697,France,1621,13300
20382,Allen Store,Allen,Daniel,+33 3 34 10 11 74,9930 Birch Ave,# 481,Denver,MO,83681,USA,1619,91600
20383,Chavez Services,Chavez,Donna,+49 819 967440,9267 River Dr,,Ghent,,60439,Belgium,1619,3500
20384,Patel & Young Exports,Patel,Jason,+44 43 5053 3644,463 Hill Rd,,Las Vegas,SD,98660,USA,1102,7700
20385,Diaz & Diaz Industries,Diaz,Matthew,+49 796 229703,1791 Sycamore Ln,,Hamilton,PE,Y6V 4P1,Canada,,4000
20386,Hughes Depot,Hughes,Heather,+34 693 614 212,2796 Spring Ln,Apt 203,Nice,,66485,France,1370,17400
20387,Cruz Group,Cruz,Edward,+34 944 878 203,4535 Pine Ln,Apt 490,Philadelphia,MO,26342,USA,1102,2700
20388,Smith Center,Smith,Eric,+61 7 6164 4925,7754 School Terr,,Frankfurt,,73691,Germany,,27900
20389,Collins Toys,Collins,James,+34 863 523 776,4073 Station Ct,,San Diego,ND,46630,USA,1166,65600
20390,Sunrise Parts Ventures,Patel,Julie,(951) 594-5814,5708 Creek Ct,,Leipzig,,20665,Germany,1504,7100
20391,Capital Export Group,Lopez,Diane,(308) 645-1478,8859 Valley Dr,Rm 967,Ghent,,73198,Belgium,1166,126600
20392,Thomas & Morgan Exports,Thomas,Christine,+81-86-8159-4823,9842 Pine Circle,# 761,El Paso,IA,85493,USA,1188,13500
20393,Elite Supply Partners,Kelly,Joseph,+44 77 4639 2746,5238 Station Circle,,London,Wales,BS69 4MN,UK,1337,28400
20394,Elite Auto Ventures,Jackson,Ryan,+33 8 47 58 17 52,4481 Sycamore Ct,,Sacramento,VT,26182,USA,1166,3600
20395,Thompson Shop,Thompson,Heather,+61 8 7407 2176,6428 School Way,,Austin,AK,81819,USA,1501,278400
20396,Long Trading,Long,Michelle,+44 37 4573 4205,2254 Hollow Loop,,Lyon,,85649,France,1619,39000
20397,Gray & Davis Co.,Gray,Jason,+44 91 7619 5014,1923 Cherry Circle,Floor 994,Tucson,ID,16877,USA,1102,293200
20398,Bennett Imports,Bennett,Diane,+34 928 784 621,7293 Station St,Suite 125,Tilburg,,46073,Netherlands,1188,5900
20399,Roberts Shop,Roberts,Nancy,+1 (603) 769-9788,1041 Poplar Blvd,,Dallas,CT,52628,USA,1621,5300
20400,James Group,James,Anthony,+33 3 21 81 42 14,9089 Hollow Ln,Apt 589,The Hague,,10697,Netherlands,1143,1200
20401,Capital Export Corp.,Gutierrez,Jennifer,+33 3 87 80 37 85,733 Valley St,Unit 877,Bristol,Wales,TR66 4WD,UK,1323,188200
20402,Phillips Models,Phillips,Christopher,+49 678 740650,8781 Forest Ave,,Linköping,,28775,Sweden,1611,32500
20403,Green Shop,Green,Karen,(537) 855-2457,4426 Park Pl,Ste 417,Raleigh,KS,20161,USA,1323,3300
20404,Carter Co.,Carter,Mark,+49 594 294220,1566 Willow Ln,,Nashville,PA,74175,USA,1504,72300
20405,Morgan Store,Morgan,Gregory,+1 (942) 854-7064,2338 Garden Terr,,Liverpool,England,VQ92 3VE,UK,1612,120700
20406,Crystal Craft Solutions,Torres,Nicholas,(369) 789-1940,5124 Elm Circle,# 246,Philadelphia,MD,63282,USA,1143,151600
20407,Moore Store,Moore,Janet,+1 (931) 635-9754,6644 Main Terr,Rm 764,Essen,,26343,Germany,1619,2400
20408,Gray & Thompson Ltd.,Gray,Lisa,+61 3 6537 5092,835 Creek Ct,,Dallas,NC,56306,USA,1625,79000
20409,Watson Gifts,Watson,Jack,+34 768 405 462,7587 Ash Ct,Suite 631,Lugano,,14643,Switzerland,1165,151300
20410,Ortiz & Evans Co.,Ortiz,David,+49 403 459148,4099 Highland Ct,,Singapore,,263190,Singapore,1702,248400
20411,Myers Collectibles,Myers,Amanda,+61 2 3626 4260,4668 Maple Blvd,,Fort Worth,DE,34846,USA,,223400
20412,Diamond Craft Partners,Taylor,Carolyn,+1 (894) 550-8039,2549 Market Pl,# 243,San Antonio,AK,26531,USA,,222900
20413,Sanders & Young Industries,Sanders,Karen,(917) 947-9230,7032 Sunset Ct,,Zaragoza,,42421,Spain,1504,1900
20414,Scott & Jackson Services,Scott,Robert,+33 6 64 71 17 75,6232 Ridge Pl,# 237,Fort Worth,CO,16678,USA,1337,291400
20415,White Inc.,White,Michael,+34 786 442 411,7735 Summit Terr,Apt 259,Oklahoma City,IN,47397,USA,1165,127000
20416,Metro Sales Enterprises,Myers,George,(276) 759-6618,3121 Sunset Loop,,Birmingham,England,EU96 2BS,UK,1286,40400
20417,Capital Supply Associates,Alvarez,Stephen,+1 (370) 813-5491,1110 Birch Way,,Marseille,,67163,France,1612,11800
20418,Murphy Group,Murphy,Ronald,+33 3 10 30 83 37,9216 Garden Way,,Bordeaux,,60351,France,1504,101300
20419,Capital Trade Group,Nguyen,Mark,+49 924 839026,641 Hill Rd,,Long Beach,KS,48252,USA,1143,71000
20420,Adams Distribution,Adams,Melissa,+1 (564) 424-5582,4832 Church St,,Dallas,NE,90148,USA,1166,9700
20421,Alpha Craft Enterprises,Carter,Frank,+81-22-8308-4796,4404 Forest Terr,,Turin,,52501,Italy,1619,224400
20422,Harris Toys,Harris,Daniel,(346) 273-7986,2912 Manor Circle,,Sydney,SA,3669,Australia,1216,9100
20423,Roberts Co.,Roberts,Timothy,+1 (209) 308-9886,4069 Elm Rd,# 615,Rome,,27324,Italy,1619,111000
20424,Nelson Toys,Nelson,Donna,(757) 503-2680,8907 Park St,,Long Beach,VT,45056,USA,1401,153600
20425,Metro Import Co.,Wood,Amanda,+61 3 1710 3475,1667 Harbor Ln,Unit 122,Hamburg,,39428,Germany,1166,117900
20426,Hall Industries,Hall,Andrew,+44 51 3421 7399,1252 Main Blvd,,Winterthur,,44786,Switzerland,1370,83500
20427,Jackson International,Jackson,Kimberly,+81-80-6463-3264,5778 Church Ct,,Limerick,,60465,Ireland,1621,224600
20428,Robinson Models,Robinson,Joyce,+44 25 1976 6723,282 Station Pl,,Sheffield,Scotland,WC31 6AG,UK,1323,219100
20429,Lewis Corp.,Lewis,Joyce,(688) 808-3591,6959 Station St,,San Jose,MO,13453,USA,1102,235400
20430,Stewart & Myers Wholesale,Stewart,Nancy,+44 12 7494 7940,2555 Cedar Circle,Rm 178,Edmonton,NB,P5R 0K1,Canada,1612,133000
20431,Atlantic Craft Partners,Lee,Jason,(909) 679-8821,6561 Ash St,Apt 843,Odense,,37769,Denmark,1286,270500
20432,Wilson Associates,Wilson,Susan,+49 222 588490,3472 Hickory St,,Bristol,England,HJ21 9DC,UK,1188,9300
20433,Morris LLC,Morris,Diane,+61 4 2595 6428,4627 Manor Pl,Rm 401,Nashville,AL,56746,USA,1337,172500
20434,Royal Motor Imports,Jones,Kelly,+61 9 3149 6554,3534 Hill Loop,Ste 529,Philadelphia,VA,40352,USA,1286,256900
20435,Cox Corp.,Cox,Brandon,+44 48 3645 2116,1429 Walnut Ave,,Leeds,England,ZA19 5RZ,UK,1216,34000
20436,Ross Toys,Ross,Steven,+44 67 7008 9396,649 Station Rd,,Norrköping,,73997,Sweden,1625,59100
20437,Garcia Solutions,Garcia,Debra,+34 942 195 457,6542 Pine Dr,,Hamilton,ON,E1K 6F9,Canada,1370,3200
20438,Foster Gifts,Foster,Ronald,(485) 665-1627,5611 Hickory Ct,# 488,Marseille,,51587,France,1501,235200
20439,Campbell Store,Campbell,Julie,(345) 270-5487,6930 Summit Rd,,Columbus,AK,99610,USA,1337,137100
20440,Lopez Boutique,Lopez,Michael,+44 66 6811 7375,3254 Market Way,,Drammen,,31565,Norway,1625,45800
20441,Global Motor Imports,Sanders,Joyce,+1 (661) 328-8361,1862 Ridge Rd,,Helsingborg,,51472,Sweden,1611,11500
20442,Hall & Harris Holdings,Hall,Margaret,(916) 711-8471,266 Bay Rd,,Turku,,57683,Finland,1337,92600
20443,Collins Boutique,Collins,Daniel,+81-84-5640-2625,7142 Garden Rd,,Raleigh,HI,81141,USA,,242400
20444,Long Imports,Long,Catherine,+81-17-4204-8693,4750 Ridge Dr,Floor 565,Berlin,,97518,Germany,,286200
20445,Urban Sales Trading,Lewis,Melissa,+61 7 6490 3792,3958 Main Way,Suite 158,Tilburg,,98250,Netherlands,,89400
20446,Kelly Toys,Kelly,Aaron,+44 75 2939 7422,6605 Church Pl,Apt 102,Linköping,,32769,Sweden,1625,20400
20447,Parker Holdings,Parker,Patricia,+34 924 746 896,1291 Sycamore Way,# 134,Virginia Beach,VA,81260,USA,1323,45900
20448,Pacific Sales Ltd.,Carter,Julie,(309) 345-5627,9493 Washington Ave,,Stockholm,,93674,Sweden,1216,13100
20449,Williams Models,Williams,Gary,+34 682 284 405,6880 Garden Ln,,Hamburg,,37563,Germany,1102,55300
20450,Ward Group,Ward,Kathleen,+44 38 6978 2880,3160 Hickory St,,Frankfurt,,25937,Germany,1702,15500
20451,Sanchez Associates,Sanchez,Kathleen,+49 432 117892,2834 Sunset Circle,,Edmonton,NB,S6T 6G4,Canada,1504,293100
20452,Golden Art Co.,Diaz,Laura,+49 648 876843,554 Cherry Rd,,Sheffield,Scotland,SL48 2OF,UK,1702,89800
20453,Rivera & Martinez Enterprises,Rivera,Nancy,+61 5 8624 6268,2004 Main Ln,,Gold Coast,QLD,6151,Australia,1702,5600
20454,Cox Holdings,Cox,Carolyn,+34 855 147 381,7131 Church Ln,Suite 822,Leuven,,99408,Belgium,1337,1200
20455,Kelly Imports,Kelly,Samuel,(681) 297-7800,8643 Maple Ln,,Memphis,AZ,79922,USA,1619,90000
20456,Sunrise Export Co.,Gomez,Michael,+44 24 6289 8138,480 Highland St,,Nijmegen,,23466,Netherlands,1188,400
20457,King Co.,King,Michael,+44 85 8548 2964,5396 Ash Way,Apt 948,Nashville,CA,44567,USA,1165,294900
20458,Thomas & Kelly Exports,Thomas,Christine,(561) 771-4971,3701 Elm Rd,,Adelaide,TAS,8908,Australia,1611,7400
20459,Ramirez Shop,Ramirez,Christine,+49 755 486076,9676 Willow Pl,,San Antonio,MI,37349,USA,1611,143800
20460,Rogers & Jimenez Partners,Rogers,Helen,(962) 312-4941,5033 Sycamore Circle,Floor 898,Seattle,NV,31521,USA,1102,97600
20461,Crystal Parts Corp.,Hernandez,Stephen,+81-57-4177-5816,5468 Cedar Ct,Suite 51,Strasbourg,,76574,France,1166,1800
20462,Young Solutions,Young,Samuel,+81-53-7437-2659,3912 Pine Pl,Apt 904,Chicago,OR,44888,USA,1188,37700
20463,Global Trade Group,Price,Andrew,+44 53 8458 3323,5003 Valley Blvd,Suite 171,Leipzig,,72489,Germany,,6700
20464,Horizon Art Inc.,Johnson,Maria,+49 885 249376,1793 Maple St,,Cologne,,71940,Germany,1501,59400
20465,Horizon Sales Associates,Hall,Jack,+34 657 376 802,5468 Willow Circle,,Nantes,,49470,France,1401,15900
20466,Young Boutique,Young,Patricia,+34 869 279 371,1769 Summit Circle,,Philadelphia,IL,59516,USA,,108900
20467,Alpha Trade Services,Howard,Jennifer,+44 70 3461 9571,4726 Park St,,Bilbao,,55481,Spain,,80400
20468,Central Trade LLC,Ramirez,Jennifer,+49 834 910737,5772 Main St,Unit 900,Berlin,,66403,Germany,1401,16200
20469,Parker Trading,Parker,Betty,(467) 509-6091,6329 Creek Way,,Tucson,MN,42601,USA,1166,45000
20470,Peterson & Hill Trading,Peterson,Rebecca,+81-15-3270-9627,8943 Spring Way,,Atlanta,SD,70444,USA,1370,220300
20471,Reyes Distribution,Reyes,Edward,+44 90 9900 5806,4955 Valley Terr,,Portland,CO,28426,USA,1143,109700
20472,Premier Supply Ventures,Davis,David,+1 (918) 409-9458,5429 Cedar Ave,,Denver,OR,73106,USA,1166,29800
20473,Castillo Exports,Castillo,Donna,(453) 409-2697,1 Hill Terr,,Perth,VIC,2100,Australia,1370,168300
20474,Alpha Export Ventures,Walker,Nancy,+44 76 9956 4282,3028 Hill Loop,,San Jose,SD,12838,USA,1370,145900
20475,Wilson Shop,Wilson,Rachel,+1 (794) 510-1558,4644 Glen Ave,,Naples,,13666,Italy,1611,34800
20476,Global Motor Associates,Collins,Patrick,+44 94 3480 6764,5716 Willow Way,,Essen,,37627,Germany,1611,67900
20477,Chavez Shop,Chavez,William,+49 162 741663,2956 Sycamore Loop,,Skien,,96372,Norway,1286,9600
20478,Lee & Gonzalez Co.,Lee,Janet,+44 60 7882 2054,3794 Valley Ave,,Dortmund,,52422,Germany,1143,125000
20479,Brown & Adams Co.,Brown,Victoria,+44 66 9659 4150,8047 Hollow Circle,Apt 760,Winnipeg,BC,X9U 3G4,Canada,1143,24200
20480,Jimenez Center,Jimenez,George,+61 4 2100 8190,3400 Sycamore Ct,,Birmingham,Wales,FV94 9PG,UK,1337,57800
20481,Robinson Ventures,Robinson,Amy,+49 438 658696,4720 Pine Pl,,London,Scotland,JI50 6CF,UK,1143,97100
20482,Baker Gallery,Baker,Robert,+1 (441) 705-2194,8964 School Circle,,Houston,FL,36769,USA,1621,66800
20483,Kim Distribution,Kim,Rebecca,+33 6 65 71 48 39,684 Washington St,,Munich,,45456,Germany,1102,230100
20484,Williams Collectibles,Williams,Jack,+61 7 4172 6621,7041 Creek Pl,Floor 121,Strasbourg,,26415,France,1370,300
20485,Castillo & Davis Ltd.,Castillo,Mary,+33 5 26 87 60 71,717 Church Ln,,Milwaukee,ID,47040,USA,1611,71900
20486,Lewis Gallery,Lewis,Kelly,(255) 554-7731,4002 Willow Rd,Ste 516,Jönköping,,48362,Sweden,1612,21200
20487,Clark Associates,Clark,Stephen,+49 314 626814,7214 Glen Ave,Rm 35,Osaka,,136-4851,Japan,1337,241500
20488,Roberts Collectibles,Roberts,Timothy,+1 (754) 981-6698,7063 Poplar St,,Louisville,ID,96497,USA,,41800
20489,Ramirez International,Ramirez,Emma,+49 909 993539,936 Washington Pl,,Saitama,,544-8004,Japan,1501,189000
20490,Taylor Industries,Taylor,Donald,+49 400 291802,4095 Poplar Rd,Floor 40,Palermo,,21211,Italy,1611,55400
20491,Thompson Store,Thompson,Nathan,+33 7 17 84 20 45,5878 Birch Circle,,New York,NJ,14850,USA,1702,94000
20492,Taylor & Watson Group,Taylor,Amy,+34 896 424 142,3813 Park Circle,# 519,Virginia Beach,TN,16498,USA,1501,2300
20493,Rivera Ventures,Rivera,Kelly,+61 8 2169 7987,7272 Park Pl,Apt 334,San Antonio,CA,76445,USA,1702,100100
20494,Alpha Auto Group,Stewart,Melissa,+61 5 7206 1534,419 Washington Terr,Unit 524,Denver,GA,87493,USA,1611,40500
20495,Watson Depot,Watson,Pamela,+34 762 375 299,9947 Birch Circle,,Kyoto,,917-1842,Japan,1625,74300
20496,Myers Solutions,Myers,Joshua,+61 9 4774 8355,1306 Market Pl,,Strasbourg,,57432,France,1621,43100
20497,Gray & Cox Industries,Gray,Edward,+44 84 9096 4245,1933 Elm Way,,Málaga,,51136,Spain,1702,189500
20498,Jones Collectibles,Jones,Thomas,(544) 544-2765,6592 Magnolia Dr,,Montreal,BC,T8N 6M2,Canada,,217300
20499,Horizon Motor Group,Parker,Jack,+61 9 7215 6250,1373 Hill St,,Saitama,,939-9345,Japan,1370,144500
20500,Reed Gallery,Reed,Michael,+33 7 76 45 83 88,2347 Maple Loop,,Oklahoma City,WI,33385,USA,1286,8300
20501,King Solutions,King,Andrew,+1 (700) 226-7054,652 Poplar Pl,,Vancouver,QC,G8T 2A9,Canada,1188,228100
20502,Alvarez Imports,Alvarez,Joseph,(562) 280-4644,1424 Lake Rd,,Mons,,44479,Belgium,1619,3300
20503,Jones Models,Jones,Joshua,+1 (849) 842-1130,3120 Magnolia Circle,,Lugano,,51618,Switzerland,1216,179400
20504,White Gallery,White,Jose,+33 3 14 63 98 43,53 Creek Ave,,Philadelphia,ND,38074,USA,1504,9700
20505,Horizon Export Partners,Robinson,Victoria,(380) 675-6224,4707 Ridge Ct,# 436,Edinburgh,,JD29 2YY,UK,1611,282300
20506,Walker Trading,Walker,Debra,+81-53-8240-7966,9213 Church Rd,,Columbus,NE,17969,USA,1337,9100
20507,Lewis & Morgan Enterprises,Lewis,Edward,+1 (588) 292-6460,5402 Lake Terr,,Barcelona,,90386,Spain,,115500
20508,Morgan Gifts,Morgan,Christopher,+1 (236) 220-9627,6774 Forest Pl,,Austin,MS,53450,USA,1165,29400
20509,Young Industries,Young,Frank,+81-5-1241-9875,2150 Summit Ave,Ste 740,Kobe,,771-7565,Japan,1504,129300
20510,Rogers Trading,Rogers,Jason,+81-74-5563-8919,9441 Birch Way,Suite 228,Fort Worth,CT,44638,USA,1216,149500
20511,Cooper Imports,Cooper,Maria,+49 370 160755,7326 Station Ct,,Los Angeles,MT,40423,USA,1625,279700
20512,Jackson Center,Jackson,David,+61 4 1598 6266,3809 Cedar Ct,Unit 759,Breda,,84270,Netherlands,1612,181400
20513,Wood & Adams Imports,Wood,Joshua,+44 36 8169 2862,224 River Pl,,Hamilton,PE,C1P 1N2,Canada,1102,223100
20514,Thomas Gallery,Thomas,Emily,+33 6 76 87 42 70,6089 Sycamore Circle,Unit 536,Sapporo,,635-6281,Japan,1370,47100
20515,Stewart International,Stewart,Carolyn,+33 2 78 68 52 22,1099 Main Rd,,Lyon,,71668,France,1143,16300
20516,Classic Import Holdings,Harris,Mary,+33 2 85 29 23 37,4174 Magnolia Pl,,Fukuoka,,739-7607,Japan,1216,238100
20517,Alpha Export Enterprises,Ramos,Jerry,+1 (531) 279-1855,2401 Hill Blvd,,Charlotte,IN,21971,USA,1165,8100
20518,Carter Store,Carter,Ronald,+49 758 159824,1282 Hickory Dr,,Kansas City,MA,79558,USA,1625,252800
20519,Sunrise Supply Services,Brown,Daniel,+33 8 56 77 34 10,6131 Spring Loop,,Mesa,IL,60129,USA,1504,3300
20520,Horizon Import LLC,Chavez,Robert,+34 911 747 565,938 Sycamore St,,Waterford,,45936,Ireland,1401,4700
20521,Alvarez & Price Group,Alvarez,Brandon,+1 (521) 299-9914,6875 Park St,,Christchurch,,20855,New Zealand,1216,61900
20522,Heritage Auto Partners,Ramos,Lisa,(376) 654-1729,3162 Cherry Blvd,,Paris,,18513,France,1216,2000
20523,Hall International,Hall,Brenda,+44 22 4041 6201,7586 Elm Ave,,Hamburg,,84211,Germany,1504,128900
20524,National Motor Trading,Young,Patrick,+33 5 35 32 47 43,2301 Sycamore Ln,,Denver,ID,46564,USA,1612,101200
20525,Perez Holdings,Perez,Debra,+49 242 368802,3452 Creek Ln,,Bordeaux,,84542,France,1612,43200
20526,King Co.,King,Cynthia,+1 (530) 918-2713,2291 Glen Terr,Ste 387,Munich,,72286,Germany,1611,8700
20527,Flores & Reyes Distribution,Flores,Amanda,+81-63-4990-5138,7479 Chestnut Terr,,Los Angeles,NH,90820,USA,1619,29300
20528,Wilson Shop,Wilson,Nicholas,+49 937 635843,9717 Oak Blvd,,Bilbao,,62527,Spain,,17900
20529,Miller Trading,Miller,Tyler,+44 36 3819 5936,7516 Manor Blvd,,Valencia,,55364,Spain,1286,44300
20530,Global Export Group,Jimenez,Nathan,+34 961 348 881,3482 Birch Circle,,Tucson,OK,61648,USA,,71800
20531,Gray Center,Gray,Jose,+33 6 56 53 74 10,8001 Chestnut St,Ste 183,Marseille,,55464,France,1504,46600
20532,Parker International,Parker,Kenneth,+34 617 367 531,4669 Bay Way,,Jacksonville,NV,29758,USA,1166,60600
20533,Wood Collectibles,Wood,Richard,+81-57-1893-5963,6292 Glen St,,Dallas,OR,76449,USA,1337,130700
20534,Premier Motor Services,Nelson,Carolyn,+49 232 549907,1311 Hill St,# 605,Düsseldorf,,98436,Germany,1625,3600
20535,Campbell Ventures,Campbell,Ryan,+1 (810) 314-6853,4805 Market Way,Unit 305,Edmonton,NS,L4A 8J2,Canada,1619,25800
20536,Murphy Gallery,Murphy,Samantha,(534) 581-1627,4000 Willow Terr,,Albuquerque,VT,90903,USA,1166,9800
20537,Crystal Import Inc.,Myers,Samantha,+49 340 655483,1299 Creek Ave,,Indianapolis,WA,95576,USA,1401,206100
20538,Scott & Scott Wholesale,Scott,Sharon,+61 3 4626 4683,307 Ridge Circle,Unit 474,Kitchener,NS,F4J 0P3,Canada,1102,256800
20539,Capital Import Exports,Kim,Samantha,+44 70 9175 4451,5581 Church Ln,,Zurich,,54951,Switzerland,1501,1700
20540,Hall Enterprises,Hall,Brenda,+1 (359) 839-3731,4782 Church Ct,,Kyoto,,478-5981,Japan,1611,126500
20541,Walker Depot,Walker,Gary,+49 212 916906,6484 Forest Dr,,Raleigh,DE,22711,USA,1166,39400
20542,Silver Trade International,Scott,Scott,+49 875 979461,3689 Manor Ct,,Essen,,61402,Germany,1370,78800
20543,Thompson Partners,Thompson,Katherine,(813) 784-7697,2271 Ash Terr,,Sheffield,,NG82 1TH,UK,,1600
20544,Myers Depot,Myers,John,+44 71 4273 6287,7501 Station Loop,,Cologne,,31152,Germany,1165,109400
20545,Thompson Depot,Thompson,Diane,+1 (966) 233-7657,4012 Glen Loop,,Logan City,TAS,3609,Australia,1702,28500
20546,Thomas Imports,Thomas,Jonathan,+34 819 906 227,6528 Maple Ln,,Berlin,,48399,Germany,1165,40300
20547,Baker & Young Exports,Baker,Raymond,+33 5 53 47 98 66,1214 Glen Loop,,San Antonio,MI,94152,USA,1286,20300
20548,Brown & Mitchell Holdings,Brown,Andrew,+49 188 789860,9301 Bay Ct,,Denver,MD,30749,USA,1621,34300
20549,Elite Art Inc.,Howard,Margaret,+61 4 9209 6149,6650 Birch Terr,,Sacramento,WV,77740,USA,1401,280600
20550,Johnson International,Johnson,Timothy,+33 6 73 68 82 91,4560 Hickory Loop,,Columbus,IA,29672,USA,,43800
20551,Bennett Partners,Bennett,George,(257) 657-9567,9066 Poplar Loop,,Gold Coast,VIC,5447,Australia,1216,39600
20552,Collins & Garcia Ventures,Collins,Carolyn,+33 8 69 22 78 16,1044 Lake Pl,Apt 234,Seattle,CO,34905,USA,1286,17900
20553,Ramirez Gallery,Ramirez,Emma,+49 534 671785,7476 Main Rd,,Leicester,,DX57 4SZ,UK,1166,30600
20554,Sunrise Trade Group,Bailey,Gregory,+49 126 980242,7709 Walnut Blvd,Rm 443,Stuttgart,,76787,Germany,1702,3400
20555,Golden Craft Exports,Flores,Margaret,+44 31 3574 6335,9356 Hill Ln,Rm 406,Nashville,SC,37563,USA,,128900
20556,Silver Motor Trading,Stewart,Dorothy,+81-3-7620-1906,7369 Bay Way,,Washington,WV,51333,USA,,1800
20557,Classic Supply Inc.,Clark,Betty,+34 740 209 176,9175 Sunset Dr,,Louisville,MA,83147,USA,1216,3300
20558,Ruiz Gifts,Ruiz,Deborah,+49 580 397395,972 Washington St,,Raleigh,PA,59154,USA,1370,80500
20559,Central Parts Distribution,Ramos,Karen,+49 736 32913,8956 Meadow Pl,,San Francisco,MA,85069,USA,1165,60000
20560,Myers & White International,Myers,Laura,+49 291 642938,5457 Sunset Circle,,Dortmund,,57474,Germany,1619,209400
20561,Ortiz Wholesale,Ortiz,Adam,+61 3 2237 2509,8262 Church Pl,,Atlanta,NV,14205,USA,,7800
20562,Ward & Long Ltd.,Ward,Cynthia,+44 93 6567 8439,7631 Hollow Loop,Unit 75,Murcia,,46289,Spain,1501,93200
20563,Roberts Inc.,Roberts,Adam,+34 934 781 305,3652 Chestnut Circle,,Baltimore,GA,43928,USA,1621,24200
20564,Royal Trade Inc.,Clark,Charles,+33 4 35 48 30 64,8849 Market Ave,Unit 951,Berlin,,26688,Germany,,154100
20565,Brown Gifts,Brown,Timothy,(295) 379-9301,3255 Forest Way,,Milwaukee,NH,62321,USA,,168100
20566,Crystal Parts Enterprises,Myers,Amanda,+1 (589) 630-7558,7832 Meadow Pl,Floor 17,St. Pölten,,57167,Austria,,81000
20567,Hernandez Store,Hernandez,Rachel,+44 83 1151 3096,5297 Maple Blvd,,Seattle,WA,94850,USA,1401,14400
20568,Alpha Import Group,Nguyen,Raymond,(366) 230-9151,2481 Spring Ln,,Lyon,,77973,France,1188,4000
20569,Brown Collectibles,Brown,Kevin,+44 31 2640 1244,8839 Garden Terr,,Osaka,,517-1761,Japan,1323,147700
20570,Morgan Toys,Morgan,Kelly,+61 3 8828 9074,7803 Birch Rd,# 553,Amsterdam,,50819,Netherlands,1619,17900
20571,Myers Partners,Myers,David,+49 366 754971,3707 Meadow Blvd,,Virginia Beach,CT,42739,USA,,30800
20572,James & Howard LLC,James,Melissa,+33 3 60 51 11 83,3243 Spring St,Suite 856,Kobe,,747-1786,Japan,1401,295600
20573,Capital Export Co.,Collins,Margaret,+34 995 662 567,3053 Meadow Ln,,Kyoto,,445-6525,Japan,1611,101900
20574,Cooper & Gonzalez Solutions,Cooper,Patricia,+49 493 467351,9019 Harbor Blvd,,Aarhus,,25765,Denmark,1501,48700
20575,Lewis Enterprises,Lewis,Debra,+33 9 31 57 30 22,9223 Willow Pl,Ste 372,Fukuoka,,638-3486,Japan,1612,44400
20576,Diaz & Scott LLC,Diaz,Brandon,+34 764 239 838,6387 Willow Way,,Jyväskylä,,48862,Finland,,0
20577,Moore & Morris Group,Moore,Edward,+33 6 19 38 45 27,2613 Ridge Way,,Seville,,61280,Spain,1702,172800
20578,Global Trade Wholesale,Ross,Kimberly,+49 871 140929,9805 Birch Dr,,San Antonio,WY,92384,USA,1501,69000
20579,Premier Export Services,Carter,Jennifer,+34 959 542 531,9815 Station Dr,,Leeds,Wales,HQ14 2XT,UK,1143,134200
20580,Silver Trade Inc.,Turner,Kevin,+49 136 828855,8110 Highland Terr,,Fresno,KS,86779,USA,1625,241000
20581,Ramos Holdings,Ramos,Susan,+1 (555) 862-8212,9893 Ridge Way,,San Francisco,MS,86037,USA,1625,272000
20582,Ramirez & Brown International,Ramirez,Patricia,+34 624 432 569,4154 Market Circle,Apt 284,Portland,AK,69850,USA,1612,66100
20583,Hall & Murphy Ltd.,Hall,Dennis,(854) 615-6126,5187 Bay Ave,,Virginia Beach,OH,39828,USA,1611,278400
20584,Royal Motor International,Cruz,Julie,+44 61 2244 4254,8293 Magnolia Rd,,Fort Worth,PA,50701,USA,1143,46600
20585,Rivera Toys,Rivera,Jonathan,+34 620 351 661,9341 Elm Ln,,Geneva,,48523,Switzerland,1166,11100
20586,Cruz & Jackson Inc.,Cruz,Mark,+33 7 33 76 84 61,7192 Ridge Pl,,Los Angeles,SC,73343,USA,1611,62300
20587,Silver Parts International,Parker,Dorothy,+61 3 4732 6707,1584 Cherry Loop,,Birmingham,Scotland,KW32 9SE,UK,1619,6400
20588,Murphy Models,Murphy,Jeffrey,+61 9 3422 2044,9175 Hollow Pl,,Tampere,,12898,Finland,1612,700
20589,Parker & Gomez Enterprises,Parker,Gary,+44 80 6152 1111,3811 Sycamore Pl,,Adelaide,SA,6415,Australia,,500
20590,Evans & Sanders Enterprises,Evans,Shirley,(539) 291-2542,2970 Oak Circle,,Raleigh,WY,33506,USA,,211100
20591,White Trading,White,Carol,+33 6 92 91 20 53,1487 Spring Rd,,Baltimore,KY,75494,USA,1370,900
20592,Perez Wholesale,Perez,Richard,(376) 393-9162,454 Sycamore Terr,,Oklahoma City,MO,50142,USA,1166,137200
20593,Price & Cook Corp.,Price,Jeffrey,+49 987 315587,636 Poplar Ave,,Florence,,13976,Italy,1165,33600
20594,Baker Depot,Baker,Brandon,+34 696 913 513,9085 Pine Ln,Apt 246,Florence,,25254,Italy,1102,300
20595,Heritage Art Holdings,James,Elizabeth,+81-51-2349-9035,3245 Harbor Circle,,Hamilton,NS,U3K 5E7,Canada,1102,111000
20596,Davis Enterprises,Davis,Rachel,+1 (747) 228-1773,9360 Poplar Blvd,,Västerås,,87000,Sweden,,273600
20597,Pacific Parts Co.,Thompson,Shirley,+1 (246) 590-4375,5248 Pine Loop,Apt 585,Lyon,,39041,France,1702,70200
20598,Diamond Auto Corp.,Robinson,Deborah,+49 239 995947,4231 Creek Circle,,San Francisco,SC,97625,USA,1702,212400
20599,Harris Gallery,Harris,Victoria,+34 634 287 649,3654 Pine Circle,Apt 924,Sheffield,England,WY58 3VW,UK,1286,289600
20600,Premier Trade Partners,Torres,Andrew,+34 655 214 334,9090 Walnut Dr,Suite 481,Turin,,21338,Italy,1102,160100
20601,Patel & Cruz Ventures,Patel,Jeffrey,+44 54 5109 3875,3448 Church St,,Las Palmas,,34768,Spain,1323,89100
20602,White & Nelson Imports,White,Mark,+44 81 6202 1929,9858 Willow Rd,,Milwaukee,CA,42214,USA,1165,51700
20603,Wilson & Smith Partners,Wilson,Charles,+1 (864) 687-7325,1961 Highland Circle,Ste 76,Houston,MO,84311,USA,1216,124800
20604,Collins Toys,Collins,Samantha,+81-35-3626-7030,2366 Harbor Circle,,Nantes,,39339,France,1619,11000
20605,National Import Services,Watson,Thomas,+61 8 3180 9682,7273 Garden Ct,,Palmerston North,,69285,New Zealand,1188,34700
20606,Ross Boutique,Ross,Stephen,+49 956 883346,7705 Washington Pl,,Perth,NT,3315,Australia,,26500
20607,Parker & Cruz Inc.,Parker,Eric,+34 725 988 856,9422 Sunset Blvd,,Winnipeg,NL,Y2J 9E6,Canada,1165,9300
20608,Rodriguez Inc.,Rodriguez,Tyler,+33 5 18 56 89 50,5134 Market Dr,,Houston,MI,21789,USA,1504,4100
20609,Martin & Turner Co.,Martin,Christopher,+49 736 899186,2594 Magnolia Pl,,Leipzig,,63697,Germany,1702,9800
20610,Stewart Store,Stewart,Timothy,+34 943 680 452,7225 Chestnut Terr,Suite 994,Los Angeles,PA,57498,USA,1702,56900
20611,Anderson & Brooks International,Anderson,Karen,+81-24-6983-5140,8106 Oak Terr,,Philadelphia,MN,89011,USA,1188,30800
20612,Urban Export Services,Hughes,Donald,+44 90 1174 1314,7506 Elm Ln,,Seattle,WV,96074,USA,1286,88800
20613,Campbell Shop,Campbell,Kevin,+61 3 1376 3105,1365 Hollow Circle,# 936,Vancouver,SK,J8G 7K4,Canada,1621,13000
20614,Johnson International,Johnson,Barbara,+34 923 994 438,2560 Chestnut Circle,,Rotorua,,19225,New Zealand,1621,1100
20615,Lopez Services,Lopez,Carolyn,+34 701 825 607,820 Elm Way,Ste 198,Seville,,37553,Spain,1504,1900
20616,Smith Group,Smith,Nicholas,(392) 391-6265,8881 Sycamore Dr,,Esbjerg,,28860,Denmark,1619,194500
20617,Ramirez Gallery,Ramirez,Andrew,(263) 264-9092,115 Meadow Rd,,Turin,,79540,Italy,1323,162000
20618,Gray International,Gray,Catherine,+33 4 85 31 15 98,7872 Station Ct,Floor 321,Bristol,England,SI94 6OL,UK,1323,277000
20619,Edwards & Jackson Partners,Edwards,Cynthia,+81-87-3830-3474,5190 Garden Circle,Unit 15,Paris,,28275,France,1504,89100
20620,Gomez & Hill Distribution,Gomez,Amy,+44 73 1979 6789,8178 Creek Way,,Fort Worth,NY,89537,USA,,22900
20621,Ramirez Store,Ramirez,Amy,(813) 332-9677,5548 Bay Circle,,Nashville,SD,30788,USA,1216,205400
20622,Mitchell Gifts,Mitchell,Laura,+61 5 3082 6272,5121 Birch Rd,,Oklahoma City,VT,40597,USA,1621,46500
20623,Heritage Trade Partners,Williams,Jacob,+49 98 481319,8671 Walnut Ct,,Saitama,,429-2332,Japan,1337,1900
20624,Brooks International,Brooks,Mark,+61 5 4083 2972,2395 Summit Ln,,Virginia Beach,NM,83646,USA,1286,45400
20625,Hughes Trading,Hughes,Jason,+44 68 7259 3571,473 Ridge Ave,,San Jose,ME,13313,USA,1504,191400
20626,Global Trade LLC,Taylor,Emma,+81-73-1417-8114,6043 Hill Ln,,Nelson,,72534,New Zealand,1611,133600
20627,Reed Wholesale,Reed,Dennis,+33 2 56 55 53 20,1113 Lake Blvd,Apt 963,Dallas,NY,18372,USA,1337,228700
20628,Lopez & Edwards Group,Lopez,Stephen,+33 8 15 15 38 39,926 Magnolia St,Rm 715,Indianapolis,IA,41360,USA,,208100
20629,Nguyen Collectibles,Nguyen,Maria,+61 4 7507 4486,3761 Chestnut Ct,# 83,Winnipeg,PE,C0G 9B3,Canada,1166,112300
20630,Golden Parts International,Sanchez,Christopher,+81-29-4028-2846,4676 Hollow St,,Leuven,,25619,Belgium,1102,68700
20631,Silver Export LLC,Ramirez,Gregory,+61 5 9185 7366,8374 Oak Rd,Rm 186,Perth,SA,4552,Australia,1619,288100
20632,Bennett & Martinez Ventures,Bennett,Andrew,+49 485 409948,820 Main Rd,,New York,AK,91169,USA,1619,246900
20633,Crystal Auto Trading,Martinez,Melissa,+33 2 91 97 13 70,2324 Meadow Ct,,Barcelona,,49590,Spain,1166,95500
20634,Reed Models,Reed,Rachel,+34 811 279 113,6514 Garden St,Floor 851,Osaka,,320-2067,Japan,1504,127000
20635,Wright Industries,Wright,Betty,+81-74-9004-4793,7340 Main Circle,Ste 856,Stavanger,,40778,Norway,1619,205100
20636,Capital Craft Corp.,James,Melissa,+61 6 3418 9102,9507 Manor Ln,,Washington,NE,32801,USA,1612,48500
20637,Chavez Store,Chavez,Amanda,+44 84 3285 4372,8297 Hill Terr,# 852,Osaka,,143-6627,Japan,1625,4000
20638,Capital Motor Solutions,Smith,Pamela,+81-16-4699-8432,6436 Highland Terr,,Ottawa,NB,D5M 8N8,Canada,1166,6900
20639,Metro Import Trading,Ruiz,Barbara,+33 3 97 19 18 42,1583 Sunset St,Unit 124,Bari,,93656,Italy,1370,116200
20640,Crystal Art Holdings,Clark,Melissa,+61 2 5190 8759,687 Walnut St,,Biel,,87769,Switzerland,1702,29900
20641,Morales Partners,Morales,Debra,(665) 588-6527,7781 Meadow Pl,Apt 742,Fresno,WI,21380,USA,1216,266600
20642,Gonzalez Corp.,Gonzalez,Edward,+1 (459) 799-2927,9258 Garden Pl,,London,,CQ24 8IW,UK,1612,79300
20643,Anderson & Martinez Enterprises,Anderson,Jason,+61 9 4747 8285,6346 Spring Way,Apt 229,Cologne,,10746,Germany,1621,9500
20644,Hughes Collectibles,Hughes,George,+61 9 7575 9308,9131 Creek Ave,Unit 899,Ottawa,PE,D6S 0J6,Canada,,45000
20645,Capital Sales Exports,James,Laura,+44 61 1183 7092,1899 Magnolia St,Apt 308,Jacksonville,PA,64166,USA,1143,7900
20646,Metro Export Enterprises,Moore,Julie,(349) 883-3080,3509 Washington Blvd,,Tucson,NM,72748,USA,1702,1500
20647,Watson Boutique,Watson,Ashley,+81-6-4155-7122,978 Creek St,,Västerås,,63266,Sweden,1337,169100
20648,Brooks & Walker Ventures,Brooks,Dennis,(921) 995-3384,7091 Hickory St,,Dortmund,,19837,Germany,1621,78100
20649,Classic Export Wholesale,Cox,Jonathan,+44 71 6522 2490,9916 Hickory Circle,,Leipzig,,83424,Germany,1612,55800
20650,Kim & Green International,Kim,Andrew,+81-38-5323-7944,5020 Sunset Ln,,Singapore,,465442,Singapore,1612,128700
20651,National Export Holdings,Campbell,Debra,+61 4 9142 7143,4048 Forest Terr,,Hamburg,,48202,Germany,1216,20800
20652,Allen Partners,Allen,Barbara,+34 881 697 940,1091 Sunset Rd,,Bologna,,10428,Italy,1216,214200
20653,Parker Boutique,Parker,Jacob,+49 160 831947,893 Maple Ave,Ste 549,Jacksonville,DE,57360,USA,1165,7400
20654,Classic Import Solutions,Richardson,Carol,+44 13 6189 4602,4371 Magnolia Ln,,Virginia Beach,RI,84791,USA,1166,25300
20655,Horizon Trade Co.,Ward,Jack,+33 5 23 10 40 95,7529 Ash Blvd,,Portland,IA,41722,USA,1286,2900
20656,Alvarez Store,Alvarez,Edward,+81-70-6608-6276,378 Poplar Rd,# 504,Louisville,SC,59828,USA,1102,25500
20657,Hughes Toys,Hughes,Scott,+33 7 86 70 13 97,5149 Market Way,# 298,Seville,,38564,Spain,,270000
20658,Carter Exports,Carter,George,+49 520 175777,1466 Creek Rd,Unit 376,Montpellier,,65592,France,1166,4300
20659,Miller & Lopez Group,Miller,George,+49 175 910202,1299 Willow Rd,,Mesa,AR,42819,USA,1370,8700
20660,Richardson Holdings,Richardson,Elizabeth,+33 2 18 22 44 32,7705 Creek Blvd,Rm 985,Brisbane,SA,9977,Australia,1501,32100
20661,Adams & Foster Industries,Adams,Mary,+44 27 4963 7016,8266 Cedar Way,Suite 481,Berlin,,75655,Germany,1504,19800
20662,Long Ltd.,Long,Nicole,+81-73-9871-7617,4706 Glen Pl,,Linz,,10075,Austria,1702,268000
20663,Evans & Cook Exports,Evans,Shirley,+81-41-7121-1391,9828 Station Rd,Floor 392,Chicago,IN,19622,USA,1286,10600
20664,Ross & Wood Trading,Ross,Emma,+34 964 576 480,3721 Hollow Rd,,Lyon,,12146,France,1702,4600
20665,Hall Shop,Hall,Michael,+34 620 989 967,9802 Harbor Ln,,Leuven,,20239,Belgium,1401,3500
20666,Pacific Auto Wholesale,Bailey,Carolyn,+34 777 736 434,7346 Manor Ln,,Kansas City,MS,13164,USA,1216,215800
20667,Jones Corp.,Jones,Angela,+81-38-7461-4608,7207 Summit Blvd,Apt 96,Linköping,,53273,Sweden,1102,235400
20668,National Auto Ltd.,Diaz,Karen,+44 97 9085 2871,1083 Highland Ct,,Chicago,KY,73263,USA,1143,148500
20669,Golden Craft Corp.,Kelly,Dorothy,+34 970 514 152,7109 Birch Rd,Ste 308,Kitchener,PE,Y4W 3H0,Canada,,22300
20670,Young Toys,Young,Mark,+61 6 2329 4973,5948 Ridge Loop,,Lugano,,76301,Switzerland,1166,4800
20671,Parker & Turner Exports,Parker,Jose,+34 802 702 319,1938 Bay Dr,,Randers,,58546,Denmark,1337,21500
20672,Carter Co.,Carter,Emma,+44 17 1034 8720,7022 Walnut Ave,,New York,GA,80827,USA,1166,86700
20673,Garcia & Flores International,Garcia,Elizabeth,+34 655 373 707,4 Sunset Blvd,,Colorado Springs,CO,15179,USA,1286,170800
20674,Lee Exports,Lee,Dorothy,+81-56-4852-6067,7414 Market Pl,# 723,Liverpool,England,MK86 3WP,UK,1611,2100
20675,Jackson Imports,Jackson,Jessica,+81-55-3008-5956,5243 Chestnut Dr,,Phoenix,ME,53611,USA,,28900
20676,Diamond Motor Exports,Jones,Michael,+81-87-6157-4014,7367 Lake Ln,,Düsseldorf,,52412,Germany,1102,91600
20677,Walker Gallery,Walker,Sarah,+61 7 6524 1044,630 Main Circle,,Singapore,,538168,Singapore,1165,70200
20678,Ramos & Parker LLC,Ramos,Shirley,+81-78-2028-8774,4755 Poplar Ct,Unit 19,Lille,,81712,France,1625,69200
20679,Classic Auto Solutions,Edwards,Mark,+81-9-2246-5483,3634 Hollow Dr,,Kitchener,MB,N4A 8H0,Canada,1501,51600
20680,Miller Center,Miller,Raymond,+44 80 4281 1232,3848 Garden Pl,,Mesa,ME,25187,USA,1612,17900
20681,King & James Trading,King,Janet,(278) 359-2989,5071 Poplar Loop,,Winnipeg,BC,P3F 5D4,Canada,1625,63900
20682,Ross Boutique,Ross,Joseph,(564) 294-6787,2001 Birch Circle,,Long Beach,NJ,76948,USA,1166,4000
20683,Royal Craft Distribution,Jackson,Christopher,+81-30-3744-4115,6378 Creek Ave,,Washington,AK,54588,USA,1611,16700
20684,Murphy Shop,Murphy,Heather,+61 7 7808 1121,597 Hollow Dr,Unit 18,Las Vegas,IL,15500,USA,,8600
20685,Premier Art LLC,Murphy,Jacob,+1 (507) 880-3243,5113 Poplar Way,Rm 110,Málaga,,42248,Spain,1612,4100
20686,Martinez Gallery,Martinez,George,+44 78 2640 6939,4672 Church Blvd,,Kobe,,123-1428,Japan,1165,40700
20687,Robinson Industries,Robinson,David,+49 958 589198,1306 Magnolia Terr,,Mesa,WI,80950,USA,1611,196800
20688,Wright Corp.,Wright,Kevin,+81-72-2751-5330,7815 Maple Ct,,Colorado Springs,AL,24002,USA,1166,45800
20689,Hughes Inc.,Hughes,Larry,+49 620 843262,8351 Valley Way,Ste 897,Munich,,32199,Germany,1619,214500
20690,Elite Import Holdings,Nguyen,Shirley,(923) 630-5177,4414 Valley Terr,,Lille,,47704,France,1611,90600
20691,White Solutions,White,Pamela,+33 5 24 83 10 93,763 Pine Circle,,Chicago,IA,42767,USA,1188,201200
20692,Chavez Associates,Chavez,Patrick,+44 37 7376 6786,8502 Summit Ct,,Portland,MO,96444,USA,1166,74300
20693,Smith Store,Smith,Steven,+49 174 307214,8590 Harbor Dr,,Houston,WV,70128,USA,1216,229400
20694,Lewis Gifts,Lewis,Samuel,+81-31-9350-3370,2188 Oak Dr,,Edmonton,NB,N4F 7H7,Canada,1165,119000
20695,Rodriguez Solutions,Rodriguez,John,+44 91 9143 9656,9109 Ash Terr,,Bruges,,42020,Belgium,1102,119000
20696,White Trading,White,Matthew,+61 3 7224 8730,9605 Sunset Circle,,Kobe,,357-5455,Japan,1611,23000
20697,Robinson Depot,Robinson,Amy,+33 8 62 78 19 23,2245 Highland Way,,Phoenix,CT,84076,USA,1612,27700
20698,Allen Holdings,Allen,Robert,(295) 456-9796,9645 Hollow Dr,Apt 627,Nice,,94281,France,1619,19600
20699,Sanders Exports,Sanders,Rachel,+33 5 10 64 99 54,5419 Washington Ave,,Turin,,63976,Italy,,7500
20700,Thompson & Robinson LLC,Thompson,Matthew,+34 715 733 237,3239 Lake Rd,,Nagoya,,947-4425,Japan,1102,43300
20701,Martin Group,Martin,Sharon,+81-16-2389-3581,6137 Maple Pl,Rm 915,Berlin,,32462,Germany,1188,72900
20702,Sunrise Motor Ventures,Bailey,Carolyn,+34 742 423 366,7358 Creek Blvd,,Leipzig,,38257,Germany,1504,133600
20703,Reyes Holdings,Reyes,Jonathan,+44 17 9486 3945,8742 Park Pl,,Dallas,AR,40112,USA,1501,2300
20704,Heritage Craft Ltd.,Hernandez,Stephen,+33 3 38 99 91 21,2922 Maple Way,,El Paso,OK,27849,USA,1401,122100
20705,Global Auto Inc.,Scott,Debra,(284) 904-4119,1371 Church Blvd,,Madrid,,13977,Spain,1401,8100
20706,Cox Corp.,Cox,Catherine,+44 21 9941 3423,1887 Cherry Circle,Unit 268,Klagenfurt,,59682,Austria,1504,5800
20707,Heritage Art LLC,Ross,Joyce,+49 937 267543,7122 Glen St,Suite 3,Tucson,AZ,76472,USA,1323,13500
20708,Thomas & Evans Corp.,Thomas,Larry,+44 84 7149 1686,5270 Station Circle,Unit 842,Las Palmas,,39864,Spain,1501,186100
20709,Williams & Taylor Ltd.,Williams,Tyler,+1 (467) 840-5237,4143 Willow Ave,,Houston,DE,61337,USA,,31900
20710,Alvarez & Ortiz Ltd.,Alvarez,Timothy,+49 773 189171,1074 Hill Loop,,Toulouse,,30297,France,1401,6500
20711,Long & Mitchell Wholesale,Long,Rebecca,+81-40-7387-3566,4127 Elm Ct,,Marseille,,50577,France,1323,156300
20712,Golden Craft Group,Gray,Patrick,+49 913 314716,7698 Garden Rd,,Los Angeles,TX,21089,USA,1401,31200
20713,Walker & Scott International,Walker,Melissa,+1 (498) 444-4352,5570 Maple Rd,,Osaka,,576-2008,Japan,,85500
20714,Thomas Gifts,Thomas,Alexander,(757) 249-4254,1550 Hickory Ct,,Milan,,21804,Italy,1216,49600
20715,Evans Ltd.,Evans,Jennifer,+81-73-9592-1137,8138 Church Way,Ste 879,Pori,,76176,Finland,1102,1800
20716,Anderson & Kim Wholesale,Anderson,Rebecca,+49 776 307427,5470 Birch Circle,,Lausanne,,59452,Switzerland,1625,48400
20717,Hall & Davis Ltd.,Hall,Brandon,+33 4 60 77 71 53,9422 Harbor Ave,,Phoenix,DE,78938,USA,1625,20100
20718,Cox & Martinez Solutions,Cox,Nicole,+49 163 554924,6853 Pine Ave,Suite 713,Nantes,,54262,France,1501,86700
20719,Diaz Collectibles,Diaz,Ronald,+33 1 76 36 56 59,2111 Creek St,,Hamburg,,25271,Germany,1337,207900
20720,Ramirez Group,Ramirez,Catherine,+44 66 2782 8952,5830 Cedar Way,,Zaragoza,,54634,Spain,1611,20300
20721,Pacific Trade Solutions,King,Adam,+44 63 1755 4472,7331 Sunset Ln,Floor 884,Mesa,AL,79181,USA,1188,250100
20722,Cox Wholesale,Cox,John,+34 730 696 926,4741 Harbor Terr,Suite 732,Atlanta,PA,18498,USA,1166,121900
20723,Nguyen Models,Nguyen,Raymond,+33 3 52 82 23 47,8770 Station Terr,,Bruges,,29029,Belgium,1102,11200
20724,Wilson & Jimenez Solutions,Wilson,Matthew,+1 (617) 837-1376,6623 Sycamore Pl,,San Jose,WY,66344,USA,,4700
20725,Myers & Flores Distribution,Myers,Daniel,+61 5 9523 3269,9941 Highland Ln,,Uppsala,,78156,Sweden,1611,2800
20726,James Corp.,James,Edward,+44 62 6877 9921,7114 School St,,Aalst,,89954,Belgium,1612,207400
20727,Martinez & Johnson Distribution,Martinez,Benjamin,(457) 396-5375,2388 Sunset Pl,Unit 946,Düsseldorf,,22878,Germany,1337,127300
20728,Brown & Morris Solutions,Brown,Jennifer,(981) 596-9255,6401 Garden Ave,,Sacramento,NV,88694,USA,1188,800
20729,Carter Ventures,Carter,William,+44 91 9549 4209,5266 Cedar Ct,,Melbourne,SA,2198,Australia,1702,112700
20730,Wright Exports,Wright,Kimberly,+34 671 843 512,6402 River St,,Lille,,46896,France,1621,4100
20731,Castillo Shop,Castillo,Gary,+49 98 214753,9860 Pine Rd,Ste 691,Basel,,84110,Switzerland,1188,63300
20732,Diamond Trade Imports,Sanchez,Lisa,+33 9 95 50 26 69,2677 Main Way,Rm 433,Birmingham,,AG22 2CT,UK,1401,2900
20733,Urban Art LLC,Nguyen,Anna,(641) 482-5665,783 Hill Way,Suite 997,Osaka,,985-6292,Japan,,165200
20734,Reyes Depot,Reyes,Charles,+44 24 4168 5277,2646 Elm Ct,,Jacksonville,CA,11836,USA,1401,260200
20735,Cox Gifts,Cox,Debra,+81-6-6545-4750,3982 Park Pl,# 327,Nagoya,,995-9836,Japan,1504,255400
20736,Collins Collectibles,Collins,Jessica,+1 (573) 982-1036,6637 Willow Blvd,,Montpellier,,40926,France,1323,67100
20737,Lopez Boutique,Lopez,Christopher,(735) 866-3854,1719 Meadow Way,,El Paso,OH,68626,USA,1143,5700
20738,Metro Import Ventures,Foster,Jonathan,+81-79-5108-9312,9916 Highland Circle,,Liverpool,England,FE5 6ZB,UK,,6500
20739,Hall Depot,Hall,Andrew,+33 9 61 67 59 71,7232 Elm Ln,,Berlin,,95830,Germany,1188,52600
20740,Ward Imports,Ward,Barbara,+81-67-9146-3521,6300 Poplar Blvd,,Essen,,74549,Germany,1625,1300
20741,Green Partners,Green,Jonathan,+61 8 7241 6437,4413 Oak Circle,,Perth,TAS,1849,Australia,1612,11200
20742,Urban Motor Wholesale,Mitchell,Carol,+49 220 679307,3214 Lake Ln,,Lille,,61651,France,1216,138500
20743,Harris International,Harris,Mark,+34 691 451 498,5372 Spring Pl,,Nice,,20434,France,1166,26100
20744,Premier Parts Wholesale,Mendoza,Nicole,+61 2 6250 8991,421 Walnut Pl,Floor 973,Memphis,MS,57946,USA,1621,1400
20745,Kelly Co.,Kelly,Angela,+61 5 5409 1617,2701 Cedar Dr,,Biel,,73471,Switzerland,1143,3600
20746,Sanchez Enterprises,Sanchez,Michelle,(443) 636-8329,6873 Birch Loop,,Fukuoka,,734-4513,Japan,1625,500
20747,Lopez Associates,Lopez,Jerry,+1 (819) 950-3156,2000 Chestnut Pl,,Louisville,SC,79364,USA,1619,73500
20748,Nelson Shop,Nelson,Sarah,+49 335 914493,8298 Ridge Ct,,Oklahoma City,WY,86489,USA,1166,83700
20749,Sanders Boutique,Sanders,Carol,(284) 909-8014,4720 Spring Pl,Ste 933,Málaga,,90432,Spain,,23700
20750,Brooks & Ramos Solutions,Brooks,Melissa,+61 9 1553 9548,1897 Church Ln,Suite 332,San Francisco,FL,94233,USA,1188,68200
20751,Ortiz Shop,Ortiz,Eric,+1 (332) 575-9442,7227 Harbor Circle,,Leeds,Scotland,PW29 7OU,UK,,7000
20752,Thompson Corp.,Thompson,Julie,(260) 586-1132,9939 Hill Circle,Unit 640,Phoenix,FL,36238,USA,1702,180600
20753,Perez Shop,Perez,Jonathan,+34 837 428 366,7472 Spring Blvd,,Hamburg,,97183,Germany,1619,3600
20754,Lopez Shop,Lopez,Helen,+44 67 2981 8680,1676 Manor St,,Mechelen,,41600,Belgium,1166,9300
20755,Howard & Brown International,Howard,Katherine,+81-44-2234-5967,3508 Ridge Blvd,,San Jose,OR,84301,USA,1188,19500
20756,Cooper & Green Distribution,Cooper,Kelly,+34 712 265 927,2002 Walnut Loop,,Västerås,,64771,Sweden,1337,279800
20757,Anderson & Edwards Ventures,Anderson,Patrick,+1 (539) 452-8676,45 Spring Terr,Suite 166,Catania,,67513,Italy,1619,71400
20758,Gutierrez & Taylor Corp.,Gutierrez,Brenda,+1 (471) 979-9010,6507 Cedar Pl,Suite 905,San Antonio,FL,57750,USA,1504,225900
20759,Heritage Supply Group,Ruiz,Anthony,+81-85-2343-6254,663 Sunset St,Unit 242,Long Beach,MT,17979,USA,1165,700
20760,Chavez & Jimenez Holdings,Chavez,Karen,+33 1 88 35 10 83,3258 Birch Rd,,Tokyo,,194-5960,Japan,1337,4700
20761,Brooks & Sanders Corp.,Brooks,Michael,(318) 315-7268,6720 Glen Circle,Suite 621,Austin,DE,70338,USA,1337,258300
20762,James Gifts,James,Carol,+33 9 11 94 32 68,607 Harbor Terr,Floor 346,Virginia Beach,WV,38061,USA,1611,102100
20763,Torres Distribution,Torres,Elizabeth,+33 6 54 58 18 93,9771 Harbor Way,Rm 843,Hamilton,BC,L0V 5E2,Canada,1102,100900
20764,Gonzalez & Collins Co.,Gonzalez,Heather,+49 810 978905,9007 Church Pl,,Fort Worth,NV,57056,USA,1165,20400
20765,Miller Models,Miller,Kathleen,+1 (653) 936-2398,9135 Walnut Rd,Ste 635,Austin,NM,40252,USA,1370,72800
20766,Urban Motor Inc.,Baker,Susan,+81-66-8396-7038,961 Park St,,Denver,AZ,42728,USA,1337,87100
20767,Thompson & Allen Exports,Thompson,Jason,(726) 325-1634,7566 Creek St,Ste 61,The Hague,,42912,Netherlands,1188,184500
20768,Lopez Toys,Lopez,Maria,+61 9 2759 3426,216 Willow Ave,,Paris,,81352,France,1504,8700
20769,Evans Models,Evans,Jennifer,+49 399 566473,5442 Elm St,,Albuquerque,VA,40040,USA,,18000
20770,Parker & Hall Distribution,Parker,Larry,(774) 205-6468,6979 Creek Terr,Suite 210,Groningen,,68565,Netherlands,1188,105200
20771,Parker Shop,Parker,Victoria,+34 609 132 158,9588 Pine Pl,Apt 717,Milan,,56299,Italy,,4000
20772,Anderson Imports,Anderson,Diane,+49 617 13173,8911 Magnolia Ave,,Leeds,England,IB3 5SH,UK,1286,81700
20773,Alpha Export Partners,Jones,Nicholas,+34 950 223 933,3665 Pine Dr,,Las Palmas,,74595,Spain,1337,6000
20774,Torres Exports,Torres,Gary,+33 9 95 85 86 47,3823 Spring Ln,,Frankfurt,,42537,Germany,1504,94600
20775,James & Brown Enterprises,James,Sharon,+44 95 1449 5251,8857 River Ave,Suite 862,Essen,,70390,Germany,1143,47500
20776,Long Toys,Long,Rachel,+49 980 703618,368 Poplar Pl,,Ghent,,68255,Belgium,1401,147100
20777,Lee Imports,Lee,Sarah,+61 9 1188 9832,8408 Highland Terr,,Örebro,,78412,Sweden,1166,221100
20778,White & Carter Holdings,White,Adam,+49 840 183381,1377 River Pl,,Raleigh,MT,21993,USA,1504,258900
20779,Morris Industries,Morris,Christine,+61 8 1721 9099,4238 Elm Terr,,Washington,IA,25455,USA,1702,17100
20780,Rivera Imports,Rivera,Timothy,+33 5 88 64 13 44,4638 Ash Way,,Sheffield,Scotland,JU6 7WU,UK,1370,3100
20781,Rivera & Watson Services,Rivera,Christopher,+33 1 65 27 43 60,8234 Sycamore Dr,Floor 546,Long Beach,FL,10044,USA,1401,236400
20782,Rodriguez Trading,Rodriguez,Adam,+33 7 23 39 37 70,5862 Hickory Circle,,San Diego,PA,42543,USA,1619,148100
20783,Gonzalez Boutique,Gonzalez,Angela,+49 157 656216,5904 Summit Rd,,Madrid,,31702,Spain,1165,3200
20784,Phillips Exports,Phillips,Rebecca,+1 (759) 754-1046,8451 Lake Loop,Ste 587,Kawasaki,,865-2070,Japan,1702,59700
20785,Wilson & Adams Ventures,Wilson,Nathan,+33 7 99 89 80 66,4343 Poplar Way,,Memphis,SD,59352,USA,1286,118900
20786,Green Co.,Green,Dorothy,+61 5 7250 1728,2959 Cedar Circle,,Dallas,WA,88526,USA,1323,159300
20787,Young Toys,Young,Joshua,+1 (250) 225-5933,6102 Hickory St,,Colorado Springs,KY,52946,USA,1621,78500
20788,Scott Shop,Scott,Debra,+49 352 454167,7141 Meadow Blvd,Rm 954,Berlin,,52844,Germany,1702,154400
20789,Metro Parts Wholesale,Foster,Donna,+81-19-4019-7860,2144 Valley Ln,Floor 897,Rome,,65725,Italy,1323,113300
20790,Johnson Toys,Johnson,Michael,+34 819 589 810,2493 Harbor Blvd,,Rotterdam,,32925,Netherlands,1611,3100
20791,Scott Ltd.,Scott,Daniel,(685) 802-9458,8472 Garden St,Ste 16,Sacramento,KY,79914,USA,,4800
20792,Rivera Collectibles,Rivera,Scott,+81-12-3412-2817,2211 Ridge Rd,,Bern,,68473,Switzerland,,264000
20793,Hall Depot,Hall,Sharon,+44 50 3095 3021,2766 Station Rd,,Mesa,MN,93303,USA,1612,82400
20794,Classic Supply Trading,Diaz,Gregory,+44 68 5677 9802,1257 Park Blvd,,Gold Coast,QLD,4224,Australia,1504,7400
20795,Gomez & Young Trading,Gomez,Heather,+44 20 8778 6793,504 Sunset Pl,,Brisbane,ACT,3780,Australia,1612,120500
20796,Golden Parts LLC,Garcia,Joyce,+33 5 11 14 99 91,8935 Cherry Blvd,Apt 339,Toulouse,,52598,France,1619,89600
20797,Royal Sales Industries,Diaz,William,+61 3 8784 4562,7005 Cedar Pl,Ste 901,Las Vegas,KY,44326,USA,1370,114200
20798,Thomas & Morgan Imports,Thomas,Scott,+81-78-9645-9429,4186 Poplar Loop,,Kuopio,,96647,Finland,1621,109900
20799,Moore Models,Moore,Rachel,+81-35-3867-5387,4159 Garden Dr,Suite 883,Milwaukee,UT,28026,USA,1165,32300
20800,Wilson & Anderson Distribution,Wilson,Diane,+1 (928) 791-4474,9283 Forest Blvd,,Düsseldorf,,30593,Germany,1166,1200
20801,Gutierrez Store,Gutierrez,Frank,+34 966 495 224,489 Cherry Circle,,Marseille,,15938,France,1102,87300
20802,Golden Parts Ltd.,Walker,Patrick,+61 3 1571 1059,3195 Church Rd,,London,,IN97 9UE,UK,1188,10700
20803,Central Import Imports,Scott,Jose,+81-57-5401-2507,755 Creek Way,,Genoa,,12561,Italy,1143,9000
20804,Torres Imports,Torres,Mark,+81-56-9982-4314,247 Station Pl,,Birmingham,,TS35 8BQ,UK,1286,31400
20805,Johnson & Cooper Services,Johnson,Ryan,+81-26-6947-8430,1191 Station St,,Edinburgh,England,PQ88 8ZT,UK,1625,45900
20806,Taylor Boutique,Taylor,Elizabeth,+1 (979) 785-7038,9160 Spring Way,Suite 567,Bordeaux,,85669,France,,9400
20807,Nguyen Corp.,Nguyen,Ryan,+44 46 2505 7599,3030 Pine Ave,,Düsseldorf,,88921,Germany,,64100
20808,Edwards Industries,Edwards,Barbara,+61 9 1743 6225,1725 Magnolia Ln,,Fukuoka,,372-3160,Japan,1370,107800
20809,Price LLC,Price,James,+33 3 45 70 32 74,6718 Summit St,,Memphis,IA,54849,USA,1166,5600
20810,Gutierrez & Lee Industries,Gutierrez,Gary,+61 2 8888 2079,6877 Pine Way,,Nagoya,,192-3232,Japan,1143,3500
20811,Smith & Reyes Co.,Smith,Melissa,+1 (961) 571-4725,3047 Creek Ave,,Graz,,51285,Austria,,8600
20812,Global Auto Exports,Parker,Barbara,+44 83 9550 8673,5117 Magnolia Loop,Unit 233,Philadelphia,NC,85235,USA,1337,135700
20813,Foster Services,Foster,Jacob,(418) 989-2158,8433 Hill Ct,Unit 831,Milan,,91842,Italy,1102,249600
20814,Rodriguez Gallery,Rodriguez,Nancy,+44 64 9682 1990,8586 Valley Ln,,Las Vegas,NH,43558,USA,1337,31800
20815,Classic Craft Wholesale,Alvarez,Mark,+49 445 969451,3734 Garden Circle,,Nashville,ID,51670,USA,1165,94600
20816,Campbell Center,Campbell,Ronald,+1 (753) 541-6317,2613 Forest Terr,Rm 10,Philadelphia,MS,62044,USA,1165,2500
20817,Hernandez Imports,Hernandez,Richard,+34 949 498 155,9848 Oak Blvd,Unit 722,Murcia,,22419,Spain,1612,35400
20818,Hughes Group,Hughes,Paul,+61 2 1173 3587,2216 Spring Ct,,Cork,,97406,Ireland,1702,55100
20819,Central Sales Imports,White,Patrick,+34 651 883 553,7178 Harbor St,,Logan City,TAS,1524,Australia,1612,105100
20820,Bennett LLC,Bennett,Sandra,(203) 484-6705,3543 Bay Loop,# 919,Memphis,ME,98806,USA,1165,54600
20821,Hill Solutions,Hill,Anna,+61 7 3400 1748,2856 Poplar Ln,Rm 250,Drogheda,,90658,Ireland,1323,700
20822,Kelly Depot,Kelly,Ronald,+33 8 74 44 98 97,7824 Meadow St,,Long Beach,MO,67571,USA,1165,69400
20823,Lewis Inc.,Lewis,Melissa,+61 2 2194 9081,2576 School Ln,Apt 649,Montpellier,,59411,France,1188,3800
20824,White Group,White,Steven,(215) 954-1523,3627 Bay Ln,,Logan City,QLD,4585,Australia,1501,45700
20825,Cooper Depot,Cooper,Maria,+44 89 1106 5613,1449 Garden Way,,New York,GA,25289,USA,1702,200100
20826,White Group,White,Larry,+44 69 7062 6795,6867 Spring St,,Leicester,,JF51 1HH,UK,1401,28500
20827,Anderson Associates,Anderson,Jeffrey,+44 23 3800 2106,101 Spring Dr,,Utrecht,,82185,Netherlands,1323,9100
20828,Gonzalez Models,Gonzalez,Larry,+61 9 8707 3743,3465 Poplar Ln,Ste 84,Las Palmas,,67216,Spain,1612,27200
20829,Morgan & Rodriguez Distribution,Morgan,Kathleen,+49 369 934915,8332 Chestnut Ct,,Roskilde,,30260,Denmark,1286,175200
20830,Thompson & Ward Trading,Thompson,Michael,+49 700 231692,2548 Cedar Rd,Unit 499,Cologne,,27730,Germany,1619,124800
20831,Sanchez Corp.,Sanchez,Alexander,+44 39 3149 3139,3406 Cedar Rd,,Tokyo,,230-1591,Japan,1619,44000
20832,Garcia & Cook Ltd.,Garcia,Matthew,+61 5 8208 8486,4153 Manor Dr,Rm 59,Paris,,63367,France,1370,4000
20833,Lee Services,Lee,Katherine,+1 (469) 453-9867,8699 Forest Ave,,Montreal,NB,K6W 0F9,Canada,1625,12700
20834,Morales Wholesale,Morales,Rebecca,+1 (592) 439-7455,6844 Manor Ct,,Memphis,OK,58309,USA,,89400
20835,Classic Auto Imports,Ross,Heather,+81-47-1139-5952,5017 Hickory Dr,,Porsgrunn,,35735,Norway,1611,28100
20836,Thomas Trading,Thomas,Adam,+61 6 3478 2661,6733 Lake Loop,# 569,Drammen,,38369,Norway,1612,115000
20837,Mendoza Ventures,Mendoza,Scott,+81-36-4614-4293,3934 Bay Loop,Ste 585,Basel,,93816,Switzerland,1501,61000
20838,Campbell Associates,Campbell,Nancy,+33 2 20 56 95 77,4272 Sunset St,,Cologne,,42181,Germany,1401,139800
20839,Horizon Supply Imports,Gray,Larry,+81-50-8736-5437,5497 Sunset Ln,,Nice,,93326,France,1337,9300
20840,Taylor Group,Taylor,Kimberly,+49 550 101790,130 Sycamore Ln,,Las Vegas,AK,80187,USA,1625,64300
20841,Hill Toys,Hill,Ronald,(472) 385-7304,4525 Lake Dr,,San Francisco,AL,69401,USA,1165,12100
20842,Turner Trading,Turner,Christopher,+34 715 206 797,915 Hollow Terr,,Zaragoza,,37982,Spain,1702,61500
20843,Thomas Associates,Thomas,Charles,+49 786 949797,5216 River Dr,,Kawasaki,,194-5601,Japan,1166,190100
20844,Harris & Chavez Inc.,Harris,Amy,+81-27-4194-8668,9459 Creek Way,,Winnipeg,SK,E3R 7R2,Canada,1102,66400
20845,Cruz Inc.,Cruz,Jose,+44 27 2076 6065,8506 Maple St,Apt 496,Winterthur,,52661,Switzerland,1166,69500
20846,Ruiz Enterprises,Ruiz,Pamela,+33 2 35 58 89 54,1423 Walnut Blvd,,Las Palmas,,92253,Spain,1323,41000
20847,Morales & Hall Corp.,Morales,Benjamin,+34 716 816 730,3845 Hill Blvd,# 790,Saitama,,460-4493,Japan,1166,204500
20848,Metro Motor Solutions,Lewis,Adam,+1 (764) 670-1746,5735 Maple Ct,,Marseille,,76489,France,1401,15000
20849,Carter Co.,Carter,Betty,+33 9 96 81 90 33,1635 Market Circle,,San Diego,GA,61960,USA,1612,129400
20850,Jimenez Store,Jimenez,Dorothy,+33 3 28 30 75 12,2147 Hill Dr,,Milwaukee,WI,44426,USA,1611,21700
20851,Mendoza & Thompson Associates,Mendoza,Christine,+81-34-8844-5008,5531 Forest Ln,,Strasbourg,,33991,France,1143,252600
20852,Walker Exports,Walker,Joyce,+44 62 1939 9334,223 Pine Dr,,Calgary,PE,K1X 8L2,Canada,1621,132800
20853,Horizon Auto Associates,Sanders,Joshua,+49 103 91257,1103 Station Ave,,Atlanta,CA,32843,USA,1501,9200
20854,Ramos & Ramos International,Ramos,Timothy,+44 13 5155 3764,3029 Cedar Ct,,Montpellier,,56891,France,1370,1600
20855,Lopez & Flores Ltd.,Lopez,Raymond,+34 807 137 679,7046 Ash Way,,Norrköping,,41935,Sweden,,13000
20856,Foster & Taylor Imports,Foster,Nicole,+81-48-4886-4407,9450 Willow Pl,,Sydney,ACT,6556,Australia,,6800
20857,Foster Boutique,Foster,Benjamin,+44 26 2134 6766,9474 School Blvd,Apt 47,Los Angeles,NC,98095,USA,1625,299000
20858,Morris LLC,Morris,Andrew,+81-66-7568-5878,6483 Bay Rd,,Portland,OK,70852,USA,1504,46900
20859,Diaz Industries,Diaz,Brian,+33 1 85 59 44 82,6664 Valley Ln,Apt 482,Amsterdam,,13021,Netherlands,1337,57900
20860,Carter & Adams Enterprises,Carter,Rachel,+44 70 7775 4381,131 Spring Ln,Apt 542,Las Vegas,PA,71073,USA,1337,81400
20861,Torres Shop,Torres,Brian,(512) 826-2987,4787 Highland Rd,,El Paso,WI,44304,USA,1337,125300
20862,Torres & Kelly Industries,Torres,Laura,+61 8 3102 8815,8616 Magnolia Blvd,Suite 608,Tauranga,,12251,New Zealand,1619,131800
20863,Wilson Holdings,Wilson,Christopher,+49 950 902994,1887 Birch St,,Paris,,32719,France,1401,102800
20864,Jimenez & Jones Solutions,Jimenez,Thomas,+44 89 4660 1894,7092 Bay Way,,Nashville,LA,84276,USA,1625,1400
20865,Nelson Boutique,Nelson,Cynthia,+34 601 668 540,3119 School Terr,# 860,Leipzig,,61328,Germany,,71800
20866,Diamond Import Solutions,King,Matthew,+81-23-3223-1548,6079 Cedar Dr,Apt 196,Charlotte,OH,82185,USA,1702,1900
20867,James Center,James,Sandra,+61 4 5597 7249,460 Maple Pl,,Strasbourg,,80814,France,1619,163500
20868,Rodriguez Gallery,Rodriguez,Andrew,+61 2 3676 3653,5219 Cedar Blvd,Rm 811,Chicago,MD,37241,USA,1625,89100
20869,Ross & Sanchez Enterprises,Ross,Dennis,(420) 409-1163,153 Lake St,Floor 588,San Jose,SC,40641,USA,1188,2200
20870,Global Export Services,Collins,Jason,+1 (377) 484-7065,5692 Church Dr,,Tucson,SC,89948,USA,1188,70500
20871,Walker Enterprises,Walker,Lisa,+1 (293) 665-3671,8851 Harbor Ct,Rm 596,Dallas,AZ,26653,USA,,103000
20872,Capital Export Co.,Evans,Patrick,+44 44 1819 7329,8114 Church Rd,,Florence,,94173,Italy,1323,173100
20873,Cook Group,Cook,Carol,+49 759 277095,5624 Garden Way,,Raleigh,AZ,86668,USA,,15900
20874,Martinez & Gonzalez Corp.,Martinez,Jerry,+81-81-1819-2211,7503 Cherry St,Unit 705,Houston,DE,79588,USA,1370,43000
20875,Silver Motor Ventures,Wilson,Amanda,+81-35-5092-4609,2829 Spring Blvd,,San Diego,NY,23372,USA,1501,1800
20876,Urban Art Partners,Gray,Timothy,+49 483 929820,25 Poplar Dr,Unit 302,Utrecht,,35598,Netherlands,,101900
20877,Williams & Johnson Associates,Williams,Cynthia,+44 61 7998 4427,7344 Walnut Rd,,Sheffield,Wales,CT99 6GZ,UK,1166,95100
20878,Green & Lee Associates,Green,Jacob,+44 30 5683 2917,9906 Lake St,,London,,CM45 9CE,UK,1143,48200
20879,Long Gifts,Long,Joshua,+49 710 811054,2526 Ridge Blvd,,Montpellier,,97605,France,,400
20880,Baker Enterprises,Baker,Stephen,+33 3 18 92 20 32,8820 Maple St,Ste 873,San Antonio,IA,95813,USA,1625,128200
20881,Capital Motor Services,Alvarez,Joseph,+81-42-6006-3188,1798 Willow Ln,Ste 60,Edinburgh,,MJ2 2YS,UK,1625,235500
20882,Morris & Green Wholesale,Morris,Shirley,+81-19-4566-5852,4617 Manor Loop,# 122,Louisville,SD,62655,USA,1611,15600
20883,Atlantic Auto Trading,Williams,Nancy,(292) 682-8315,1848 Harbor Loop,,Indianapolis,OH,38437,USA,1166,7600
20884,Hughes & Anderson Distribution,Hughes,Angela,+44 11 2022 1088,6715 Oak Loop,,Charlotte,NV,65344,USA,1323,8200
20885,Adams International,Adams,James,+61 4 7847 3800,8675 Valley Pl,,Palermo,,42017,Italy,1611,209700
20886,Long Gifts,Long,Ryan,+33 4 71 62 20 74,3389 Cherry Terr,,The Hague,,82851,Netherlands,1323,271700
20887,Wilson & Parker Distribution,Wilson,Ryan,+44 36 4696 3496,3111 Hill Circle,,San Antonio,AL,19749,USA,1165,30300
20888,Sanders Wholesale,Sanders,Scott,+61 4 1102 9818,7902 Walnut Way,Suite 433,Berlin,,63223,Germany,1401,42500
20889,Evans Imports,Evans,Jeffrey,+33 9 98 48 54 94,9723 Ridge Terr,,Geneva,,56182,Switzerland,1401,259800
20890,Phillips Toys,Phillips,Rachel,+44 54 6343 4662,8311 Chestnut Terr,,Bristol,England,EK58 4JT,UK,1504,25500
20891,Cox Imports,Cox,Justin,+49 94 811604,6751 Creek Terr,,Tucson,GA,90916,USA,1370,233000
20892,Capital Supply Ventures,Murphy,Debra,+49 145 440915,4519 Pine Pl,Ste 822,Eindhoven,,63166,Netherlands,1370,201500
20893,Morgan Partners,Morgan,Jonathan,+81-4-6352-3800,4346 Harbor Ln,Ste 171,Colorado Springs,OH,13664,USA,1165,8900
20894,Peterson Inc.,Peterson,Emily,+33 1 81 79 83 81,8760 Meadow Ln,,The Hague,,45462,Netherlands,1166,11600
20895,Premier Craft Associates,Stewart,Jack,+1 (200) 417-1752,2448 Hollow Ln,,Toulouse,,11909,France,1612,90300
20896,Rivera Gallery,Rivera,John,+49 472 480627,3139 Hollow Pl,,Indianapolis,WY,84099,USA,1501,5000
20897,Turner Inc.,Turner,Christopher,+49 164 640669,2014 Cedar Dr,Unit 311,Columbus,NV,58806,USA,1504,146600
20898,Pacific Import Corp.,Perez,Melissa,+34 670 422 535,5302 Market Terr,,Valencia,,25313,Spain,1621,44200
20899,Sunrise Auto Industries,Chavez,Samantha,+61 7 4650 8161,4974 Poplar Rd,,Dortmund,,60960,Germany,1286,1000
20900,Golden Supply Enterprises,Moore,David,(269) 934-8738,4082 Manor Blvd,,Raleigh,AR,10435,USA,1188,224200
20901,Chavez & Richardson Associates,Chavez,Jonathan,(615) 318-9230,5674 Lake Loop,,Bristol,Wales,FF75 5FV,UK,1286,3700
20902,Classic Art Ltd.,Miller,Samantha,+61 4 5875 8182,7727 Highland Ln,,Albuquerque,MD,45290,USA,1702,275000
20903,Hill Gifts,Hill,Justin,+1 (427) 399-3044,5462 Highland Ct,,Raleigh,IN,14803,USA,1501,45000
20904,Rogers Depot,Rogers,Robert,+34 700 109 392,1120 Market Blvd,,Munich,,82983,Germany,1625,177200
20905,Adams & Adams Solutions,Adams,Edward,+61 8 8837 4080,1664 Cherry Terr,,Essen,,16553,Germany,1286,108200
20906,Gomez Trading,Gomez,Emma,+81-36-6594-1862,9906 Sycamore Rd,,Memphis,FL,87025,USA,1504,118900
20907,Williams & Mendoza International,Williams,Pamela,+44 94 5830 7387,6711 Willow Rd,,Philadelphia,OH,87915,USA,1216,262700
20908,Horizon Supply Holdings,Perez,Jeffrey,+34 974 651 723,1822 Chestnut St,Suite 452,Kansas City,FL,77936,USA,1611,35200
20909,Hernandez Collectibles,Hernandez,Laura,+49 843 980944,4903 Meadow Ln,,Biel,,79352,Switzerland,1188,5000
20910,Ramirez Enterprises,Ramirez,Patrick,+34 875 181 381,8788 Park Ave,,Stuttgart,,66939,Germany,,5200
20911,Reyes Associates,Reyes,Jeffrey,+61 3 6129 9267,9588 Forest Dr,,Mesa,NV,65438,USA,1501,146100
20912,Gomez Co.,Gomez,Gregory,+49 167 687713,171 Valley Pl,Ste 486,San Francisco,PA,20462,USA,1702,46300
20913,Gonzalez LLC,Gonzalez,Aaron,+61 9 4369 7211,3477 Glen Dr,,Houston,FL,49234,USA,1619,202300
20914,Rivera & Richardson LLC,Rivera,Anthony,+81-51-4922-8984,7379 Valley Ave,,Ottawa,PE,L6C 5X4,Canada,1501,41600
20915,Ward Corp.,Ward,Gregory,+81-86-7196-7715,7966 Spring Ct,Apt 558,Utrecht,,71805,Netherlands,1102,102100
20916,Price Models,Price,Jose,+49 449 878467,5298 Forest Ln,,San Antonio,SC,70532,USA,1216,9800
20917,Elite Export Services,Johnson,Margaret,+33 6 37 12 83 62,4314 Meadow Circle,Suite 542,Dallas,NC,23428,USA,1504,400
20918,Alpha Craft Imports,Cook,Daniel,+34 669 966 602,1834 Valley Ln,,Málaga,,55954,Spain,1165,2700
20919,Pacific Parts Trading,Roberts,Dennis,+34 826 767 865,8565 Pine Pl,,Norrköping,,76044,Sweden,1323,192600
20920,Allen Solutions,Allen,Adam,+81-5-4052-9928,5720 Sunset Pl,,Saitama,,112-2846,Japan,1165,66700
20921,Perez & Hernandez Ventures,Perez,Nathan,(220) 257-9105,2195 Main Rd,,Washington,NH,70532,USA,1612,53300
20922,Peterson LLC,Peterson,Donald,+34 614 701 847,2367 Hill Rd,,Logan City,SA,2618,Australia,1619,279800
20923,Mitchell Exports,Mitchell,Daniel,+33 3 63 22 23 78,4746 Main Rd,,The Hague,,34316,Netherlands,1625,214700
20924,Johnson & Cooper Partners,Johnson,Jacob,+33 7 63 27 18 83,2482 Maple St,,Lyon,,17351,France,1323,200800
20925,Davis Exports,Davis,Patricia,(394) 970-1567,426 Glen Dr,,El Paso,OR,11615,USA,1611,1700
20926,Martinez Store,Martinez,Jacob,(707) 313-3739,5181 Summit Loop,,San Diego,AK,43277,USA,1501,133400
20927,Jackson & Ross Trading,Jackson,Michael,+44 54 3966 4517,2363 Elm Circle,,Dallas,ID,57257,USA,,2700
20928,Patel Store,Patel,Donna,+61 7 2546 4680,371 Forest Circle,# 641,Dunedin,,90874,New Zealand,,2400
20929,Silver Supply Holdings,Moore,Gregory,(374) 640-9855,1810 Church Pl,,Birmingham,,BE14 2SV,UK,1702,270400
20930,Diaz Toys,Diaz,Brenda,+33 8 94 81 21 82,8196 Willow Rd,Unit 25,Louisville,AR,11267,USA,1165,169600
20931,Phillips & Gomez Ventures,Phillips,Michael,+81-37-8357-1640,5342 Highland Rd,,Trondheim,,35871,Norway,1401,197800
20932,Johnson & Rodriguez Group,Johnson,Carolyn,+33 1 17 12 12 80,239 Market Ln,Apt 780,Fresno,UT,29449,USA,1401,21700
20933,Smith Wholesale,Smith,Brandon,+1 (223) 793-2512,1988 Meadow Ave,,Leipzig,,21794,Germany,1337,170800
20934,Patel Center,Patel,Ryan,+81-64-5227-7365,4919 Poplar Ave,,New York,OH,54150,USA,1216,131600
20935,Parker Co.,Parker,Ashley,+61 6 6402 9212,1575 Willow Ave,# 619,Nagoya,,556-2351,Japan,1165,32500
20936,Johnson Associates,Johnson,Christine,+49 320 620276,6736 Oak Ct,Ste 622,San Francisco,LA,64116,USA,1702,2700
20937,Wright Corp.,Wright,Sarah,+1 (743) 554-9205,9773 Harbor St,Floor 145,Hamilton,QC,T2E 3T7,Canada,1702,140500
20938,Royal Parts Associates,Evans,Matthew,+44 81 6439 2756,4828 Elm Blvd,,Dublin,,11103,Ireland,1501,112800
20939,Torres Models,Torres,John,+1 (255) 287-3093,9857 Spring Dr,Floor 419,Auckland,,70902,New Zealand,1501,28300
20940,Reed Models,Reed,Thomas,+34 976 539 545,4334 Poplar Loop,,Dallas,AK,95834,USA,1619,139100
20941,Royal Motor Imports,Garcia,Patrick,+33 1 56 73 90 36,4913 Garden St,Suite 341,Toulouse,,93101,France,,202500
20942,Morgan & Lee International,Morgan,Edward,+81-56-7347-6752,3003 Manor Ct,,Osaka,,945-8517,Japan,,3900
20943,Cruz Depot,Cruz,Helen,+44 85 1984 4402,4808 Birch Ct,,Nice,,91729,France,1323,113300
20944,Taylor & Green Industries,Taylor,Charles,+44 25 3470 2423,5034 Ridge Loop,,Palermo,,17031,Italy,1323,43700
20945,Thompson Partners,Thompson,Pamela,+34 996 300 659,2028 Washington Circle,,Adelaide,SA,2440,Australia,1501,28500
20946,Heritage Craft Group,Gray,Carol,+49 916 821735,9613 Ridge Pl,Floor 415,Kyoto,,629-5542,Japan,1102,21300
20947,Flores & James Industries,Flores,Melissa,+81-3-4927-9137,1941 Manor St,# 974,Jacksonville,KS,13841,USA,1165,7100
20948,Hughes & Wilson Ventures,Hughes,Linda,+1 (414) 504-8779,9903 Cedar Ave,Unit 34,Lille,,91644,France,1625,164800
20949,Turner Co.,Turner,Brenda,+49 130 620097,5813 Ash St,,Leuven,,30393,Belgium,1611,66100
20950,Thomas Enterprises,Thomas,Benjamin,+1 (683) 370-9658,5533 Willow Blvd,,Turku,,39288,Finland,1612,170600
20951,Alvarez & Reyes Co.,Alvarez,Linda,+34 679 232 307,451 Magnolia Loop,,Gothenburg,,65935,Sweden,1612,187700
20952,Sanchez Boutique,Sanchez,Jonathan,+1 (386) 493-9962,6869 Magnolia Ave,,Amsterdam,,68642,Netherlands,1102,7200
20953,National Motor Enterprises,Allen,Katherine,+81-73-6773-8469,1992 Manor Terr,Floor 617,Christchurch,,31268,New Zealand,1216,130100
20954,Ruiz Solutions,Ruiz,Helen,+33 6 15 93 76 43,2379 Garden Ave,Suite 223,Bristol,Scotland,CK8 2NJ,UK,1702,43900
20955,Heritage Trade Solutions,Cooper,Andrew,+44 23 7034 2167,9842 Pine St,Apt 48,Nashville,CT,65716,USA,1323,121400
20956,Young & Bennett Ventures,Young,Diane,(979) 482-9170,9011 Elm Ave,Suite 840,Utrecht,,50613,Netherlands,1337,135600
20957,Green Gifts,Green,Jessica,+34 859 200 449,5399 Washington Blvd,Unit 784,Bristol,England,ER99 2OP,UK,1323,264400
20958,Roberts Corp.,Roberts,Janet,+1 (566) 266-8234,4591 Creek Ct,,Denver,NV,58471,USA,1165,84200
20959,Wood Depot,Wood,Dennis,+49 263 565825,1003 Forest Ave,,Galway,,73065,Ireland,1102,132100
20960,White Collectibles,White,Christine,+34 695 668 628,6463 Willow Way,,Jacksonville,MI,44021,USA,1625,170400
20961,Mendoza & Jackson Exports,Mendoza,Timothy,+44 56 3054 4569,3412 Magnolia Way,,Uppsala,,54336,Sweden,1702,4300
20962,Gutierrez Center,Gutierrez,Eric,+34 702 691 528,417 Willow Terr,,Vancouver,ON,L5H 4A5,Canada,1619,135400
20963,Crystal Export LLC,Harris,Joshua,(800) 921-1452,8189 School Ln,Floor 871,Kyoto,,709-8591,Japan,1216,221500
20964,Collins & White LLC,Collins,Thomas,+81-24-1937-5825,8030 Creek Terr,Floor 110,Vancouver,BC,S1D 1R5,Canada,1166,275600
20965,Royal Trade Services,Jones,Sandra,+81-75-1227-2567,9577 Spring Blvd,Apt 765,Helsinki,,37175,Finland,,8900
20966,Brown Imports,Brown,Anna,+1 (550) 901-1176,1318 Manor Dr,,Berlin,,38316,Germany,,17900
20967,Carter & Anderson Imports,Carter,Kimberly,+1 (959) 607-6326,3960 Magnolia St,,Seattle,NH,66784,USA,1216,122900
20968,Lewis & Taylor Imports,Lewis,Nicole,+81-10-3055-8052,3641 Market Circle,Rm 577,Quebec City,BC,U1F 9D6,Canada,1619,35800
20969,Rivera & Ramos Exports,Rivera,Kenneth,+81-41-1045-7859,7417 Main Pl,,Colorado Springs,MS,13066,USA,1619,9900
20970,Alvarez Holdings,Alvarez,Christine,+61 6 4902 1533,762 River Blvd,,Tampere,,87990,Finland,1216,46600
20971,Young & Thompson Inc.,Young,Matthew,+61 7 1972 2859,1102 Maple Blvd,,Vantaa,,56860,Finland,1504,7300
20972,National Art Enterprises,Howard,Stephanie,+81-19-1118-9804,4826 Valley Way,,Nagoya,,297-3657,Japan,1102,19800
20973,Atlantic Motor Holdings,Wright,Tyler,+44 18 2931 3337,6436 Church Terr,,El Paso,WI,88439,USA,1216,98100
20974,Johnson Toys,Johnson,William,+33 2 71 57 39 61,1603 Chestnut Blvd,Floor 78,Liverpool,England,SG58 6TZ,UK,1165,172700
20975,Jackson Ventures,Jackson,Susan,+49 352 927042,434 Main Terr,,Montpellier,,39958,France,1165,8300
20976,Premier Sales Enterprises,Johnson,Amanda,+34 848 705 572,4908 Valley Circle,,Osaka,,202-2721,Japan,1611,31300
20977,Lopez & Price Industries,Lopez,Karen,+1 (641) 704-7262,122 Bay Pl,,Gold Coast,VIC,3954,Australia,1625,175500
20978,Richardson Group,Richardson,Amanda,+61 7 9639 9690,7100 Summit St,,Long Beach,TX,47989,USA,1188,254900
20979,Thompson Wholesale,Thompson,Tyler,+61 7 2313 7419,9577 River Ln,Apt 883,Tucson,FL,96305,USA,1166,17300
20980,James Toys,James,Diane,+49 931 199037,9052 Ridge Dr,,Sapporo,,557-3819,Japan,1611,129300
20981,Kelly & Kim Inc.,Kelly,Larry,+34 620 237 519,6841 Manor Blvd,,Bilbao,,95868,Spain,1337,84300
20982,Rodriguez Gallery,Rodriguez,Nancy,+33 9 89 32 27 30,818 Elm Terr,Unit 782,Sydney,WA,2226,Australia,1286,4600
20983,Williams & Reyes Exports,Williams,Rebecca,+1 (685) 646-3126,6558 Park Circle,,Gold Coast,NT,5603,Australia,1337,143900
20984,Crystal Trade Imports,Sanchez,Daniel,(212) 858-5243,1824 Forest Dr,,Naples,,39220,Italy,1216,900
20985,Torres Enterprises,Torres,Kimberly,+81-7-7913-4414,6363 Willow Ln,,Montpellier,,71586,France,1621,136400
20986,Premier Craft Distribution,Adams,Jacob,+44 47 4591 8295,9251 Sunset Blvd,Apt 43,Marseille,,74803,France,1286,99600
20987,Sanchez Center,Sanchez,Kevin,+61 5 7201 3241,2712 Market Rd,,Atlanta,WI,11412,USA,1337,179700
20988,Rodriguez Inc.,Rodriguez,Paul,+1 (233) 795-4610,6404 Summit Dr,Ste 618,Glasgow,Wales,UK62 5FC,UK,1401,223300
20989,Lewis Depot,Lewis,Emily,(755) 970-8395,4519 Forest Ct,# 385,Kuopio,,44330,Finland,1625,284400
20990,Long & Phillips Distribution,Long,Deborah,+1 (261) 352-8418,4865 Elm Pl,,Geneva,,58200,Switzerland,1370,61000
20991,Collins Collectibles,Collins,Rachel,+33 4 66 44 64 85,7019 Maple Ln,,San Francisco,MS,63988,USA,1401,1100
20992,Hughes Distribution,Hughes,Jacob,+49 824 95230,6892 Ridge Ct,,Malmö,,34039,Sweden,1504,28100
20993,Gray Partners,Gray,Kevin,+44 76 9252 8890,6795 Forest Rd,,Cologne,,85057,Germany,,100
20994,Hill & Moore Co.,Hill,Samantha,+44 18 2142 7589,7255 Oak Way,,Toronto,MB,X8P 1U6,Canada,1621,24200
20995,Howard & Foster Wholesale,Howard,Justin,+44 64 6289 4343,9284 Poplar Blvd,,Rotterdam,,98198,Netherlands,1621,144200
20996,Royal Import Holdings,Ward,Donna,+33 6 48 97 91 86,8775 Valley Ave,,Los Angeles,IN,87510,USA,1612,296800
20997,Kim & Rodriguez Ventures,Kim,Timothy,+44 45 4801 9398,33 Station Rd,,Long Beach,NH,34884,USA,1619,2800
20998,Anderson Store,Anderson,Jonathan,+1 (305) 588-5138,6176 Summit Circle,Suite 352,Berlin,,60641,Germany,1702,5800
20999,Edwards Co.,Edwards,Betty,+1 (408) 231-9407,6755 Bay St,,Leipzig,,30457,Germany,1611,278900
21000,Ortiz & Kim Services,Ortiz,Karen,+61 4 8650 5515,7499 Hill Pl,,Liverpool,Wales,QK97 1VA,UK,1143,126400
21001,Stewart Shop,Stewart,Lisa,+34 629 750 875,2187 Oak Dr,,Mesa,AZ,79518,USA,1621,117300
21002,Kim Toys,Kim,Michelle,+49 859 704077,1331 Spring St,,Gold Coast,ACT,1096,Australia,,1400
21003,Lewis Boutique,Lewis,Karen,+1 (455) 824-7172,9337 Hollow Way,,Jacksonville,OK,44899,USA,1611,125400
21004,Pacific Supply Associates,Ruiz,Maria,+49 725 27058,1297 Poplar Ct,,Baltimore,KY,75697,USA,,43100
21005,Reed Store,Reed,Carolyn,+33 7 14 58 61 69,6736 Hill Dr,,Las Vegas,LA,62437,USA,1504,78400
21006,Morales & Moore LLC,Morales,Larry,+44 12 7288 7831,8593 Garden Blvd,Floor 578,Malmö,,89276,Sweden,1337,24000
21007,Ward & Ramos Ventures,Ward,Timothy,+81-74-9433-8602,3529 Church Pl,,Las Palmas,,42499,Spain,1612,141600
21008,Ortiz & Miller Wholesale,Ortiz,Steven,+33 2 29 26 61 11,4048 Washington Ln,Ste 764,Västerås,,89692,Sweden,1102,148400
21009,Ward Trading,Ward,Charles,+33 9 83 73 51 29,4658 Sycamore Ave,Suite 18,Nagoya,,973-1553,Japan,1702,241900
21010,Bennett Gallery,Bennett,Adam,+1 (731) 387-4826,5399 Ash Loop,,Dallas,ME,11488,USA,1323,2300
21011,Bailey Toys,Bailey,Dorothy,+1 (287) 685-6971,557 Station Way,,Biel,,81460,Switzerland,1216,165100
21012,Global Sales Solutions,Martin,Kathleen,(872) 398-8899,4221 Park Loop,Apt 988,Zaragoza,,74323,Spain,1611,224400
21013,Martinez Boutique,Martinez,Lisa,(804) 403-9448,2939 Maple Blvd,,Portland,CO,85444,USA,1401,39900
21014,Scott Gallery,Scott,Donna,+1 (908) 681-7775,6816 Lake Dr,Suite 946,London,Wales,PN4 8XR,UK,1286,128600
21015,Walker & Morgan Holdings,Walker,Frank,(771) 562-9337,3156 Meadow St,,Seattle,MN,60269,USA,1102,61400
21016,Alpha Import Associates,King,Laura,+33 1 49 50 49 25,8060 Birch St,Suite 602,San Diego,MT,16146,USA,1501,49800
21017,Cooper Enterprises,Cooper,Aaron,+49 673 737054,6091 Poplar Pl,,Sheffield,Scotland,YX94 1HQ,UK,1619,31400
21018,Lopez Gallery,Lopez,Carol,+49 299 901294,910 Sunset Terr,,Kitchener,AB,G3L 6E3,Canada,1102,276100
21019,Cox Collectibles,Cox,Patrick,+44 60 7202 2642,4623 Highland Ave,# 877,London,England,TW79 2RX,UK,1165,201400
21020,Thomas Ventures,Thomas,Raymond,+34 947 107 587,2604 Hill St,Ste 927,Sydney,SA,8451,Australia,1401,1400
21021,Gray & Brooks Enterprises,Gray,Gregory,+49 461 928971,1204 Ash Terr,Apt 591,Phoenix,ME,61170,USA,1621,49900
21022,Kelly Collectibles,Kelly,Maria,+34 603 321 497,1208 Poplar Rd,Unit 498,New York,FL,60379,USA,1401,185500
21023,Pacific Motor Wholesale,Johnson,Sharon,(211) 421-1717,7028 Summit St,,Ghent,,94800,Belgium,1504,12300
21024,Golden Motor Enterprises,Cox,John,+33 2 83 93 33 60,9314 Glen Loop,,Palma,,58631,Spain,1102,279500
21025,Golden Sales Industries,Murphy,Jose,+49 740 309172,719 Church Rd,,Dornbirn,,27965,Austria,,2300
21026,Silver Craft Enterprises,Roberts,Scott,+61 4 3020 9082,6524 Manor Blvd,,Denver,WI,53276,USA,1504,185200
21027,Capital Import Inc.,Moore,Rebecca,(574) 716-6982,2528 Ridge Way,Apt 362,Nice,,68839,France,1102,3700
21028,Crystal Auto Associates,Gonzalez,Julie,+33 6 49 66 82 43,6119 Lake Blvd,Suite 215,Leipzig,,18105,Germany,1143,124500
21029,Howard International,Howard,Cynthia,+49 897 763406,8597 Sycamore Pl,,Yokohama,,686-2309,Japan,1337,11600
21030,Cox Gallery,Cox,Carolyn,+1 (990) 390-4979,8962 Main Ln,,Wollongong,ACT,7487,Australia,,130100
21031,Chavez Holdings,Chavez,James,+44 99 8848 4484,7086 Walnut Dr,Rm 837,Los Angeles,RI,57170,USA,1621,1300
21032,Metro Motor Partners,Moore,Brenda,+33 3 38 78 53 93,9728 Spring Rd,Floor 941,Helsingborg,,59291,Sweden,1165,1400
21033,Harris & Ross Group,Harris,Brandon,+44 88 1148 8917,3481 Bay Ct,,Frankfurt,,28127,Germany,1286,6700
21034,Crystal Art Ventures,Cruz,Linda,+49 281 233812,483 Main Loop,,Perth,WA,3036,Australia,1612,20200
21035,Edwards Store,Edwards,Amy,+34 614 921 553,554 Manor Way,,Phoenix,NE,76352,USA,1102,87800
21036,Hill & Watson Trading,Hill,Nicholas,+49 48 718205,4875 Cedar Blvd,,Chicago,SD,71986,USA,1611,175100
21037,Reed Services,Reed,Melissa,+61 8 5298 7744,4016 Manor Dr,,Rome,,15244,Italy,1619,27900
21038,Ramos Center,Ramos,Margaret,+81-7-6160-6137,1268 Meadow Terr,,Eindhoven,,88401,Netherlands,1102,171400
21039,Nguyen & Taylor Corp.,Nguyen,Sharon,(876) 306-6399,1662 Lake Ave,Ste 600,Saitama,,363-7242,Japan,1504,5600
21040,Parker & Moore Enterprises,Parker,Laura,+44 54 7515 8554,8155 Bay Blvd,,Bari,,49870,Italy,1619,6300
21041,Clark Depot,Clark,Thomas,+1 (593) 914-2262,8957 Harbor Ave,,Canberra,NSW,6403,Australia,,107600
21042,Diamond Auto International,Kim,Pamela,+33 1 89 66 29 35,4413 Sycamore Way,# 555,Dortmund,,91727,Germany,1337,282000
21043,Taylor Co.,Taylor,Stephanie,+61 9 9564 7530,7367 Cherry Way,,Nantes,,51766,France,1286,24300
21044,Scott Inc.,Scott,Sharon,+49 729 70282,8537 Ridge Pl,,Kansas City,NH,54247,USA,1323,41300
21045,Rodriguez Gallery,Rodriguez,Dorothy,+61 9 1686 2040,6661 Poplar Way,Rm 239,Fort Worth,IL,79374,USA,1370,54600
21046,Rogers Collectibles,Rogers,Margaret,+1 (823) 995-5554,8857 Ash Loop,,El Paso,WA,16358,USA,1619,1100
21047,Kim Center,Kim,Jacob,+81-81-5428-9628,5516 Hill Pl,Apt 372,Christchurch,,45748,New Zealand,1102,263000
21048,Hill Holdings,Hill,Gary,+1 (343) 873-8081,309 School Terr,,Charlotte,OR,42927,USA,1102,3600
21049,Rivera & Nelson Wholesale,Rivera,Elizabeth,+34 940 570 582,5115 Hill St,Ste 762,Los Angeles,NJ,35062,USA,1216,86500
21050,Heritage Motor Enterprises,Patel,Jason,+81-68-5529-2737,9935 Church Circle,,Kansas City,WI,26926,USA,1501,295700
21051,Campbell Center,Campbell,Samuel,+33 1 59 61 33 85,7874 Harbor Pl,Rm 455,Osaka,,570-7881,Japan,1188,9700
21052,Elite Import Associates,Martin,Nicholas,+1 (630) 356-4859,6789 Ash Pl,,Catania,,50948,Italy,1165,3600
21053,Robinson Center,Robinson,Lisa,+49 859 498652,8883 Hollow St,,Baltimore,MA,45747,USA,,268700
21054,Sanchez Distribution,Sanchez,Joshua,+1 (771) 794-5956,9555 Pine Ln,,London,,XG60 9CL,UK,1323,40500
21055,Rogers Shop,Rogers,Stephen,(384) 317-1456,7848 Manor Ave,Ste 409,Los Angeles,GA,12214,USA,1611,6800
21056,Cooper Models,Cooper,Samuel,+1 (321) 248-8449,8003 Main Way,,Munich,,13480,Germany,1504,41200
21057,Rogers Gallery,Rogers,Alexander,+33 4 53 55 98 67,5373 Glen Pl,,Leeds,England,HW41 1NP,UK,1102,19400
21058,Baker International,Baker,Kevin,+33 9 45 45 43 15,2081 Elm Pl,,Paris,,56855,France,1286,9800
21059,Miller Corp.,Miller,Kathleen,(532) 842-7447,3252 Manor Pl,,Örebro,,16451,Sweden,1625,118700
21060,Richardson Depot,Richardson,Laura,+49 299 442027,4958 Summit Ln,,San Jose,IA,93730,USA,,298500
21061,Hill Ltd.,Hill,Jason,+33 2 55 84 73 56,5232 Birch Dr,,Lyon,,90367,France,1370,172100
21062,Gomez & Price LLC,Gomez,Angela,+33 3 48 21 58 57,6035 Bay Circle,Rm 233,Philadelphia,MI,83296,USA,1143,237500
21063,Classic Import Exports,Clark,Cynthia,(634) 265-8240,4644 Elm Circle,,Winnipeg,BC,D5X 9M8,Canada,1102,100
21064,Premier Parts Trading,Martinez,Stephen,+33 8 67 46 13 26,960 Chestnut Rd,,Almere,,60672,Netherlands,1504,7500
21065,Brown & Diaz Associates,Brown,Jerry,(771) 393-7809,9587 Garden Loop,,Oslo,,85384,Norway,1323,106200
21066,Diamond Parts Industries,Moore,James,+1 (274) 413-8171,2190 Highland Rd,,Chicago,FL,26777,USA,,5500
21067,Ward International,Ward,Laura,+33 6 18 68 48 60,1971 Summit Rd,Apt 217,Nashville,LA,62901,USA,,4300
21068,Young Toys,Young,Deborah,+61 4 3993 8962,5845 Garden Terr,,Phoenix,OR,86618,USA,1612,3800
21069,Global Motor International,Peterson,Kelly,+44 79 9780 4746,4192 Magnolia Way,,Columbus,LA,47820,USA,1504,145700
21070,Patel Associates,Patel,Janet,+61 5 2040 3195,9640 Glen Pl,,Edmonton,NL,G2M 1D4,Canada,1702,186600
21071,Gonzalez & Miller Wholesale,Gonzalez,Jason,+34 724 187 419,980 Washington Loop,,Bari,,16763,Italy,1188,184300
21072,Watson Inc.,Watson,Lisa,+61 8 5934 3111,8992 Glen Ave,# 416,Essen,,20173,Germany,1286,4500
21073,Howard & Young Ltd.,Howard,Jason,+44 75 8073 6492,201 Manor St,Apt 56,Indianapolis,ID,35713,USA,,23400
21074,Gonzalez Trading,Gonzalez,Jack,+61 4 1312 2563,6699 Birch St,Suite 263,Madrid,,62915,Spain,,45700
21075,Pacific Auto International,Moore,Kelly,+1 (297) 879-1759,2886 Cedar Ln,,Colorado Springs,FL,34142,USA,1625,1100
21076,Royal Craft Partners,Thompson,Samuel,+61 8 5641 6460,2594 Valley Loop,,Espoo,,38138,Finland,1165,270600
21077,Central Craft Services,Thompson,James,+34 920 987 940,894 Chestnut Ln,Rm 465,Nice,,32789,France,1216,88300
21078,Phillips International,Phillips,Amanda,+1 (834) 626-7823,6392 River Ln,,Winnipeg,NS,M5V 1J7,Canada,1286,86900
21079,Diamond Import International,Jimenez,Jeffrey,+81-66-3469-5879,9035 School Loop,Unit 208,Ottawa,AB,U9P 2X9,Canada,1165,123400
21080,Watson & Adams Industries,Watson,Catherine,+1 (622) 303-7443,5383 Cherry Loop,,Denver,NE,81896,USA,1619,1500
21081,Lewis Co.,Lewis,Amanda,+33 8 26 58 17 70,3224 Glen Ave,Suite 510,Bordeaux,,95954,France,1612,95500
21082,Alvarez Distribution,Alvarez,Stephen,+81-28-5879-8242,9402 Forest Ave,Suite 293,Leuven,,46057,Belgium,1337,21100
21083,Diamond Parts Enterprises,Nguyen,Rachel,(883) 312-3974,6479 Sycamore Rd,,Leeds,Scotland,XS76 5AG,UK,1611,219000
21084,Brown Depot,Brown,Gregory,(373) 558-1451,1818 Maple Ave,,El Paso,IA,88653,USA,1165,7800
21085,Harris & Robinson Industries,Harris,David,+49 576 843162,6870 Birch Circle,,Aalborg,,72421,Denmark,1165,200
21086,Murphy & Jones Ltd.,Murphy,Sharon,(990) 225-1779,1700 Manor St,,Bray,,21946,Ireland,1625,77900
21087,Phillips Ltd.,Phillips,Jessica,+33 5 74 52 48 80,4038 Harbor Blvd,Rm 789,Rotorua,,15184,New Zealand,1216,1600
21088,Bennett Exports,Bennett,Larry,+34 650 975 818,3366 Poplar Way,Unit 807,Nijmegen,,23066,Netherlands,1702,7900
21089,Williams & Hill Imports,Williams,Donna,+49 354 153358,1954 Lake Pl,,Toronto,BC,T8X 1K1,Canada,,182000
21090,Mitchell Shop,Mitchell,Angela,(238) 852-9180,1176 Valley Pl,,Baltimore,IL,89324,USA,1286,87900
21091,Martin Associates,Martin,Samuel,+81-87-4039-7365,1351 School Dr,Floor 612,Houston,CA,41125,USA,1143,42600
21092,Atlantic Auto Corp.,Patel,Amy,+49 563 561248,7644 Chestnut Pl,,Adelaide,ACT,2065,Australia,,12800
21093,Mitchell Holdings,Mitchell,Patricia,+33 6 56 74 47 28,7397 Market Circle,,Drogheda,,66713,Ireland,1625,173400
21094,Campbell Boutique,Campbell,Katherine,+49 143 889579,370 Maple Ave,# 944,Louisville,AL,72444,USA,1188,25100
21095,Hughes Models,Hughes,Tyler,+49 853 806599,6748 Ridge Pl,,Auckland,,93646,New Zealand,1165,1400
21096,James & Moore Solutions,James,Diane,+61 4 9618 4155,9111 Hill Rd,Unit 483,San Jose,ID,32936,USA,1323,6100
21097,Wright Center,Wright,Stephen,+61 5 6221 8258,1668 Park Dr,Suite 846,Turin,,58893,Italy,,1600
21098,Nguyen Associates,Nguyen,Sharon,+1 (274) 224-5916,9811 Glen Pl,Apt 949,Kuopio,,15365,Finland,1165,2900
21099,Taylor Industries,Taylor,Maria,+33 1 59 38 54 73,4716 Lake Pl,Suite 657,Mesa,NE,69524,USA,,299300
21100,Anderson & Gonzalez Solutions,Anderson,Jerry,+1 (526) 539-6294,4106 Valley Loop,,Catania,,68278,Italy,,9100
21101,White Services,White,Kimberly,+1 (597) 539-7887,8901 Creek St,,Sheffield,England,WJ46 3QT,UK,1370,2300
21102,Cruz Models,Cruz,Charles,+1 (343) 566-4603,9178 Pine Rd,,Lucerne,,97016,Switzerland,1611,17800
21103,Urban Sales Imports,Gomez,Nathan,+44 43 3852 4483,5294 Main Pl,Apt 247,Palma,,33638,Spain,1286,58000
21104,Baker & Gomez Ventures,Baker,Kevin,+81-25-9175-7206,7513 Harbor Terr,,Long Beach,MI,51330,USA,1102,24800
21105,Alpha Sales Associates,Richardson,Charles,+1 (486) 220-3290,8812 Lake Pl,,Charlotte,CO,52225,USA,1504,240000
21106,Nguyen & Kim Corp.,Nguyen,Gary,+44 26 6884 4944,1426 Ridge Ct,,Rome,,49588,Italy,1504,9000
21107,Rivera Enterprises,Rivera,Thomas,+61 2 4030 3477,8194 Maple Rd,,Charlotte,PA,30564,USA,1102,33400
21108,Lewis Center,Lewis,Helen,+61 8 2629 7173,34 Cedar Circle,# 596,Leipzig,,18099,Germany,1166,192100
21109,Alpha Sales Inc.,Mitchell,Jack,+61 5 3239 4839,3718 Main Rd,,Saitama,,736-3336,Japan,1143,3900
21110,Nguyen Gallery,Nguyen,Timothy,+61 5 2710 2315,1938 Ash Rd,,Almere,,11684,Netherlands,1612,9700
21111,Stewart Models,Stewart,Raymond,+81-87-2215-1980,1418 Church Ct,,Atlanta,HI,82584,USA,1166,243900
21112,Morris Gifts,Morris,Benjamin,+44 20 3261 7202,7968 Park Pl,,Dallas,GA,36007,USA,1625,212100
21113,National Auto LLC,Martin,Andrew,+44 42 2198 4394,4025 Sycamore Pl,,San Francisco,NJ,54125,USA,1166,277700
21114,Premier Export Distribution,Morris,Thomas,+44 16 2544 2611,9341 Pine Ln,,Fresno,NE,54891,USA,1621,203000
21115,Parker Gifts,Parker,Nancy,+61 7 4614 5078,2368 Walnut Blvd,,Napier,,18337,New Zealand,1401,131400
21116,Ortiz Depot,Ortiz,Dorothy,(222) 514-7664,4566 Sycamore Rd,,Baltimore,HI,31585,USA,1611,295600
21117,Nelson Corp.,Nelson,Jonathan,+44 87 4791 6235,2071 Hollow Way,,Rome,,65273,Italy,1612,35800
21118,Taylor Trading,Taylor,Barbara,+1 (493) 553-9073,3049 Hill Dr,Floor 473,Nantes,,10572,France,1619,87400
21119,Collins Enterprises,Collins,Michael,+44 42 4163 8286,1534 Harbor Ct,,Virginia Beach,ND,27557,USA,1611,142600
21120,Gomez Shop,Gomez,Carolyn,+44 77 7985 4284,6479 Sunset Way,,Palma,,11540,Spain,1102,300
21121,Heritage Sales Corp.,Gray,Patrick,+34 945 690 490,3335 Forest Dr,,Nice,,81190,France,1102,231000
21122,Brooks Enterprises,Brooks,Jack,+44 14 7069 7869,4149 Hickory Rd,,El Paso,SD,98759,USA,1216,136700
21123,Reed & Mitchell LLC,Reed,Elizabeth,+34 776 905 643,1775 School Rd,,Rome,,20150,Italy,1619,8900
21124,Rodriguez Trading,Rodriguez,Samantha,+61 5 9559 2688,6647 Garden Pl,# 219,San Francisco,CA,55687,USA,1216,6500
21125,Brooks Co.,Brooks,Helen,+34 881 368 136,6250 Harbor Ct,Rm 836,Lugano,,51649,Switzerland,1143,9300
21126,Ortiz & Morris Co.,Ortiz,Nicole,+81-17-2395-8700,8454 Garden Way,,Marseille,,57947,France,1625,24200
21127,Stewart International,Stewart,William,(802) 556-7913,3398 Station Dr,# 553,Groningen,,80295,Netherlands,1286,31800
21128,Foster & Torres Group,Foster,Emma,(897) 538-9837,7670 Birch Ln,,Lyon,,22355,France,1625,4600
21129,Sanchez Corp.,Sanchez,Heather,+81-58-4636-5178,2582 Glen Blvd,,Málaga,,36805,Spain,1286,21200
21130,Hill Models,Hill,Melissa,+34 664 839 962,7654 Sunset St,,Oslo,,81351,Norway,1102,21600
21131,Stewart Store,Stewart,Diane,+34 934 616 499,8213 Harbor Blvd,# 751,Geneva,,25842,Switzerland,1188,7800
21132,Elite Parts Trading,Alvarez,Charles,+81-18-8778-2774,7695 Washington Terr,,Quebec City,AB,Y0M 7Y7,Canada,1323,210400
21133,Cox Depot,Cox,Jennifer,+61 4 3645 5612,4359 Oak St,,Utrecht,,47692,Netherlands,,179400
21134,White & Lopez Holdings,White,Frank,+49 519 714393,218 Glen St,,Indianapolis,KS,91758,USA,1216,500
21135,Jones LLC,Jones,Kevin,+33 5 69 53 86 68,504 Cherry St,Unit 574,San Jose,NE,11168,USA,1702,18100
21136,Kim & Wilson Trading,Kim,Elizabeth,+44 13 4402 2501,6347 Harbor Circle,,Leeds,England,IM32 9NU,UK,,131700
21137,Diamond Craft International,Jackson,Eric,+44 13 9947 7408,2106 Harbor St,Suite 706,Colorado Springs,HI,75281,USA,1611,900
21138,Urban Parts Corp.,Foster,Brenda,+33 4 50 63 93 37,3325 Cedar Circle,,Hamburg,,62513,Germany,1337,7100
21139,Ramos Wholesale,Ramos,Robert,+1 (517) 744-1734,1081 Magnolia Ct,,Catania,,40775,Italy,1166,6400
21140,Long & Richardson LLC,Long,Scott,+33 7 60 31 78 92,3615 Hollow Way,,Perth,NSW,5300,Australia,1102,251200
21141,Sunrise Sales Imports,Ross,Brian,+33 4 11 88 65 73,1207 Elm St,,Groningen,,38873,Netherlands,,6000
21142,Bennett Center,Bennett,Sarah,+81-64-2610-9340,472 Washington Way,,Portland,WA,56658,USA,1401,45900
21143,Global Trade Partners,Parker,Donald,+81-59-9433-9435,6579 Spring Terr,Floor 443,Christchurch,,70278,New Zealand,1102,81400
21144,Perez & Peterson Ventures,Perez,Michelle,+34 845 576 255,5210 Sycamore Pl,Unit 350,Hamilton,NL,A7K 9V3,Canada,1370,21700
21145,Patel International,Patel,Melissa,+81-45-8910-4087,2045 Hollow Ave,,Phoenix,VA,48129,USA,1504,279400
21146,Morgan Models,Morgan,Elizabeth,+49 306 633237,919 Station St,Ste 189,Adelaide,NT,1645,Australia,1612,106100
21147,Watson & Chavez Inc.,Watson,Michael,+44 54 1216 2045,296 Park Ave,,Bilbao,,35713,Spain,1611,3900
21148,Elite Motor Group,Kim,Samuel,+81-24-1685-1223,3455 Park Circle,,Fort Worth,NE,89262,USA,1621,8900
21149,Price Toys,Price,Katherine,+1 (914) 534-9107,3920 Birch Loop,,Atlanta,NH,57642,USA,1702,63100
21150,Jimenez Gallery,Jimenez,Gregory,+49 368 769749,3413 Station Circle,Unit 225,Louisville,OH,74611,USA,1143,230500
21151,Heritage Parts Trading,Sanchez,Angela,+61 5 3527 1480,3537 Creek Way,,Glasgow,Wales,UR55 3NP,UK,1702,102500
21152,Wood Center,Wood,Jerry,+61 2 6917 1522,5834 Oak Loop,,Liverpool,Wales,HX56 6RB,UK,1504,5300
21153,Thompson & Reed LLC,Thompson,Kimberly,(631) 341-6489,79 Valley Pl,,Quebec City,AB,S2V 5J5,Canada,1501,3500
21154,Williams & Bailey Co.,Williams,Carol,+33 4 72 89 52 34,2282 Glen Terr,# 704,El Paso,IA,18484,USA,1143,61200
21155,Perez Boutique,Perez,Kimberly,+44 96 6635 2818,9034 Creek Circle,,Albuquerque,KY,29528,USA,1612,102900
21156,Crystal Auto Ventures,Hernandez,Carol,+49 382 879056,3804 Church Ave,# 924,Milan,,86624,Italy,1323,154700
21157,Cooper Services,Cooper,Nancy,+44 22 6201 8792,4099 Garden Ave,,Toulouse,,67968,France,1323,175000
21158,Thompson Collectibles,Thompson,Richard,+1 (634) 784-4834,8375 Hollow Way,Ste 637,Essen,,25535,Germany,1143,64500
21159,Myers Collectibles,Myers,Sharon,+44 97 7861 8220,9670 Poplar Blvd,,Chicago,VA,53244,USA,1188,24000
21160,Bailey Trading,Bailey,Shirley,+33 7 48 56 15 96,4781 Hill St,Ste 836,Hamburg,,96189,Germany,1166,188300
21161,Cruz Store,Cruz,Melissa,+49 228 948790,5427 Harbor Terr,Unit 644,Virginia Beach,CA,24444,USA,1143,79900
21162,Hernandez Group,Hernandez,Diane,+34 909 229 499,6685 Hill Circle,,Kitchener,NB,S1Y 1L0,Canada,1702,42400
21163,Diaz & Mendoza Ventures,Diaz,Victoria,+33 7 82 19 51 66,8015 Highland Terr,Suite 608,Houston,WA,75984,USA,1188,41100
21164,Edwards Collectibles,Edwards,Debra,+1 (460) 480-6206,9747 Ash Loop,Rm 202,Nice,,55384,France,1143,17100
21165,Ward Enterprises,Ward,Brenda,+81-9-4895-1778,906 River Terr,Floor 464,Sapporo,,753-6672,Japan,1216,211200
21166,Watson Distribution,Watson,Kenneth,+1 (968) 521-2640,3991 Magnolia Circle,Apt 74,Vancouver,AB,P8T 1B1,Canada,1216,2800
21167,James & Campbell Solutions,James,Jonathan,+81-31-7804-1148,1259 Garden Pl,Rm 653,Mesa,WV,35819,USA,1188,145400
21168,Carter Imports,Carter,Jack,+61 4 2323 5210,7965 Creek Ct,Suite 24,Saitama,,823-6017,Japan,1612,1000
21169,Global Craft Ventures,Bailey,Paul,(837) 471-5979,106 Willow Ln,Suite 904,Jacksonville,IN,70132,USA,1323,97300
21170,Anderson & Collins Services,Anderson,Joyce,+81-21-7973-4940,7310 Park Loop,,Cologne,,67565,Germany,1504,274400
21171,Horizon Parts Imports,Mitchell,Patricia,+33 5 95 58 18 48,4694 Maple Blvd,,Long Beach,ND,72629,USA,1286,25300
21172,Anderson Imports,Anderson,Debra,+61 4 5841 9378,4886 Spring Circle,,Marseille,,99679,France,1188,181100
21173,Allen Boutique,Allen,Patricia,+33 1 13 45 79 38,8365 Birch St,Ste 573,Atlanta,MO,87746,USA,1401,6000
21174,White & Jimenez Ventures,White,Pamela,+49 81 405439,6281 School Terr,Suite 45,Austin,NM,17556,USA,1619,33200
21175,Morris Wholesale,Morris,Kimberly,+34 771 793 558,7313 Chestnut Way,,Philadelphia,OH,24970,USA,1501,93900
21176,Ward Center,Ward,Justin,+61 3 9757 2671,8951 Ridge Ln,,Bristol,Scotland,ED63 2DI,UK,,57700
21177,Gonzalez Gifts,Gonzalez,Ashley,+44 64 2693 7857,7553 Station Ln,,Naples,,88168,Italy,1504,6100
21178,Ortiz Partners,Ortiz,Margaret,+34 639 536 605,1865 Forest Circle,,Munich,,16207,Germany,1323,37800
21179,Walker Exports,Walker,Jessica,+44 87 6853 5847,9865 Cedar Dr,,Edinburgh,Wales,IS5 1JW,UK,1323,30100
21180,Peterson Corp.,Peterson,Emma,+61 3 8175 5461,9892 Hill Blvd,,Frankfurt,,38551,Germany,1143,6000
21181,Allen Shop,Allen,Victoria,+33 5 55 43 22 36,3079 Manor St,Ste 405,Ghent,,33880,Belgium,1619,5500
21182,Foster Center,Foster,Mary,+49 401 934769,756 Chestnut Way,,Nantes,,91495,France,1621,15400
21183,Morris & Nelson Ltd.,Morris,Ryan,+34 698 539 563,1091 Forest Dr,,Bordeaux,,18437,France,1102,6900
21184,Flores & Wood Group,Flores,Nancy,+33 3 40 65 50 49,3761 Cedar Way,,Adelaide,VIC,9605,Australia,1702,114900
21185,Elite Auto Group,Peterson,Maria,+81-87-2067-6510,1489 Park Circle,,Calgary,SK,A9K 7P5,Canada,1337,165500
21186,Cooper Enterprises,Cooper,Helen,+1 (720) 383-7316,2200 Bay Ln,,Stuttgart,,50769,Germany,1702,57100
21187,Wright & Myers Holdings,Wright,Brandon,+81-79-3838-3750,6253 Creek Terr,,Manchester,England,UF31 8MW,UK,1501,2300
21188,Long & Cox Inc.,Long,Anna,+44 48 1036 7202,2078 Summit Circle,,Turin,,50048,Italy,1337,77000
21189,Cox & Walker Industries,Cox,Jonathan,+81-49-5718-3879,6247 Creek Terr,Suite 520,Las Vegas,CT,79050,USA,1216,144400
21190,Wright & Baker Inc.,Wright,Laura,+34 923 986 108,6115 Hickory Rd,,Bristol,Scotland,YR82 9ZT,UK,1216,137400
21191,Gonzalez Shop,Gonzalez,Scott,+61 6 3234 9333,9003 Willow Dr,Rm 607,Indianapolis,NJ,26331,USA,,259500
21192,Parker Store,Parker,Eric,+34 642 182 126,365 Creek Terr,Rm 268,Leicester,Wales,OA53 2OW,UK,,292700
21193,Crystal Import International,Morris,Ronald,+81-65-5792-5272,8277 Creek St,,El Paso,CA,81148,USA,1501,78400
21194,Global Sales International,Parker,Samantha,+33 8 53 49 15 27,6701 Ridge Loop,,Tokyo,,761-6490,Japan,1625,7500
21195,Morgan & Nelson Imports,Morgan,Rachel,+81-25-7166-5929,913 Valley Pl,# 503,Chicago,FL,53311,USA,1401,126100
21196,Myers Depot,Myers,Maria,(222) 988-2301,5294 Cherry Ln,# 861,Dunedin,,35672,New Zealand,1625,32000
21197,Elite Export Imports,Chavez,Emily,+33 7 37 42 48 97,800 Forest Way,Apt 53,Louisville,WI,72239,USA,1216,20300
21198,Martinez & Sanchez Solutions,Martinez,Jonathan,+34 754 386 987,784 Hollow Dr,,Portland,CO,72492,USA,1323,283500
21199,Pacific Craft Ventures,Cruz,Ronald,+61 6 5699 4922,8002 Walnut Rd,,Mechelen,,89358,Belgium,,38500
21200,Allen Solutions,Allen,Ryan,+1 (691) 631-8655,9136 Birch Rd,Rm 154,Dortmund,,65036,Germany,1323,70000
21201,Clark & Davis Ventures,Clark,Jerry,+44 41 5759 5315,6105 Manor Ln,,London,England,SI95 1ZN,UK,1323,83400
21202,Sanchez & Evans Services,Sanchez,Nancy,(271) 261-5022,4264 Glen St,,Vienna,,14825,Austria,1625,5800
21203,Kim Boutique,Kim,Maria,+49 441 457097,1668 Church Pl,Floor 807,Cork,,81777,Ireland,1143,164000
21204,Sunrise Art Services,Smith,Christine,+44 58 7621 6621,2413 Ash St,,Strasbourg,,81769,France,,10700
21205,Robinson Group,Robinson,Frank,+44 19 5151 1897,3965 Ash Pl,,Manchester,,NJ3 6IP,UK,1323,154800
21206,Ramirez Industries,Ramirez,Ashley,+44 11 4079 6362,2747 Meadow Ct,Unit 848,Bordeaux,,54509,France,1504,5300
21207,Cook Gifts,Cook,Mark,+34 845 409 197,6657 Ridge Rd,,Rotterdam,,80421,Netherlands,1188,9700
21208,Mitchell & Wright Services,Mitchell,Angela,+61 4 2948 9011,5723 Forest Terr,,Las Palmas,,20293,Spain,1501,130700
21209,Martinez & Peterson Partners,Martinez,Gregory,(801) 425-6096,7549 Market Terr,Ste 211,Kansas City,DE,59386,USA,1501,4800
21210,Diamond Parts Industries,Rodriguez,Jonathan,+61 9 4967 1852,2573 Washington Loop,,Raleigh,ID,50862,USA,1625,98600
21211,Lopez Trading,Lopez,Emily,+33 1 18 51 38 14,1374 School Circle,,Yokohama,,301-5087,Japan,1166,4000
21212,Patel Boutique,Patel,Brandon,+44 87 2610 3316,5005 Church Rd,Ste 760,Liverpool,Wales,KO53 7HX,UK,1337,172900
21213,Richardson Inc.,Richardson,David,+44 31 5096 3195,6235 Ash Ave,Rm 910,Marseille,,60127,France,1621,31400
21214,Brooks Boutique,Brooks,David,+44 14 9668 4171,6243 Ash Terr,,Lucerne,,32347,Switzerland,1611,5000
21215,Horizon Motor Corp.,Moore,Sandra,+44 43 4135 8587,7591 Summit Pl,Floor 753,Leeds,England,WG21 3AB,UK,,1400
21216,Chavez Corp.,Chavez,Angela,+44 44 1209 7856,262 Garden St,Suite 178,Lugano,,62354,Switzerland,1621,293200
21217,Baker Holdings,Baker,Nicole,+49 239 46990,9576 Cherry Ln,,Philadelphia,SD,75886,USA,1143,35100
21218,Ortiz Shop,Ortiz,Gary,+1 (626) 862-3096,1214 Forest Way,,Virginia Beach,SC,41149,USA,1702,33700
21219,Scott Center,Scott,Mary,+49 907 556366,253 Forest Pl,Unit 125,Milwaukee,CO,85683,USA,1504,74600
21220,Alvarez Industries,Alvarez,Emma,+33 6 21 62 70 37,5926 Highland Rd,,Lille,,16262,France,1611,248600
21221,Heritage Craft Partners,Bailey,Julie,+44 58 9762 4040,5436 Garden Loop,,Bari,,64246,Italy,1702,1600
21222,National Auto Services,Young,Karen,+34 809 754 607,6998 Poplar Loop,Rm 433,Mechelen,,54937,Belgium,1401,116400
21223,Central Export International,Scott,Janet,+61 4 9240 9004,3288 Elm Ct,Unit 701,Charlotte,MN,93385,USA,1216,29300
21224,Mendoza & Diaz Imports,Mendoza,Deborah,+49 372 244901,1931 Ash Terr,,San Diego,WV,95447,USA,1216,203700
21225,Ward Store,Ward,Joseph,+61 4 1999 2806,131 Cedar Terr,,Düsseldorf,,41140,Germany,1337,199100
21226,Elite Motor Wholesale,Thompson,Karen,+81-73-1799-9518,5003 Hickory Blvd,,Long Beach,WV,38176,USA,1621,4400
21227,Clark & Hill Distribution,Clark,Diane,+34 653 454 434,3966 Station Pl,,El Paso,IA,67492,USA,1216,173100
21228,Diamond Motor Exports,Morales,Sharon,(813) 907-3509,6474 Bay Terr,,El Paso,WV,37028,USA,1612,12000
21229,Patel Group,Patel,George,+34 832 448 995,3564 Magnolia Dr,,Klagenfurt,,52071,Austria,1286,23300
21230,Gomez Depot,Gomez,Melissa,+61 3 2639 9271,9195 Ash St,,Memphis,AL,68433,USA,1143,65300
21231,Flores & Baker Enterprises,Flores,Diane,+49 480 476554,8477 School Circle,,Winnipeg,MB,W8F 8Y3,Canada,1370,139800
21232,National Sales Solutions,Ward,Patrick,+44 29 1043 5352,7713 Walnut Ave,Floor 820,Villach,,80391,Austria,1621,12200
21233,Hall & Campbell Holdings,Hall,Joseph,+49 503 486949,783 Park Ave,,Hamburg,,16678,Germany,1702,76300
21234,Moore & Rivera Associates,Moore,Kathleen,+34 758 197 502,6575 Meadow Ave,Unit 664,Essen,,54140,Germany,1501,25000
21235,Silver Supply Distribution,Morgan,Charles,(869) 618-7593,9795 Bay Ct,,Colorado Springs,MN,73698,USA,1102,7900
21236,Perez & Ramirez Trading,Perez,Edward,+34 924 833 198,7619 Washington Rd,,Nice,,12391,France,1216,18400
21237,Golden Art International,Bailey,Jessica,+81-7-3009-8560,8181 Harbor Ln,,Bray,,38410,Ireland,1102,6100
21238,Ross Imports,Ross,Jennifer,+44 78 6121 6141,9415 Maple Ct,,Kobe,,571-5418,Japan,1612,38100
21239,Howard Store,Howard,Jerry,+61 7 9637 7676,3244 Creek Ct,,Toulouse,,56260,France,1102,300
21240,Hall Enterprises,Hall,Sandra,+33 6 71 82 62 66,8070 Bay Terr,Floor 872,Birmingham,Wales,GB78 8JF,UK,1621,48000
21241,Bennett LLC,Bennett,Kelly,+81-6-9415-3852,7160 Station Pl,,Lausanne,,57737,Switzerland,,92800
21242,Price Corp.,Price,Dorothy,+44 36 3723 2237,7032 Chestnut Ave,Apt 689,Mechelen,,61162,Belgium,1216,6600
21243,Chavez & Nelson Ventures,Chavez,Diane,+81-50-4518-3963,7398 Meadow Circle,,Tilburg,,51742,Netherlands,1323,8200
21244,Atlantic Parts Partners,Morgan,Frank,(906) 807-4545,300 School Blvd,Ste 846,Lausanne,,77005,Switzerland,1370,40000
21245,King Toys,King,David,+1 (299) 313-4024,8557 Valley Dr,Unit 999,Phoenix,KY,96753,USA,1370,75100
21246,Nguyen Store,Nguyen,Ronald,+33 8 58 28 87 57,7917 Creek Ave,,Atlanta,AL,65284,USA,1102,14700
21247,Jackson Trading,Jackson,Amy,+44 60 5872 6382,6389 Sycamore Dr,Rm 688,Edinburgh,,RB85 5DQ,UK,1621,2600
21248,Alvarez & Cox Inc.,Alvarez,Michelle,+34 930 115 334,544 Sycamore Loop,,Nice,,84596,France,1286,294200
21249,Peterson Associates,Peterson,Jessica,+33 2 86 41 91 60,7576 Summit Blvd,Unit 945,Birmingham,Scotland,MR19 7OA,UK,1619,23600
21250,Kelly Distribution,Kelly,Jason,+49 226 725593,3261 Station Pl,Ste 848,Quebec City,SK,J8A 2W3,Canada,1625,43100
21251,Urban Import Holdings,Flores,Kathleen,(354) 756-5006,2670 Elm Rd,Rm 784,Washington,DE,13407,USA,1166,237400
21252,Alpha Export Co.,Lewis,Mary,+34 629 686 410,7962 Oak Dr,Floor 513,Dortmund,,20675,Germany,1143,199500
21253,National Parts Imports,Robinson,Julie,+81-10-1153-7353,9132 Glen Way,,Nice,,25113,France,1216,257200
21254,Robinson Exports,Robinson,Christine,+81-60-6461-9189,3700 Spring Rd,,Madrid,,39838,Spain,1702,30800
21255,Sunrise Parts Co.,Garcia,Kelly,+61 6 8820 7775,7455 Hickory Terr,,Bristol,,AK38 3PB,UK,1625,236400
21256,Silver Import International,Campbell,Laura,+33 5 74 53 44 97,7470 Hill Blvd,,Bordeaux,,84091,France,1102,293500
21257,Patel Collectibles,Patel,Brian,+81-11-4579-9509,9789 Spring Circle,,Tilburg,,87349,Netherlands,1165,132600
21258,Sunrise Auto Enterprises,Cruz,Ryan,+1 (648) 977-4905,7276 Pine Circle,,Sheffield,Scotland,MH64 8SF,UK,,1200
21259,National Motor Solutions,Perez,Katherine,+49 316 407499,3534 Ash Terr,,San Francisco,AR,28756,USA,1102,277200
21260,Price & Mendoza Inc.,Price,Dorothy,+81-44-3303-6005,2139 Sunset Ln,,Nantes,,95769,France,1143,78600
21261,Classic Craft Exports,Allen,Dorothy,+1 (462) 370-6932,1748 Park Terr,,Málaga,,42166,Spain,1323,198600
21262,Golden Auto Exports,Taylor,Kenneth,+34 617 195 736,9669 Lake Blvd,Suite 940,Sheffield,,RM4 3BH,UK,,32400
21263,Reed Toys,Reed,Jacob,+49 611 389891,3326 Pine Rd,,Lugano,,75151,Switzerland,1621,250000
21264,Diaz Solutions,Diaz,Joseph,+1 (383) 739-8989,8300 Main Ct,Unit 81,Jacksonville,OH,82968,USA,1286,6800
21265,Silver Sales Ltd.,Campbell,Gary,+49 445 445214,2253 Pine St,,Bordeaux,,75311,France,1165,36000
21266,Kelly Gallery,Kelly,Debra,+61 6 9894 4090,908 Birch Pl,,Houston,IA,62198,USA,1188,24900
21267,Gomez Services,Gomez,Margaret,(474) 959-9708,7298 Hickory Blvd,Floor 498,Philadelphia,KY,53984,USA,1323,7000
21268,Parker Center,Parker,Larry,+44 16 2952 3535,2167 Oak Terr,Suite 586,Wels,,97727,Austria,1501,86200
21269,Wright & Long Exports,Wright,Adam,+33 8 20 46 86 31,5288 Park Ave,,Edinburgh,Scotland,SD44 9UL,UK,,4500
21270,Capital Export Solutions,White,Donna,+34 972 560 341,3896 Pine Blvd,Ste 976,Manchester,,EL77 2QR,UK,1619,96100
21271,Flores & Watson International,Flores,Samantha,+81-49-8807-2807,8502 Walnut Blvd,,Nijmegen,,70612,Netherlands,1323,2000
21272,Kelly Solutions,Kelly,Brandon,+81-9-1500-1816,4864 Lake Rd,,Long Beach,TN,12459,USA,1501,222400
21273,Perez Shop,Perez,Andrew,+49 975 880511,6760 Hickory Dr,Rm 87,Vancouver,BC,M4W 2B3,Canada,1611,300
21274,Long Toys,Long,Joseph,+61 8 1208 1188,1079 Meadow Ct,,Bologna,,50729,Italy,1611,111000
21275,Wright Gallery,Wright,Jack,+81-64-8809-2350,3971 Church Terr,,Atlanta,OH,93541,USA,,33800
21276,Sanders & Phillips International,Sanders,Cynthia,+81-41-8426-7661,9221 Oak Terr,# 57,Fort Worth,GA,89313,USA,1143,11200
21277,Urban Auto Trading,Adams,Alexander,+1 (952) 643-8256,8073 Hickory Blvd,,San Francisco,DE,62501,USA,,53500
21278,Kelly Center,Kelly,Debra,+33 6 68 35 41 75,9666 Spring Loop,Ste 481,Oklahoma City,IN,98063,USA,1165,10800
21279,Gray & Miller Group,Gray,Victoria,+49 52 674315,1663 Spring Blvd,Floor 956,Villach,,50661,Austria,1501,38600
21280,Martinez Collectibles,Martinez,Michelle,+34 627 923 701,465 Walnut Loop,Unit 333,Dallas,MA,22561,USA,,27600
21281,Flores Ltd.,Flores,Ronald,+33 6 12 54 38 98,584 Walnut Pl,Suite 865,Manchester,Wales,LC17 6HQ,UK,1286,242500
21282,Silver Export Co.,Murphy,Frank,+44 46 7710 5030,3779 Spring Pl,,Leuven,,66654,Belgium,1102,7800
21283,Crystal Parts International,James,Jonathan,+81-67-6873-7881,1199 Church St,Suite 322,New York,NJ,67123,USA,1504,182400
21284,Garcia Co.,Garcia,Nicholas,(750) 808-4393,1574 Cedar Loop,Apt 498,Denver,WI,64735,USA,1102,45800
21285,Evans Depot,Evans,Joseph,+1 (876) 805-7255,6889 Hickory St,,Yokohama,,640-6787,Japan,1323,32300
21286,Morris & Alvarez Exports,Morris,Mary,+49 488 171834,9077 Park Circle,,New York,WA,93665,USA,1611,24100
21287,Jimenez Distribution,Jimenez,Carolyn,+61 3 5182 6679,8527 Hickory Terr,,Memphis,RI,68123,USA,,161900
21288,Jones Shop,Jones,Larry,(286) 635-5986,6105 Pine Pl,Floor 915,Düsseldorf,,68909,Germany,1323,18400
21289,Long Wholesale,Long,Ashley,+61 8 6427 4504,2402 Oak Loop,Unit 542,Milwaukee,IN,87145,USA,1216,29100
21290,Ruiz Models,Ruiz,Amy,+44 58 5752 6521,2519 Main Ave,# 59,Manchester,,DL37 9PV,UK,1286,6600
21291,Peterson & Reed Exports,Peterson,Emma,+81-30-1216-4312,8527 Cherry Ct,Floor 100,Montpellier,,41051,France,1621,7700
21292,Nguyen & Green Group,Nguyen,David,+49 453 801250,9309 Sycamore Circle,,Leicester,Scotland,AP89 5DO,UK,1337,165000
21293,Martin Boutique,Martin,Carol,+61 8 8669 8399,2088 Valley St,Unit 40,Sydney,NSW,3718,Australia,1625,4900
21294,Gutierrez & Foster Wholesale,Gutierrez,Susan,(384) 422-3082,1138 Ridge Way,,Auckland,,54146,New Zealand,1401,242100
21295,Elite Export Partners,Hernandez,Rebecca,+81-27-2155-5002,4253 Magnolia Blvd,Ste 857,Edinburgh,Wales,JJ20 1EF,UK,1702,1200
21296,Morgan Corp.,Morgan,Joseph,+33 7 10 59 20 13,1996 Meadow Ave,,Louisville,SD,86960,USA,1216,4700
21297,Howard & Sanders International,Howard,Jose,+81-74-4463-5742,9819 Hill Rd,,Tilburg,,96216,Netherlands,1143,500
21298,Bailey Trading,Bailey,Joseph,+1 (517) 519-8379,2566 Church Circle,Rm 602,El Paso,CO,40337,USA,1102,268900
21299,James Depot,James,Emily,+44 69 6375 8739,4304 Market Way,Floor 129,Los Angeles,IL,23705,USA,1504,183400
21300,Watson Collectibles,Watson,Helen,+81-41-2160-1070,4734 Elm Blvd,,Glasgow,Scotland,TD91 4MX,UK,1625,8400
21301,Chavez Associates,Chavez,Rachel,+81-85-6444-5838,1436 Maple Ave,Ste 618,Düsseldorf,,41645,Germany,1337,89600
21302,Heritage Import Imports,Cruz,Kimberly,+33 7 23 13 16 68,8336 Meadow Pl,Suite 920,Edinburgh,,YU82 9SI,UK,1621,12900
21303,Alpha Parts Enterprises,Kelly,Joshua,(652) 309-7932,8648 Washington Ave,,Rome,,68215,Italy,1625,52400
21304,Central Import Imports,Rivera,Elizabeth,+81-46-7128-3650,8504 Bay Circle,,Charlotte,IA,97239,USA,1188,29200
21305,Long Trading,Long,James,(957) 828-8825,6623 Market Dr,,Logan City,QLD,7303,Australia,1611,95400
21306,Heritage Export Corp.,Martin,Frank,+33 3 71 94 59 80,5718 Willow Way,,Lausanne,,83420,Switzerland,1370,149100
21307,Thomas Center,Thomas,Diane,(689) 434-6233,97 Station Ln,,Paris,,66416,France,1370,1300
21308,Ramos & Mitchell Industries,Ramos,Julie,+1 (304) 503-6368,9709 Poplar Loop,,Strasbourg,,37345,France,1323,45000
21309,Gonzalez Shop,Gonzalez,Victoria,+1 (537) 224-3844,5933 Church Blvd,,Pori,,29780,Finland,1337,500
21310,Davis International,Davis,Catherine,+49 819 793270,9592 Glen Dr,,Strasbourg,,19229,France,1611,5100
21311,Rogers & Wood Enterprises,Rogers,Brenda,+81-64-3094-4221,6152 Sycamore Terr,# 704,Frankfurt,,97295,Germany,1612,229400
21312,Watson & Watson Services,Watson,Cynthia,+44 28 1343 7728,6865 Pine Terr,Suite 791,Groningen,,51551,Netherlands,1188,193100
21313,Watson & Brown Corp.,Watson,Samantha,+33 6 90 88 85 18,7150 Hickory Dr,,Indianapolis,WI,25252,USA,1337,4600
21314,Robinson & Baker Corp.,Robinson,Janet,+34 898 366 719,6592 Glen Ave,Ste 247,Las Palmas,,29553,Spain,1625,21900
21315,Urban Sales Wholesale,Ross,Rebecca,(276) 516-4646,7033 Poplar Way,,San Francisco,WV,92548,USA,1188,153700
21316,Silver Art LLC,Nelson,Victoria,+1 (375) 564-2605,7889 Willow Ct,,Murcia,,31875,Spain,1612,293100
21317,Thompson Shop,Thompson,Edward,+44 90 6234 6647,5309 Cherry Rd,Rm 7,Nagoya,,249-4117,Japan,1611,92100
21318,Kelly & Cox Associates,Kelly,Diane,+44 43 8396 5414,5674 Pine Terr,,Roskilde,,51398,Denmark,1612,208700
21319,Ortiz Toys,Ortiz,Alexander,+49 777 901459,7587 Creek Ave,Unit 971,Jyväskylä,,95581,Finland,1166,41900
21320,Hughes & Kelly Group,Hughes,Angela,+1 (683) 899-9547,7641 Highland Blvd,,Wollongong,QLD,9376,Australia,1501,73000
21321,Elite Motor Inc.,Cooper,Emily,+49 879 716129,7360 Oak Pl,Ste 482,Berlin,,18395,Germany,1143,16400
21322,Rodriguez & Richardson International,Rodriguez,Michelle,+49 735 573888,301 Station Ave,Suite 634,Philadelphia,UT,12553,USA,1621,7100
21323,Johnson Toys,Johnson,Rebecca,+33 5 97 28 91 45,8667 Highland St,,Oklahoma City,AZ,30124,USA,1188,21100
21324,Brown Services,Brown,Brenda,+61 6 5140 2053,5007 Main Dr,Suite 261,Calgary,QC,P6W 6U7,Canada,,3900
21325,Capital Auto Co.,Nguyen,Andrew,+44 77 1058 3123,4905 Hill Terr,,San Antonio,NY,63374,USA,1286,248100
21326,Turner Enterprises,Turner,Alexander,+1 (532) 715-9982,6103 River Loop,Apt 137,Austin,VA,53439,USA,1188,80400
21327,Horizon Import Group,Alvarez,Rachel,+44 52 6232 9299,5966 Maple Ave,Unit 795,Uppsala,,88094,Sweden,1612,28500
21328,Hernandez Gallery,Hernandez,Mark,+1 (923) 977-8715,326 Meadow Ln,,Berlin,,41189,Germany,1165,12700
21329,Classic Supply Ventures,Mitchell,Mark,+34 853 713 721,5778 Sycamore Way,,Auckland,,52727,New Zealand,,37200
21330,Sunrise Import Corp.,Ross,Donna,+61 9 1638 2786,1706 Elm Way,Ste 914,Nice,,52616,France,1702,48600
21331,Kim Collectibles,Kim,Eric,+44 96 9316 9457,7513 Creek Circle,,Sacramento,IL,45690,USA,1504,112200
21332,Anderson & Sanders Holdings,Anderson,Jack,+34 983 653 631,797 Highland Dr,,Leeds,Scotland,OD82 6WM,UK,1612,246400
21333,Metro Art Imports,Cooper,Susan,+49 660 620682,9314 Main Circle,Apt 509,Toulouse,,16704,France,,115300
21334,Classic Sales Co.,Chavez,Debra,+44 60 6625 5666,6603 Chestnut Blvd,,Amsterdam,,69231,Netherlands,1611,235200
21335,Metro Supply Holdings,Sanders,Aaron,+81-49-9294-6148,5397 Sycamore Loop,Rm 621,Wollongong,WA,9449,Australia,1370,7600
21336,Flores & Flores LLC,Flores,Shirley,+34 798 196 802,7256 Washington Circle,,Cologne,,17443,Germany,1611,36300
21337,Martin & Sanchez Wholesale,Martin,Christopher,+44 81 6456 1708,6698 Chestnut Terr,,New York,KS,34784,USA,1619,289500
21338,Collins & Green International,Collins,Christopher,+1 (392) 343-3096,7381 Hill Rd,,Palermo,,91666,Italy,1216,4800
21339,Silver Supply Imports,Rivera,Alexander,+33 7 49 43 56 82,603 Maple Way,Unit 76,Vienna,,29503,Austria,1216,12800
21340,Lopez & Morris Inc.,Lopez,Scott,+44 30 9864 4880,7170 Manor Ave,,Groningen,,13888,Netherlands,1611,79600
21341,Silver Supply International,Allen,James,+49 975 842134,8188 Walnut Ct,,London,Scotland,NG91 6NA,UK,1188,6500
21342,Evans Inc.,Evans,Joyce,+44 65 1284 4010,9267 Garden Loop,,Cologne,,62469,Germany,,1800
21343,Foster Services,Foster,Ryan,+33 5 49 88 14 68,5584 Washington Blvd,Apt 599,Canberra,NSW,2099,Australia,1370,4800
21344,Mendoza & Long Solutions,Mendoza,Matthew,+44 33 7846 1690,5525 Highland St,,Birmingham,Scotland,SM84 3DA,UK,1702,185000
21345,White Collectibles,White,Kimberly,+44 81 3380 2018,8045 Poplar Pl,,Virginia Beach,OK,52487,USA,1337,800
21346,Turner Trading,Turner,Lisa,+49 532 438187,9497 Church Blvd,,Portland,MS,75964,USA,1102,132200
21347,Golden Motor Associates,Watson,Frank,+49 44 472966,7632 Meadow Ct,,Montpellier,,82104,France,1102,221800
21348,Parker Corp.,Parker,Michael,+1 (813) 339-9399,8942 Bay Blvd,,Singapore,,260592,Singapore,1621,256100
21349,Brown International,Brown,Jeffrey,+81-72-9442-1173,8454 Creek St,# 735,Fresno,CA,94603,USA,1621,103300
21350,Mitchell Corp.,Mitchell,Pamela,+33 6 96 97 44 20,2019 Spring Rd,# 370,Essen,,35022,Germany,1625,110400
21351,Cruz Co.,Cruz,Eric,+1 (691) 678-2695,6560 Walnut Ave,,Essen,,99804,Germany,1619,92000
21352,Mitchell Center,Mitchell,Justin,+1 (784) 200-1839,6755 Elm Circle,Suite 94,San Jose,TN,48492,USA,1612,14200
21353,Classic Art Exports,Martin,Michael,+34 786 739 909,2878 Maple Ave,# 177,Charlotte,VA,99479,USA,1504,119300
21354,Alpha Export Trading,Diaz,Scott,+1 (488) 285-7626,6285 Ash Loop,# 170,Austin,MN,29837,USA,1216,94100
21355,Walker Center,Walker,Matthew,+81-71-2887-7172,6480 Sycamore Circle,,Palma,,65541,Spain,1621,265000
21356,Heritage Sales Ventures,Garcia,Raymond,+1 (416) 545-9246,4507 Summit Terr,,Kyoto,,621-2291,Japan,1337,85500
21357,Kelly Gifts,Kelly,Helen,(299) 319-2483,5200 Hill Ct,,Las Vegas,WI,41914,USA,1612,300
21358,Evans Depot,Evans,Steven,+34 970 811 303,1930 Cherry Circle,Rm 675,Bristol,Scotland,FC32 6SN,UK,1611,44100
21359,Elite Supply Ventures,Turner,Kelly,+49 589 876369,2200 Main Ln,,Sandnes,,96861,Norway,1166,5700
21360,Horizon Sales Ventures,Rodriguez,Charles,+34 653 593 838,6334 Main Rd,Apt 958,Sapporo,,557-5997,Japan,1501,129400
21361,White Boutique,White,Ryan,+81-82-9248-9494,2361 Ash Blvd,,Frankfurt,,55106,Germany,1611,102500
21362,Sunrise Sales Ltd.,Rogers,Kevin,+81-3-6378-8126,2232 Chestnut Loop,,New York,DE,90003,USA,1166,36500
21363,Gutierrez Co.,Gutierrez,Ashley,+61 8 2946 2145,4827 Birch Terr,# 808,Seattle,ND,47531,USA,,21100
21364,Reyes Services,Reyes,Linda,+44 27 8364 5907,5179 Highland Ave,,Indianapolis,ND,13965,USA,1216,176400
21365,Brooks & Torres Trading,Brooks,Edward,+1 (703) 757-4047,3082 Pine Ave,Suite 215,Nantes,,64836,France,1501,4900
21366,Heritage Import Partners,Hall,Kenneth,+44 54 3285 2245,1310 Willow St,Rm 565,Baltimore,MA,48856,USA,,4600
21367,Diamond Art Ventures,Ward,Joshua,+49 489 936341,8796 Cherry Blvd,,Frankfurt,,33016,Germany,1102,9900
21368,Bailey Models,Bailey,Anna,+81-69-8151-5800,2611 Oak Dr,,Valencia,,37473,Spain,1165,104200
21369,Royal Export Corp.,James,Rachel,+34 829 674 331,3985 Hill St,,Düsseldorf,,13808,Germany,1625,6600
21370,Silver Export Solutions,Brooks,Paul,+1 (257) 460-6416,2115 Hollow Ct,,Baltimore,ID,35280,USA,1188,38200
21371,Myers & Perez Distribution,Myers,Mark,+44 53 6606 6533,2675 Meadow St,,Milwaukee,AK,50917,USA,1286,126300
21372,Wood Trading,Wood,Ryan,+81-84-5677-7549,8806 Pine Ln,,Portland,NM,83127,USA,1702,134100
21373,Heritage Sales Services,Hill,Mary,+44 47 9918 6411,3071 Spring Terr,,Cologne,,37161,Germany,1323,124400
21374,Golden Art Holdings,Gray,Donald,+1 (430) 450-9382,9096 Hickory Ln,Suite 132,Edmonton,BC,P4B 7P0,Canada,1102,163700
21375,Crystal Craft Ventures,Young,Mark,+33 4 68 45 35 51,626 Poplar Circle,Suite 375,Mesa,WY,19921,USA,1337,174900
21376,Alpha Import Ventures,Carter,Joshua,+61 7 1416 6613,5791 Walnut Ln,,Colorado Springs,TX,48773,USA,1286,6500
21377,Classic Trade Distribution,Rogers,Kenneth,+1 (664) 884-9676,2147 Station Blvd,,Washington,HI,51018,USA,1611,2500
21378,Watson & Lopez Trading,Watson,Brandon,+1 (880) 338-8759,4840 Harbor Ln,Rm 210,Genoa,,74412,Italy,1611,45300
21379,Metro Motor Ltd.,Harris,Linda,+33 5 92 12 83 42,158 Spring Terr,Rm 447,Zaragoza,,47451,Spain,1143,13500
21380,Green Inc.,Green,Pamela,+49 446 18557,1451 Lake Circle,Apt 333,Tucson,RI,43145,USA,1143,146700
21381,Heritage Supply Exports,Robinson,Janet,+81-14-4041-9086,7085 Spring Ct,,Columbus,RI,99865,USA,1216,14600
21382,Price & Cook Ltd.,Price,Rachel,+44 90 9612 1831,4752 Chestnut Rd,,Dublin,,22093,Ireland,1501,53900
21383,Harris Holdings,Harris,Christopher,+33 6 60 81 99 36,8408 Hill Ave,,Atlanta,PA,14731,USA,1143,279400
21384,Alvarez Exports,Alvarez,Kenneth,+34 748 136 428,9228 Elm Terr,Ste 813,Columbus,VT,81808,USA,1625,19600
21385,Crystal Auto Exports,King,Aaron,+61 4 6867 8524,5652 Cedar Loop,,Kansas City,NM,61228,USA,1166,400
21386,Murphy Ltd.,Murphy,Raymond,+33 1 64 61 69 12,508 Sunset Terr,,Sydney,TAS,8200,Australia,1102,279400
21387,Young & Foster Solutions,Young,Nicole,+1 (227) 793-9117,8080 Washington Loop,,Albuquerque,AR,13837,USA,1702,36200
21388,Brown Boutique,Brown,Margaret,+33 3 41 69 52 86,4675 Poplar Loop,,Mons,,48424,Belgium,1619,32100
21389,Ruiz & Mendoza Associates,Ruiz,Victoria,+33 5 76 31 40 64,1874 Sycamore Way,,Bristol,Wales,LK15 4TY,UK,1401,18200
21390,Morgan LLC,Morgan,Donald,+49 559 461650,7193 Station Pl,Floor 921,San Francisco,NE,43467,USA,1619,9400
21391,Robinson Imports,Robinson,Stephanie,+49 34 547784,7878 Manor St,Unit 526,Austin,OR,67968,USA,1165,20800
21392,Flores & Hughes Partners,Flores,Alexander,+1 (403) 584-2247,8832 Garden Ave,Floor 940,Ghent,,64273,Belgium,1143,124800
21393,Wright Boutique,Wright,Benjamin,+49 977 900548,6525 Cherry Dr,,Singapore,,877538,Singapore,,50000
21394,Golden Sales International,Nguyen,Betty,(294) 815-7777,6722 Creek St,Suite 872,Groningen,,98416,Netherlands,1611,183100
21395,Wright & Ruiz Co.,Wright,Jacob,+1 (794) 532-8388,8690 Highland Pl,,Canberra,WA,7399,Australia,1102,7900
21396,Jones Ltd.,Jones,George,+49 223 923944,3942 Summit Pl,,Indianapolis,WI,12524,USA,1619,106500
21397,Premier Sales Group,Alvarez,Kevin,+34 956 814 462,5396 Harbor Blvd,,Bristol,Wales,JT96 7NS,UK,1625,1300
21398,Alvarez Imports,Alvarez,Catherine,(619) 928-4487,4663 Church Terr,Unit 691,Nashville,NJ,86016,USA,1501,227200
21399,Mendoza LLC,Mendoza,Debra,+49 681 697984,1695 Lake Circle,,New York,NJ,82900,USA,1323,61900
21400,Capital Sales Ltd.,Reed,Heather,+34 965 467 980,3310 Forest Ct,Ste 830,Edmonton,BC,X3L 5E8,Canada,1337,49700
21401,Sunrise Export Co.,Carter,Michelle,(737) 679-1614,9182 Lake Loop,,Genoa,,77849,Italy,1612,5200
21402,Thomas Services,Thomas,Pamela,(796) 716-4950,4172 Garden Loop,,Nashville,MT,43789,USA,1143,40200
21403,Royal Parts Exports,Ramirez,Gary,(847) 350-6580,9168 Walnut Ct,Floor 574,Swords,,48324,Ireland,1216,3300
21404,Long & Phillips Exports,Long,Christopher,+33 9 37 83 92 56,320 Hill Pl,,Leicester,England,TN86 7NX,UK,1370,4100
21405,Johnson & Mendoza Exports,Johnson,James,+1 (740) 846-9390,765 Valley Ct,,Colorado Springs,AK,68591,USA,1619,38500
21406,Long Holdings,Long,Amy,+81-65-5988-9860,4473 Cherry Rd,,Tromsø,,40746,Norway,1370,202100
21407,Diamond Supply Imports,Wright,Gregory,(657) 800-5447,4525 Elm Terr,,Tucson,MT,57244,USA,1401,141900
21408,Long & Davis Group,Long,Thomas,+49 383 190177,3699 Cedar Dr,# 399,Lyon,,62062,France,,1900
21409,Pacific Import Solutions,Long,Cynthia,+34 788 225 228,2403 Hill Rd,,Baltimore,NC,54935,USA,1323,5600
21410,Rivera & Phillips Services,Rivera,Aaron,+81-23-9513-4782,2123 Hill Pl,,Glasgow,Scotland,EP56 4GI,UK,1370,43300
21411,Howard & Wilson LLC,Howard,Dennis,+49 175 696796,872 Main Pl,,Charlotte,VA,71805,USA,1188,11400
21412,Sanchez Distribution,Sanchez,Maria,(330) 568-8976,8739 Summit Ln,,Mechelen,,37596,Belgium,1702,96500
21413,Gray Exports,Gray,Debra,+81-40-7054-6841,6319 Poplar St,,Norrköping,,96340,Sweden,1286,37600
21414,Lee Gallery,Lee,Christine,+81-69-9672-6941,7378 Sunset Circle,,Columbus,VA,29066,USA,1504,2600
21415,Ward Depot,Ward,Ryan,+61 8 6659 6944,6100 Oak Dr,Ste 523,Utrecht,,20525,Netherlands,1621,151800
21416,Wood Collectibles,Wood,Jack,+49 878 605844,4877 Walnut Way,,Montpellier,,39249,France,1504,2700
21417,Royal Sales Corp.,Robinson,James,+81-33-8237-5832,2502 Washington Ln,,Tilburg,,32137,Netherlands,1188,54800
21418,Smith & Bailey Holdings,Smith,Andrew,+34 711 132 154,7135 Station Dr,Suite 526,Denver,NE,57486,USA,1166,135500
21419,Bennett Gifts,Bennett,Timothy,(636) 883-7413,4671 Cherry Ct,Apt 613,Vancouver,SK,N7G 2F3,Canada,1102,195400
21420,Williams Gifts,Williams,Janet,+33 8 75 55 88 56,5072 Bay Ct,,Odense,,64178,Denmark,1611,2800
21421,Gonzalez Gallery,Gonzalez,Amy,+33 5 63 65 83 48,9163 Washington St,Rm 503,Winterthur,,93689,Switzerland,1216,185100
21422,Elite Craft Holdings,Myers,Linda,+49 787 481188,5649 Elm Pl,Ste 819,El Paso,MO,67244,USA,1370,185500
21423,Pacific Art Partners,King,Jose,+44 41 1738 9380,8248 Maple Way,Unit 60,Leipzig,,38091,Germany,1702,43100
21424,Hill & Rivera Industries,Hill,Mark,+61 8 1527 4852,2897 Park Blvd,,Leipzig,,53250,Germany,1401,54500
21425,Carter Collectibles,Carter,Emily,+34 820 852 696,7815 Manor Rd,,Singapore,,322232,Singapore,1165,58100
21426,Walker Boutique,Walker,Dennis,+1 (243) 509-3009,8237 Pine Circle,,Vejle,,63578,Denmark,1286,276800
21427,Phillips Co.,Phillips,Raymond,+34 698 908 631,5172 Main St,Unit 805,Bari,,51129,Italy,1102,28400
21428,Cooper Associates,Cooper,Richard,+33 7 78 66 20 74,6123 Maple Ln,Ste 98,Sheffield,England,TJ78 2GM,UK,1370,50800
21429,Kim & Price Group,Kim,Charles,+44 86 4604 4400,283 Walnut Loop,Floor 86,Kyoto,,832-6990,Japan,1625,17800
21430,King LLC,King,Jerry,+61 8 3531 8355,1197 Birch Ct,,Uppsala,,72652,Sweden,1216,13000
21431,Patel & Castillo LLC,Patel,Tyler,(372) 312-2931,1204 Creek Ln,,Sydney,NT,7071,Australia,1501,17900
21432,Chavez & Gray Ventures,Chavez,Alexander,+34 897 837 238,972 Spring Ln,,Utrecht,,35646,Netherlands,1143,129100
21433,James Inc.,James,Brenda,+1 (495) 567-1505,1766 Sycamore Way,,Dunedin,,93003,New Zealand,1323,182600
21434,Premier Craft Inc.,Phillips,Jessica,+49 69 853518,1235 Ash Ct,,Portland,AZ,80925,USA,1621,106400
21435,Heritage Auto Services,Johnson,Stephanie,+33 9 54 83 93 15,5579 Manor Way,,Florence,,44377,Italy,1401,1400
21436,Collins Shop,Collins,Amanda,+81-80-2402-6658,8744 Harbor Ct,,Fort Worth,UT,92195,USA,1188,224300
21437,Gray Depot,Gray,Emily,+81-13-2981-7393,6348 Lake Terr,,New York,FL,99965,USA,1337,93500
21438,Wright Depot,Wright,Thomas,+49 75 175818,2579 Walnut Loop,,Sheffield,,UB16 7LM,UK,1143,47400
21439,Thompson & Baker Corp.,Thompson,Kimberly,+49 644 419446,8537 Church Loop,,Louisville,AZ,10090,USA,1702,14300
21440,Sanders & Nelson Enterprises,Sanders,George,+1 (537) 827-4767,8439 Summit Ln,,Seville,,25601,Spain,1286,1500
21441,Urban Parts Co.,Howard,Charles,+34 862 327 371,1231 Summit St,,Zaragoza,,93974,Spain,1612,219800
21442,Pacific Motor Co.,Martin,Anna,(714) 311-1253,2413 Highland Ave,Ste 963,Lucerne,,79586,Switzerland,,196600
21443,Gutierrez Gifts,Gutierrez,Cynthia,+44 36 9093 3442,3494 Bay Pl,,Ottawa,PE,S7K 5E6,Canada,1286,3000
21444,Ortiz & Peterson Inc.,Ortiz,Cynthia,+44 76 8728 3602,5989 Highland Pl,,San Francisco,KY,54093,USA,1102,2600
21445,Cooper Gallery,Cooper,Anna,+33 2 97 37 59 81,2120 Cedar Circle,,Sacramento,NH,20358,USA,1323,24900
21446,Jones Gallery,Jones,Katherine,+1 (596) 283-5544,3603 Main Circle,,Yokohama,,363-5314,Japan,,136700
21447,National Parts Ltd.,Flores,Cynthia,+44 90 8080 8657,3982 Summit Terr,,Leicester,,DZ16 6HH,UK,1102,11800
21448,Kim Boutique,Kim,Scott,(687) 724-7610,9037 Ridge Circle,Ste 537,Kyoto,,817-6831,Japan,1143,47200
21449,Ramirez Shop,Ramirez,Steven,+1 (415) 419-2925,2091 Walnut Rd,,Aalborg,,77498,Denmark,1166,233500
21450,Clark Trading,Clark,Laura,+34 730 106 570,9103 Glen Rd,,Kyoto,,323-7493,Japan,1102,264300
21451,Edwards Toys,Edwards,Gregory,+33 9 63 78 31 71,2966 Poplar Blvd,Rm 951,Mesa,GA,25747,USA,1501,27600
21452,Silver Art Services,Johnson,Betty,+49 240 366570,5773 Highland Ave,Unit 670,London,,MV51 1IR,UK,1401,75000
21453,Premier Motor Industries,Parker,Aaron,+1 (514) 772-4694,7663 Magnolia Circle,Rm 725,Los Angeles,MO,40807,USA,1621,59500
21454,Central Sales Group,Patel,George,+81-27-7453-6512,3234 Washington Dr,,San Francisco,NY,85210,USA,1504,223900
21455,Campbell Models,Campbell,Anthony,+33 9 13 80 93 79,4209 Hickory Ave,,Nashville,CO,73638,USA,1621,1800
21456,Phillips Associates,Phillips,Gary,+61 6 9612 1003,1229 Elm Dr,,Auckland,,22317,New Zealand,1286,18000
21457,Howard Ltd.,Howard,Dorothy,+1 (519) 843-2467,6300 Meadow Ct,,Kansas City,MT,22746,USA,1323,154000
21458,Carter Gifts,Carter,Pamela,+33 8 33 65 49 38,9569 Manor Ave,Apt 780,Lyon,,14793,France,1612,15200
21459,Richardson Models,Richardson,George,(677) 892-9177,7650 Main Ave,Unit 316,Ottawa,SK,Y7W 3F7,Canada,1188,150700
21460,Rogers Models,Rogers,Edward,+81-64-5806-4482,9912 Birch Dr,,Kansas City,MI,98283,USA,,190700
21461,Sanchez & Morales Partners,Sanchez,Timothy,+34 935 859 496,9741 Manor Rd,,Tilburg,,55960,Netherlands,1337,2600
21462,Watson & Scott Imports,Watson,Victoria,+34 853 273 714,592 Lake Rd,Unit 248,Singapore,,779240,Singapore,1611,228600
21463,Golden Auto Solutions,Chavez,Sandra,+61 5 9717 4537,9077 Maple Ct,,Nantes,,46655,France,1188,5300
21464,Heritage Auto Industries,Carter,Scott,+49 119 378834,3628 Glen Dr,Rm 897,Rome,,72222,Italy,1102,8800
21465,Patel & Evans Associates,Patel,Jennifer,+81-62-5606-7996,9527 Creek Dr,Unit 947,Essen,,69238,Germany,1216,9800
21466,Moore Gifts,Moore,Nathan,+1 (925) 976-5647,7775 Meadow Ave,Apt 802,Catania,,91176,Italy,1625,244200
21467,Morgan Ventures,Morgan,Aaron,+34 703 630 301,4299 Chestnut Ct,,Memphis,MD,77862,USA,,58700
21468,Horizon Craft Holdings,Mitchell,Katherine,+81-70-8706-6474,3006 Ridge St,Floor 30,El Paso,AK,55080,USA,1370,2400
21469,White & Castillo Partners,White,Scott,+49 402 637280,1799 Lake Dr,,Lausanne,,84709,Switzerland,1611,11000
21470,Murphy Depot,Murphy,Ashley,+81-85-6953-2951,192 Walnut Terr,Suite 644,Nantes,,76194,France,1702,20700
21471,Sunrise Craft Industries,Chavez,Debra,+61 9 4490 8091,3736 Meadow Pl,,Cologne,,11393,Germany,,117800
21472,White Ventures,White,Kathleen,+49 281 785272,8292 Valley Circle,,San Diego,NH,82624,USA,,41300
21473,Central Parts Inc.,Garcia,Paul,+61 4 7935 1886,7556 Station Way,# 845,Jacksonville,SD,14413,USA,1165,18300
21474,James Shop,James,Scott,+1 (450) 230-8211,4029 Market Way,,Los Angeles,RI,31644,USA,1504,3000
21475,Reyes & Lee Inc.,Reyes,Debra,+33 2 95 78 27 99,1531 Magnolia Ln,Unit 132,Raleigh,MN,38180,USA,1102,10000
21476,Ruiz Holdings,Ruiz,Jessica,+61 9 8953 8324,8695 Harbor Loop,,Houston,MN,48970,USA,1702,124800
21477,Walker Associates,Walker,Michelle,+44 66 5497 3154,7963 Hill Circle,Ste 892,Breda,,30553,Netherlands,1504,84300
21478,Turner International,Turner,Debra,+61 6 5289 9221,879 Cherry Ave,,Singapore,,355515,Singapore,1370,51500
21479,Howard International,Howard,Andrew,+1 (443) 540-1438,4183 Harbor Way,,Kyoto,,685-3231,Japan,1370,33800
21480,Rogers LLC,Rogers,Kevin,+49 487 814927,2500 Hollow Ct,,Munich,,97037,Germany,1625,47400
21481,Thomas & Ramirez Wholesale,Thomas,Alexander,+1 (217) 705-2017,4069 Birch Terr,,Nice,,86912,France,1612,110000
21482,Turner Gallery,Turner,Jack,+61 8 9004 2923,6986 Lake Dr,,Geneva,,67196,Switzerland,1166,289500
21483,Richardson Partners,Richardson,Dorothy,+61 5 2028 5637,8042 Hill Circle,,San Jose,WY,30059,USA,1625,9500
21484,Capital Parts Trading,Campbell,Andrew,+33 4 57 94 71 99,7130 Spring Ave,,Virginia Beach,MI,57648,USA,,55400
21485,Myers Inc.,Myers,Kenneth,+34 886 428 884,3292 Elm Ct,Unit 697,Berlin,,48496,Germany,1166,91700
21486,Ward & Rodriguez Services,Ward,Heather,(234) 577-7091,8951 Market Circle,,Atlanta,ND,76346,USA,1621,33900
21487,Pacific Auto Ventures,Phillips,Christopher,+33 9 81 91 67 76,3031 Main Circle,,Calgary,AB,V6H 7V0,Canada,1166,106000
21488,Gutierrez Services,Gutierrez,Laura,+33 5 75 99 21 33,4071 Summit Blvd,,Murcia,,62976,Spain,1286,191700
21489,Sunrise Craft Enterprises,Brown,Nathan,+61 3 8772 8268,9819 Creek Way,Ste 804,Valencia,,74868,Spain,1625,208200
21490,Allen Center,Allen,Donna,+49 699 161176,4085 Elm Ln,Floor 414,Atlanta,SC,53903,USA,1188,1400
21491,Central Import Partners,Carter,Larry,+44 42 3234 5362,1995 Poplar Blvd,,Bordeaux,,18372,France,1337,17400
21492,Pacific Import Ltd.,Jimenez,Brenda,+1 (471) 537-6371,8534 Church Ct,,Portland,NY,49426,USA,1504,266300
21493,Mitchell Depot,Mitchell,Christine,+44 61 8847 7952,5777 School Ave,,Paris,,17092,France,1216,34100
21494,Mitchell Models,Mitchell,Robert,(901) 722-8066,4118 Meadow Blvd,Unit 155,Baltimore,MN,35281,USA,1370,86900
21495,Global Supply Services,Lopez,Pamela,+49 222 966763,5188 Magnolia Ln,Suite 641,San Antonio,KS,39333,USA,1166,221400
21496,White Center,White,Anthony,(954) 702-1708,6590 Maple Loop,,Toronto,MB,E3G 8D0,Canada,1102,102900
21497,Alpha Art Inc.,Evans,Jerry,(315) 496-4531,2953 Market Terr,,Dallas,NM,12483,USA,1286,9800
21498,Premier Parts LLC,Sanders,Kathleen,+34 747 447 922,2510 Lake Ave,,Paris,,88032,France,,14400
21499,Hernandez & Cruz Trading,Hernandez,Ashley,+1 (379) 426-4297,6963 Ridge Ln,,Philadelphia,ID,64233,USA,1337,48700
21500,Elite Import Imports,Nelson,Michelle,+1 (347) 665-6145,3965 Manor Circle,,Stockholm,,98401,Sweden,1165,276800
21501,Diaz International,Diaz,Jennifer,+81-61-4319-3952,2914 Elm Loop,,Hamburg,,19305,Germany,,41800
21502,Central Supply Ltd.,Wright,Melissa,+33 3 23 77 39 14,7751 Cedar Ct,,Dunedin,,53364,New Zealand,1166,91200
21503,Nelson Holdings,Nelson,Debra,+61 3 1817 4626,1062 Church Loop,Ste 34,Chicago,MD,19020,USA,1166,24600
21504,Green Boutique,Green,James,+34 616 755 762,6646 Meadow Dr,,Calgary,NB,B0V 8K1,Canada,1166,7900
21505,Baker & Peterson Solutions,Baker,Nancy,+61 8 9670 2776,1517 Hollow Circle,,Nijmegen,,71695,Netherlands,1370,12500
21506,Reed & Brown Ltd.,Reed,Heather,+33 4 93 19 72 85,9662 Elm Way,,Klagenfurt,,57590,Austria,1188,100000
21507,Classic Supply Corp.,Roberts,Jennifer,+81-50-1109-5275,3320 Station Ct,Floor 873,Randers,,84833,Denmark,1337,28800
21508,White Models,White,Patrick,+1 (957) 320-1432,1063 Park Pl,,Manchester,,AY17 7ZX,UK,,8900
21509,Kelly Distribution,Kelly,Nathan,+44 78 1395 6647,3217 Lake Ct,,Albuquerque,AR,16421,USA,,109900
21510,Miller Industries,Miller,Tyler,+81-42-8110-1461,5503 Creek Circle,,Quebec City,BC,N8E 1D9,Canada,,2200
21511,Perez & Jones Associates,Perez,Jose,+34 744 848 643,6036 Manor Dr,,Rotterdam,,36824,Netherlands,1621,203500
21512,Castillo Store,Castillo,Paul,+49 551 481098,2142 Park Ct,,Long Beach,DE,82220,USA,,73900
21513,Ramirez & Mitchell Partners,Ramirez,Donna,+49 466 681520,592 Elm Terr,# 390,Leicester,,YD23 6EY,UK,1504,81700
21514,Harris & Mitchell Solutions,Harris,Pamela,+34 791 337 341,5259 Manor Pl,Rm 756,Calgary,QC,H8S 8G0,Canada,1286,67200
21515,Allen Depot,Allen,Gary,+49 793 396284,6607 Chestnut Circle,,Jacksonville,OK,30662,USA,1165,48900
21516,Collins Boutique,Collins,Samuel,+34 791 956 876,4003 Sycamore Circle,# 831,Singapore,,931747,Singapore,1611,249000
21517,Hernandez Gallery,Hernandez,Larry,(270) 906-6413,3469 Bay Circle,Unit 254,Dallas,TX,49487,USA,1401,300
21518,Jones & Carter Holdings,Jones,Angela,+34 602 925 633,3229 Sunset Terr,Ste 387,Ottawa,NB,X5P 2W4,Canada,1501,125900
21519,Davis Inc.,Davis,Susan,+44 25 1022 2749,7766 Meadow Terr,Unit 862,Fresno,WY,87726,USA,1625,8000
21520,Ross & Mitchell Imports,Ross,Karen,(303) 291-6323,8662 Bay Pl,,Fredrikstad,,37543,Norway,1619,200
21521,Royal Import Group,Evans,Victoria,(436) 549-5106,6820 River St,,El Paso,MA,47202,USA,1621,64400
21522,Hernandez Gifts,Hernandez,Victoria,+81-9-5093-9609,7738 Cedar Loop,,Calgary,MB,N6B 9L4,Canada,1625,203600
21523,Atlantic Motor Inc.,Martinez,Sarah,+81-68-1681-6528,1749 Walnut Ln,,Singapore,,405203,Singapore,1370,123200
21524,Gray & Parker Partners,Gray,Margaret,+61 3 8196 2620,5580 Hickory Ave,Floor 714,New York,FL,77880,USA,1612,32000
21525,Ramos & Perez Ltd.,Ramos,Kenneth,+49 545 128387,1682 Harbor Blvd,,Milan,,94295,Italy,1286,71600
21526,Kelly & Howard Co.,Kelly,Ronald,+1 (310) 661-5947,2521 Main Ave,,Austin,NE,52132,USA,1702,100600
21527,Rogers Shop,Rogers,Nicholas,(453) 877-7317,8888 Hill Ct,Rm 615,Nashville,OH,19712,USA,1370,72600
21528,Brooks International,Brooks,Frank,+61 4 4567 2676,9171 Oak Ave,Suite 530,San Jose,WA,24900,USA,1323,67100
21529,Alvarez Corp.,Alvarez,Steven,+44 12 3284 6130,6440 Birch Ave,,Indianapolis,MT,32826,USA,1216,186300
21530,Edwards Shop,Edwards,Jennifer,+81-53-8696-5954,9668 Poplar Ct,,Dallas,SC,35939,USA,1143,45100
21531,Royal Sales LLC,Wood,Laura,+34 674 390 917,6069 Pine St,,Columbus,VT,14691,USA,1370,9700
21532,Bennett & Ramos Group,Bennett,Julie,+33 9 94 23 80 31,9518 Magnolia Ln,,Düsseldorf,,40662,Germany,1621,17600
21533,Peterson Depot,Peterson,Ryan,+33 2 76 88 87 57,3806 Market Ct,,Chicago,LA,33677,USA,1504,13200
21534,Metro Sales Imports,Harris,Katherine,+49 609 306277,55 Walnut Ct,,Fukuoka,,107-8688,Japan,1611,267300
21535,Price Toys,Price,Rebecca,+49 595 303049,189 Church Terr,,Seville,,81674,Spain,1619,140000
21536,Harris International,Harris,Jose,(226) 810-7729,5807 Park Loop,,Bristol,Wales,DS53 4VW,UK,1401,271000
21537,Rivera International,Rivera,Dennis,+81-65-9230-8636,3889 Walnut Blvd,Unit 138,Sapporo,,166-9048,Japan,1702,49700
21538,Cooper Corp.,Cooper,Joyce,+33 6 49 96 66 97,8624 Ash Circle,,Dortmund,,18274,Germany,1625,15600
21539,Howard Gifts,Howard,Joshua,+33 4 23 12 78 74,1153 Elm Rd,,Kawasaki,,936-4562,Japan,1337,93200
21540,Brown & Morgan Co.,Brown,Patricia,(893) 238-1729,6841 Bay Pl,,Berlin,,41910,Germany,1165,5000
21541,Crystal Trade Services,Gutierrez,Sarah,+34 605 314 780,3011 Pine Rd,,Canberra,ACT,4138,Australia,1165,17500
21542,Flores & Wilson LLC,Flores,Donna,+49 143 218957,341 Harbor Way,Suite 645,Marseille,,15896,France,1165,23400
21543,Ross & Mendoza Corp.,Ross,Jacob,+34 966 667 969,1258 Willow Terr,,Kitchener,SK,P7E 1S6,Canada,1625,4900
21544,Reyes Corp.,Reyes,Kathleen,+44 16 5550 9301,1377 Poplar Terr,Floor 659,Bilbao,,80391,Spain,1401,98900
21545,Hernandez Gifts,Hernandez,Julie,+49 775 720238,502 Walnut Terr,,Long Beach,OK,99861,USA,1102,84800
21546,Harris Distribution,Harris,Helen,+33 4 84 33 67 20,541 Station Rd,,Perth,NT,3297,Australia,1612,113700
21547,Moore Imports,Moore,Mary,+44 18 6674 6882,3232 Glen Pl,,Bergen,,56545,Norway,1612,36000
21548,Jones Depot,Jones,Nathan,+34 999 243 795,2219 Washington St,,Winnipeg,NB,R8T 8V2,Canada,1611,4600
21549,Diamond Trade Imports,Thompson,Tyler,+49 595 458290,4580 Washington St,,Fresno,OH,12047,USA,1337,172300
21550,Hill Collectibles,Hill,Emily,+33 4 30 51 69 16,8227 Glen Ct,,Kitchener,PE,P7C 1A1,Canada,1612,19000
21551,James Depot,James,Timothy,(675) 652-9195,935 Meadow Dr,,Leicester,,VI77 1YG,UK,,174100
21552,Ortiz Co.,Ortiz,Kelly,+49 280 152500,1528 Cherry Way,,Lausanne,,17757,Switzerland,1216,8100
21553,Perez Boutique,Perez,Jessica,+61 8 8684 5849,4437 Sunset Loop,,Leeds,England,AH35 4YO,UK,1102,48700
21554,Bennett & Clark Co.,Bennett,Katherine,+1 (855) 340-1454,1089 Park Terr,,El Paso,KY,24315,USA,1323,4900
21555,Taylor & Martinez Trading,Taylor,George,+44 51 7953 2964,4004 Station Dr,,Baltimore,NH,95719,USA,1165,81300
21556,Evans Distribution,Evans,Charles,+81-70-3084-7041,7186 Church Pl,,El Paso,MA,37479,USA,1143,54000
21557,Harris & Harris Associates,Harris,Nancy,+61 2 9123 6179,5461 River Pl,,Leicester,Scotland,LQ8 4VX,UK,1102,126500
21558,Elite Supply Group,King,George,+49 609 419488,7905 Meadow Rd,,Tucson,NY,74049,USA,1216,5900
21559,Reed & Roberts Trading,Reed,Deborah,+49 698 853539,9728 Highland Pl,,Manchester,,LZ47 4PO,UK,1323,5800
21560,National Art Services,Allen,George,+34 615 550 677,3647 Hill Circle,,Baltimore,AR,85170,USA,1166,269100
21561,Mendoza Collectibles,Mendoza,Jessica,+49 303 993387,3787 Chestnut Rd,# 612,Las Vegas,AR,95076,USA,1166,5600
21562,Central Import Industries,Ramos,Amy,(377) 659-4162,5801 Glen Loop,,Nashville,RI,56444,USA,1619,45000
21563,Ortiz & Taylor Corp.,Ortiz,Susan,+81-88-3119-8795,2645 Forest Terr,,Bern,,13102,Switzerland,1337,38500
21564,Sanders Boutique,Sanders,Kimberly,+44 79 3653 1620,2012 Oak Ln,Apt 725,Montreal,QC,F8N 3T1,Canada,1401,37200
21565,Morales Gallery,Morales,Rebecca,+34 699 848 906,4342 Forest Dr,,Virginia Beach,IN,51726,USA,1165,48500
21566,Thomas Inc.,Thomas,Brian,+49 743 557278,2706 Pine Rd,# 642,New York,NY,67805,USA,1337,88300
21567,Silver Export Solutions,Rodriguez,Amy,(769) 664-4636,71 Magnolia Terr,,Los Angeles,MN,33791,USA,1102,49500
21568,Robinson Corp.,Robinson,Nathan,+61 2 9609 3447,2620 Glen Circle,,Glasgow,Wales,CX40 9KB,UK,1337,7200
21569,Morris Group,Morris,Benjamin,+61 8 1619 3152,9574 Summit Ln,Ste 659,Gothenburg,,78478,Sweden,1188,133500
21570,Sunrise Art Inc.,Collins,Joseph,+1 (819) 489-2098,8615 Poplar St,,Fort Worth,AL,82194,USA,1370,24100
21571,Cruz Store,Cruz,Michael,+1 (801) 546-2588,5582 Poplar Ln,,Wollongong,ACT,6317,Australia,1286,34700
21572,Nguyen Toys,Nguyen,Helen,+49 815 733306,5557 Washington Pl,,Bordeaux,,66262,France,1165,36300
21573,Diamond Motor Co.,Ruiz,Debra,+49 139 456425,3169 Harbor Terr,,Düsseldorf,,44182,Germany,1621,9200
21574,Bailey Center,Bailey,Gregory,(255) 604-8155,5156 Hollow Rd,,Stuttgart,,79848,Germany,1370,27200
21575,National Export Exports,Morgan,Laura,+61 4 5238 5044,3486 Park Way,,Austin,LA,85365,USA,,193900
21576,Atlantic Craft Imports,Roberts,Betty,+33 3 70 36 53 73,9659 Lake St,,Colorado Springs,ID,66637,USA,1165,22800
21577,Sunrise Craft Holdings,Brown,James,+81-51-1323-1113,3836 Hill Loop,Unit 795,Colorado Springs,DE,58157,USA,1504,100000
21578,Evans Enterprises,Evans,Margaret,+61 8 9783 5373,6647 School Circle,Ste 528,Seattle,CA,42229,USA,1504,129000
21579,Patel Collectibles,Patel,Patricia,+33 4 66 14 16 45,4463 Garden Ave,,Paris,,75368,France,1619,98800
21580,Cruz Partners,Cruz,Brenda,+49 882 16513,1300 Market Ct,,Albuquerque,NV,34439,USA,1619,25000
21581,Castillo Gallery,Castillo,Anna,+34 688 528 312,5924 Highland Circle,Suite 744,Austin,NY,76309,USA,1612,16900
21582,Ortiz & Thomas International,Ortiz,Justin,+61 8 8428 8913,111 Harbor Loop,Ste 265,London,England,OW16 4EV,UK,1143,292600
21583,Green Depot,Green,Emily,+81-50-8763-8094,6565 Walnut Circle,,Glasgow,England,DM88 5LO,UK,1337,29200
21584,Elite Art Services,Patel,Christine,+34 870 237 707,8045 Station St,Ste 551,Oklahoma City,ID,19254,USA,1501,15700
21585,Pacific Import Ventures,Martinez,Sharon,+49 65 74700,3804 Willow Way,,Long Beach,NJ,99055,USA,1323,4800
21586,Metro Auto Enterprises,Lopez,Aaron,+49 714 32494,3962 Oak Ave,Suite 821,Fort Worth,OR,41334,USA,1337,84300
21587,Rivera & Reed Partners,Rivera,Emily,+61 9 9573 4459,6752 Hickory Ct,,Phoenix,LA,35278,USA,1286,180000
21588,James & Nelson Associates,James,Elizabeth,+61 8 5101 2118,7079 Valley Circle,,Porsgrunn,,90953,Norway,1370,5300
21589,Ward Services,Ward,Scott,+33 7 97 78 46 27,7710 Ridge Loop,,Baltimore,RI,50176,USA,1370,43500
21590,Sanders Ltd.,Sanders,Larry,+61 4 1147 4078,8102 Pine Terr,,Rome,,27185,Italy,1501,141500
21591,Silver Import Group,Garcia,Pamela,+81-30-4863-4475,2997 Hill St,Unit 436,Palermo,,64666,Italy,,259800
21592,Gray Industries,Gray,Donald,+49 97 715232,5143 Church Terr,,Houston,TN,74817,USA,1216,78300
21593,Mitchell Ventures,Mitchell,Kimberly,+34 612 243 371,887 Chestnut Circle,,San Francisco,ID,77566,USA,1216,3000
21594,Bennett & Walker International,Bennett,Richard,(648) 330-8271,5810 School Rd,,Calgary,BC,S7X 3S6,Canada,1323,81000
21595,White Shop,White,Richard,+44 88 5362 3936,4048 Chestnut Dr,,Nantes,,99566,France,1370,500
21596,Lewis & Reed LLC,Lewis,Steven,+44 47 8314 8752,8841 Ash Circle,,Montpellier,,91098,France,1166,7000
21597,Ruiz Corp.,Ruiz,Joseph,+61 9 2434 5715,3972 Sycamore Loop,,Klagenfurt,,88571,Austria,1621,39600
21598,Alpha Trade LLC,Gomez,Alexander,+49 287 230479,6454 Meadow Dr,,Seattle,KY,34849,USA,1625,129400
21599,Ross LLC,Ross,Frank,+61 4 8566 9333,7233 Manor Loop,,Munich,,31646,Germany,1102,142000
21600,Davis & Harris Distribution,Davis,Susan,+81-30-3302-6605,715 Chestnut St,,Nagoya,,140-1233,Japan,1401,97600
21601,Peterson Models,Peterson,Melissa,+81-84-4548-4608,5064 Glen Circle,Unit 281,Essen,,96254,Germany,1166,147900
21602,Torres International,Torres,Shirley,(727) 575-2773,5455 Park Ct,Apt 322,Portland,WV,36305,USA,1621,53400
21603,Adams Collectibles,Adams,Edward,+49 558 278736,7336 Church Blvd,Rm 405,Charlotte,VA,38695,USA,1611,68400
21604,Horizon Art Associates,Baker,Dorothy,+1 (479) 271-5665,2138 Highland Ct,,Utrecht,,69396,Netherlands,1166,4300
21605,Morales & Thompson Holdings,Morales,Mark,+61 2 2424 6007,2435 Bay Circle,Apt 171,Birmingham,England,TY26 6UY,UK,1501,52600
21606,Cooper Depot,Cooper,Michael,+1 (648) 717-3553,6601 Glen Circle,,Västerås,,75382,Sweden,1286,49200
21607,National Craft Services,Smith,Debra,+61 8 3706 8810,8674 Church Ln,,Stuttgart,,12149,Germany,1621,32600
21608,Lee Gifts,Lee,Jack,+49 508 195425,9925 River Ct,,Adelaide,NT,9852,Australia,1188,281300
21609,Premier Sales Ventures,Garcia,Susan,+81-69-9548-8714,790 Garden Pl,,Kobe,,189-9959,Japan,,73600
21610,Atlantic Craft Services,Young,Dennis,+33 4 22 79 41 79,3761 Bay Rd,Ste 999,Gold Coast,NT,2420,Australia,1102,2000
21611,Clark Store,Clark,Samuel,+61 4 1509 1096,456 Pine Way,Ste 783,Glasgow,England,CY87 3FZ,UK,1611,14000
21612,Gomez & Gray Ltd.,Gomez,Joyce,+44 42 3002 9999,2908 Elm Blvd,,New York,PA,82523,USA,1504,133400
21613,Young Imports,Young,Nathan,(871) 795-2297,9426 Main St,,Stuttgart,,62278,Germany,,11900
21614,Flores & Allen Enterprises,Flores,Nathan,+49 475 658865,1864 Station Ave,# 505,Las Palmas,,73040,Spain,1165,253500
21615,Jackson & Jones Industries,Jackson,Kathleen,+33 5 90 82 92 24,8515 Main Pl,,Virginia Beach,KS,96086,USA,1166,58300
21616,Ramirez & King Ltd.,Ramirez,Alexander,+81-62-6674-5753,2418 Maple Blvd,Suite 102,Manchester,Wales,FW58 7FL,UK,1166,9500
21617,Hernandez Store,Hernandez,Dennis,+1 (383) 527-2570,7673 Poplar Way,,Hamburg,,66755,Germany,1286,45000
21618,Perez Ventures,Perez,Lisa,(822) 734-5604,4636 Main Ln,,Birmingham,,VZ44 4UA,UK,1621,600
21619,Green & Peterson Trading,Green,Nicholas,+81-60-9063-1811,1021 Highland Ct,,Montpellier,,68534,France,1619,247600
21620,Heritage Parts International,Garcia,Emily,+34 724 842 240,2678 Hollow Blvd,,New York,CO,75214,USA,1501,14700
21621,Lopez & Rodriguez Enterprises,Lopez,Susan,+1 (572) 230-3928,8752 Oak Ave,,Baltimore,IL,60246,USA,1286,58700
21622,Martinez Imports,Martinez,Jacob,+81-27-2467-3679,5762 Hollow Terr,,Memphis,LA,80879,USA,1702,7900
21623,Cooper Solutions,Cooper,Kenneth,+81-62-8192-7817,5494 Ridge Ct,,Edinburgh,England,SB16 2YI,UK,1702,5800
21624,Reed & Gonzalez Imports,Reed,Robert,+33 9 10 42 54 39,7917 Glen St,Apt 682,Nantes,,19843,France,1286,16500
21625,Central Motor Distribution,Richardson,Linda,+44 69 3808 4115,3863 Station Loop,,Atlanta,OK,72167,USA,1188,38000
21626,Brown & Kelly Wholesale,Brown,Steven,+49 576 309890,9936 Willow Rd,,Strasbourg,,35617,France,1216,197900
21627,Taylor & Cox Ltd.,Taylor,Brian,+33 4 49 10 59 90,7755 Valley Ln,,Edinburgh,,VO52 3ZE,UK,1166,8500
21628,Moore Associates,Moore,Frank,+81-26-4557-4194,5626 Spring Way,Apt 819,Toulouse,,43479,France,1323,300
21629,Flores & Wright Trading,Flores,Katherine,+49 611 358598,1725 Glen Ln,Ste 272,Gothenburg,,20157,Sweden,1401,58100
21630,Diamond Parts Wholesale,Foster,Benjamin,+44 43 7347 5723,1823 Park Way,Floor 658,Las Vegas,CA,31157,USA,1166,30000
21631,Richardson Boutique,Richardson,Katherine,(467) 577-2233,5901 Valley St,Unit 829,Bilbao,,25499,Spain,1621,21100
21632,Bailey & King International,Bailey,Cynthia,+49 955 260202,1504 Lake Rd,,Yokohama,,126-9243,Japan,1619,147800
21633,Brooks Industries,Brooks,Michael,+81-79-7770-4970,9673 Garden Ave,,Sydney,NT,7893,Australia,1619,9100
21634,Kim Partners,Kim,Gary,(310) 368-6217,7173 Elm Ln,,Baltimore,CA,44899,USA,1102,91500
21635,Morris & Bailey Ventures,Morris,Nancy,+49 174 399992,6408 Elm Rd,,Edinburgh,Scotland,UE15 3BR,UK,1102,240700
21636,Lee LLC,Lee,Dorothy,+34 714 962 600,4419 Lake Rd,,Adelaide,VIC,5559,Australia,1166,92300
21637,Alpha Art Industries,Gutierrez,Lisa,+34 959 883 723,7710 Creek Dr,,Nantes,,96467,France,1401,221700
21638,Chavez & Roberts Imports,Chavez,Scott,+49 777 715327,1634 Maple Ln,,Montpellier,,50879,France,1501,1600
21639,Parker Corp.,Parker,Carol,+81-4-7867-4464,6715 Ash Circle,,Essen,,92925,Germany,1323,44600
21640,Perez LLC,Perez,Aaron,(739) 223-3140,2707 Lake Way,# 293,Denver,FL,61042,USA,1625,21700
21641,Royal Sales Solutions,Walker,Melissa,+81-90-6939-6287,5421 Maple Ct,,Dortmund,,87425,Germany,1370,75200
21642,Atlantic Motor Group,Martin,Catherine,+1 (284) 875-9057,6870 Glen Terr,,Jönköping,,48068,Sweden,1621,44100
21643,Mendoza Boutique,Mendoza,Larry,+1 (345) 261-4671,6512 Walnut Rd,,Hamilton,,91811,New Zealand,1611,3400
21644,Hernandez & Torres Corp.,Hernandez,Carolyn,(924) 406-8898,5246 Highland Loop,,Nantes,,71575,France,1323,16400
21645,Perez Industries,Perez,Catherine,(739) 813-9162,6519 Valley Dr,Floor 79,Washington,GA,12938,USA,1501,34000
21646,Harris & Ruiz Wholesale,Harris,Adam,+81-9-5017-4315,1081 Birch Ave,,San Antonio,VA,90343,USA,,56100
21647,Metro Import Services,Wood,Shirley,+1 (948) 362-2094,9911 Sunset Ave,Ste 554,Jacksonville,UT,12083,USA,1102,258500
21648,Reyes Gifts,Reyes,Ryan,+1 (413) 456-9261,6185 Bay Ln,Unit 633,Groningen,,69787,Netherlands,1165,3300
21649,Moore Center,Moore,Michael,+44 35 5087 4089,3851 Cedar Pl,,Oklahoma City,MS,36925,USA,1611,58900
21650,Global Export Inc.,Green,Eric,+49 764 121278,2272 Creek St,,Indianapolis,AK,66644,USA,1286,272200
21651,Capital Parts Industries,Turner,Susan,+61 9 3766 6650,894 Spring Terr,Floor 581,Canberra,ACT,5083,Australia,1166,19200
21652,Anderson & Mitchell Distribution,Anderson,Jerry,+49 880 642658,9873 Elm Terr,,Indianapolis,ND,83313,USA,1323,83400
21653,Classic Import Industries,Gomez,Jose,+49 923 173799,9572 Main St,Unit 174,Valencia,,41228,Spain,,87600
21654,Rodriguez Store,Rodriguez,Mary,+61 2 3100 9249,3744 Creek Ct,# 976,Bristol,England,DV39 7OB,UK,1612,300
21655,Crystal Auto Solutions,Walker,Amy,+44 98 2438 7313,4884 Main Loop,,San Antonio,IA,96982,USA,1702,22900
21656,Bennett & Taylor Distribution,Bennett,Carolyn,+81-53-9537-9324,5546 Elm Ln,,Kawasaki,,803-9226,Japan,1143,204700
21657,Turner Depot,Turner,David,+33 7 42 62 91 11,9268 Valley Way,,Innsbruck,,15655,Austria,1323,8800
21658,Nelson Gifts,Nelson,Emma,+81-11-3107-2335,8369 Hill Ln,,Indianapolis,MS,19783,USA,,106800
21659,Hughes Center,Hughes,Maria,+81-28-2397-7960,7893 Sycamore Pl,,Frankfurt,,78890,Germany,,16500
21660,White & Ross Associates,White,Adam,+34 744 515 700,4104 Lake Dr,Suite 138,Milan,,65306,Italy,,7700
21661,Diaz & Reyes Inc.,Diaz,Nicholas,+44 35 1197 7770,5668 Highland Way,Rm 154,Groningen,,97471,Netherlands,1166,123700
21662,Nguyen & Foster Ventures,Nguyen,Janet,+44 71 4329 1302,4882 Main Loop,Rm 763,Hamburg,,10244,Germany,1188,216700
21663,Adams & Mendoza Solutions,Adams,Diane,+44 12 4978 9848,1900 Magnolia Pl,,Murcia,,20598,Spain,1102,117300
21664,Moore Distribution,Moore,Edward,+34 848 914 717,1539 River Pl,,Phoenix,VA,23497,USA,1102,209000
21665,Hill Toys,Hill,Brandon,+61 2 4153 4294,6786 Church Terr,,Cologne,,30757,Germany,,33700
21666,Lewis Boutique,Lewis,Patricia,+34 952 437 524,3292 Hill Loop,Unit 130,Fort Worth,TX,24110,USA,1370,35300
21667,Cook Depot,Cook,Stephanie,+49 844 578129,5403 Hill Rd,,Phoenix,FL,62168,USA,1504,16400
21668,Smith International,Smith,Lisa,+33 7 20 62 55 66,8138 Ridge Rd,,Colorado Springs,NJ,67896,USA,1337,293800
21669,Urban Art Inc.,Wood,Larry,+49 224 713492,4996 Magnolia Rd,,Antwerp,,83757,Belgium,1625,111000
21670,Castillo & Cooper Distribution,Castillo,Barbara,+1 (924) 796-2481,5570 Oak Loop,,Groningen,,91963,Netherlands,1612,19400
21671,Central Parts Partners,Hughes,Larry,+1 (625) 592-2737,4666 Elm Blvd,,Milan,,85913,Italy,1501,1600
21672,Moore Corp.,Moore,Jeffrey,+44 12 7994 7488,9021 Magnolia Ave,,Charlotte,SD,38136,USA,1625,152600
21673,Allen & Carter Associates,Allen,Heather,+61 8 6340 9034,1649 Chestnut Circle,,Paris,,70293,France,1621,8400
21674,Edwards & Kim Solutions,Edwards,Ronald,+49 465 947705,93 Chestnut Loop,,Indianapolis,WA,88248,USA,1501,74100
21675,Diaz LLC,Diaz,Nicholas,+81-56-3093-6181,1549 Lake Terr,,Groningen,,37832,Netherlands,1216,54900
21676,Johnson Trading,Johnson,Donna,+1 (235) 661-4434,7649 Main St,Ste 688,Nantes,,89743,France,1401,20300
21677,Metro Import Holdings,Murphy,Janet,+61 8 9156 2108,9085 Hickory Rd,Suite 589,Atlanta,SD,14251,USA,1401,51300
21678,Atlantic Trade Ltd.,Thompson,Alexander,+1 (791) 500-3720,686 Sunset Ln,,Skien,,96011,Norway,1611,2800
21679,Ross & Young Distribution,Ross,Sandra,(406) 999-6074,2709 Willow Terr,,Leeds,,OM56 1UM,UK,1102,232500
21680,Hughes & Williams Wholesale,Hughes,Christine,+34 961 108 284,2640 Sycamore Circle,Ste 894,Fort Worth,NE,41302,USA,1337,68900
21681,Premier Parts Solutions,Hernandez,Brenda,+34 807 962 563,7699 Cherry Way,Floor 850,Milan,,20181,Italy,1401,49500
21682,Davis & Ortiz Imports,Davis,Sandra,+44 41 1211 4427,5858 Cherry Terr,,Milwaukee,LA,14390,USA,1337,29600
21683,Stewart & Carter International,Stewart,Scott,+34 732 814 472,6634 Harbor Terr,,Albuquerque,CA,34817,USA,1143,95300
21684,Hill & Adams Corp.,Hill,Kenneth,(314) 522-8090,1844 Willow Ln,,Saitama,,687-1795,Japan,1401,161200
21685,Turner Collectibles,Turner,Jack,(796) 428-5246,152 Hickory Pl,# 215,Sydney,NT,9717,Australia,1370,226400
21686,Diamond Parts Solutions,Hill,Benjamin,+61 4 5569 6259,2470 Valley Rd,,Breda,,85770,Netherlands,1370,100300
21687,Moore Gifts,Moore,Samantha,+44 70 2452 7185,3319 River Rd,,Berlin,,93864,Germany,1165,257300
21688,Horizon Import Group,Patel,Cynthia,+61 6 8693 8272,7691 Oak Dr,,Vantaa,,92915,Finland,1619,13300
21689,Ward & Thompson Holdings,Ward,Diane,+1 (982) 601-4038,3653 Lake Pl,,Gothenburg,,33029,Sweden,1323,123200
21690,Scott Distribution,Scott,Melissa,+44 66 8779 4125,5688 Manor Dr,Apt 518,Bristol,Scotland,CI99 1BH,UK,1286,217000
21691,Diaz Toys,Diaz,Richard,+61 8 5786 4445,978 Willow Way,Ste 418,San Jose,WY,58062,USA,1286,37400
21692,Capital Export Group,Perez,Pamela,+33 1 80 47 59 15,7649 Forest Way,Floor 208,Frankfurt,,61781,Germany,1165,1600
21693,Hughes Gallery,Hughes,Anthony,+33 1 39 22 17 98,1480 Creek Dr,# 725,Edinburgh,Wales,ZV64 5SC,UK,1165,40700
21694,Atlantic Sales Inc.,Green,George,+61 3 2705 1030,6200 Hill Blvd,,Stuttgart,,69469,Germany,1401,297400
21695,James Group,James,Jack,+34 734 727 775,6863 Chestnut St,,Auckland,,48822,New Zealand,1323,136700
21696,Atlantic Auto Services,Flores,Sarah,+33 3 19 65 54 17,8919 Harbor Ln,,Montpellier,,81524,France,1702,21000
21697,Allen Imports,Allen,Catherine,+1 (372) 449-1418,7604 River Terr,,Phoenix,TN,12006,USA,,6400
21698,Robinson & James Enterprises,Robinson,Carol,+61 6 2081 3796,4174 Glen Terr,,Palma,,20561,Spain,1501,32100
21699,White Associates,White,Joyce,(651) 601-9970,8340 Chestnut Circle,,Valencia,,16233,Spain,1102,4900
21700,Davis Gifts,Davis,Maria,+49 274 66808,9833 Pine Dr,,Linz,,46511,Austria,1216,40000
21701,Gomez & Walker Distribution,Gomez,Scott,+49 245 635081,3801 Birch Circle,,Denver,ME,16196,USA,1504,2700
21702,Gutierrez Gallery,Gutierrez,Patricia,+1 (727) 526-1333,6742 Valley Blvd,,Palermo,,82957,Italy,1286,226700
21703,Howard International,Howard,Kevin,+49 325 279647,8000 River Ave,Suite 495,Dallas,IN,71161,USA,1370,110400
21704,Alvarez Inc.,Alvarez,Kelly,+61 9 4409 8845,8649 Cherry Loop,Ste 406,Indianapolis,MN,61705,USA,1286,25100
21705,Sanders Trading,Sanders,Timothy,+1 (397) 646-9466,1697 Hill St,,Almere,,44513,Netherlands,1504,134000
21706,Howard & Jimenez Associates,Howard,Margaret,+61 4 8054 7860,9957 School Ct,,Los Angeles,FL,61894,USA,1501,261100
21707,Gutierrez Imports,Gutierrez,Jacob,+49 190 649436,1099 Valley Ln,Floor 908,Indianapolis,TN,82545,USA,1625,111300
21708,Moore Collectibles,Moore,George,+34 721 397 821,3084 Spring Terr,,Essen,,55314,Germany,1702,131000
21709,Wright Gifts,Wright,Kevin,+81-46-8852-8384,6833 Glen Pl,Unit 374,Quebec City,NB,B4V 9B9,Canada,1188,53100
21710,Clark Depot,Clark,Jacob,+34 760 539 739,8502 Oak Rd,,Singapore,,153664,Singapore,1611,4500
21711,James Store,James,Nicholas,+33 7 41 49 18 25,9637 Washington Way,Floor 186,Bologna,,85520,Italy,1102,287600
21712,Jackson Boutique,Jackson,Joseph,(370) 702-9749,1093 Magnolia Blvd,,Naples,,81986,Italy,1401,9100
21713,Premier Supply Distribution,Brown,Stephanie,+49 249 487870,7622 Highland St,,Málaga,,35336,Spain,1702,210500
21714,Thomas Center,Thomas,Joyce,+49 67 832444,1565 Summit Loop,Suite 61,Palermo,,81753,Italy,1370,4100
21715,Jimenez Imports,Jimenez,Donna,+44 33 9246 6409,2604 Chestnut Way,,Bilbao,,73736,Spain,1619,190100
21716,Kim & Mitchell Co.,Kim,Jack,+61 6 8296 7000,3194 Ridge Way,,Bilbao,,72972,Spain,1401,21700
21717,Rodriguez International,Rodriguez,Kathleen,+34 835 223 671,5810 Chestnut St,,Colorado Springs,WV,28726,USA,1286,10100
21718,Davis & Hall Partners,Davis,Steven,+81-90-7501-9097,4809 Park Dr,,Helsinki,,16126,Finland,1370,20500
21719,Price Models,Price,Pamela,+44 83 1385 5818,152 Ridge Rd,# 470,Toulouse,,52702,France,1188,211100
21720,Cruz Corp.,Cruz,Lisa,+81-37-8905-3066,6493 Highland Terr,Ste 317,Sapporo,,352-2177,Japan,1323,10700
21721,Mendoza & Parker Ventures,Mendoza,Jennifer,+33 5 13 99 89 70,538 Spring Way,,San Antonio,MA,55995,USA,1188,158300
21722,Classic Auto International,Phillips,Sharon,+44 75 8116 2200,1867 Ridge Terr,Unit 230,Jacksonville,LA,30548,USA,1370,3300
21723,Lewis & Anderson Solutions,Lewis,Laura,+61 4 7697 2805,9177 Garden Rd,,Milwaukee,OK,95657,USA,1286,249800
21724,Pacific Craft Partners,Richardson,Christopher,+81-86-3839-6209,1518 Lake Dr,# 601,Frankfurt,,47918,Germany,1501,6000
21725,Atlantic Supply Ltd.,Nelson,Nancy,+61 5 2096 3828,5952 Pine Terr,Ste 257,Leipzig,,68554,Germany,1370,2000
21726,Murphy Toys,Murphy,Helen,+61 4 8070 6494,6500 Summit Circle,,Seattle,NE,21688,USA,1216,189300
21727,Rogers Inc.,Rogers,Gregory,+49 74 822010,2750 Chestnut Loop,,Kansas City,VT,24174,USA,1625,75100
21728,Chavez Corp.,Chavez,Maria,+1 (531) 727-9877,7988 Hickory Dr,Suite 534,Mechelen,,24413,Belgium,1621,6100
21729,Williams & Ramirez Trading,Williams,Paul,+1 (547) 585-4626,9059 Park Loop,,Tokyo,,448-1546,Japan,1323,6400
21730,Jimenez & Rodriguez Co.,Jimenez,Susan,(364) 497-8047,4972 Ridge St,,Strasbourg,,84500,France,,64400
21731,Gomez & Miller Imports,Gomez,Matthew,+61 3 3820 7369,8344 Magnolia Rd,,Palermo,,91512,Italy,1102,72400
21732,Horizon Trade Services,Turner,Melissa,+61 2 5967 4852,1582 Forest St,Ste 639,Montpellier,,77146,France,,79100
21733,Roberts & Castillo Holdings,Roberts,Shirley,+44 45 9015 7316,2083 Highland St,,Hamilton,,27063,New Zealand,1216,69600
21734,Campbell Gallery,Campbell,Heather,+1 (730) 424-7045,219 Church Pl,Apt 320,Memphis,DE,76058,USA,1216,64100
21735,Thomas & Johnson Services,Thomas,Angela,+44 28 4932 7788,6796 Hill Ct,,Bristol,,TG23 6VT,UK,1501,800
21736,Golden Export Distribution,Patel,Brandon,(894) 227-7889,2199 Cherry St,Floor 510,Rome,,31102,Italy,1165,51800
21737,National Sales Co.,Jimenez,Mark,(741) 641-7995,1200 Oak Loop,Apt 754,Waterford,,42336,Ireland,,106700
21738,Stewart Toys,Stewart,Steven,+34 885 277 503,4838 Main Pl,Unit 253,Yokohama,,181-2007,Japan,1102,96900
21739,Elite Motor International,Myers,Matthew,+34 844 561 888,2195 Meadow Blvd,,Charlotte,SC,26996,USA,1166,4600
21740,Royal Trade Co.,Ortiz,Eric,+33 7 78 72 79 74,5063 Creek St,Floor 195,Västerås,,78987,Sweden,1702,125800
21741,Watson & Mitchell Wholesale,Watson,Frank,+33 3 77 53 40 26,7780 Cedar Way,,Zaragoza,,68598,Spain,1611,300
21742,Bennett Center,Bennett,Carolyn,+81-30-7787-2284,7410 Willow Circle,,Linköping,,68340,Sweden,1702,60900
21743,Moore Co.,Moore,Justin,(833) 487-8546,2834 Highland Circle,# 53,Fukuoka,,866-8179,Japan,1188,89800
21744,Nguyen Store,Nguyen,Amanda,+81-88-7819-1945,2021 Oak St,Unit 183,Leeds,Scotland,ZZ18 1BR,UK,1337,41200
21745,Long Holdings,Long,Jerry,+44 45 3566 3858,4345 Market Pl,,Quebec City,QC,X0Y 8A0,Canada,1401,258100
21746,James & Richardson Trading,James,Alexander,+61 3 3949 4557,5658 Park Ct,Floor 160,Turin,,15881,Italy,1702,184800
21747,Edwards Store,Edwards,Gregory,+61 2 4388 2140,6358 School Pl,,Nice,,27049,France,1102,94300
21748,Watson & Rogers Inc.,Watson,Barbara,+49 433 422128,9445 Hickory St,,Jyväskylä,,21185,Finland,1702,250300
21749,Myers Imports,Myers,Nathan,+33 1 37 29 54 35,6034 Garden Way,,Austin,ME,40181,USA,1337,87200
21750,Sanders Store,Sanders,Laura,+33 5 69 59 44 63,1534 Cedar Circle,,New York,NM,83431,USA,1619,12900
21751,Walker Holdings,Walker,Christine,+1 (797) 526-2042,6463 Bay Rd,Rm 781,Montpellier,,53744,France,1611,8400
21752,Sanchez Toys,Sanchez,Ronald,+1 (507) 713-2771,8363 Glen Loop,,Montreal,ON,M1N 4B7,Canada,1143,263100
21753,Watson & Cox Services,Watson,Christine,+81-59-8549-8681,2674 Hickory Ln,,Austin,NM,92392,USA,1612,3300
21754,Ruiz Center,Ruiz,Nancy,+34 604 150 772,4792 Magnolia Blvd,,Barcelona,,52684,Spain,1165,41000
21755,Harris Gallery,Harris,Pamela,+49 107 387179,4092 Creek Pl,,Lyon,,18432,France,1401,110800
21756,Atlantic Art Associates,Chavez,Benjamin,+44 30 4606 7039,7140 Station Ln,,Barcelona,,71986,Spain,1323,250200
21757,Bennett & Foster Corp.,Bennett,Tyler,+33 6 86 93 62 48,8637 Ash Ct,# 916,Manchester,Scotland,ZH46 3RO,UK,1401,81000
21758,Pacific Export Corp.,Campbell,Gregory,+1 (738) 759-1804,161 Park Pl,,Liège,,23462,Belgium,,81000
21759,Capital Trade Inc.,Gray,Catherine,+34 904 603 923,9209 Magnolia Circle,,New York,CT,10197,USA,,217000
21760,Diamond Supply Solutions,Roberts,Adam,+81-32-4254-8856,7278 Hollow Rd,,Uppsala,,49367,Sweden,1504,16200
21761,Global Motor Enterprises,Martinez,Brandon,+1 (530) 368-2889,8172 Valley Rd,,Cologne,,82012,Germany,1504,221000
21762,Chavez Toys,Chavez,Kathleen,+61 3 2525 8193,264 Sycamore Pl,,Liverpool,Wales,SP58 4NM,UK,1619,204700
21763,Hall Gallery,Hall,Shirley,+49 298 286767,5675 Station Ct,Suite 819,Leipzig,,99524,Germany,,56500
21764,Allen Store,Allen,Kathleen,+34 827 478 492,2586 Elm Blvd,Unit 528,Cologne,,67486,Germany,1702,289200
21765,Ramos & Taylor Group,Ramos,Amy,+61 6 6745 2856,467 Cedar Ln,,Rome,,93787,Italy,1370,3800
21766,Hill & Nguyen Services,Hill,Kimberly,+81-46-4878-4312,3088 Ash Dr,Suite 794,Tucson,CT,27659,USA,1323,43400
21767,Howard Holdings,Howard,Joyce,+1 (737) 701-9008,3046 Park Terr,,Lyon,,76030,France,1621,116400
21768,Diaz & Miller Holdings,Diaz,Cynthia,+81-55-1446-9184,9520 Cherry Loop,Floor 866,St. Gallen,,38769,Switzerland,1611,10000
21769,Urban Supply LLC,Davis,Dennis,+1 (902) 283-1282,6550 River Terr,,Lyon,,88722,France,,119000
21770,Classic Import Solutions,Lee,Eric,(669) 652-6234,1285 Market Way,,Virginia Beach,MD,97911,USA,1188,40800
21771,Green Holdings,Green,Samantha,+1 (706) 537-6167,562 Cherry Circle,,Las Palmas,,70339,Spain,1621,86500
21772,Jackson Depot,Jackson,Kathleen,+1 (618) 820-7806,7430 Oak Ln,Apt 873,Virginia Beach,MS,14356,USA,1370,15100
21773,Brown & Morris Wholesale,Brown,Tyler,+44 50 2383 4648,9326 Magnolia Blvd,# 588,Uppsala,,68955,Sweden,1370,2400
21774,Mitchell & Jones Services,Mitchell,Shirley,+81-46-7779-1752,7259 River Dr,,Edinburgh,Scotland,NY98 9DN,UK,,234600
21775,Classic Trade Inc.,Long,Jack,(226) 843-9856,2144 Market St,Apt 337,Milwaukee,NM,96368,USA,,65100
21776,Stewart & Garcia Wholesale,Stewart,Tyler,+49 623 266581,4691 Elm Ln,Floor 753,Denver,DE,12151,USA,1165,3800
21777,Campbell Shop,Campbell,Samantha,+49 373 588809,7217 Market St,Rm 850,Denver,AK,46109,USA,1286,9500
21778,Richardson Partners,Richardson,Pamela,+1 (894) 430-7451,5441 Creek Circle,# 873,Nashville,SC,41718,USA,1188,64000
21779,Myers Exports,Myers,Angela,+49 308 688327,1059 Harbor Circle,,Charlotte,KS,55806,USA,1611,35200
21780,Foster LLC,Foster,Robert,+81-66-3715-6180,298 Summit Loop,,Columbus,PA,81928,USA,1165,215600
21781,Johnson Partners,Johnson,Amy,+49 418 642016,1682 Highland St,# 559,Tromsø,,83524,Norway,1165,55500
21782,Roberts & Mitchell Imports,Roberts,Edward,+34 802 276 888,6910 Washington Blvd,,San Jose,MN,38709,USA,1702,108400
21783,Jones Holdings,Jones,George,+34 648 534 137,7639 Highland Circle,Rm 345,Logan City,ACT,2961,Australia,1702,132700
21784,Nelson Industries,Nelson,Rebecca,+44 87 7784 5682,7048 Meadow Rd,,San Antonio,MS,34294,USA,1619,1800
21785,Reyes Industries,Reyes,Janet,+61 4 6119 3844,3152 Hollow Dr,,Leeds,,EA78 4ZR,UK,1625,6700
21786,Global Motor Services,Ross,Dorothy,+81-22-2446-4404,6315 Elm Pl,Rm 968,Calgary,SK,G4E 5M5,Canada,1501,9400
21787,Wright & Watson Associates,Wright,Amanda,+1 (722) 480-9611,109 Station Way,,Palma,,54468,Spain,,27500
21788,Ruiz & James Ventures,Ruiz,Robert,+44 63 3054 8353,2482 Ridge Ct,Apt 250,Kansas City,CT,42536,USA,1370,7200
21789,Nguyen Depot,Nguyen,Nathan,+33 2 35 63 72 54,9562 Hill Terr,Ste 626,Sandnes,,48564,Norway,1611,262500
21790,Price International,Price,Dorothy,(930) 928-4381,8215 Forest Blvd,Suite 407,Baltimore,NH,94694,USA,1702,33900
21791,Lewis & Sanchez Co.,Lewis,Jonathan,+1 (361) 455-7936,6522 Manor Rd,,Melbourne,NSW,2726,Australia,1165,54800
21792,Urban Parts Holdings,Anderson,Barbara,+61 3 1352 7186,7942 Valley Rd,,Hamburg,,57117,Germany,1621,68300
21793,Jones & Evans Group,Jones,Ronald,+44 65 2626 5009,9048 Hickory Blvd,Unit 108,Palermo,,74809,Italy,1323,9600
21794,Ward Collectibles,Ward,Kathleen,+34 928 462 288,1054 Maple Terr,,Lille,,78610,France,1702,25800
21795,Ross Depot,Ross,Elizabeth,+34 700 155 638,4767 Maple Ct,,Basel,,24904,Switzerland,1612,46900
21796,Martin LLC,Martin,Nicole,+49 534 309280,649 Birch St,,Memphis,ID,62140,USA,1401,36100
21797,Reyes & Morgan Co.,Reyes,Lisa,+44 52 5193 1609,9766 Forest Blvd,Floor 687,Antwerp,,30011,Belgium,1165,74900
21798,Nguyen & Chavez Ltd.,Nguyen,Melissa,+1 (258) 686-3845,5915 Hickory Rd,,Düsseldorf,,50800,Germany,1619,27100
21799,Global Sales International,Campbell,Brian,+34 674 197 745,514 Ash Terr,Apt 119,Edinburgh,,LB2 8XO,UK,1702,7900
21800,Walker Associates,Walker,Anthony,+33 4 51 33 10 65,6648 Oak Ave,,Kitchener,NS,J0D 0C4,Canada,1166,900
21801,Scott & Ross Partners,Scott,Catherine,+44 35 2726 1127,1917 Garden Ave,Ste 977,Toulouse,,40291,France,1143,110200
21802,Allen International,Allen,Jack,+1 (205) 975-6451,9383 Station St,,Bilbao,,97277,Spain,1337,86800
21803,Atlantic Export Services,Kim,George,+81-64-2602-1890,3930 Oak Blvd,,Jacksonville,KY,24342,USA,1337,26900
21804,Cruz Gallery,Cruz,Laura,+33 3 26 73 97 89,6017 Birch Ave,,Nashville,PA,15746,USA,,29700
21805,Green Depot,Green,Jessica,(524) 316-2533,9075 Valley Ave,,Wollongong,VIC,7570,Australia,1143,32900
21806,Turner Gifts,Turner,Donna,+1 (898) 619-7591,7700 Meadow Ave,,Columbus,NH,19745,USA,1504,231400
21807,Global Trade Ltd.,Harris,James,+1 (316) 306-3059,7562 Oak Way,# 898,Linköping,,21709,Sweden,1370,5300
21808,Horizon Art Partners,Young,Patricia,+61 6 3127 7534,503 Pine Terr,Rm 873,Baltimore,KY,11601,USA,1619,105300
21809,Scott & Wright Group,Scott,Rebecca,+81-21-5501-9653,7751 Church Rd,,Phoenix,DE,43223,USA,1166,114400
21810,Hernandez Depot,Hernandez,Barbara,+61 4 4900 5572,9792 Market Ave,,Houston,IA,77963,USA,,56500
21811,Harris & Gonzalez Services,Harris,Michelle,+49 135 110797,157 Creek St,,Sapporo,,694-6152,Japan,1612,49200
21812,Chavez Gifts,Chavez,Emily,+81-76-6263-8419,9808 Maple Circle,,Sydney,ACT,9901,Australia,1619,500
21813,Urban Sales Exports,Gray,Rachel,+34 727 542 877,4383 Highland Ln,,Fresno,KS,41210,USA,1504,50100
21814,Bennett Boutique,Bennett,Barbara,(730) 535-7518,7763 Oak Ave,,New York,OR,38084,USA,1501,20700
21815,Pacific Art Associates,Castillo,Michelle,+81-53-9279-1813,8228 Pine Pl,# 157,Leipzig,,30075,Germany,1337,110600
21816,Gonzalez Ventures,Gonzalez,Samantha,+1 (722) 745-1883,6247 Spring Loop,,Seattle,AZ,93395,USA,1337,8000
21817,Nelson & Peterson Corp.,Nelson,Justin,+44 55 1037 4509,3956 Elm Blvd,Floor 511,Valencia,,37481,Spain,1401,213700
21818,Lopez & Scott Group,Lopez,Dorothy,+33 8 42 33 22 96,2359 Sunset Ln,,Dortmund,,34723,Germany,1702,5200
21819,Heritage Export Ltd.,Anderson,Dorothy,+61 5 1035 6966,5610 Cedar Circle,Ste 140,Logan City,SA,3350,Australia,1323,37400
21820,White Gifts,White,Christine,(632) 897-2170,2441 Highland Pl,,Nantes,,69484,France,1165,1500
21821,Miller Inc.,Miller,Anthony,+49 567 882714,727 Spring Rd,,Cologne,,58884,Germany,1621,39300
21822,Perez Distribution,Perez,Kelly,+49 242 623172,5272 Birch St,,Cologne,,78645,Germany,1625,148100
21823,Morris & Thomas Solutions,Morris,Anthony,+1 (728) 206-4426,9075 Spring Blvd,,Gothenburg,,65607,Sweden,1370,57500
21824,Cooper & Cooper Inc.,Cooper,Scott,+34 631 787 356,3790 Poplar Ave,Rm 214,Seattle,TN,67366,USA,1504,98100
21825,Metro Supply International,Johnson,Mary,+1 (883) 768-3935,4323 Magnolia Loop,Suite 798,Wollongong,QLD,4349,Australia,1501,30700
21826,Scott Store,Scott,Jonathan,(528) 440-4544,1150 Station Way,,Edinburgh,Scotland,KQ63 6HO,UK,1619,252200
21827,Hughes Gifts,Hughes,Raymond,(306) 804-6445,1637 Sycamore Ave,,Seville,,21876,Spain,1323,33800
21828,Robinson Store,Robinson,Linda,+1 (624) 299-9822,7957 Sycamore Circle,,Canberra,NSW,4521,Australia,1504,45800
21829,Gonzalez Toys,Gonzalez,Charles,+34 724 250 468,2081 Bay Way,,Florence,,49134,Italy,1702,12400
21830,Metro Import Imports,Brown,Nicole,+61 9 9990 1371,7378 River Loop,,Melbourne,QLD,1396,Australia,1625,3100
21831,Urban Supply Services,Turner,Dennis,+61 6 1909 6923,1302 Hollow Rd,Apt 35,Milwaukee,WV,80599,USA,1702,249900
21832,Johnson & Miller Co.,Johnson,Kimberly,+33 5 90 20 48 14,9854 Hickory Circle,Suite 74,Kawasaki,,918-6176,Japan,1323,3100
21833,Wright Boutique,Wright,Tyler,+81-35-6878-5127,223 Maple Rd,Unit 731,Indianapolis,AL,16425,USA,1611,295200
21834,Evans Trading,Evans,George,+44 51 8266 7914,9913 Hill Rd,,Bray,,86147,Ireland,1143,9700
21835,Anderson & Bennett Co.,Anderson,Nicholas,(576) 779-6405,2899 Station St,,Murcia,,56255,Spain,1504,3100
21836,Martinez Gallery,Martinez,Steven,+33 3 99 41 25 84,6346 Sunset Ave,,Dortmund,,96678,Germany,1370,206400
21837,Scott Center,Scott,Emily,+33 3 75 18 21 40,8276 Hickory Blvd,Unit 87,Nantes,,94362,France,1702,126100
21838,Price & Jimenez Holdings,Price,Scott,+49 50 942257,1513 Summit Rd,,Nantes,,85326,France,1102,67500
21839,Howard & Chavez Trading,Howard,Donald,+34 814 922 360,7839 Manor Circle,,Edinburgh,,RA83 8YH,UK,1625,51600
21840,Anderson Distribution,Anderson,Brian,+34 821 535 810,8819 Sycamore Ct,Floor 827,Strasbourg,,26619,France,,18800
21841,Elite Supply Holdings,Carter,Christopher,+1 (743) 563-7888,7346 Creek Terr,,Logan City,WA,2855,Australia,1619,206200
21842,Sanders Store,Sanders,Margaret,+34 839 156 238,7823 Birch Ave,Unit 825,Nashville,LA,68370,USA,,119700
21843,Sunrise Supply Corp.,Jones,Andrew,+61 9 7395 7717,4377 Magnolia Rd,,Columbus,NY,43860,USA,1188,147200
21844,Baker & Jimenez Inc.,Baker,Larry,+34 630 834 668,9369 Church Circle,,Vancouver,NB,S2T 2S6,Canada,1504,141100
21845,Walker Shop,Walker,John,+49 300 577234,3071 Glen Way,,Bari,,14078,Italy,1166,34000
21846,Davis Center,Davis,Jennifer,+34 948 638 362,5815 Highland Ct,,Milan,,66669,Italy,1165,4900
21847,Global Export Group,Diaz,Debra,+34 871 163 591,1624 Garden Terr,Floor 628,Jacksonville,MN,14728,USA,1611,1400
21848,Central Auto Corp.,Myers,Dennis,+44 46 5610 2600,2914 Creek Terr,,Tucson,MD,40369,USA,1501,900
21849,Crystal Sales LLC,Thompson,Frank,+49 475 969282,9066 Glen Terr,,San Antonio,OH,30406,USA,1323,24500
21850,Myers Associates,Myers,Larry,+33 8 55 96 46 30,9404 Harbor Dr,,Sheffield,,VN83 5EG,UK,1501,122000
21851,Johnson & Edwards Exports,Johnson,Ashley,+61 2 6406 6775,9429 Forest Ave,,Barcelona,,69499,Spain,1188,64600
21852,Rogers & Ruiz Imports,Rogers,Rachel,+49 911 633392,7986 Chestnut Dr,,Mesa,VA,70472,USA,1143,174900
21853,Morgan Center,Morgan,Amy,+81-43-3992-5615,6217 River Terr,,Denver,AK,68079,USA,1165,3200
21854,Martinez Imports,Martinez,Dorothy,+34 628 284 532,2207 Hickory Rd,# 255,Catania,,19052,Italy,1323,112000
21855,Howard & Mitchell Enterprises,Howard,David,+33 2 38 71 17 98,1865 Church Pl,Floor 454,Ghent,,13978,Belgium,1102,12600
21856,Campbell Collectibles,Campbell,Laura,+34 709 564 318,3030 Washington Loop,,Turin,,10892,Italy,1188,6000
21857,Reed & Evans Group,Reed,Emily,+81-12-4419-9588,2610 Meadow St,,Mesa,SC,30717,USA,1337,18800
21858,Metro Supply Distribution,Hernandez,Joshua,+1 (233) 510-6553,1368 Pine Pl,,Sapporo,,948-8716,Japan,1143,142300
21859,Watson Collectibles,Watson,Jose,+49 845 981966,6656 Hickory Dr,,Naples,,73166,Italy,,93700
21860,Nelson Toys,Nelson,Nicholas,+49 805 69660,2772 Spring Rd,,Washington,AL,45830,USA,1337,8800
21861,Urban Trade Wholesale,Morales,Maria,(591) 256-7047,4917 Magnolia Pl,,Fresno,CT,25179,USA,,99900
21862,Garcia & Phillips Exports,Garcia,Gary,(506) 485-3251,765 Meadow Rd,,Kobe,,970-6342,Japan,1611,9200
21863,Pacific Trade International,Hughes,Linda,+49 928 657415,8386 Ridge Blvd,,Turin,,67442,Italy,,4400
21864,Cruz Depot,Cruz,James,+34 678 787 331,8764 Pine Rd,Unit 591,New York,AZ,66252,USA,1504,6500
21865,Collins International,Collins,Jessica,(927) 960-9796,1317 Glen Ln,,Fresno,NV,11822,USA,1702,48700
21866,Collins Models,Collins,George,+44 99 2512 3610,7901 Maple Way,,Düsseldorf,,73333,Germany,1621,79900
21867,Ramos & Anderson Associates,Ramos,Samantha,+49 833 731542,7951 Poplar Dr,Rm 475,Jacksonville,WV,57650,USA,1143,67100
21868,Sunrise Import Holdings,Wright,Julie,+44 54 7635 3114,480 Elm Blvd,,Kyoto,,981-9839,Japan,1143,2200
21869,James Ltd.,James,Gary,+61 7 2730 6210,6525 Valley Ct,Unit 950,The Hague,,16195,Netherlands,1165,12600
21870,Hall Gifts,Hall,Stephanie,+33 3 17 89 28 32,5895 Valley Way,,Paris,,27400,France,1286,2800
21871,Williams Depot,Williams,Paul,+33 5 25 17 16 91,9157 Walnut Ave,,Florence,,36778,Italy,1102,15800
21872,Reed & Brown Inc.,Reed,Dennis,+34 619 493 382,6785 Main Loop,,Houston,IA,51049,USA,1501,87300
21873,Capital Parts LLC,Miller,Brandon,+49 407 129099,8680 Sycamore St,Floor 436,New York,FL,74038,USA,,0
21874,Horizon Supply Trading,Richardson,Jessica,+81-23-9364-3696,4 Poplar Rd,Unit 25,Essen,,76577,Germany,1401,7800
21875,Atlantic Supply Associates,Morgan,Sarah,(648) 766-9358,5399 River Rd,,Ghent,,34711,Belgium,1370,20500
21876,Myers Wholesale,Myers,Helen,+1 (704) 464-1683,1517 Harbor Ave,# 959,Melbourne,NSW,6879,Australia,,24900
21877,Martin Shop,Martin,Jerry,+44 97 7056 3919,8372 Glen Terr,Ste 959,Vancouver,NS,U9V 4R3,Canada,1625,106000
21878,Hernandez & Hill Co.,Hernandez,Jeffrey,+33 7 59 84 46 34,1419 Lake Circle,Rm 72,Columbus,SC,48938,USA,1370,58900
21879,Silver Import Distribution,Ruiz,Joshua,+49 420 745303,8898 Chestnut Ln,,Málaga,,14158,Spain,1188,121300
21880,Robinson & Gray LLC,Robinson,Heather,+33 2 94 82 59 10,3444 Valley Dr,,New York,LA,30401,USA,1621,3200
21881,Metro Craft Services,Jimenez,Patricia,+44 60 1701 3624,4968 Glen St,,Lucerne,,77514,Switzerland,1370,214000
21882,Clark Gifts,Clark,Amanda,+1 (777) 671-1484,2413 Sunset Dr,,Essen,,78925,Germany,1143,8000
21883,Campbell Wholesale,Campbell,Cynthia,+44 75 2114 7940,3083 Manor Ct,,Winnipeg,BC,D0V 8Y6,Canada,1501,141300
21884,Mendoza Group,Mendoza,Nicholas,+49 416 348192,2678 Station Blvd,,Berlin,,50839,Germany,1401,31800
21885,Gonzalez Center,Gonzalez,Andrew,+49 602 770092,677 Magnolia St,,Toulouse,,26162,France,1102,188800
21886,Wright & Harris Industries,Wright,Jennifer,+81-10-3994-2637,6180 Glen Loop,,Nantes,,80672,France,1188,255500
21887,Brooks Gallery,Brooks,Joshua,+61 5 8189 2751,9106 Main Loop,Ste 178,Los Angeles,ND,75365,USA,1165,7300
21888,Morales Solutions,Morales,Joshua,+61 8 3253 5425,4649 River Ave,,Canberra,WA,2275,Australia,1401,6000
21889,Lee Gifts,Lee,Anna,+1 (651) 733-5493,6693 Creek Blvd,Unit 845,Tokyo,,460-8824,Japan,1619,199800
21890,Moore Ventures,Moore,Deborah,+81-61-3859-3927,4927 Hill Rd,Rm 433,Leeds,Wales,NK81 3KK,UK,1504,257800
21891,Parker Co.,Parker,Jennifer,+33 9 62 95 78 77,8467 River Ct,,Indianapolis,CT,39840,USA,1188,230500
21892,Crystal Craft Services,Chavez,Amanda,+34 737 756 667,990 Highland Ln,,Portland,NV,21387,USA,1143,57600
21893,Lee Toys,Lee,Justin,+44 65 7759 5675,6534 Maple St,,Stuttgart,,10533,Germany,1625,6400
21894,Hernandez LLC,Hernandez,Kelly,+49 904 429575,5096 Valley St,Floor 907,Sheffield,,LV76 6JK,UK,1165,14800
21895,Royal Motor International,Chavez,James,+81-50-7551-2736,3249 River Ave,,Hamilton,NL,T7Y 3B7,Canada,1102,2200
21896,Murphy Enterprises,Murphy,Jose,+81-35-5017-6080,4420 Spring Blvd,,Edmonton,ON,X2M 0A6,Canada,1625,171000
21897,National Sales Exports,Davis,Amanda,+61 5 9806 9167,1339 Ridge St,Unit 718,Bruges,,20424,Belgium,1323,46000
21898,Golden Motor Wholesale,Rodriguez,Patrick,+49 776 252212,815 Washington Way,,Osaka,,881-4742,Japan,1102,240500
21899,Metro Parts Corp.,Nguyen,Kimberly,+34 832 232 368,4627 Cedar Rd,,Liverpool,Wales,VO68 7PW,UK,1611,38800
21900,Wilson Services,Wilson,Emily,+49 328 192181,528 Hickory Terr,,Marseille,,12855,France,1504,32800
21901,Taylor Boutique,Taylor,Nicholas,(201) 550-6959,825 Spring Rd,,Leipzig,,71582,Germany,1370,126700
21902,Hall Boutique,Hall,Gregory,+34 954 127 626,4700 Forest Rd,# 891,Tampere,,39223,Finland,1621,57100
21903,Sunrise Craft Industries,Walker,Emily,(359) 735-3679,7743 Forest Loop,,Nijmegen,,12693,Netherlands,1143,500
21904,Urban Sales Exports,Hernandez,Angela,+1 (699) 259-7060,3563 Glen Circle,,Vejle,,86496,Denmark,1625,129100
21905,Bennett & White Imports,Bennett,Deborah,+34 910 637 153,3313 Lake Way,Apt 4,Nice,,96084,France,1216,29300
21906,Murphy Boutique,Murphy,Eric,(731) 507-6930,7122 Sunset Way,,Fort Worth,SC,87190,USA,1216,108600
21907,Reed & Ortiz Group,Reed,Carolyn,+61 3 6172 6138,293 Washington Way,,Lyon,,89258,France,1166,137300
21908,Metro Parts Enterprises,Chavez,George,+81-11-7930-2552,1168 Forest Circle,Floor 338,Milwaukee,OR,39847,USA,1702,3800
21909,Murphy Gallery,Murphy,Lisa,+44 52 4724 9400,7604 Cedar St,,Logan City,TAS,9549,Australia,1702,500
21910,Murphy Center,Murphy,Margaret,+34 746 791 962,9430 River Loop,,Mesa,NJ,93059,USA,1621,251400
21911,Royal Sales Enterprises,Martinez,Elizabeth,+49 858 831033,5087 Bay Rd,,Manchester,England,OK58 4XD,UK,1621,197300
21912,Bennett & Peterson Industries,Bennett,Dorothy,+33 7 77 52 10 92,8080 Hollow Circle,Unit 462,Atlanta,VA,28495,USA,1370,3200
21913,Lopez Store,Lopez,Matthew,+81-57-2264-7687,9488 Washington Rd,# 383,Los Angeles,NM,56547,USA,1621,129600
21914,Global Trade Inc.,Walker,Paul,+49 502 398122,6096 School Ct,,Villach,,95727,Austria,1337,102200
21915,Moore Store,Moore,Patrick,+1 (970) 943-3488,5531 Main Way,,Aarhus,,17688,Denmark,1216,41300
21916,Morales Services,Morales,Rachel,+1 (529) 408-5855,3610 Glen Dr,,Tilburg,,53832,Netherlands,1166,160500
21917,Davis Models,Davis,Betty,+33 7 68 17 52 83,828 Creek Way,Ste 56,Houston,NM,24621,USA,1143,246000
21918,Gray & Wilson Ventures,Gray,Sharon,(352) 353-9376,9004 Glen Rd,,Liverpool,,OB73 7VB,UK,1188,196600
21919,Cooper & Allen Enterprises,Cooper,Larry,+44 68 5155 9228,8701 Manor Pl,,Lille,,62857,France,1166,155400
21920,Allen Boutique,Allen,Michelle,+81-60-9550-2083,2481 Elm Ave,,Bristol,England,DZ25 4MO,UK,1216,194100
21921,Chavez Solutions,Chavez,Nicole,+44 95 4549 2733,917 Sycamore Rd,,Strasbourg,,52736,France,1323,35500
21922,Ward Associates,Ward,Katherine,+1 (511) 642-6001,6246 Chestnut St,Floor 609,Phoenix,VA,41628,USA,1216,118200
21923,Elite Export Distribution,Lewis,Maria,+81-89-1818-7926,9774 Cedar St,,Birmingham,England,TV21 7ZR,UK,1625,5200
21924,Diaz Models,Diaz,Samantha,+81-63-1821-1488,9984 Summit Blvd,,Albuquerque,UT,29937,USA,1323,5200
21925,Morris Center,Morris,Samuel,(574) 266-9518,2895 Harbor St,Suite 203,Randers,,73460,Denmark,1702,23900
21926,Hill Shop,Hill,Brandon,+44 57 2233 1620,9664 Market Pl,,San Antonio,SC,45452,USA,1143,22200
21927,Long Store,Long,Jeffrey,+61 7 5324 4252,2711 Creek Pl,Ste 675,Oklahoma City,OR,50100,USA,1612,2600
21928,Horizon Import Ventures,Chavez,Joshua,+61 7 5070 3573,1682 Forest Terr,,San Antonio,UT,58582,USA,,182400
21929,Green & Green Corp.,Green,Cynthia,+81-44-8162-3716,9322 Market Loop,,Calgary,BC,J3J 2D3,Canada,1501,43700
21930,Heritage Auto Trading,Foster,Michelle,+44 77 7210 4066,4795 Maple Ct,,Valencia,,90360,Spain,1323,178400
21931,Long & Watson Associates,Long,Jason,+44 97 3226 7849,6235 Oak Pl,Unit 552,Palmerston North,,38519,New Zealand,1166,211300
21932,Rodriguez Associates,Rodriguez,John,+49 989 998940,401 Forest Rd,,Dallas,SD,68882,USA,1370,231700
21933,Lopez & Cruz Holdings,Lopez,Gary,(380) 921-3458,3020 Poplar Terr,,Leeds,England,QA89 6HQ,UK,1611,136900
21934,Campbell & Ross Exports,Campbell,Catherine,+81-22-3769-3509,4722 School Ave,Unit 950,Murcia,,45367,Spain,1102,128500
21935,Taylor Models,Taylor,Aaron,+81-75-4316-5308,9159 Garden St,,Houston,NH,19852,USA,1323,25400
21936,Carter & Howard Wholesale,Carter,Barbara,+34 654 868 158,5016 Spring Ct,,Dundalk,,11928,Ireland,1216,119900
21937,Watson Holdings,Watson,Joshua,+1 (893) 761-9428,3511 Church Blvd,,Nashville,CA,28372,USA,1619,5200
21938,Kim & Clark Partners,Kim,Andrew,+49 297 830041,8317 School Pl,,Portland,NC,13846,USA,1621,43300
21939,Alvarez Store,Alvarez,Kelly,+1 (511) 438-9396,3665 Pine Loop,,Utrecht,,83278,Netherlands,1702,220300
21940,Royal Trade Distribution,Carter,Jerry,+33 2 25 30 59 55,7742 Summit Ct,Suite 731,Chicago,CA,78892,USA,1611,25500
21941,Morales Imports,Morales,Barbara,+61 3 2300 9733,2912 Valley Blvd,,Madrid,,50425,Spain,1286,8100
21942,Collins & Gomez Ltd.,Collins,Thomas,+44 52 2055 4694,305 Pine Ct,,Leicester,England,AS45 4DB,UK,1337,16200
21943,Thompson Holdings,Thompson,Robert,+81-13-4870-7602,81 Pine Rd,,Wollongong,VIC,6107,Australia,1102,99100
21944,Alvarez Services,Alvarez,Rachel,(611) 927-4071,3747 Valley Dr,,Nagoya,,806-6748,Japan,1337,81200
21945,Morales & Jones Associates,Morales,Jessica,+44 48 1001 8827,6485 Hollow Dr,Rm 957,Ottawa,QC,G3Y 2A9,Canada,1286,252000
21946,Reed Solutions,Reed,Donald,(802) 527-9263,8479 Station Ct,Apt 620,Seville,,96630,Spain,1102,208800
21947,Crystal Craft Solutions,Lopez,Jennifer,+61 7 9370 5758,90 Oak Dr,,Adelaide,NT,6942,Australia,1337,7400
21948,Smith Partners,Smith,Lisa,(698) 984-6718,8558 Magnolia Terr,# 17,Aarhus,,88649,Denmark,1102,14800
21949,Global Sales Partners,Stewart,Cynthia,+33 7 54 64 78 91,2382 Cherry Circle,,Memphis,TN,30904,USA,1501,7600
21950,Morales Inc.,Morales,Brenda,+49 120 274787,5561 Highland Rd,,Bologna,,98293,Italy,1286,110200
21951,Ramirez Trading,Ramirez,Carol,+1 (636) 936-6735,9174 Cedar St,Ste 920,Las Vegas,MN,12008,USA,1286,188100
21952,Allen & Evans Ltd.,Allen,Emma,(470) 926-8055,8532 River Rd,# 535,Virginia Beach,AK,84120,USA,1611,69800
21953,Diaz Group,Diaz,Linda,+81-26-4059-9945,3313 Elm Dr,Suite 461,Austin,MI,52336,USA,1102,5800
21954,Edwards Associates,Edwards,Ashley,+33 4 88 61 89 90,2699 Magnolia Ave,,Zaragoza,,82675,Spain,1702,23300
21955,Crystal Trade Corp.,Wood,Jason,+34 792 365 574,6332 Summit Loop,,Bologna,,47341,Italy,1501,139900
21956,Metro Art Holdings,Martinez,Debra,+61 3 5110 4906,1963 Main Blvd,,Bristol,,AS75 3QN,UK,1501,11400
21957,Castillo Boutique,Castillo,Gregory,+33 1 53 34 11 65,2002 Sycamore Pl,Unit 191,Milan,,80349,Italy,1401,39400
21958,Nguyen Co.,Nguyen,Shirley,(795) 862-3015,9708 Hill Loop,,Kawasaki,,575-7583,Japan,1619,3300
21959,Silver Sales Inc.,Nguyen,Gary,+81-63-4395-6000,5070 Valley Pl,,Nijmegen,,25251,Netherlands,1216,270100
21960,Green Center,Green,Nicole,+44 44 4741 9012,3713 River Loop,,Louisville,ID,63600,USA,1619,1900
21961,Premier Sales Ltd.,Ross,Stephanie,(856) 848-8068,2463 Sycamore Pl,,Edmonton,AB,A7N 8X3,Canada,1102,3500
21962,White & Diaz Solutions,White,Paul,+49 227 311195,4086 Poplar St,Suite 539,Toulouse,,70620,France,1143,37000
21963,Sunrise Import Group,Wilson,William,+49 153 304199,8826 Birch Dr,,Columbus,KY,70458,USA,1625,140300
21964,Rodriguez Partners,Rodriguez,Matthew,+1 (214) 758-9563,2886 Manor Way,# 744,Stuttgart,,87654,Germany,1702,54500
21965,Wilson Boutique,Wilson,Jack,+49 948 81858,8676 Cedar Circle,,Brussels,,78037,Belgium,1401,96100
21966,Bailey & Parker Ltd.,Bailey,Nancy,+33 2 43 82 34 98,557 Poplar Ct,Rm 445,Frankfurt,,59484,Germany,1143,28100
21967,Global Parts Inc.,Flores,James,+81-39-9029-7757,4542 Sycamore Ave,,Las Palmas,,40127,Spain,1216,1800
21968,Sanders Toys,Sanders,Sandra,+61 7 4400 4037,7986 Magnolia Ave,,Antwerp,,93315,Belgium,1323,163300
21969,Miller & Young Wholesale,Miller,Edward,+1 (683) 363-7777,7456 Manor St,Floor 318,Tucson,WI,78302,USA,,6900
21970,Turner Depot,Turner,Elizabeth,+61 5 1948 3543,3987 Hollow Terr,,Kansas City,NC,97713,USA,,114600
21971,Metro Import Holdings,Young,Brian,+81-15-2400-6581,2857 Maple Ct,Unit 834,Munich,,41846,Germany,1370,4400
21972,Murphy Ltd.,Murphy,Deborah,+44 15 4302 7878,9198 Main Rd,Suite 909,Edmonton,NS,S0C 4C2,Canada,1165,177900
21973,Diaz Exports,Diaz,Brenda,+33 6 91 18 40 62,7524 Ridge St,,Basel,,69257,Switzerland,1501,8600
21974,Metro Import Partners,Peterson,Emma,+61 8 2402 9309,4041 Birch Loop,,Lausanne,,98533,Switzerland,1216,98200
21975,Golden Craft Solutions,Ward,Frank,+44 35 7182 1614,8406 Sunset Ct,Ste 898,Bordeaux,,99278,France,1216,274900
21976,Martin Exports,Martin,Linda,(607) 977-2776,5454 Chestnut Pl,,Naples,,90982,Italy,1619,91100
21977,Rogers Trading,Rogers,Adam,+1 (724) 948-7149,2569 Creek Terr,,Indianapolis,CO,91937,USA,1286,139000
21978,Murphy & Richardson Enterprises,Murphy,James,+81-50-8345-6971,6016 Chestnut Rd,Suite 68,Calgary,BC,W4B 2Y7,Canada,1323,2400
21979,Bennett Collectibles,Bennett,Debra,+49 148 63260,5528 Church Ct,# 641,Murcia,,17775,Spain,1504,100
21980,Gray International,Gray,Aaron,+61 8 8586 2497,6650 Oak Loop,Unit 711,Philadelphia,NH,59606,USA,1401,140900
21981,Nelson Boutique,Nelson,Laura,+49 823 199434,6443 Oak Way,,Groningen,,44453,Netherlands,1337,102500
21982,Parker Shop,Parker,Emma,+1 (495) 310-5737,8420 Glen Ln,,Kyoto,,821-2889,Japan,1611,143800
21983,Myers Models,Myers,Sarah,+33 1 86 92 98 47,927 River Blvd,,Singapore,,572053,Singapore,1286,33200
21984,Sunrise Art Ventures,Adams,Carolyn,+1 (590) 856-4436,9127 Walnut Blvd,,London,,FK52 7ZY,UK,,3500
21985,Wilson Trading,Wilson,Melissa,+33 3 26 44 86 59,7918 Garden Ct,,Memphis,NY,69694,USA,1401,199300
21986,Taylor Ventures,Taylor,Jessica,+49 953 322621,2675 Poplar Loop,,Indianapolis,TX,13134,USA,1188,238200
21987,Walker Shop,Walker,Jessica,+81-80-1133-9509,6987 Cherry Terr,,Essen,,78276,Germany,1621,141300
21988,Central Auto Ventures,Walker,Frank,+34 670 470 407,4769 Meadow Ct,Floor 55,Houston,UT,46890,USA,1216,91200
21989,Wood & Peterson Exports,Wood,Joyce,+49 420 846603,1481 Ash Dr,,Houston,NJ,51629,USA,1102,16700
21990,Kim Inc.,Kim,Eric,+33 3 51 60 67 88,1742 Sunset Terr,,Bristol,,PO1 8LA,UK,,133000
21991,Ross Store,Ross,Elizabeth,+81-11-7615-4808,6659 Hollow Loop,,Memphis,ID,63258,USA,1621,3800
21992,Myers Toys,Myers,Charles,+49 610 520143,4967 Oak Terr,Floor 376,Virginia Beach,ND,65230,USA,1370,9500
21993,Classic Trade Corp.,Wood,Larry,+44 78 5088 5172,793 Poplar Circle,Suite 718,Albuquerque,MO,32332,USA,,5200
21994,Young Boutique,Young,Amanda,+1 (281) 815-3775,6985 Ash Way,,Washington,MT,78765,USA,1702,900
21995,Green Boutique,Green,Jessica,(867) 378-8870,7573 Creek Pl,,Frankfurt,,29056,Germany,1370,48200
21996,Nelson Center,Nelson,Adam,+34 801 487 185,9035 Summit Rd,,San Jose,AK,22278,USA,1337,67500
21997,Torres Inc.,Torres,Rebecca,+44 38 5188 8012,7977 Valley Circle,Floor 378,Long Beach,MD,18257,USA,1323,8900
21998,Crystal Export Group,Cooper,Maria,+44 76 2876 5916,849 Pine Terr,,Nice,,98456,France,1612,42000
21999,Watson Toys,Watson,Carol,(976) 454-9303,6928 Main Ct,,Bari,,97602,Italy,1216,134700
22000,Alpha Trade Wholesale,Gray,Cynthia,+1 (976) 554-6165,6133 Poplar Blvd,,Napier,,12419,New Zealand,1621,4200
22001,Parker Co.,Parker,Samuel,(523) 747-5470,7203 Hill Ln,Suite 238,Gold Coast,ACT,4580,Australia,1323,40600
22002,Global Auto Holdings,Adams,Frank,+34 724 115 972,9421 Market St,,Salzburg,,24085,Austria,1323,5500
22003,Richardson & Roberts Corp.,Richardson,Catherine,+44 75 5940 9156,6025 Market Loop,,El Paso,UT,57750,USA,1323,39300
22004,National Trade Inc.,Howard,Nicole,+1 (895) 779-6572,8962 Hollow Pl,,Bristol,England,RQ66 6YO,UK,1401,43200
22005,Martinez Boutique,Martinez,Kelly,+61 8 8663 1058,291 Hollow Rd,Floor 162,Logan City,SA,7622,Australia,1702,271100
22006,Nelson Holdings,Nelson,Laura,+49 243 619237,6560 Chestnut St,,London,Scotland,BP44 3BI,UK,1102,222000
22007,Garcia & Hill Industries,Garcia,Lisa,+1 (323) 269-3963,7827 Valley Circle,Floor 83,Palermo,,11707,Italy,1143,2000
22008,Elite Import Ltd.,Watson,Helen,+33 6 33 66 53 63,6887 Summit Ct,Suite 501,Kolding,,64409,Denmark,1323,38300
22009,Martinez Models,Martinez,James,+1 (260) 704-5836,1485 School Blvd,,Wollongong,WA,3924,Australia,1143,7400
22010,Nguyen & Bailey Solutions,Nguyen,Patricia,+49 317 507230,2142 Bay Way,,Fresno,FL,37821,USA,1165,41600
22011,Ortiz & Martinez Industries,Ortiz,Ryan,+34 917 929 951,7523 River Terr,# 264,San Diego,AZ,17859,USA,1501,59500
22012,Reyes Boutique,Reyes,Paul,+61 6 9015 2361,3686 Manor Circle,,Bristol,,YL58 1HZ,UK,1625,33300
22013,Capital Import International,Ortiz,Kathleen,+49 656 867553,4736 Church Dr,Apt 26,Chicago,OH,10584,USA,1501,76800
22014,Urban Export Associates,Hall,Cynthia,+61 3 2705 8718,1465 Creek Dr,,Virginia Beach,NV,48091,USA,1625,70200
22015,Stewart & Roberts Solutions,Stewart,Elizabeth,+1 (509) 511-4795,7033 Elm Ave,Unit 515,Toronto,PE,B4U 0U8,Canada,1143,37300
22016,Cruz Partners,Cruz,Sarah,+81-57-4817-7020,8697 Washington Circle,,Berlin,,84012,Germany,1165,274200
22017,Edwards Partners,Edwards,Mary,+49 133 314951,7097 Summit Way,,Essen,,94512,Germany,1370,134000
22018,Nguyen & Baker Group,Nguyen,Cynthia,+34 985 326 796,9551 Sycamore Circle,,Milwaukee,MO,80565,USA,1625,12800
22019,Young Collectibles,Young,Katherine,+61 3 7225 4645,1013 Hollow Circle,,Los Angeles,SC,56260,USA,1165,172600
22020,Metro Parts Wholesale,Campbell,Elizabeth,+1 (644) 389-9970,2060 Chestnut Circle,,Barcelona,,61582,Spain,1619,5100
22021,Harris Holdings,Harris,Diane,+49 865 604989,8553 Forest Rd,,Stuttgart,,20990,Germany,1188,299400
22022,Long & Torres Exports,Long,Benjamin,+49 277 31590,7599 Garden Blvd,Ste 503,Indianapolis,CT,65627,USA,1504,180200
22023,Hill Collectibles,Hill,Janet,+44 59 3291 8177,9654 Maple Pl,Unit 539,Manchester,Wales,DN87 3RW,UK,1401,2100
22024,Bailey Shop,Bailey,Jerry,+49 297 974719,116 Meadow Ave,,Salzburg,,44858,Austria,,84700
22025,Premier Import Holdings,Gutierrez,Stephanie,+44 91 5867 6369,7560 Washington Dr,,Tucson,MS,19456,USA,1216,4500
22026,Heritage Auto Exports,King,Jeffrey,+33 2 32 68 65 15,7531 Willow Rd,Ste 683,Nice,,80081,France,1401,8900
22027,Capital Craft Co.,Taylor,George,+61 6 7674 2747,3097 Station Dr,Floor 435,Paris,,96947,France,1621,1000
22028,Reyes & Reed Ltd.,Reyes,Heather,+1 (890) 301-3206,8517 Meadow Rd,,Logan City,WA,6134,Australia,1370,148000
22029,Baker & Cox Inc.,Baker,Nicholas,+49 44 966453,7388 Harbor Rd,,Milan,,99279,Italy,1501,11200
22030,Garcia Gallery,Garcia,Samantha,+1 (358) 911-5015,6375 Church Pl,,Catania,,90965,Italy,1370,98900
22031,Johnson & Walker Distribution,Johnson,Shirley,+1 (573) 793-9908,2924 Ridge St,,Napier,,65021,New Zealand,1102,8700
22032,National Export Distribution,Smith,James,+33 1 68 19 17 79,2626 Hill St,,Memphis,ND,72791,USA,1143,174900
22033,Gomez & Anderson Associates,Gomez,Samuel,+44 69 3196 3730,9478 Magnolia St,,Washington,VT,18881,USA,1625,173200
22034,Foster & Flores Holdings,Foster,Jonathan,+49 660 349533,9546 Poplar Ct,,Louisville,IL,83327,USA,1323,34400
22035,Sunrise Motor Wholesale,Ortiz,Nathan,(878) 814-1438,8449 Hickory Ave,,Adelaide,NT,4531,Australia,1323,32200
22036,Wright Ventures,Wright,Elizabeth,(481) 536-5313,5370 River Circle,Floor 611,Baltimore,NJ,84226,USA,,293800
22037,Heritage Sales Distribution,Scott,Angela,+81-26-9466-7518,704 Maple Terr,,Sapporo,,700-5218,Japan,1323,2700
22038,Brooks Associates,Brooks,Brenda,+61 9 6267 3406,9337 Walnut Rd,,Paris,,20529,France,1611,74700
22039,Cook Distribution,Cook,Rebecca,(330) 999-4458,24 Washington Ln,,Raleigh,WA,11738,USA,1323,79300
22040,Jones Corp.,Jones,Gregory,+34 671 415 811,9375 Maple Way,,Randers,,25216,Denmark,1216,147100
22041,Torres Store,Torres,Victoria,+1 (832) 296-1930,8707 Forest Ln,,Louisville,KS,17125,USA,1102,6900
22042,King & Garcia Corp.,King,Jose,+81-74-4067-9212,7811 Market Ct,Rm 846,New York,MA,83881,USA,1625,48300
22043,Diamond Craft Associates,Bailey,Edward,+81-42-9358-8749,4381 Cherry Ct,,Baltimore,WI,60399,USA,1165,84300
22044,Sunrise Art Wholesale,Walker,Ashley,+49 867 134010,8335 Harbor Rd,,Colorado Springs,KY,93287,USA,1612,11400
22045,Premier Trade Wholesale,Cox,Jason,+61 7 6336 5577,3242 Poplar Circle,,Memphis,TN,25810,USA,1166,47600
22046,Bennett Store,Bennett,Brandon,+34 750 937 298,1769 Garden Ct,,Yokohama,,632-1095,Japan,1323,147200
22047,Metro Import Holdings,Gonzalez,Jeffrey,+33 9 63 20 60 90,9904 Forest Circle,Floor 400,Palma,,43147,Spain,1619,49000
22048,Ortiz Distribution,Ortiz,Joshua,+1 (855) 228-6263,5212 River Loop,# 458,Philadelphia,SC,64297,USA,1188,197800
22049,Golden Art Associates,Watson,Sarah,(855) 374-7811,9392 Church Ln,,Dortmund,,65503,Germany,1401,2300
22050,Ruiz & Hall Holdings,Ruiz,Frank,+44 36 3890 7058,3866 Meadow Ln,,Geneva,,32419,Switzerland,1612,197900
22051,Foster Toys,Foster,Susan,+49 641 141659,3403 School Ave,,Florence,,45388,Italy,1401,4100
22052,Jones & Ortiz Ltd.,Jones,Samantha,+49 242 227713,7940 Garden Dr,,Louisville,AL,92748,USA,1216,141500
22053,Diamond Sales Ltd.,Young,Anthony,(475) 894-4731,1551 Station Loop,,Vancouver,NL,U7B 2L2,Canada,,89800
22054,Classic Craft Associates,Garcia,George,+44 32 5202 1582,4028 School Rd,,Houston,SD,28574,USA,1702,9300
22055,Anderson & Ward Inc.,Anderson,Barbara,+44 36 5390 1843,9902 Lake Ct,,Las Vegas,TN,79576,USA,1401,25000
22056,Rivera Gifts,Rivera,George,+33 8 48 77 59 84,1038 Willow Blvd,,Leipzig,,82720,Germany,1501,11900
22057,Sanchez Imports,Sanchez,Victoria,+34 789 126 205,16 Sycamore Circle,Unit 258,Brisbane,NT,7362,Australia,1370,117900
22058,Ward Partners,Ward,Maria,+49 275 29024,2181 River Dr,Apt 44,Memphis,PA,75121,USA,1143,77800
22059,Gonzalez & Carter Solutions,Gonzalez,Jacob,+44 81 7519 2782,1490 Bay Loop,Suite 857,Philadelphia,WI,98035,USA,1165,1400
22060,Foster & Brooks Trading,Foster,Carolyn,+44 47 4929 1366,2387 Meadow Loop,,Bern,,27873,Switzerland,1166,41000
22061,Cox & Cooper Group,Cox,Shirley,+33 3 87 51 58 24,9602 Walnut Terr,Apt 344,San Francisco,MI,18044,USA,1611,108800
22062,Pacific Craft Ventures,Carter,Gary,+33 1 92 69 15 86,5946 Forest Way,Unit 4,Palmerston North,,86024,New Zealand,1143,23600
22063,Nelson Store,Nelson,Patrick,+33 7 33 85 28 47,1129 Walnut Loop,,The Hague,,65233,Netherlands,1286,217600
22064,Patel & Ruiz Trading,Patel,Patrick,+44 34 3631 9684,4578 Creek Blvd,,Sacramento,GA,18392,USA,1625,58300
22065,Alpha Auto Partners,Ramirez,Christopher,+49 336 88024,4773 Maple Loop,,Los Angeles,WY,86140,USA,1166,109000
22066,Brown & Kelly Solutions,Brown,Gregory,+33 4 92 68 45 24,4581 Ridge Blvd,,Singapore,,136286,Singapore,1323,23700
22067,Alpha Trade Ventures,Edwards,Eric,+61 7 1969 9335,9492 Summit Ln,,San Francisco,WI,14229,USA,1612,42300
22068,Smith Models,Smith,Kathleen,+49 590 271737,5736 River Loop,,Leicester,Wales,QJ51 8JO,UK,1619,233400
22069,Moore Collectibles,Moore,Christine,+1 (968) 576-6817,6046 Meadow Circle,Suite 764,Fukuoka,,938-3132,Japan,1619,213400
22070,Cook Holdings,Cook,Samuel,+33 4 64 44 31 46,9314 Manor Rd,,Rome,,51035,Italy,1625,121500
22071,Sanders & Moore Services,Sanders,Patrick,+49 224 843493,962 Forest Ct,Apt 911,Adelaide,WA,5888,Australia,1165,23400
22072,Metro Trade Group,Richardson,Patricia,+1 (645) 648-7247,4517 Chestnut Ct,Ste 475,Las Vegas,HI,62671,USA,1286,92500
22073,Brown Depot,Brown,Jack,+49 566 818842,601 Washington Blvd,Rm 994,Chicago,WA,19068,USA,1102,165700
22074,Wood Inc.,Wood,Emma,(949) 500-3834,1012 Hollow Blvd,,Colorado Springs,CA,17162,USA,,51600
22075,Hernandez & Martinez LLC,Hernandez,Dorothy,+61 2 4555 2444,3391 Pine St,,Nice,,99791,France,1323,5200
22076,Rivera Industries,Rivera,Jeffrey,+49 766 147982,1180 School Way,Unit 124,Kansas City,IA,55293,USA,,266800
22077,Thomas Ltd.,Thomas,Kevin,+33 5 24 14 60 23,7715 Washington Rd,Unit 632,Singapore,,282626,Singapore,1611,293100
22078,Hall & Thomas LLC,Hall,Joshua,+61 2 9941 6016,3063 Hill St,,Dortmund,,19749,Germany,1286,232300
22079,Patel Center,Patel,Robert,+33 2 85 22 44 17,639 Washington Circle,Ste 754,Charlotte,KS,63413,USA,1102,137600
22080,Ramos & James Group,Ramos,Joseph,+49 667 167310,1260 School Loop,,Dortmund,,50095,Germany,1621,17700
22081,Chavez & Morris Solutions,Chavez,Dorothy,(285) 238-6476,9753 Manor Way,,Düsseldorf,,91966,Germany,1143,254800
22082,Harris Services,Harris,Paul,+34 859 168 111,8465 Highland Circle,,Dortmund,,90940,Germany,1401,45600
22083,Alvarez & Harris Co.,Alvarez,David,+81-52-2374-7346,2924 Cedar Pl,Apt 811,Swords,,85541,Ireland,1611,147500
22084,Moore Shop,Moore,Gregory,+1 (767) 477-1026,6935 Park Ave,,Mesa,NE,86864,USA,1612,248300
22085,Ramirez Collectibles,Ramirez,Kathleen,+61 2 7408 7406,3388 Forest Terr,,Murcia,,39953,Spain,1612,50900
22086,Brown International,Brown,Samuel,+44 57 1785 9274,9969 Cedar Pl,Floor 641,Rome,,98968,Italy,1625,87100
22087,Atlantic Motor Industries,Howard,Barbara,+1 (650) 608-2510,6092 Main Loop,# 770,Phoenix,MT,16314,USA,1504,30200
22088,King Solutions,King,Eric,+34 822 549 440,4573 Sycamore Loop,Suite 786,Philadelphia,NH,67992,USA,1323,191900
22089,Patel International,Patel,Betty,+33 9 60 14 35 84,2168 Spring Terr,# 552,Genoa,,94492,Italy,1143,277500
22090,Atlantic Supply Solutions,Clark,Melissa,+1 (669) 758-1733,9806 Lake Ct,Suite 175,Fresno,ME,36468,USA,1621,7200
22091,Jackson Wholesale,Jackson,Samantha,+1 (790) 675-6693,6636 Main Terr,,San Francisco,KY,22692,USA,1401,283000
22092,Murphy Gallery,Murphy,John,+81-12-8113-3315,3660 Chestnut Rd,,Raleigh,AR,46791,USA,1165,216600
22093,Wright Group,Wright,Carol,+61 4 2491 9690,8573 Bay Way,,Tokyo,,863-3950,Japan,1504,15100
22094,Howard Gallery,Howard,Christine,+34 810 186 903,699 Spring Dr,,Raleigh,CA,79761,USA,1611,91800
22095,Foster Ventures,Foster,Timothy,+49 483 421404,5396 Hollow Ln,# 480,Oslo,,77120,Norway,1619,1000
22096,Ramos & Chavez Exports,Ramos,Andrew,(524) 271-3615,3321 Harbor Way,,Stuttgart,,30587,Germany,1165,273100
22097,Carter Boutique,Carter,John,+81-49-3142-4580,8226 River Loop,# 379,Leipzig,,68429,Germany,1501,141700
22098,Baker Solutions,Baker,Benjamin,+81-52-1371-9571,3173 Willow Dr,,Nelson,,62350,New Zealand,1165,156500
22099,White & Martinez Associates,White,Mark,(832) 243-5775,273 Glen Terr,,Perth,NSW,8854,Australia,1612,7000
22100,Brooks & Walker Industries,Brooks,Maria,+49 385 296653,9932 Willow Blvd,,Milan,,33507,Italy,1619,99600
22101,Elite Supply Inc.,Price,Dennis,+61 2 1909 8262,8624 Lake St,,Nice,,39146,France,1401,83400
22102,Green Shop,Green,Catherine,+49 513 304482,3424 Forest Way,Apt 996,Nagoya,,501-8411,Japan,1143,43100
22103,Turner Industries,Turner,Sharon,(654) 740-3653,3967 Ridge Rd,,Munich,,44658,Germany,1612,159000
22104,Brown Exports,Brown,Ronald,+33 6 86 93 64 26,2541 Church Way,,Montreal,NL,N4A 0B9,Canada,1370,221600
22105,Moore & Hill Exports,Moore,James,+44 79 3676 7850,1876 Sunset Ct,Suite 799,Zaragoza,,55160,Spain,1625,17900
22106,Diamond Motor Imports,Morris,Timothy,+33 8 56 89 55 52,4235 Main Dr,,Indianapolis,MI,98370,USA,1188,67000
22107,Horizon Import Associates,Allen,Kevin,+34 797 891 807,184 Pine Pl,,Cologne,,89997,Germany,1702,38600
22108,Gutierrez Models,Gutierrez,Charles,+49 260 35850,3824 Summit Circle,,Groningen,,77856,Netherlands,1165,96600
22109,Pacific Motor Ventures,Thompson,Nathan,+81-83-1766-9835,122 Bay Loop,,Bruges,,80204,Belgium,1612,45500
22110,Cruz Models,Cruz,Donna,+81-23-2064-9008,3171 Birch Pl,Floor 126,Milwaukee,OK,69782,USA,1188,229100
22111,Williams & Martinez Holdings,Williams,Emily,+81-64-7443-3822,6507 Ash Loop,,Montreal,NS,P6D 6F4,Canada,,15500
22112,Phillips Store,Phillips,Amy,+61 9 3309 6471,7261 Elm Circle,# 585,Albuquerque,CT,61435,USA,1370,1900
22113,Richardson & Nguyen Ltd.,Richardson,Patricia,+34 987 198 167,5589 Summit Blvd,,Milwaukee,KS,42916,USA,1323,1600
22114,Hernandez Models,Hernandez,Kevin,+81-88-4234-2916,427 Creek Ct,,Madrid,,69106,Spain,1188,25600
22115,Golden Auto Solutions,Lee,Emily,+49 744 433098,2865 Elm St,Unit 971,Vantaa,,41860,Finland,1370,39600
22116,Long Store,Long,Maria,+44 58 4214 4057,31 Station Way,,San Antonio,VT,72926,USA,1102,98000
22117,Gomez Center,Gomez,Matthew,+49 715 337052,8202 Creek Dr,,Cologne,,67271,Germany,1619,30300
22118,Evans Gifts,Evans,Tyler,+44 20 2467 3865,4826 Hill Terr,,London,,WZ3 5ES,UK,1216,2600
22119,Morris & Davis Holdings,Morris,Raymond,+33 1 23 57 10 95,8383 Hill Loop,,Glasgow,,ED13 3AG,UK,,194700
22120,Long Partners,Long,Brenda,+61 6 7881 9532,5085 Oak St,,Cologne,,14996,Germany,1102,61900
22121,Turner Associates,Turner,Donald,+61 6 6445 3130,1678 Washington Ave,,Cologne,,34348,Germany,1504,83100
22122,James Ventures,James,Helen,+61 4 1296 7039,4798 Pine Ct,,Utrecht,,59712,Netherlands,,1500
22123,Turner Co.,Turner,Barbara,+33 5 56 90 35 93,6822 Oak Terr,,Fukuoka,,943-4550,Japan,1216,277500
22124,Mitchell & Nelson Enterprises,Mitchell,Joseph,+44 50 9958 9839,3612 Spring Ln,,Rome,,57030,Italy,1102,99500
22125,Silver Trade Partners,Nelson,Rachel,+33 6 35 82 22 90,7381 Harbor Ave,# 580,Glasgow,Scotland,WJ5 6YU,UK,1102,209500
22126,Elite Trade Wholesale,Brown,Debra,+1 (467) 911-4098,8263 Garden Pl,,Winterthur,,98663,Switzerland,1504,10600
22127,Horizon Craft Enterprises,Cooper,Tyler,+81-75-6011-9509,3378 Elm Blvd,Ste 810,Edinburgh,England,GP4 4OP,UK,1323,3500
22128,Premier Sales Inc.,Williams,Steven,+1 (202) 238-5524,3978 Garden Ave,,Phoenix,OK,23235,USA,1401,39100
22129,Allen Inc.,Allen,Christine,+81-21-6295-6916,5331 River Ln,Apt 717,Rotorua,,47279,New Zealand,1370,294100
22130,Davis & James Corp.,Davis,Victoria,+49 557 255556,1768 Walnut Way,Suite 907,San Jose,PA,43521,USA,1166,5800
22131,Martinez & Thomas Partners,Martinez,Edward,+1 (201) 278-2053,4892 Willow Ave,,Bologna,,83869,Italy,1166,213000
22132,Watson Store,Watson,Melissa,(500) 446-6034,8985 Sunset Way,,Singapore,,332152,Singapore,1216,100500
22133,National Craft Holdings,Davis,Samuel,+49 195 560196,6017 Main Terr,,Madrid,,54923,Spain,1611,292900
22134,Hughes Toys,Hughes,Patricia,+61 9 9338 2377,6107 Chestnut Ave,,Hamburg,,16607,Germany,1323,109300
22135,Allen & Watson International,Allen,Jason,+34 929 786 275,2101 Magnolia Rd,Rm 538,San Antonio,NM,35984,USA,1501,121300
22136,Green Solutions,Green,Deborah,+33 2 47 56 58 27,5499 Walnut Pl,,Osaka,,133-6117,Japan,1619,2300
22137,Anderson Enterprises,Anderson,Mary,+1 (580) 543-3262,3030 Elm Rd,# 490,Baltimore,MD,50295,USA,1619,249100
22138,Reed Shop,Reed,Donna,+49 109 76729,5760 Manor Circle,,Canberra,ACT,4011,Australia,1188,193500
22139,Edwards Gifts,Edwards,Rachel,+49 541 339439,657 Hollow Ave,,Portland,NC,13445,USA,1143,9500
22140,Morris Trading,Morris,Victoria,(511) 437-4476,3858 Lake Dr,,Las Vegas,OR,39281,USA,1165,210900
22141,Evans Collectibles,Evans,Donna,(320) 578-9095,8636 Chestnut Ln,,Hamburg,,89118,Germany,1501,4500
22142,Gutierrez Collectibles,Gutierrez,Melissa,+61 6 7165 4383,6607 Spring Loop,,Nashville,FL,37555,USA,1370,8100
22143,Rivera Models,Rivera,John,+49 822 543681,5027 Summit St,# 500,Fresno,ND,43838,USA,1504,22300
22144,Classic Craft Partners,Miller,Jason,+44 73 8217 4608,1959 Poplar Pl,Suite 539,Palma,,25299,Spain,1286,91800
22145,Reyes & Ruiz Solutions,Reyes,Thomas,(418) 543-5543,6806 Walnut Ln,,Melbourne,VIC,6204,Australia,1611,8700
22146,Castillo Exports,Castillo,Scott,+34 700 206 894,6116 School Dr,Suite 73,Brussels,,50467,Belgium,,1000
22147,Diamond Export Corp.,Watson,Pamela,+49 679 567621,2664 Church Ave,,Las Vegas,MS,54817,USA,1323,90400
22148,Martin & Martin Inc.,Martin,Donna,+81-8-8497-3653,58 Ridge Rd,,Houston,LA,19547,USA,1323,132900
22149,Miller Store,Miller,Rebecca,+44 26 6611 7385,6127 Maple St,,Helsingborg,,32313,Sweden,1619,9900
22150,Garcia Center,Garcia,Brian,+44 38 7503 5096,5502 Poplar Pl,# 360,Marseille,,98214,France,1504,14100
22151,Carter Shop,Carter,Larry,+34 761 227 716,2356 Valley Blvd,Unit 123,Sapporo,,159-7748,Japan,1323,154100
22152,Wright & Wright Group,Wright,David,+44 32 3349 8647,3556 Elm Circle,Floor 469,Fresno,AZ,47591,USA,1216,33900
22153,Nguyen & Cooper Partners,Nguyen,Gary,+1 (320) 306-2044,7720 Willow Ct,,Fresno,WY,61364,USA,1621,24000
22154,Perez & Clark Imports,Perez,George,+33 3 43 45 80 97,4695 Willow St,,Berlin,,45357,Germany,1504,26400
22155,Golden Sales Corp.,Castillo,Ronald,+49 716 409377,9634 Sycamore Ct,Suite 910,Cologne,,35740,Germany,1143,196800
22156,Ward Boutique,Ward,Karen,+1 (370) 832-7790,4345 Sunset Ct,,Philadelphia,PA,15832,USA,1370,23200
22157,Diamond Sales International,White,Laura,(799) 807-1513,4819 Poplar Ln,,Villach,,11259,Austria,,279200
22158,Ross Ltd.,Ross,Barbara,+44 98 8440 3925,1869 Spring Ln,,Bari,,54143,Italy,1621,26200
22159,Cox & Hall Solutions,Cox,Nathan,+44 96 5232 6964,6640 Station Circle,,Birmingham,,KZ62 7CP,UK,1625,185300
22160,Bailey & Walker Trading,Bailey,Justin,(560) 849-3990,7732 Cherry Dr,,Fort Worth,WA,35494,USA,1625,4100
22161,Metro Auto Inc.,Turner,Melissa,+1 (487) 681-1093,222 Ash Dr,,San Jose,NY,57788,USA,1504,72200
22162,Ramirez Gallery,Ramirez,Joseph,+81-67-5560-6369,9319 Highland Terr,Apt 702,Lyon,,75381,France,1216,13300
22163,Kelly & Jackson Trading,Kelly,Janet,(845) 883-7823,1401 Ash Ln,,Tucson,ID,77510,USA,,6600
22164,Castillo Industries,Castillo,Brenda,+49 367 879335,2900 Hollow Blvd,,Columbus,IA,61647,USA,1165,34100
22165,Price Toys,Price,Alexander,+81-82-4073-4045,5707 Valley Blvd,Rm 99,San Jose,CT,51336,USA,1501,255700
22166,Jimenez Services,Jimenez,Rachel,+81-3-6587-8606,9714 Church Ave,Ste 436,Memphis,ID,48819,USA,1286,195700
22167,Lopez Enterprises,Lopez,Debra,(750) 469-7547,63 Glen Blvd,Ste 122,Singapore,,790335,Singapore,1286,45500
22168,Rodriguez Store,Rodriguez,Tyler,(811) 588-7757,5910 Market Terr,,Dunedin,,95040,New Zealand,1504,63800
22169,Hall Trading,Hall,Pamela,+81-22-8042-4236,3230 Meadow Blvd,Suite 873,New York,WV,45248,USA,1165,40600
22170,Elite Trade Holdings,White,Kelly,+49 484 223912,1518 Sycamore St,,Utrecht,,77267,Netherlands,1165,11300
22171,Johnson & Walker Group,Johnson,Michelle,(422) 525-7987,5146 Forest Loop,,Berlin,,49114,Germany,1619,79900
22172,Gray Partners,Gray,Nicole,+49 916 231435,4280 Hollow Circle,Unit 893,Fort Worth,WI,55644,USA,1216,6400
22173,Cooper & Ruiz Corp.,Cooper,Edward,+1 (377) 724-5974,9698 Meadow Ln,,Long Beach,FL,84660,USA,1323,1200
22174,Chavez Services,Chavez,Raymond,(405) 422-9475,1750 Bay Ln,Floor 347,Fukuoka,,400-4202,Japan,,193600
22175,Diaz International,Diaz,Richard,+33 7 70 20 26 73,326 Birch Circle,,Charlotte,NH,99384,USA,1612,13400
22176,Wilson Depot,Wilson,Daniel,+44 87 7982 8312,7 Garden Terr,,Catania,,49659,Italy,,20900
22177,Wilson Store,Wilson,Dennis,(822) 347-6957,8052 Meadow St,,Leeds,Wales,XW72 7WI,UK,1323,83500
22178,Parker Trading,Parker,Susan,+1 (795) 501-2458,7812 School Rd,Floor 839,Hamilton,MB,B3W 7E6,Canada,1216,36400
22179,Davis & Rogers International,Davis,Janet,+81-65-9384-4541,1899 Forest Blvd,,Brisbane,QLD,4110,Australia,1702,85900
22180,Cox Store,Cox,Susan,+44 29 6473 5419,8386 Manor Loop,,Bordeaux,,57444,France,1188,6900
22181,Anderson Boutique,Anderson,Julie,+61 2 7963 9542,5454 Market Dr,,Groningen,,88245,Netherlands,1504,36300
22182,Cox Toys,Cox,Linda,+49 964 239993,4534 Park Ct,,Stuttgart,,92296,Germany,1143,76300
22183,Jones Store,Jones,Patrick,+1 (516) 223-7062,2337 Magnolia Ln,,The Hague,,50800,Netherlands,1166,6700
22184,Reyes Shop,Reyes,Steven,+34 764 178 783,7419 Hollow Terr,,Uppsala,,16552,Sweden,1611,5800
22185,Williams Toys,Williams,Andrew,+49 151 756735,6687 Washington Ln,,Turin,,46764,Italy,1619,15300
22186,Long & Richardson Inc.,Long,Elizabeth,+34 690 731 685,734 Pine Loop,Floor 263,Colorado Springs,VT,56648,USA,1143,24800
22187,Allen Boutique,Allen,Patricia,+33 4 36 41 91 81,6173 Poplar Rd,Rm 392,Frankfurt,,51065,Germany,1501,3100
22188,Bailey & Miller Distribution,Bailey,Emily,+49 707 909363,1926 Creek St,,Philadelphia,IN,15392,USA,1619,5800
22189,Thomas Store,Thomas,Emily,+34 656 660 836,3830 Maple Loop,,Nagoya,,308-5664,Japan,1625,173900
22190,Bennett & Reed Group,Bennett,Sharon,(891) 286-1446,6164 Glen Circle,,Bergen,,79217,Norway,1501,6200
22191,Mendoza Collectibles,Mendoza,Pamela,+33 6 64 49 44 94,5831 Hollow Terr,,Valencia,,97835,Spain,1143,193800
22192,Gomez & Ramos Holdings,Gomez,Eric,(467) 528-1164,2358 Cedar Dr,# 354,Vancouver,MB,A2H 8J9,Canada,1504,251200
22193,Ward & Ward International,Ward,Timothy,+34 796 427 939,7878 Highland Dr,Ste 189,Philadelphia,AK,60193,USA,1188,55200
22194,Gutierrez & Walker Distribution,Gutierrez,Ronald,+61 6 5960 6049,2989 Oak Ave,Suite 650,Washington,WA,53411,USA,1501,50400
22195,Ruiz Collectibles,Ruiz,Janet,+44 55 5114 9677,1683 Hollow Ct,Ste 56,Odense,,32290,Denmark,1216,70900
22196,Robinson Toys,Robinson,Michael,+34 767 465 217,2461 Hickory Ct,Unit 838,Hamburg,,17181,Germany,1166,264400
22197,Myers & Clark Inc.,Myers,Katherine,+44 26 3690 9013,1696 Glen Way,,Valencia,,55737,Spain,1216,71400
22198,Diamond Supply Partners,Richardson,Samantha,+49 925 321416,5344 Hickory St,,Colorado Springs,HI,88371,USA,1143,24600
22199,Bailey & Hall Services,Bailey,Maria,+81-56-6867-6296,8904 Creek Rd,,Jönköping,,56385,Sweden,1612,30900
22200,Gomez Center,Gomez,Michael,+1 (520) 831-3250,5524 Pine Ave,,Saitama,,523-5588,Japan,1702,26500
22201,Ward Center,Ward,Timothy,+81-31-9310-4007,6512 Ridge St,,Long Beach,AR,49243,USA,1401,91800
22202,Watson & Brown Ventures,Watson,Aaron,+49 301 743939,3022 Highland Pl,Ste 837,El Paso,ID,24405,USA,1625,45200
22203,Heritage Export Industries,Gonzalez,Patrick,+33 9 50 38 90 39,5388 Summit Ln,,Leeds,England,KV13 3VT,UK,1286,8600
22204,Alpha Supply Corp.,Lewis,Brian,+1 (267) 761-2471,5271 Elm Blvd,,Tucson,TN,99069,USA,1401,3000
22205,Diaz & Clark Services,Diaz,Nicole,+61 8 2671 8410,9997 Washington St,Suite 289,Nijmegen,,81143,Netherlands,1702,204300
22206,Classic Supply Ventures,Clark,Eric,+49 863 104166,4911 River St,,Osaka,,191-1269,Japan,1702,900
22207,Cruz & Adams International,Cruz,Stephen,+61 9 8632 1036,5482 Park Terr,Apt 469,Las Vegas,MD,25654,USA,,4300
22208,Phillips Services,Phillips,Debra,+61 7 6971 9816,9120 Forest Way,,Birmingham,Scotland,YL13 3RI,UK,,19700
22209,Kim Associates,Kim,Rebecca,+44 74 7958 3038,469 Creek St,,Nice,,88385,France,1102,800
22210,Central Import Holdings,King,Maria,+81-28-4350-8809,9846 Meadow Dr,,Tucson,IN,44199,USA,1323,37800
22211,Stewart Collectibles,Stewart,Jack,+61 4 4415 4310,1433 Park Loop,Rm 485,Kansas City,CO,92559,USA,1143,108200
22212,Gonzalez & Morales Wholesale,Gonzalez,Maria,+1 (724) 942-2123,3932 Valley Loop,,Leipzig,,64559,Germany,1188,16900
22213,Heritage Sales Solutions,Flores,Michael,+61 9 2825 1563,8042 Cherry Pl,Unit 601,Rotterdam,,89131,Netherlands,1621,9700
22214,Watson & Rogers Trading,Watson,Tyler,+33 2 40 73 73 96,8169 Maple Loop,Rm 800,Seattle,WI,22779,USA,1216,139000
22215,Kelly & Nelson Ltd.,Kelly,Jacob,+44 17 2338 6483,5693 Willow Ave,Ste 168,Cologne,,42234,Germany,1625,49300
22216,Thompson Ltd.,Thompson,Stephanie,(335) 474-1161,878 Ridge Blvd,Apt 968,Montpellier,,11139,France,1370,78400
22217,Roberts & Kelly Corp.,Roberts,Margaret,+81-72-6344-1443,719 Washington Ave,Unit 947,San Francisco,WA,53607,USA,1504,132500
22218,Alpha Export Corp.,Castillo,Christine,+44 97 2765 8336,903 Harbor Ct,Rm 314,Albuquerque,GA,96338,USA,1625,291200
22219,Classic Import Associates,Hill,Andrew,+81-41-7208-6210,4791 Church Blvd,# 909,Essen,,18941,Germany,1702,8800
22220,Nguyen & Martinez Solutions,Nguyen,Brenda,+61 6 9633 4584,7158 Hickory Terr,,Gothenburg,,39335,Sweden,1504,262300
22221,Allen & Lee Industries,Allen,George,+44 47 8779 3251,3336 Willow Circle,Rm 101,Oklahoma City,WI,10196,USA,1166,70700
22222,National Export LLC,Morris,Scott,+34 833 314 331,3871 River Dr,,Stockholm,,66308,Sweden,,24800
22223,Capital Motor Services,Campbell,Ryan,+61 3 1998 9574,8642 Hickory Rd,,Malmö,,21483,Sweden,1323,5100
22224,Royal Craft Co.,Cox,Richard,+33 6 53 34 49 35,4675 Lake Circle,Unit 195,Essen,,40821,Germany,1166,28100
22225,Miller & White Trading,Miller,Paul,+34 715 214 485,401 Ash Circle,# 989,Fort Worth,SD,14185,USA,1188,227400
22226,Horizon Craft Solutions,Flores,Lisa,+44 57 9122 9842,1947 Lake Ave,,Amsterdam,,73693,Netherlands,,4300
22227,James & Stewart Group,James,Nicholas,(564) 346-9854,5898 Spring St,,Waterford,,95387,Ireland,1188,96400
22228,Rivera Co.,Rivera,Stephanie,+44 70 8169 7387,6102 Summit Rd,,Auckland,,16899,New Zealand,1143,170600
22229,Jones Enterprises,Jones,Patricia,+34 929 342 661,5715 Birch Rd,Rm 954,Strasbourg,,80443,France,1216,65900
22230,Cook Partners,Cook,George,+33 7 34 70 27 52,2852 Chestnut Ave,,Houston,ID,24045,USA,1625,16900
22231,Lopez Corp.,Lopez,Patrick,+49 600 767807,5947 Maple Way,,Charlotte,NH,13228,USA,,149600
22232,Urban Export Partners,Gomez,Aaron,+1 (411) 594-6543,1512 Bay Ln,,Phoenix,NV,88893,USA,1188,47000
22233,Parker Store,Parker,Steven,+34 901 112 384,6707 Birch Way,Unit 660,Christchurch,,31936,New Zealand,1621,23400
22234,Kim Gallery,Kim,George,+81-37-4758-8901,4735 Hickory Ct,,Trondheim,,58001,Norway,1143,48400
22235,Rogers Gifts,Rogers,Dennis,+61 4 2506 2570,5702 Garden Ln,Ste 618,Baltimore,AZ,26103,USA,1621,81800
22236,National Export Ventures,Williams,Brian,+33 6 77 57 55 74,6814 Magnolia St,,Copenhagen,,78770,Denmark,1611,245000
22237,Edwards Gallery,Edwards,Brandon,+49 248 413274,9518 Cedar Loop,,Denver,HI,92843,USA,1501,118900
22238,Adams Imports,Adams,Shirley,+61 2 9901 7620,2971 Church Dr,Ste 110,Düsseldorf,,73072,Germany,,5200
22239,Lewis & Torres Services,Lewis,Nicole,(220) 208-3406,9723 Hill Ct,Apt 450,Leipzig,,90859,Germany,1619,41700
22240,Foster Boutique,Foster,Aaron,+81-12-4625-1329,2968 Maple Terr,,Nantes,,36726,France,1143,166300
22241,Atlantic Auto Enterprises,James,Larry,+33 3 77 85 44 15,233 Garden Terr,,Nantes,,79544,France,1143,6600
22242,Brown Models,Brown,Gary,+33 8 37 91 23 63,9684 Cedar Pl,,Düsseldorf,,70145,Germany,1621,111800
22243,Garcia Partners,Garcia,David,+1 (264) 725-4529,845 Main Terr,,Canberra,ACT,5785,Australia,1165,6300
22244,Gonzalez Wholesale,Gonzalez,Timothy,+1 (302) 206-3452,7435 Maple St,,Singapore,,950156,Singapore,1619,7300
22245,Premier Auto Co.,Garcia,Brandon,(205) 591-8589,1117 Garden Terr,Unit 744,Geneva,,81572,Switzerland,1370,5200
22246,Hernandez Services,Hernandez,Donna,+49 821 151682,2488 Station Ave,,Jacksonville,OK,29637,USA,,207900
22247,Rodriguez Collectibles,Rodriguez,Susan,+61 2 3573 5512,4149 Bay Terr,,Christchurch,,52829,New Zealand,,19300
22248,King International,King,Adam,+33 2 94 69 90 51,2267 Ridge Dr,Unit 184,Ottawa,NL,L0F 4E4,Canada,1286,47700
22249,Phillips Enterprises,Phillips,John,+34 743 414 630,1735 Willow Way,,Brisbane,NSW,4851,Australia,1702,39800
22250,Hill Gifts,Hill,Jennifer,+44 88 8113 6109,6413 Hollow Way,Floor 33,Colorado Springs,MO,64711,USA,1625,188600
22251,Urban Supply Wholesale,Hill,Rebecca,(451) 904-8376,5639 Glen Ct,,Eindhoven,,63350,Netherlands,1165,16700
22252,Reyes & Jackson Group,Reyes,Nathan,+49 161 533888,5250 Meadow Loop,,Bologna,,65869,Italy,1702,79000
22253,Chavez Enterprises,Chavez,Kimberly,+49 397 952796,2545 Washington Rd,Floor 335,Brussels,,13658,Belgium,,32100
22254,Castillo & Ramirez Associates,Castillo,Kevin,+81-49-8934-7038,2171 Willow Terr,,Bordeaux,,31222,France,1286,8000
22255,Peterson Co.,Peterson,Brandon,+34 846 108 201,1200 Ash Ave,,Albuquerque,SD,61998,USA,,8800
22256,Martin & Rodriguez Associates,Martin,Victoria,+81-46-1639-2051,1202 Park Ln,,Seattle,HI,81934,USA,1323,76700
22257,Long & Thomas Associates,Long,Nicole,+49 331 241693,1018 Oak Circle,,Raleigh,OK,22121,USA,1102,152100
22258,Nguyen & Edwards Services,Nguyen,Larry,+81-59-7835-4708,2837 Garden Dr,,Wollongong,NSW,9620,Australia,1612,57900
22259,Cook Models,Cook,Scott,+49 778 409993,4782 Lake Terr,Rm 386,Seattle,ID,66606,USA,1702,2800
22260,Price & Ruiz Distribution,Price,Kenneth,+49 282 594734,5829 Poplar Rd,,Fukuoka,,418-1837,Japan,1621,113100
22261,Golden Art Imports,Wood,Christopher,+1 (945) 866-5580,4715 School Ln,,Singapore,,296225,Singapore,1166,200
22262,Stewart Depot,Stewart,Adam,+81-52-3098-8063,9272 Maple Loop,# 635,Seattle,MS,37360,USA,1504,8500
22263,Watson & Wood Associates,Watson,Christine,+34 849 784 864,3004 Station Way,,Nagoya,,709-6483,Japan,1188,114800
22264,Lewis Co.,Lewis,Jessica,+81-21-5816-3889,3894 Forest Ln,,Washington,DE,74295,USA,1165,91500
22265,Rodriguez Models,Rodriguez,Jacob,+61 6 9823 3852,8414 Chestnut Ave,,Raleigh,IN,55683,USA,1286,71300
22266,Sanchez Services,Sanchez,Heather,+81-87-9741-8792,9822 Ash Blvd,,San Jose,AL,94425,USA,1501,37800
22267,Moore Holdings,Moore,Jeffrey,+44 80 6140 7484,6289 Garden Terr,,Nantes,,14735,France,1401,21000
22268,Hernandez International,Hernandez,Jerry,+44 23 9485 1676,467 River Way,,Long Beach,MA,50917,USA,1337,262500
22269,Premier Craft International,Mendoza,Sandra,+33 1 66 40 89 75,1458 Creek Ln,,Christchurch,,87947,New Zealand,,101100
22270,Brown Imports,Brown,Betty,+49 950 450515,7683 Harbor Ave,,Gold Coast,ACT,9006,Australia,1625,7500
22271,Long & Campbell Solutions,Long,Betty,+61 9 9284 7221,3226 Maple Ln,,Utrecht,,66826,Netherlands,1337,68700
22272,Carter Shop,Carter,Patrick,+44 65 2341 1774,5852 Oak Pl,,Louisville,OR,93982,USA,1337,24900
22273,Premier Sales Ltd.,Murphy,Steven,+49 557 894775,4260 Sunset Terr,,Seattle,AL,98391,USA,1188,5800
22274,Martin Wholesale,Martin,Debra,+44 72 2330 2557,3551 Willow Pl,Apt 728,Düsseldorf,,92860,Germany,1401,82900
22275,Gonzalez Boutique,Gonzalez,Thomas,(723) 232-9518,5932 Glen Way,,Kansas City,CA,70995,USA,1370,43700
22276,Elite Craft Ventures,Lopez,Tyler,(411) 285-8551,7152 School Loop,Floor 206,Sacramento,CT,62914,USA,1702,257000
22277,Golden Art Solutions,White,Jason,+44 52 8164 7944,6061 Pine Ave,,Jyväskylä,,96407,Finland,1611,218400
22278,Allen & Evans Group,Allen,Kevin,+81-4-8756-6098,1991 Highland Ln,Apt 291,Cologne,,47660,Germany,,100500
22279,Classic Sales Distribution,Diaz,Emily,+61 7 9357 9901,9138 Spring Ave,,Sacramento,NY,38530,USA,,9600
22280,Baker Enterprises,Baker,William,+81-31-9937-9034,8937 Ridge Ln,,Louisville,MS,17063,USA,1621,45400
22281,Chavez & King Ltd.,Chavez,Donald,+34 815 959 491,2218 Ash Loop,,Las Vegas,WY,70126,USA,1323,281500
22282,Cox & Ramirez Partners,Cox,Donald,+49 237 623846,4194 Bay Ave,# 918,Montpellier,,69525,France,1370,600
22283,Pacific Art Solutions,Bennett,Margaret,+44 17 4459 2306,1858 Walnut Dr,,Sacramento,ID,72567,USA,1611,2200
22284,Wright Depot,Wright,Nicholas,+49 388 905015,7652 Willow Pl,,Palma,,94213,Spain,1401,203300
22285,Kim Imports,Kim,Emily,+1 (584) 803-3898,6828 Pine Circle,,Biel,,48496,Switzerland,1621,16400
22286,Murphy Shop,Murphy,Maria,+33 3 59 52 17 92,9936 Sycamore Pl,Suite 22,Düsseldorf,,81040,Germany,1188,64000
22287,Sanders Shop,Sanders,Jennifer,+81-9-5074-7841,5527 Spring Terr,Unit 488,San Antonio,IA,38311,USA,1702,11200
22288,Morris Trading,Morris,Emma,+44 99 8350 7736,6950 Poplar Ct,,Seville,,78355,Spain,1401,144000
22289,Long Industries,Long,Stephanie,+61 5 2087 3920,8391 Sunset Circle,,Yokohama,,452-4233,Japan,1702,9100
22290,Brown & Scott Co.,Brown,Heather,+34 970 354 322,3522 Manor Loop,Apt 818,Horsens,,14195,Denmark,1143,193900
22291,Kelly Shop,Kelly,Angela,+49 775 157964,7685 Hickory Circle,,Phoenix,WI,72957,USA,,17100
22292,Cooper & Hernandez International,Cooper,Paul,+33 2 38 28 45 97,325 Walnut Circle,,Mons,,54182,Belgium,1143,272500
22293,Green Ventures,Green,Samantha,+81-43-9704-8102,1506 Summit Ln,,Lyon,,73101,France,1621,142300
22294,Reyes Imports,Reyes,Laura,(704) 588-8836,9351 Sunset Loop,,Phoenix,OR,87428,USA,1102,49200
22295,Diaz & Patel Industries,Diaz,Pamela,+1 (424) 820-9930,4755 Sunset St,,Jacksonville,NH,76292,USA,1401,147500
22296,Alpha Trade Distribution,Reed,Carol,+44 11 4432 3313,8376 Walnut Loop,# 199,Nice,,88781,France,1166,47300
22297,Patel Depot,Patel,Melissa,+81-39-4360-1295,6333 Church Dr,Apt 267,Denver,MA,73453,USA,,67300
22298,Moore & Turner Partners,Moore,Barbara,+61 7 8266 4807,50 Sycamore Rd,,San Francisco,VT,58949,USA,1165,8000
22299,Morales Shop,Morales,Steven,+1 (250) 347-5179,8230 Cedar Ct,,Mesa,GA,99175,USA,1286,7700
22300,Ramos & Kim Ventures,Ramos,Katherine,+33 4 41 74 35 35,9881 Valley Circle,,Nijmegen,,72696,Netherlands,1501,258000
22301,Ortiz & Hall Wholesale,Ortiz,Diane,+81-47-3957-3327,7106 Poplar Ave,,Milwaukee,IN,83044,USA,1216,42300
22302,Elite Trade Holdings,Robinson,Gary,+61 2 9866 7465,3228 Forest Rd,Rm 799,London,,QI77 7AV,UK,1370,5000
22303,Phillips Store,Phillips,Laura,+34 638 645 169,6772 Hollow Circle,,Kawasaki,,925-9819,Japan,,36100
22304,Ramirez Gallery,Ramirez,George,+44 46 8737 9160,2299 Garden Ave,Apt 248,Baltimore,HI,43592,USA,1166,240800
22305,Ramirez & Howard Trading,Ramirez,David,+33 9 54 70 28 60,2990 Meadow Ct,,San Francisco,MS,71938,USA,1611,48300
22306,Heritage Auto Inc.,Chavez,Angela,+49 661 40097,4387 Church Loop,Unit 67,Leicester,,NV90 3ZW,UK,1286,84500
22307,Metro Import Trading,Torres,Victoria,+34 833 245 253,7985 Walnut Loop,,Newcastle,VIC,2007,Australia,1166,7000
22308,Walker & Jones Inc.,Walker,Michelle,+34 991 809 547,5953 Cedar Ct,,New York,FL,70321,USA,1612,53900
22309,Carter Co.,Carter,Stephen,+1 (612) 826-2325,2539 Maple Ct,Suite 56,Lugano,,19223,Switzerland,,22700
22310,Silver Import International,Allen,Dorothy,+33 6 93 20 67 61,4976 Poplar Terr,Rm 86,Jacksonville,FL,22571,USA,1501,161900
22311,Garcia Collectibles,Garcia,Emma,+33 7 24 93 18 27,1068 Main Way,,Baltimore,RI,58409,USA,1401,4800
22312,Brown Center,Brown,Matthew,+81-20-9279-4843,2381 Pine Rd,Ste 452,Seville,,79516,Spain,1102,55600
22313,Miller & Myers Co.,Miller,Deborah,(761) 478-5462,8656 Sycamore Way,Ste 959,Manchester,,BI90 9LX,UK,,72200
22314,Rodriguez & Murphy LLC,Rodriguez,Ryan,+1 (580) 601-1111,5510 Manor Way,Suite 879,Ottawa,MB,T7K 8S0,Canada,1504,5000
22315,Jimenez & Nelson LLC,Jimenez,Sarah,+1 (723) 569-7104,7091 Cedar Ln,Unit 633,Nantes,,59302,France,1612,181900
22316,Howard Ventures,Howard,Ashley,+44 21 7350 1299,2490 Sycamore Terr,Apt 334,Seattle,IA,70511,USA,1504,100
22317,Flores & Allen Solutions,Flores,Jerry,+81-89-3189-4842,9518 Cedar Blvd,,San Antonio,CA,92882,USA,1401,35300
22318,Young Industries,Young,Jonathan,+33 3 75 66 43 91,8750 Main Dr,Apt 820,Austin,KS,74326,USA,1166,286100
22319,Capital Auto LLC,Jones,Jonathan,+61 2 2516 6144,5730 Forest Pl,Floor 853,Las Vegas,OK,85467,USA,1216,295800
22320,Brooks Exports,Brooks,Brenda,(555) 885-2870,1747 Harbor Pl,,Nice,,91162,France,,138900
22321,Lopez Inc.,Lopez,Ryan,+61 6 6139 6448,6800 Hill Way,,Dunedin,,57637,New Zealand,1188,289700
22322,Alpha Art LLC,Cox,George,+44 59 8029 5413,2176 Highland Pl,Floor 186,Charlotte,LA,46906,USA,1401,102600
22323,Peterson & Phillips Enterprises,Peterson,Christopher,(845) 404-2265,3386 Sunset Ave,,Kyoto,,161-7128,Japan,1612,2000
22324,Nguyen Gifts,Nguyen,Nicholas,(694) 981-7230,7301 River Loop,Rm 636,Albuquerque,OR,35091,USA,1143,105800
22325,National Trade Enterprises,Bennett,Carol,+34 699 724 588,248 Willow Ct,Unit 29,Gold Coast,ACT,5987,Australia,1166,211100
22326,Davis Models,Davis,Pamela,+61 6 6468 6131,4302 Hill Ln,Ste 39,Cologne,,47901,Germany,1143,36500
22327,Capital Sales Inc.,Walker,Sharon,+49 651 964332,7397 Cedar Circle,,Baltimore,WY,21420,USA,1165,37300
22328,Diamond Art Co.,Gonzalez,John,+33 4 70 64 76 44,4896 Pine Ln,,San Antonio,MO,99768,USA,1102,6200
22329,Morales Holdings,Morales,James,(486) 796-6884,5650 Washington Rd,,San Antonio,TX,49202,USA,1286,3900
22330,Thompson Shop,Thompson,Cynthia,(591) 753-6094,4215 Valley Pl,,Kyoto,,150-9767,Japan,1501,4300
22331,Jones Collectibles,Jones,Nicole,+81-88-1042-5287,4109 School St,# 8,Murcia,,46106,Spain,1323,226700
22332,Brown & Murphy Partners,Brown,Michael,+61 2 5288 4400,2726 Forest Ct,Floor 628,Dallas,NJ,34031,USA,1166,157200
22333,Adams & Perez Services,Adams,Anthony,+34 697 887 412,859 Market Dr,,Fukuoka,,366-4375,Japan,1625,242200
22334,Davis Collectibles,Davis,Rebecca,+61 3 5233 4970,2562 Glen Rd,,Saitama,,675-8510,Japan,1165,8500
22335,Campbell Gallery,Campbell,Sharon,+44 32 4102 9530,4728 Spring Way,Floor 131,Osaka,,814-6909,Japan,1216,70700
22336,Mitchell & Martin International,Mitchell,Kenneth,+61 8 7000 6155,5277 Spring Terr,Floor 470,Tucson,LA,73719,USA,1165,50700
22337,Morgan & Diaz Exports,Morgan,Betty,(371) 330-2169,955 Forest Ave,,Nantes,,69515,France,1216,47300
22338,King & Martinez Trading,King,Debra,+33 7 76 35 81 98,4728 School Ct,Ste 540,Sacramento,IN,54013,USA,1165,22400
22339,Royal Trade Associates,Young,Frank,+81-71-3484-5190,6223 Ridge St,,Fort Worth,UT,47555,USA,1370,9600
22340,Martinez Enterprises,Martinez,Christine,+61 3 3930 2581,1681 Lake Dr,,Naples,,33528,Italy,1702,31800
22341,King & Perez Services,King,Richard,+34 654 444 761,2091 Park Rd,Apt 931,Naples,,64061,Italy,1102,231500
22342,Jones Co.,Jones,Nicholas,+44 98 7442 4115,2927 Creek Pl,Apt 929,Logan City,VIC,4408,Australia,1323,90600
22343,Price & Lopez LLC,Price,Larry,(562) 500-6582,1358 Sycamore Ct,Apt 721,Napier,,68252,New Zealand,1323,49500
22344,White & Nelson Services,White,James,(814) 941-7112,8751 Creek Pl,,Colorado Springs,IA,11906,USA,1102,27500
22345,Reed Holdings,Reed,Susan,(812) 912-1143,1929 Spring Dr,,Albuquerque,LA,60957,USA,1102,61300
22346,Ramirez Gifts,Ramirez,Ronald,+81-55-8118-9218,562 Lake Pl,,Fort Worth,HI,72064,USA,1370,131300
22347,Roberts & Rodriguez LLC,Roberts,Elizabeth,+33 7 56 97 47 35,4993 Ash Rd,,Kobe,,463-2380,Japan,1143,27600
22348,Foster & Reyes International,Foster,Raymond,(468) 780-5530,5436 Willow Rd,Apt 193,London,Wales,RM79 8TG,UK,1621,280500
22349,Chavez Ventures,Chavez,Sarah,(524) 327-5947,730 Summit St,,Ghent,,82293,Belgium,1619,2900
22350,Wright Gallery,Wright,Gregory,+81-41-8409-3222,3591 Ridge Rd,Apt 176,Saitama,,804-7578,Japan,1286,107500
22351,Castillo Collectibles,Castillo,Scott,+49 171 395259,429 Poplar Ave,,The Hague,,43227,Netherlands,1612,270800
22352,Long & Edwards Services,Long,Carol,(369) 356-6024,9313 Washington Pl,,Munich,,12511,Germany,1621,7700
22353,Smith & Johnson Ventures,Smith,Gary,+61 3 6212 2268,251 Hickory Way,,Palma,,86928,Spain,1143,30900
22354,Murphy Collectibles,Murphy,Donald,+34 692 887 476,3862 Glen Ct,,Berlin,,50419,Germany,1188,15500
22355,Sanchez & Baker Partners,Sanchez,James,+33 5 79 98 48 30,1147 Washington Ln,Floor 516,Sheffield,Wales,OY33 2GH,UK,1165,6600
22356,Ward Enterprises,Ward,Adam,+33 7 65 73 21 36,1247 Market Way,,Adelaide,VIC,5042,Australia,1337,69600
22357,Rogers & Ramirez Corp.,Rogers,Nancy,+34 990 727 681,8381 Church Loop,# 610,Hamilton,,50474,New Zealand,1188,85500
22358,Royal Trade Ventures,Lewis,Samuel,(531) 487-1670,107 Creek Rd,Apt 952,Düsseldorf,,48561,Germany,1166,141300
22359,Wilson Gifts,Wilson,Mary,+61 4 7232 7502,4413 Sycamore Ave,Rm 17,Los Angeles,IL,95293,USA,1188,9300
22360,Classic Parts Partners,King,Stephanie,+49 429 512626,7882 Ash Way,,Essen,,94918,Germany,1611,4600
22361,Ruiz & Clark Solutions,Ruiz,Elizabeth,+1 (375) 856-7832,9014 Lake Ave,,Virginia Beach,WY,83523,USA,1611,88500
22362,Premier Sales Imports,Cooper,Kelly,+61 4 7526 1479,3422 Poplar Rd,,San Diego,NE,15454,USA,1625,65800
22363,Flores Inc.,Flores,Barbara,+1 (760) 716-6488,2590 School Ct,,Sheffield,,CV48 3TG,UK,1621,32700
22364,Morris Ltd.,Morris,Catherine,+61 7 2595 3282,402 Lake Dr,,Dallas,NM,37862,USA,1504,1500
22365,Mitchell & Lewis Solutions,Mitchell,Ashley,+33 9 94 68 87 30,9545 Walnut Loop,,Leicester,Wales,CD90 2HU,UK,1370,25600
22366,Royal Motor Holdings,Brooks,James,+81-46-8528-5436,1705 Bay Rd,,Murcia,,53127,Spain,1188,52300
22367,Central Art Co.,Bailey,Nathan,+33 4 84 25 47 20,3416 Main St,,Leeds,Scotland,BF76 9CC,UK,1504,294000
22368,Harris International,Harris,Ashley,+49 274 898046,9363 School St,,Swords,,46643,Ireland,1702,4400
22369,Premier Import Ltd.,Scott,Eric,+81-32-3174-4940,8622 School Ave,,Kitchener,AB,Y6F 4B8,Canada,1401,140000
22370,Stewart Toys,Stewart,Ashley,+33 9 54 20 65 39,2002 Church Blvd,,El Paso,RI,45094,USA,1286,61900
22371,Horizon Trade Enterprises,Cook,Edward,+61 7 2978 2612,965 Spring Terr,,Virginia Beach,AR,23168,USA,1501,132700
22372,Metro Supply Holdings,Harris,Thomas,+1 (750) 316-3303,8360 Chestnut St,Unit 985,Vejle,,31365,Denmark,1612,224300
22373,Edwards Partners,Edwards,Charles,+33 9 39 49 73 95,8399 Glen Ave,,Manchester,,QU72 9IO,UK,1702,58900
22374,Watson Group,Watson,James,+44 50 2513 5929,3532 Park Loop,Unit 859,Limerick,,22368,Ireland,1619,80900
22375,Reed Gifts,Reed,Michelle,+33 4 45 56 10 17,1499 Chestnut Ct,,Los Angeles,WI,12790,USA,1216,13600
22376,Roberts Models,Roberts,Heather,+81-42-9822-3219,6353 Manor Pl,,Düsseldorf,,23928,Germany,1621,102200
22377,Martinez Distribution,Martinez,Adam,+61 7 8207 3329,2289 Highland Rd,Unit 58,Strasbourg,,89215,France,1625,134300
22378,Phillips & Brown Holdings,Phillips,Katherine,+44 35 2118 1468,9572 Harbor Ave,,New York,TX,45717,USA,1143,273600
22379,Moore Distribution,Moore,Jeffrey,+1 (512) 692-1645,3531 Market Pl,,Las Palmas,,85492,Spain,1621,18900
22380,Diamond Sales Co.,Roberts,Joshua,(734) 905-1289,1838 Elm Ave,Floor 19,Ottawa,NS,N6R 1L7,Canada,1612,205100
22381,White Toys,White,Emma,+33 4 54 87 90 75,7544 Ridge Ave,# 730,El Paso,FL,55245,USA,1611,43600
22382,Allen & Scott Corp.,Allen,Jose,+1 (266) 929-4939,8851 Station Dr,Rm 127,Raleigh,TX,75009,USA,1188,71700
22383,Morales Boutique,Morales,Ashley,+34 619 788 857,7 Hill Ln,,Leicester,England,DJ6 6NK,UK,1625,171500
22384,Diamond Parts Partners,Smith,Larry,+81-78-7793-2302,8694 Poplar Dr,,Birmingham,England,QY25 9NI,UK,1337,1900
22385,Royal Art Services,Collins,Alexander,+34 876 657 846,2948 Garden Terr,Rm 279,Saitama,,823-5901,Japan,1143,13900
22386,Stewart Associates,Stewart,Dennis,+49 332 893524,5538 Maple Ln,,Long Beach,NM,54282,USA,1625,261900
22387,Global Trade Solutions,Alvarez,Emma,(505) 372-1359,3292 Willow Ct,Unit 859,Ghent,,85628,Belgium,1165,115600
22388,Thompson Trading,Thompson,Catherine,+33 6 66 33 37 62,7779 Poplar Way,,Louisville,ID,50889,USA,1611,4800
22389,Classic Import Wholesale,Jimenez,Joshua,+81-16-8981-8544,1030 Maple Terr,Ste 397,San Francisco,WI,33414,USA,1621,6700
22390,Diamond Export Services,Ruiz,Barbara,+33 6 61 30 50 71,6099 Park Ave,,Los Angeles,RI,85270,USA,1612,1300
22391,Hall Center,Hall,Patricia,+49 310 87278,382 Oak St,,Randers,,58971,Denmark,1323,88200
22392,Crystal Motor Group,Murphy,Christopher,+33 1 51 34 68 13,8859 Sycamore Blvd,,San Diego,NH,51853,USA,1165,261100
22393,Ramirez & Sanders Industries,Ramirez,Christine,+34 787 530 603,2307 Highland Circle,,Leipzig,,35335,Germany,1370,23700
22394,Heritage Sales Corp.,Anderson,Kimberly,+61 9 5682 8163,8328 Magnolia Loop,Floor 452,Bordeaux,,89209,France,1621,93900
22395,Hughes & Scott Corp.,Hughes,Heather,+61 3 7529 6666,6323 Poplar Circle,# 632,Toulouse,,44781,France,1166,6700
22396,Ortiz Gifts,Ortiz,Kathleen,+49 485 996460,9172 Birch Circle,,Phoenix,LA,47309,USA,1337,2000
22397,Morgan Toys,Morgan,Shirley,+81-59-5632-3862,898 Ridge Circle,,Leipzig,,64811,Germany,,276200
22398,Phillips & Jackson Ltd.,Phillips,Emily,+61 3 6671 4812,5415 Elm Pl,,Nice,,63341,France,1143,45700
22399,Chavez Center,Chavez,Nicholas,+49 477 888831,7000 Church Ave,,Baltimore,TX,76716,USA,1337,99400
22400,Turner Collectibles,Turner,Brandon,+81-50-6486-3526,3015 Garden Rd,Apt 270,El Paso,MS,31621,USA,1612,17000
22401,Carter & Moore Inc.,Carter,Joseph,+1 (261) 346-2347,7588 Park Ave,Suite 513,Malmö,,30854,Sweden,1619,122000
22402,Silver Export Exports,Green,Debra,(762) 849-4949,2957 Highland Terr,Apt 679,Columbus,GA,83452,USA,1337,76300
22403,Diamond Art Wholesale,Johnson,Samuel,+49 805 361171,2265 Sycamore Ct,,Florence,,37042,Italy,1337,46000
22404,Silver Art Distribution,Gomez,Kenneth,+1 (787) 504-8657,1005 Garden Way,,Copenhagen,,88891,Denmark,1501,64700
22405,Cook Toys,Cook,Kevin,+49 845 156581,6371 Valley Ave,Ste 701,Innsbruck,,49391,Austria,1612,400
22406,Mendoza Corp.,Mendoza,Elizabeth,+61 3 4444 7279,5591 Washington Blvd,,Jacksonville,WI,19697,USA,1401,60800
22407,Morales Inc.,Morales,Sandra,+1 (410) 380-3595,7801 Station Ave,,Palma,,75294,Spain,,78700
22408,Capital Sales Services,Reyes,Jason,+61 6 4976 8316,3422 Lake Dr,,Charlotte,CA,18108,USA,1619,55500
22409,Richardson Gallery,Richardson,Barbara,+44 98 2309 3445,6875 Poplar Blvd,Apt 96,Bilbao,,90316,Spain,1323,47700
22410,Morris Industries,Morris,John,+44 49 5155 6628,6760 Hollow St,,El Paso,NJ,12718,USA,1286,8300
22411,Crystal Craft Exports,Anderson,Victoria,+81-32-5583-8002,2578 Garden Rd,# 822,Chicago,FL,49122,USA,1501,3700
22412,Heritage Export Corp.,Bailey,Brian,(820) 358-7371,5734 Maple Blvd,,Jacksonville,VT,72068,USA,1286,5100
22413,Peterson Exports,Peterson,Eric,+61 2 2916 7630,5040 Sycamore Ct,# 640,Portland,WV,93558,USA,1611,116200
22414,Global Motor Ltd.,Howard,Matthew,+44 33 3094 1902,7727 Main Circle,Suite 42,Ghent,,76686,Belgium,1323,104200
22415,Miller Trading,Miller,Jerry,+44 44 8631 6774,1910 Main Ave,Rm 550,Marseille,,68587,France,1702,6100
22416,Adams Partners,Adams,Rebecca,+81-5-4909-6707,7571 Creek St,Apt 125,Essen,,57849,Germany,1143,46000
22417,Elite Sales Ltd.,Davis,Cynthia,+81-62-7497-5167,7066 Bay Way,,Newcastle,SA,6143,Australia,1337,8600
22418,Johnson Enterprises,Johnson,Adam,+1 (976) 686-4936,3136 Hollow Pl,# 100,Palma,,44484,Spain,1401,48400
22419,Jimenez & Chavez Corp.,Jimenez,Jason,+34 852 514 477,4401 School St,Unit 122,Hamilton,,40842,New Zealand,1370,10000
22420,Kim Co.,Kim,Brian,+33 4 48 75 95 83,4394 Walnut Terr,,Düsseldorf,,31322,Germany,1143,25800
22421,Silver Craft LLC,Hughes,Joshua,(721) 980-4659,8164 School Ct,# 218,Wollongong,ACT,7070,Australia,1619,99100
22422,Global Trade Enterprises,Morgan,Deborah,+49 211 656067,6011 Bay Ave,,Melbourne,WA,9299,Australia,1188,9500
22423,Edwards & Robinson Exports,Edwards,Julie,+34 642 288 584,5921 Sunset Way,Unit 809,Melbourne,NSW,7917,Australia,1504,208200
22424,Jimenez Services,Jimenez,Rebecca,(286) 954-4061,5889 Garden Way,,Edmonton,QC,T6W 6A9,Canada,1501,222100
22425,Bailey & Williams Holdings,Bailey,George,+44 75 7685 2547,6184 Sunset Ave,,Cologne,,35978,Germany,1401,209200
22426,Central Import Industries,James,Joshua,+1 (211) 402-6729,5544 School Pl,,Vancouver,BC,A6V 9Y2,Canada,1501,38300
22427,Ward LLC,Ward,Emily,+44 67 3680 8418,4756 Magnolia Pl,Suite 916,Stuttgart,,40475,Germany,1625,193300
22428,Watson & Moore Wholesale,Watson,Debra,(322) 206-4701,7764 Elm Ct,,Mesa,CO,60608,USA,1216,1700
22429,Premier Export Ventures,Collins,Joshua,(433) 444-1966,95 Oak St,Suite 898,Seattle,SD,79266,USA,1625,6900
22430,Hernandez Solutions,Hernandez,Mary,(794) 353-8636,1785 Market Circle,,Catania,,31189,Italy,1621,108600
22431,Carter Wholesale,Carter,Michelle,+33 7 52 89 66 49,6117 Poplar Loop,,Sapporo,,536-2616,Japan,1401,165600
22432,Thomas & Hughes Ventures,Thomas,Frank,+81-47-7915-2987,3651 Willow Blvd,,Kyoto,,907-4673,Japan,1501,5300
22433,Evans Partners,Evans,Stephanie,+81-51-6817-8470,7497 Hollow Circle,Rm 515,Saitama,,964-3585,Japan,,205700
22434,Kim Store,Kim,Joshua,+61 2 7741 9593,8307 Oak St,,Toulouse,,97212,France,1165,19900
22435,Atlantic Motor Services,Reyes,Kimberly,+61 6 7596 1049,5536 Hollow St,,Essen,,62997,Germany,1619,16200
22436,Ramirez International,Ramirez,Ashley,+1 (368) 931-3562,9183 Chestnut Blvd,,Dortmund,,99186,Germany,1504,272500
22437,Davis & Murphy LLC,Davis,Margaret,(554) 958-5620,9851 Main Way,# 679,Lille,,18969,France,1188,223800
22438,Torres Store,Torres,Anna,+81-33-5195-4310,4803 Ash Pl,,Milwaukee,WI,30755,USA,1337,135800
22439,Watson Store,Watson,Charles,+1 (285) 930-5040,6217 River Pl,,New York,NC,89541,USA,1165,1000
22440,Martinez Models,Martinez,Helen,+44 16 8804 2286,5466 Ash Terr,,Berlin,,45096,Germany,,32000
22441,Bailey Collectibles,Bailey,Susan,+34 961 362 190,1786 Elm Ct,Suite 961,Fort Worth,MD,60435,USA,1216,11900
22442,Central Trade Services,Baker,Anthony,+33 1 98 35 58 35,1428 Market Circle,,Zaragoza,,91225,Spain,1188,76400
22443,Royal Supply Inc.,Clark,Dorothy,+81-86-8129-7996,5995 Highland Way,Suite 827,Atlanta,CO,64161,USA,1625,37100
22444,Baker & Scott Industries,Baker,Donna,+33 6 19 76 45 15,402 Sycamore St,,Sheffield,Wales,YS9 6GL,UK,,256700
22445,Clark & Collins Ltd.,Clark,Heather,+49 800 256965,9550 Washington Blvd,,Nashville,SC,95916,USA,,2700
22446,Chavez Associates,Chavez,Christopher,+44 95 4995 7406,3462 Valley Terr,,Raleigh,CT,60225,USA,1165,214300
22447,Anderson & Price Trading,Anderson,Jessica,+81-25-4915-9716,8370 Forest St,,Aarhus,,28349,Denmark,1165,115600
22448,Kelly Exports,Kelly,Amy,(297) 683-3304,9390 Creek St,,Marseille,,99389,France,1504,72800
22449,Sanders & Campbell Enterprises,Sanders,Ashley,+34 968 240 835,7075 River Loop,,Las Vegas,KS,56166,USA,1286,3500
22450,Wright Store,Wright,Susan,+44 48 5676 7326,8714 Ash Pl,Ste 667,Baltimore,OK,31730,USA,1501,169500
22451,Sunrise Parts Corp.,Parker,Eric,+34 884 842 319,2279 Lake Rd,Floor 205,Trondheim,,38534,Norway,1337,8200
22452,Horizon Supply Ventures,Morales,Heather,(203) 552-8507,1480 Hollow Way,Unit 276,Indianapolis,NJ,47097,USA,1504,119100
22453,Young & Wright Trading,Young,Justin,+61 7 1084 8365,4551 Station Ave,,Bari,,40400,Italy,1401,9200
22454,Edwards Services,Edwards,Christine,+34 827 227 365,1697 Creek Blvd,Unit 200,Nantes,,10069,France,1504,47000
22455,Thompson & Smith International,Thompson,Brian,+1 (808) 713-9428,9170 Cedar Pl,# 486,Kyoto,,236-1841,Japan,1702,1700
22456,Elite Parts Associates,Ramos,Alexander,+1 (215) 888-3749,2142 Chestnut Terr,Unit 89,Quebec City,NL,C3B 2S9,Canada,1166,204200
22457,Kelly & Nelson Ventures,Kelly,Diane,+34 928 132 112,4910 Cedar Pl,# 480,Edmonton,AB,F6B 3F2,Canada,1188,202100
22458,Nguyen Collectibles,Nguyen,Charles,+1 (754) 534-2918,6049 Sycamore Blvd,,Essen,,86746,Germany,,113300
22459,Kelly Gallery,Kelly,John,+34 727 582 228,3846 Manor Rd,,Birmingham,England,YO15 6SB,UK,1612,42100
22460,Heritage Parts Industries,Diaz,Pamela,+34 638 443 419,7235 Poplar Circle,,Valencia,,83973,Spain,,130900
22461,Horizon Trade Holdings,Ross,Scott,+1 (437) 575-4090,7664 Elm Terr,,Fresno,AR,15828,USA,1188,167200
22462,Atlantic Supply International,Johnson,Paul,(874) 864-5457,7109 Ridge Dr,,Essen,,94635,Germany,1612,6100
22463,Alpha Sales Ventures,Anderson,Joseph,+81-57-6004-9990,7797 Forest Dr,,Montreal,NL,E6L 9L1,Canada,1165,2200
22464,Cooper Co.,Cooper,Larry,+33 3 59 54 43 82,4064 Magnolia Blvd,Rm 278,Rome,,63721,Italy,1625,3100
22465,Golden Trade Imports,Cook,Gary,+49 576 633357,3499 Summit Ln,,Bristol,Wales,HM75 9ZB,UK,1188,9700
22466,Diamond Art Distribution,Turner,James,+44 60 7304 5719,3084 Sunset Ave,,Long Beach,VT,38304,USA,1102,9200
22467,Kelly Services,Kelly,Jose,+81-50-2604-1289,6153 Hollow Ave,Suite 453,Kansas City,DE,17888,USA,1621,153800
22468,Central Sales Associates,Murphy,Patrick,+33 5 69 75 23 28,6312 School Rd,,Hamilton,AB,W3C 8M6,Canada,1621,75500
22469,Watson & Thompson LLC,Watson,Alexander,(675) 956-7943,3571 Oak Ct,,Albuquerque,AZ,92336,USA,1165,9600
22470,Alvarez Group,Alvarez,Jack,+49 348 142973,5941 Washington Pl,Ste 881,Kawasaki,,528-2613,Japan,1216,64800
22471,Hall Shop,Hall,Sarah,+34 890 780 917,4205 Bay Ln,,Philadelphia,ID,54382,USA,1323,3000
22472,Global Art Inc.,James,William,+61 4 2794 7897,6927 River Circle,,Nashville,MD,84903,USA,1323,43000
22473,Gray Imports,Gray,Diane,+49 216 24790,7964 Market Loop,Unit 660,Leuven,,62732,Belgium,,222100
22474,Bailey Co.,Bailey,Brian,+81-31-6362-1698,957 Birch Ct,,Waterford,,58335,Ireland,1612,19700
22475,Thomas Shop,Thomas,Ryan,+34 688 979 526,5868 Spring Way,Floor 645,Raleigh,TN,40006,USA,1323,268900
22476,Elite Export Inc.,Wood,Kevin,+1 (252) 370-6313,3314 Lake Circle,,Mesa,FL,38027,USA,1702,280400
22477,Williams Models,Williams,Donna,+34 773 297 802,4834 Cherry Dr,Floor 182,Bristol,Scotland,HD98 2KM,UK,1165,185500
22478,Elite Art Services,Anderson,Karen,+33 1 36 26 30 22,6197 Garden Dr,,Kansas City,NJ,18274,USA,1370,9800
22479,Golden Export Industries,Hughes,David,+33 5 11 93 19 70,6025 Washington Blvd,Ste 196,Bergen,,27543,Norway,1504,76600
22480,Parker Center,Parker,Jacob,(697) 325-3233,3304 Ridge Ct,,Kobe,,254-6633,Japan,1102,3100
22481,Baker Boutique,Baker,Jeffrey,+44 48 3920 3114,3411 Main St,,Roskilde,,32638,Denmark,1188,13700
22482,Atlantic Art Ventures,Patel,Matthew,+44 67 1142 4478,1126 Church Blvd,,Brisbane,VIC,2082,Australia,1619,4200
22483,Murphy & Martinez LLC,Murphy,Elizabeth,+1 (518) 799-6577,4300 Manor St,Unit 191,Virginia Beach,DE,14047,USA,1625,9000
22484,National Export Group,Kim,Victoria,+44 50 5388 9663,2993 Hickory St,Rm 220,Kansas City,IA,85195,USA,1501,211400
22485,Classic Parts Holdings,Phillips,Jacob,(370) 871-5840,9287 Washington Rd,,Raleigh,HI,82630,USA,1323,1200
22486,Sunrise Craft Co.,Jones,Stephanie,+49 578 328522,9388 Harbor Rd,,Manchester,Scotland,GU92 5VI,UK,1501,111900
22487,Royal Trade Associates,Hernandez,Kevin,+1 (691) 265-4594,1525 Meadow Blvd,,Leipzig,,86863,Germany,1188,169400
22488,Gomez Corp.,Gomez,Raymond,+44 53 2831 4407,4325 Station Loop,,Raleigh,MN,52279,USA,1370,10400
22489,Gray Depot,Gray,Helen,+1 (931) 690-6630,4184 Manor Pl,,Virginia Beach,SC,38030,USA,,32500
22490,Gutierrez Wholesale,Gutierrez,Christopher,+49 574 679581,216 Hollow Dr,,Utrecht,,52003,Netherlands,,3400
22491,Turner & Collins Wholesale,Turner,Dorothy,+44 50 4769 9280,7692 Manor Blvd,,Portland,HI,19358,USA,1625,137200
22492,Wright Boutique,Wright,Nathan,+61 7 5651 6466,4254 Garden Loop,Ste 268,Chicago,CA,48804,USA,1621,64000
22493,Hernandez & Miller Associates,Hernandez,Anthony,+33 1 82 99 29 93,9072 Sycamore Pl,,Hamilton,,17328,New Zealand,,800
22494,Evans Collectibles,Evans,Jason,+81-55-8346-5743,3299 Magnolia Blvd,,Bologna,,79533,Italy,1143,298300
22495,Central Import Group,Ruiz,Michelle,+33 1 25 30 53 38,299 Park Blvd,Unit 341,Raleigh,MN,87492,USA,1216,27300
22496,Crystal Sales Trading,Stewart,Jason,+61 9 3958 1308,2876 Spring Ave,# 267,Philadelphia,LA,77504,USA,1702,36400
22497,Green Corp.,Green,Amanda,+33 7 16 69 30 29,6020 Main Ln,,Lille,,47374,France,,41300
22498,Morgan Shop,Morgan,Joyce,+61 4 9687 6644,1605 Oak Way,,Essen,,11905,Germany,1216,249000
22499,Ross Services,Ross,Steven,+34 733 822 242,7294 Oak Ct,,Turin,,95538,Italy,1702,138700
22500,Global Export Holdings,Richardson,Katherine,+61 2 6878 5345,4303 Cherry Ln,,Glasgow,,PX72 9CB,UK,1166,8200
22501,Flores Models,Flores,Jerry,(531) 914-7563,7585 Walnut Terr,,Sacramento,WI,77920,USA,1504,246900
22502,Jones Partners,Jones,Justin,+49 512 822091,3765 Main Terr,,Liverpool,England,JW62 7WH,UK,1611,14100
22503,Hill & Reyes Partners,Hill,Nicholas,+81-51-8221-6628,1679 Creek Ln,Floor 287,Dortmund,,46459,Germany,1625,2100
22504,Anderson Partners,Anderson,Alexander,+81-69-9092-5928,6088 Lake Rd,Floor 121,Genoa,,87025,Italy,1401,26300
22505,Johnson Ltd.,Johnson,Elizabeth,(476) 278-1872,1921 Summit Terr,,Mesa,ND,36622,USA,1143,58200
22506,Bailey International,Bailey,Rachel,+44 44 8828 1143,926 Spring Loop,Unit 330,Kitchener,NS,D9J 2G8,Canada,1401,108500
22507,Harris Gallery,Harris,Janet,+81-82-2770-6216,5073 Glen St,,Seattle,ID,98716,USA,1625,6600
22508,Thompson Toys,Thompson,Rachel,+81-33-4409-5957,8573 Hollow St,,San Francisco,VT,25222,USA,1619,2800
22509,Wood Enterprises,Wood,Larry,+49 315 12019,9752 Cherry St,,Turku,,61037,Finland,,169800
22510,Premier Sales Imports,Scott,Carolyn,+1 (977) 641-1345,9923 River Way,,Liverpool,Wales,OK11 6HP,UK,1702,3900
22511,Johnson & Kim Exports,Johnson,John,+81-43-6136-4318,7893 Magnolia Blvd,,Düsseldorf,,93606,Germany,1102,1500
22512,Capital Parts Group,Clark,John,(987) 601-1948,8109 Hill Dr,Apt 275,Osaka,,333-3726,Japan,1401,116700
22513,Perez & Ramirez Enterprises,Perez,Christine,+34 641 146 620,6963 Manor Ave,,Sacramento,WA,49465,USA,1612,7700
22514,Royal Trade Industries,Edwards,Sandra,+1 (470) 728-9067,7318 Lake Blvd,,Washington,MD,43732,USA,1621,201500
22515,Heritage Supply LLC,Morales,Margaret,+1 (863) 763-5039,3643 Hill Loop,Suite 410,Dortmund,,45235,Germany,1102,262000
22516,Central Craft Imports,Cook,George,+33 8 85 14 33 41,5197 Glen Dr,Unit 228,Singapore,,862517,Singapore,1501,9300
22517,Sunrise Import Co.,Sanders,Scott,+1 (672) 820-7566,8594 Park Blvd,,Tampere,,70730,Finland,1166,45200
22518,Long Boutique,Long,Sarah,+1 (265) 315-8310,7318 Hill St,Rm 745,Montpellier,,42171,France,1286,280900
22519,Garcia Store,Garcia,Joseph,(917) 608-8998,9235 Maple Loop,,Sapporo,,366-9324,Japan,1611,2600
22520,Long & Lewis Inc.,Long,Andrew,(998) 527-6127,3513 Highland Rd,Ste 492,Copenhagen,,83408,Denmark,1621,42400
22521,Johnson & Long Associates,Johnson,Kelly,+61 2 5432 9435,3606 Washington Blvd,,San Antonio,KS,67805,USA,1611,242500
22522,Reed Gifts,Reed,Larry,+33 9 60 36 83 22,2182 Birch Pl,Ste 147,Jacksonville,TN,86455,USA,1611,137300
22523,Foster & Cooper Ltd.,Foster,Jennifer,+1 (678) 864-7223,9363 Meadow Pl,,Nijmegen,,18834,Netherlands,1612,67300
22524,Rodriguez Distribution,Rodriguez,Emma,+44 52 6476 8526,4305 River Ct,,Chicago,CT,54964,USA,1188,49700
22525,Thompson & Williams Corp.,Thompson,Kenneth,+44 73 3411 4954,6101 River Ave,,Tucson,ID,73543,USA,1143,129600
22526,Cooper & Turner Imports,Cooper,Sandra,(869) 785-9338,7196 Lake Ct,,Nantes,,86380,France,1612,97600
22527,Brooks Gallery,Brooks,Kevin,+81-83-9256-9023,6243 Poplar Dr,# 547,Brussels,,90446,Belgium,1143,40300
22528,Murphy Gifts,Murphy,Maria,(287) 213-1382,3956 Hickory St,,Paris,,52681,France,1102,28800
22529,Atlantic Art Distribution,Morris,Anthony,+33 4 89 96 29 30,3006 Spring Ln,Ste 91,Berlin,,37233,Germany,1370,137400
22530,Horizon Motor Imports,Foster,Andrew,+34 638 566 419,2863 Harbor Rd,,Dortmund,,88604,Germany,1102,94900
22531,Mendoza Models,Mendoza,James,+44 51 4347 1486,2709 Sunset Ct,,Baltimore,RI,79714,USA,1501,40900
22532,Thompson Group,Thompson,Barbara,(234) 377-7369,9100 Park Ln,,Liège,,51427,Belgium,1166,40200
22533,Classic Parts Exports,Foster,Thomas,(753) 360-9197,2174 Cedar St,Apt 48,Hamilton,BC,T4A 1F5,Canada,1621,209600
22534,James Depot,James,Aaron,+33 8 54 20 37 72,2777 Hickory Loop,Ste 625,Fort Worth,CT,74250,USA,1337,130200
22535,Alvarez Store,Alvarez,Susan,+33 9 53 21 82 43,4454 Ash Loop,,Birmingham,Wales,KC80 3AQ,UK,1102,31600
22536,Gonzalez Imports,Gonzalez,Michael,+61 9 6257 1775,9968 Ash Ct,Rm 989,Jacksonville,OK,69348,USA,1165,17300
22537,Stewart & Mitchell Industries,Stewart,Nancy,+34 895 424 658,5159 Main Dr,,Rotorua,,57936,New Zealand,1165,172300
22538,Gutierrez & Reed Inc.,Gutierrez,Gary,+81-64-5897-1213,6671 Sunset Pl,Floor 186,Turku,,20550,Finland,1504,44300
22539,Anderson Shop,Anderson,Patrick,+61 6 5109 1415,1130 Harbor Circle,,New York,IN,62424,USA,1612,144400
22540,Capital Sales Ltd.,Adams,Adam,+81-7-3191-3209,2943 Lake Pl,Unit 731,Innsbruck,,84793,Austria,1625,28200
22541,Brooks Gifts,Brooks,Angela,+1 (876) 469-4749,757 Market Pl,Suite 486,Toulouse,,80821,France,1323,29500
22542,Golden Import Enterprises,Jones,William,+61 2 9643 9772,7322 Chestnut Way,Apt 432,Geneva,,42892,Switzerland,1612,12200
22543,Kim Depot,Kim,Emma,(307) 788-9997,6870 Cherry Circle,Floor 338,Gothenburg,,65817,Sweden,,195400
22544,Hernandez Store,Hernandez,Nancy,+34 611 506 140,5211 Glen Rd,,Drogheda,,48453,Ireland,1401,23700
22545,Mitchell Gallery,Mitchell,Diane,(943) 529-7976,5983 Bay Ave,,Nagoya,,270-8641,Japan,1323,246400
22546,Long Distribution,Long,Stephanie,+81-33-2670-7920,9632 Hill St,Unit 261,Las Vegas,FL,69060,USA,1619,155900
22547,Jimenez & Lee Solutions,Jimenez,Larry,+33 2 43 84 41 93,3451 Cherry Pl,Rm 231,Stuttgart,,80612,Germany,1166,30400
22548,Gomez Shop,Gomez,Julie,+1 (355) 749-2350,7348 Elm St,,Indianapolis,NY,90025,USA,1102,200
22549,Rogers Gallery,Rogers,Mary,+34 998 523 453,1139 Manor Blvd,,Virginia Beach,VA,86067,USA,1102,79500
22550,Martin & Kelly Co.,Martin,David,+44 72 2196 8602,7480 Church Terr,,Fort Worth,MS,36576,USA,1702,46300
22551,Anderson Exports,Anderson,Patricia,+33 5 81 58 43 83,7185 Glen Rd,Suite 553,Auckland,,25148,New Zealand,1165,10400
22552,Clark & Anderson International,Clark,Thomas,+49 103 679436,9807 Walnut Way,Rm 502,Utrecht,,45744,Netherlands,1102,7500
22553,Sanders Shop,Sanders,Brenda,+33 3 66 77 60 14,3064 Sunset Terr,,Leipzig,,83362,Germany,1166,266700
22554,Global Trade Corp.,Campbell,George,+61 4 6268 4134,1327 Meadow Circle,,Raleigh,TX,84282,USA,1702,162600
22555,Sanders Collectibles,Sanders,Larry,(204) 340-1615,5912 Chestnut Terr,Unit 152,Virginia Beach,ME,43579,USA,1611,2000
22556,Brooks Collectibles,Brooks,Catherine,+34 911 582 462,2314 Washington St,Floor 555,The Hague,,18741,Netherlands,1166,78400
22557,Nelson Depot,Nelson,Gregory,(218) 555-7271,904 Church Rd,Suite 472,San Jose,ID,31678,USA,1401,280100
22558,Jones Collectibles,Jones,Adam,+61 5 6468 2353,8460 Walnut Blvd,,Palermo,,99067,Italy,1370,3600
22559,Hughes Imports,Hughes,Betty,+49 251 595631,2787 Station Ln,Apt 472,Montpellier,,42592,France,1188,129700
22560,Heritage Parts Imports,Clark,Tyler,+1 (454) 742-1920,1169 Meadow Way,Floor 373,Dallas,IA,10372,USA,1621,139900
22561,Ramirez Models,Ramirez,Linda,+1 (797) 752-1874,4527 Summit Dr,Unit 782,Rotterdam,,12570,Netherlands,1625,156200
22562,Sanders Shop,Sanders,Linda,+44 31 6759 4032,6121 Church Pl,,Essen,,61418,Germany,1625,102500
22563,Flores & Howard Group,Flores,Emily,+81-59-6114-5576,1417 Hickory Dr,Unit 134,Stuttgart,,13022,Germany,1165,59000
22564,Alpha Craft Imports,Wilson,Angela,+34 918 325 223,3644 Church Ct,,Denver,ID,12851,USA,1166,33600
22565,Robinson Exports,Robinson,Dennis,+81-30-2022-8117,7651 Sunset Circle,Floor 480,Washington,IN,38585,USA,1286,95400
22566,Watson Center,Watson,Julie,+61 3 5396 6111,468 Valley Loop,,Birmingham,Wales,VU71 8HU,UK,1611,179900
22567,Williams Boutique,Williams,Helen,+1 (705) 506-9929,5688 Market Ln,,Memphis,CO,22995,USA,1165,5200
22568,Ortiz Ltd.,Ortiz,Brenda,(946) 390-7793,2066 Chestnut Ct,,Essen,,67459,Germany,1401,90600
22569,Atlantic Trade Partners,Miller,Deborah,+81-73-3054-2100,5625 Summit Dr,Apt 875,Canberra,NT,1172,Australia,1504,38400
22570,Murphy LLC,Murphy,Daniel,+44 26 3964 4933,2065 School Ct,,Helsingborg,,42298,Sweden,1625,8100
22571,Allen & Hernandez Imports,Allen,Carolyn,(272) 737-7328,4585 Manor Dr,,Philadelphia,WV,17525,USA,1621,235000
22572,Global Supply Trading,Clark,Nathan,+61 6 8262 1058,3106 Washington Pl,Suite 153,Winterthur,,91185,Switzerland,,75600
22573,Urban Auto Imports,Williams,Aaron,+81-19-5423-4143,7911 Park Circle,,Leuven,,43312,Belgium,1337,17600
22574,Peterson Imports,Peterson,Andrew,+49 367 571712,8716 Meadow Loop,,Rome,,67755,Italy,1286,1800
22575,Miller Shop,Miller,Stephen,+49 290 956098,2898 Hollow Terr,# 748,Christchurch,,54007,New Zealand,1216,155700
22576,Jackson Inc.,Jackson,Samuel,+49 234 884849,244 Ridge Dr,,Breda,,35200,Netherlands,1619,87500
22577,Wright & Robinson Imports,Wright,Brian,+81-69-9350-4175,4229 Sycamore Ct,Unit 535,Klagenfurt,,37623,Austria,1166,9000
22578,Edwards Gallery,Edwards,Nancy,(424) 688-1155,3770 Willow Rd,,Logan City,NSW,4153,Australia,1323,45200
22579,Hernandez & Castillo LLC,Hernandez,Tyler,+44 17 4075 4704,2463 Forest Circle,,Nashville,AL,93085,USA,1612,35600
22580,Miller & Gonzalez International,Miller,Robert,+49 685 802169,3249 Manor Way,,Newcastle,WA,9897,Australia,1166,8700
22581,Premier Parts Trading,Cooper,Kathleen,+34 697 603 973,4058 River Terr,,Oklahoma City,WA,52040,USA,1286,163300
22582,Phillips & Young Trading,Phillips,Rebecca,+44 48 8608 8476,1339 Washington Ln,Suite 389,Sacramento,AZ,89065,USA,1102,58300
22583,Horizon Import Associates,Mitchell,Jason,+33 6 22 35 75 41,4482 Hickory St,,Jacksonville,NV,73239,USA,1216,106500
22584,Capital Motor Corp.,Wilson,Kevin,+61 8 2372 3748,9300 Creek Ct,,Calgary,ON,W4S 6B5,Canada,1216,73000
22585,Morales Center,Morales,Timothy,+33 8 37 53 91 93,6089 River Terr,Unit 659,Nagoya,,621-3453,Japan,1611,6100
22586,James Store,James,Frank,(613) 831-5149,54 Glen Ave,,Edmonton,NB,T6T 7G2,Canada,1216,131500
22587,Hernandez Collectibles,Hernandez,Christine,(791) 266-5902,4394 Oak Ln,,Fukuoka,,333-8574,Japan,1619,3500
22588,Perez Models,Perez,Andrew,+44 78 6391 9215,467 Harbor Ln,Apt 855,San Jose,NH,50671,USA,1501,7800
22589,Metro Trade Distribution,Edwards,Brian,+61 6 8496 3927,599 Park Blvd,,Birmingham,England,AJ83 3IM,UK,1337,8700
22590,Cruz Industries,Cruz,Sharon,+49 716 58307,5883 Hollow Terr,Apt 330,Basel,,85778,Switzerland,1625,115300
22591,Scott Shop,Scott,Nicholas,+49 107 194259,6860 Harbor Pl,,Gothenburg,,80480,Sweden,1143,32800
22592,Price Toys,Price,Jennifer,+33 7 21 24 41 76,2282 Manor Rd,,Cologne,,53788,Germany,1621,165400
22593,Horizon Supply Trading,Cook,Helen,+49 414 611195,9318 Creek Rd,,Berlin,,16910,Germany,1504,129200
22594,Thomas Shop,Thomas,Jennifer,+33 3 49 89 67 53,7447 Hollow Pl,,Essen,,64219,Germany,1621,11600
22595,Williams & Cooper Partners,Williams,Janet,+33 8 77 11 96 37,4676 Lake Loop,Floor 548,Klagenfurt,,67459,Austria,1370,4700
22596,Anderson & Garcia Industries,Anderson,Stephanie,+33 7 36 60 34 80,5351 Garden Ln,,Groningen,,49646,Netherlands,1612,23300
22597,Royal Trade LLC,Davis,Anthony,+33 8 15 21 32 39,8995 Spring St,Ste 457,Raleigh,WV,84807,USA,1188,43300
22598,Alpha Auto Ltd.,Stewart,Benjamin,(439) 414-8273,2127 Ash Blvd,,Dallas,PA,99142,USA,1102,138200
22599,Alpha Trade Ltd.,Stewart,Patrick,+81-77-7922-6114,8824 Lake Dr,,Dornbirn,,30370,Austria,1611,15900
22600,Williams & Young Distribution,Williams,Frank,+34 944 523 178,3256 Manor Ave,Suite 291,San Francisco,NV,69767,USA,1504,92100
22601,Anderson Inc.,Anderson,Nicholas,+34 980 616 693,4727 Hill Terr,Apt 66,Lille,,88954,France,1612,38600
22602,Jones Inc.,Jones,Diane,+34 865 342 920,2322 Walnut Rd,,Cologne,,29388,Germany,1102,40400
22603,Allen & Baker Solutions,Allen,Paul,+61 6 8791 9182,9800 Bay Ave,,Munich,,44959,Germany,1102,2200
22604,Cruz Ventures,Cruz,Melissa,+44 41 6083 2486,3933 Chestnut Ct,,Auckland,,48293,New Zealand,1102,7500
22605,Roberts & Wilson LLC,Roberts,Debra,+34 839 906 542,9181 Harbor Rd,,Basel,,65547,Switzerland,1625,220400
22606,Hughes & Reed Services,Hughes,Jeffrey,(259) 295-6056,9613 Walnut Ln,,Los Angeles,MD,32300,USA,1143,31100
22607,Hall Co.,Hall,Deborah,+1 (243) 517-7824,5325 Park Ln,,Essen,,31109,Germany,,8200
22608,Atlantic Export Inc.,Chavez,Samuel,+34 886 656 941,4634 Birch Dr,,Basel,,16513,Switzerland,1370,66100
22609,Robinson & Adams Distribution,Robinson,Sandra,+1 (345) 444-4514,3536 Birch Loop,,Brisbane,VIC,1976,Australia,1286,23200
22610,Horizon Auto Wholesale,Hernandez,Christine,+49 128 409024,2742 Cherry Way,,Jönköping,,36434,Sweden,1165,2200
22611,Price & Flores Associates,Price,Samuel,+33 1 95 95 99 53,3778 Cedar Rd,,Quebec City,MB,X6X 4H3,Canada,1501,14700
22612,Parker & Cox Corp.,Parker,Kelly,+49 822 261872,9774 Hickory Rd,,Long Beach,TX,14378,USA,1370,18500
22613,Golden Import Distribution,Patel,Timothy,+49 803 530023,160 Poplar St,,Houston,HI,27926,USA,,119600
22614,Diamond Supply Ltd.,White,Kelly,+33 5 12 10 67 66,4348 Maple Loop,,Bristol,England,IN15 3BD,UK,1621,8000
22615,Sanders & Jimenez Co.,Sanders,Aaron,+33 3 22 57 56 38,5063 Hickory Loop,,Almere,,41666,Netherlands,1611,34700
22616,Taylor Models,Taylor,Michelle,+34 962 442 977,378 Cedar St,Ste 203,Valencia,,43472,Spain,1501,88900
22617,Johnson Boutique,Johnson,Paul,+1 (924) 363-8107,4280 Lake Dr,# 575,Wels,,77738,Austria,1286,63900
22618,Classic Export Imports,Robinson,Patrick,+44 11 6667 7040,3257 Ash Circle,,Brisbane,ACT,7816,Australia,1625,62000
22619,Harris & Johnson Trading,Harris,Carolyn,+44 99 7375 9462,1829 Station Terr,,Virginia Beach,LA,82778,USA,1370,1500
22620,Johnson & Cox Inc.,Johnson,Benjamin,(318) 858-5909,1742 Main Dr,,Los Angeles,AR,81429,USA,1102,49000
22621,Heritage Sales Trading,Ramirez,Rebecca,+61 7 1344 9434,4935 Meadow Circle,,Houston,MI,37954,USA,1166,233700
22622,Wood Holdings,Wood,Ryan,+44 73 2999 6039,473 Walnut Dr,,Mechelen,,80173,Belgium,1323,215200
22623,Alvarez Toys,Alvarez,Benjamin,+49 654 284292,3653 Hill Blvd,,Austin,IL,78848,USA,1216,154300
22624,Adams & King Associates,Adams,Stephen,+49 768 572401,8319 Washington Pl,,London,Scotland,HX94 4DA,UK,1619,39900
22625,Central Auto Holdings,Brooks,Gary,(939) 491-7702,2364 Harbor St,,Liverpool,,CR83 2XG,UK,1143,258600
22626,Silver Import Enterprises,Adams,Jerry,(771) 257-8374,1878 Market Ct,,Mesa,DE,44752,USA,,15800
22627,Elite Craft Associates,Turner,Jason,+61 4 7085 1291,5196 Hollow Rd,,Edmonton,QC,V0T 2R4,Canada,1401,49300
22628,Jimenez & Mitchell Solutions,Jimenez,Nathan,+1 (822) 536-9690,4785 Manor Dr,Suite 665,Munich,,22857,Germany,1188,230900
22629,Rodriguez Group,Rodriguez,Donald,+33 7 60 72 39 51,4610 Birch Rd,,Nantes,,75164,France,,78500
22630,Smith & Ross Holdings,Smith,Heather,+61 5 6504 7382,4582 Birch Terr,,Virginia Beach,VT,61268,USA,1166,11500
22631,Hernandez & Evans Exports,Hernandez,Ryan,+33 3 28 25 99 92,9556 Elm Way,,Columbus,NV,18560,USA,1370,7700
22632,Morris & Brown Industries,Morris,Gary,+34 804 253 911,9647 Glen Terr,Floor 141,Charlotte,NH,60765,USA,1625,26400
22633,Ramos & Clark Enterprises,Ramos,Cynthia,+61 8 4620 4032,8194 Walnut Dr,,Wollongong,VIC,8764,Australia,1143,165500
22634,Kelly Store,Kelly,Samuel,+61 2 1603 5819,7574 Forest Rd,Floor 536,San Diego,AR,56303,USA,1370,28300
22635,Chavez Models,Chavez,Kelly,+44 83 7450 9842,9987 Maple Pl,,Strasbourg,,30208,France,,259900
22636,Robinson Shop,Robinson,Jason,+61 7 1183 5207,3911 Manor St,Rm 464,Las Vegas,FL,72273,USA,1102,5600
22637,Green & Cooper Corp.,Green,Ryan,+81-18-9462-3853,8148 Birch Circle,,Tucson,RI,11575,USA,1323,7100
22638,Brown & Perez Group,Brown,Brenda,+44 62 6814 9157,5889 Magnolia Way,,Edmonton,NS,P1P 5C7,Canada,1625,18700
22639,Global Art Holdings,Sanders,Gregory,+49 619 594911,9811 Pine Ct,,Osaka,,892-7477,Japan,1323,66700
22640,Davis Collectibles,Davis,Dorothy,+81-44-3321-7764,2529 Cedar Terr,Unit 869,Fukuoka,,407-8675,Japan,1370,5900
22641,Cooper Exports,Cooper,Edward,+34 805 492 784,471 Elm Ct,,San Diego,WA,16031,USA,1102,187500
22642,Ramirez & Moore Solutions,Ramirez,Thomas,+61 8 4046 2779,9871 Bay Ave,Unit 996,Jacksonville,GA,13880,USA,1166,8800
22643,Hernandez & Reed Partners,Hernandez,Susan,+61 8 4609 7911,5131 Washington Ct,,Washington,HI,53167,USA,1286,22900
22644,Ward Boutique,Ward,Angela,+61 6 8418 1640,6642 Washington Rd,Apt 523,Quebec City,BC,B3D 4G0,Canada,1504,5800
22645,Lewis Models,Lewis,Thomas,+49 464 576672,8110 Washington Circle,# 433,Nashville,PA,17712,USA,,284900
22646,Brown & Kim Co.,Brown,Jonathan,+34 770 177 836,610 School Dr,,Albuquerque,NM,90988,USA,1612,17500
22647,Edwards Solutions,Edwards,Pamela,+33 3 93 98 63 97,1482 Meadow Circle,,Leeds,,GH66 1AI,UK,1611,80100
22648,Jackson LLC,Jackson,Anthony,+33 5 81 72 77 18,5969 Poplar Way,# 195,Mechelen,,60690,Belgium,1504,284900
22649,Horizon Parts Group,Reyes,Ronald,+34 893 257 358,1413 Spring Rd,Suite 747,Montreal,MB,D5P 1R3,Canada,,8100
22650,Alvarez & Price LLC,Alvarez,Samantha,+1 (600) 778-9034,4439 Park Ct,Apt 278,El Paso,MO,78250,USA,1625,1300
22651,Bennett International,Bennett,Kelly,+33 1 85 29 28 19,9482 Lake Blvd,,Lugano,,93992,Switzerland,1621,2100
22652,Evans Exports,Evans,Angela,+49 373 139490,6721 Lake Pl,,Nashville,IL,14571,USA,1165,14700
22653,Nelson Store,Nelson,Kevin,+33 5 78 66 63 56,649 Hill Ct,,Perth,VIC,7216,Australia,1619,276000
22654,Green & Thomas Co.,Green,Brian,+61 8 7400 8732,3475 Elm Way,,Raleigh,WI,53394,USA,1619,6800
22655,Taylor & Watson Distribution,Taylor,Adam,+61 7 5751 6823,2965 Meadow Ct,,Hamilton,QC,A4F 3U5,Canada,1102,5000
22656,Flores & Howard Distribution,Flores,Michael,+49 815 303552,9930 Chestnut Terr,# 853,Essen,,80763,Germany,1625,4000
22657,Pacific Supply Corp.,Kim,George,+34 838 610 298,303 Spring St,,Atlanta,ND,85213,USA,1143,15100
22658,Clark & Roberts Imports,Clark,Mark,+49 133 749540,9247 Walnut Terr,Apt 554,Nantes,,28492,France,1621,37800
22659,Young & Hughes Associates,Young,Mark,+81-25-8966-5509,4261 Oak Rd,,Essen,,76750,Germany,1166,61200
22660,Global Motor Trading,Flores,Paul,+34 652 352 593,6372 Poplar Ave,,Yokohama,,118-2155,Japan,1401,36600
22661,Hill Collectibles,Hill,Alexander,+49 39 307567,935 Bay St,Apt 964,Montpellier,,32536,France,1286,100700
22662,National Import Ltd.,Clark,Samantha,+44 78 8123 9784,2563 Hickory St,Suite 935,Las Vegas,AZ,21113,USA,1702,27500
22663,Ross & Jones Holdings,Ross,Anthony,+1 (904) 737-8735,5811 Sunset Ave,,San Antonio,NE,76506,USA,,83500
22664,Watson & Stewart Solutions,Watson,Linda,(512) 906-7358,6389 Glen Pl,,Antwerp,,44935,Belgium,1216,11200
22665,Watson & Richardson Services,Watson,Dorothy,+33 3 41 72 30 42,5000 Hollow Circle,,Bologna,,92151,Italy,1702,38600
22666,Smith Models,Smith,Donna,+44 68 5133 7077,4729 Manor St,,Leipzig,,94631,Germany,1102,38100
22667,Diaz Enterprises,Diaz,Kelly,+1 (389) 527-7421,1157 Hill Ln,,Charlotte,SD,78463,USA,1166,93600
22668,Wright Trading,Wright,Charles,+1 (462) 613-5864,2540 Creek Ave,,Portland,MA,59179,USA,1216,109700
22669,National Trade Enterprises,Johnson,Frank,+33 8 70 71 33 49,4652 Birch Way,,Canberra,WA,8572,Australia,1621,1800
22670,Bennett Shop,Bennett,Jonathan,+44 46 8562 8344,8269 Hill Way,,Barcelona,,27514,Spain,1504,6000
22671,Jones Depot,Jones,Frank,+81-63-4074-3346,1479 Main Rd,,Albuquerque,MN,62650,USA,1286,5200
22672,Scott Models,Scott,Christopher,+81-43-2139-3987,6417 Ash Dr,,Linköping,,55536,Sweden,1102,154000
22673,Hill Store,Hill,Dennis,+81-19-9054-1496,2270 Oak Loop,Apt 198,Portland,PA,59194,USA,1337,28600
22674,Moore & Adams Trading,Moore,Frank,+49 398 581419,1112 River Terr,,Groningen,,95166,Netherlands,1621,105100
22675,Pacific Auto Industries,Miller,Jose,+1 (792) 523-3562,6540 Garden Way,Ste 526,Milan,,12873,Italy,1611,35600
22676,Morales Group,Morales,Melissa,+44 78 2535 5215,6593 Maple Blvd,,Portland,OH,61181,USA,1504,3000
22677,Peterson Associates,Peterson,Kathleen,+61 5 4611 4646,6291 Elm Loop,,Bray,,34646,Ireland,,35600
22678,Torres & Miller Solutions,Torres,Rachel,+81-11-2784-6391,8967 Summit Ln,,San Jose,NV,71036,USA,,288000
22679,Mitchell Depot,Mitchell,Linda,+44 97 7240 2571,450 Pine Ct,,Düsseldorf,,64724,Germany,1702,2800
22680,Murphy & Murphy Enterprises,Murphy,Scott,+44 24 8785 5786,9580 Bay Way,,Colorado Springs,SC,66012,USA,1702,108200
22681,Classic Parts Distribution,Diaz,Stephen,+61 7 8446 4227,1743 Bay Ln,,Memphis,ND,45865,USA,1501,236700
22682,Crystal Trade Enterprises,Hernandez,Shirley,(603) 928-5654,7882 Manor Dr,,Brisbane,WA,3640,Australia,1621,217600
22683,Campbell Gallery,Campbell,Deborah,+61 5 5361 1638,8737 Elm Circle,,Wels,,24335,Austria,1504,140500
22684,Crystal Parts Trading,Morales,Aaron,+81-26-8099-7804,817 Hill Ave,Suite 908,Rome,,64061,Italy,1611,29200
22685,Thompson Gifts,Thompson,Julie,(972) 329-1756,9249 Ridge Pl,Apt 431,Aalborg,,18536,Denmark,1102,2400
22686,Howard Trading,Howard,Jason,+33 5 97 55 47 20,1195 River Terr,,Kawasaki,,925-1243,Japan,1702,3800
22687,Ruiz Boutique,Ruiz,Samantha,+81-71-6498-3987,3281 Cedar St,Unit 481,Lugano,,53467,Switzerland,1166,76400
22688,Castillo Store,Castillo,Brian,+1 (415) 492-3358,2221 Cedar Ave,,San Diego,MD,45669,USA,1102,39300
22689,Crystal Import Wholesale,Brown,Amy,+44 26 2320 8106,9143 Park Ct,,Dublin,,96762,Ireland,1401,5800
22690,Campbell Co.,Campbell,Ronald,+81-23-3737-3508,8943 Washington Dr,,Strasbourg,,56919,France,,8600
22691,Global Art Partners,Williams,Donald,(911) 472-7496,4264 Walnut Pl,Unit 543,Catania,,85185,Italy,1102,64500
22692,National Sales Trading,Reyes,Jack,(814) 607-4044,6046 Garden Way,,San Diego,TX,71223,USA,1143,108400
22693,Ramos Shop,Ramos,Gregory,+34 676 487 784,6424 School Pl,,Fort Worth,FL,23415,USA,1370,18900
22694,Ramirez Ventures,Ramirez,Jonathan,+44 87 2350 4982,1434 Manor Circle,,El Paso,SD,76923,USA,1102,1300
22695,Morris & Anderson Ltd.,Morris,Christopher,+44 46 2760 3565,5753 Ridge Ct,,Palma,,61585,Spain,1401,119900
22696,Central Art Group,Gray,Richard,+81-13-6662-3896,4446 Meadow Rd,# 410,Indianapolis,PA,33351,USA,1612,49500
22697,Rodriguez & Myers Distribution,Rodriguez,Deborah,(925) 694-3792,1947 Harbor Dr,Suite 815,El Paso,VT,87070,USA,1216,3800
22698,Peterson Models,Peterson,Robert,+33 6 38 76 49 66,35 Willow Ct,,Florence,,77281,Italy,1702,140600
22699,Lewis Boutique,Lewis,Catherine,+49 755 461372,7856 Sycamore Blvd,,Bristol,Scotland,KP4 8XF,UK,1619,4800
22700,Rodriguez Toys,Rodriguez,Adam,(592) 700-2513,839 Spring Loop,,Lausanne,,72930,Switzerland,1337,99800
22701,Perez Toys,Perez,Tyler,(511) 926-4708,9005 Forest Blvd,Rm 988,Long Beach,IN,11738,USA,1611,8400
22702,Young Ltd.,Young,Aaron,+34 691 641 561,3775 Chestnut Ct,Ste 532,Hamilton,NL,F3B 7H1,Canada,,23300
22703,Stewart Depot,Stewart,Nicholas,+81-39-3576-8546,231 Birch Circle,,Aalst,,10901,Belgium,1702,34300
22704,Foster Enterprises,Foster,Victoria,+34 921 764 367,1116 Highland Ave,,Winterthur,,50416,Switzerland,1216,119900
22705,Bennett & Clark Industries,Bennett,Lisa,+1 (738) 737-3494,8295 Station Ln,,Jacksonville,MS,82929,USA,1611,228500
22706,Young International,Young,Michelle,+34 769 341 623,7350 Lake Ln,Rm 508,Leicester,,JV51 1RX,UK,1619,129400
22707,Stewart Co.,Stewart,Kimberly,+34 730 899 391,1871 Hickory Pl,,San Diego,NV,29811,USA,1337,91900
22708,Alpha Trade Ventures,Roberts,Barbara,+81-39-3962-4911,4558 School Ave,,Houston,SD,45508,USA,1619,3800
22709,Royal Supply Group,Wright,Katherine,+49 874 521295,9823 Forest St,,Portland,NJ,25642,USA,,102900
22710,Bailey & Lee Industries,Bailey,Larry,+81-79-7106-5397,9871 Station Ave,Apt 71,Fredrikstad,,97408,Norway,1188,2400
22711,Peterson & James Exports,Peterson,Amy,(714) 725-9991,2587 Cedar Rd,Ste 510,Florence,,73165,Italy,1612,258700
22712,National Art Group,Rivera,Andrew,+81-41-7077-5364,4364 Walnut Way,,Berlin,,36630,Germany,,101800
22713,Lee & Gomez Holdings,Lee,Margaret,+33 1 31 14 98 13,1607 Poplar Ct,# 195,Mesa,AK,19626,USA,1625,35100
22714,Diaz Services,Diaz,Jonathan,+33 7 96 44 17 98,1145 Chestnut Ave,,Yokohama,,658-8038,Japan,1337,3300
22715,Horizon Export Solutions,Garcia,Donna,+49 95 416657,8666 Bay Terr,,San Francisco,DE,77186,USA,1188,15500
22716,Diaz Collectibles,Diaz,Sandra,+34 922 687 773,5499 Hill Loop,,Tampere,,39237,Finland,1165,8900
22717,Atlantic Auto Corp.,Hughes,Jose,+81-88-1840-6453,5762 Willow Ave,Rm 641,Lille,,12312,France,1323,188300
22718,Urban Parts Industries,Ortiz,Angela,+49 442 890284,5323 Cherry Blvd,,Murcia,,45889,Spain,1188,8700
22719,Wright Models,Wright,James,+1 (323) 328-9623,4661 Spring Ln,# 852,Memphis,GA,40876,USA,1621,8000
22720,Moore Exports,Moore,Brian,+33 8 15 73 14 90,6332 Market Way,,Hamilton,QC,U7Y 4D4,Canada,1216,264800
22721,Allen & Mitchell Solutions,Allen,David,+49 499 810015,7013 River Blvd,Ste 906,Groningen,,44438,Netherlands,,3900
22722,Chavez & Carter Co.,Chavez,Elizabeth,+81-45-8122-1127,6076 Ash Rd,Unit 977,Bristol,England,LD39 2RZ,UK,1501,58500
22723,Hughes Store,Hughes,Catherine,+61 4 3928 1430,2629 Valley Rd,Suite 773,Baltimore,WI,18715,USA,1702,52600
22724,Jackson Imports,Jackson,Richard,+44 49 2386 9971,4925 Highland Rd,Suite 531,Jacksonville,AZ,87607,USA,1611,19500
22725,Clark Imports,Clark,Karen,+49 621 531534,3473 Garden Loop,Floor 478,Fresno,CT,93559,USA,1401,62200
22726,Metro Supply International,Adams,Christopher,+33 7 16 46 40 80,5160 Summit Ave,,Logan City,TAS,2964,Australia,1401,226900
22727,King Trading,King,Jason,+61 9 1798 2653,9303 Garden Terr,Rm 509,San Jose,MS,16528,USA,1286,10700
22728,Urban Supply Inc.,Torres,Eric,+49 515 440871,3915 Birch St,,Brisbane,NT,6635,Australia,1619,17200
22729,Rivera Wholesale,Rivera,Michael,+1 (327) 482-3906,7501 Station Ln,Floor 693,Nashville,AK,33888,USA,1702,10800
22730,Hill Corp.,Hill,Mark,+1 (843) 841-5713,4405 Market Rd,,Wellington,,13778,New Zealand,1337,3900
22731,Parker & Flores Ventures,Parker,Edward,+1 (467) 567-6512,5296 Walnut Ct,,Louisville,AR,58993,USA,1611,50000
22732,Mendoza LLC,Mendoza,Karen,+34 886 715 903,8981 Oak St,,Birmingham,England,GR63 8GX,UK,1625,133100
22733,Turner Shop,Turner,Frank,+1 (811) 755-4502,3276 Sunset Ave,,Essen,,49105,Germany,1188,5300
22734,Classic Parts Ventures,Miller,Paul,+33 9 46 41 85 50,9853 Willow Rd,,Louisville,SC,77720,USA,1625,4300
22735,Foster & Bennett Associates,Foster,Carol,+1 (366) 211-2829,2504 Oak St,Rm 231,Leipzig,,64160,Germany,,285800
22736,Morales & Cook Associates,Morales,Joseph,(920) 677-7175,809 Market Ave,,Las Vegas,MS,56388,USA,,129100
22737,Morris Industries,Morris,Amy,+44 93 7439 5514,8213 Maple St,,Melbourne,VIC,1260,Australia,1504,54500
22738,Elite Export International,Moore,Paul,+33 8 32 55 62 54,9572 Pine St,,Yokohama,,553-9000,Japan,1337,145500
22739,Martinez Inc.,Martinez,Nicole,+44 68 8572 7152,2761 Meadow Blvd,Rm 74,Madrid,,13210,Spain,1621,69000
22740,Cooper Gallery,Cooper,Jacob,+44 73 5153 3433,5090 Cherry Rd,Floor 997,San Antonio,FL,75921,USA,1143,283000
22741,Bennett Enterprises,Bennett,Larry,(848) 356-7288,1149 Ridge Pl,,Marseille,,67234,France,1702,62700
22742,Global Art Imports,Chavez,Brian,+44 46 3784 9956,9887 Willow Ct,Rm 944,Columbus,IL,16024,USA,1323,12400
22743,Roberts & James Trading,Roberts,Donna,+1 (272) 996-7100,7103 School Terr,Suite 86,Tucson,KY,84615,USA,1165,68200
22744,Rivera Group,Rivera,Justin,+44 40 3427 4885,6295 Maple Pl,,Mesa,ND,63972,USA,,19900
22745,Silver Export Inc.,Kelly,Dorothy,+33 3 45 70 16 71,1683 Cedar Ave,,Tucson,MT,81545,USA,1166,292300
22746,Urban Supply Co.,Price,Kimberly,+49 891 542438,3175 Main Ave,,Swords,,40382,Ireland,1370,3700
22747,Atlantic Export Corp.,Rivera,Tyler,(691) 295-5980,2526 Pine Dr,,Murcia,,42840,Spain,,16400
22748,Golden Parts Co.,Ruiz,Diane,+1 (731) 532-4682,256 School Rd,,Bristol,England,MJ38 2RV,UK,1401,10500
22749,Ross Models,Ross,Cynthia,(431) 303-2725,6979 School Loop,,Kitchener,ON,X9R 9U9,Canada,1501,5000
22750,Ruiz Services,Ruiz,Dorothy,+81-58-9065-9959,5252 Creek Ct,Ste 539,Rotterdam,,65522,Netherlands,1501,67800
22751,Campbell Center,Campbell,Eric,+1 (608) 726-6569,4726 Elm Circle,,Houston,CA,54193,USA,1143,125900
22752,Morales & Wright Wholesale,Morales,Jonathan,+81-60-7135-8504,1913 Meadow Terr,,St. Pölten,,51993,Austria,1611,25200
22753,Royal Import Distribution,Sanchez,Tyler,+61 9 1358 1744,5638 Glen Ave,,Louisville,PA,91085,USA,1165,28300
22754,Thompson & Gutierrez Imports,Thompson,Linda,+49 778 498018,3099 Maple Dr,,Bari,,90499,Italy,1337,21000
22755,Jackson & Martin Associates,Jackson,Jason,+61 5 3969 8288,3327 Hollow Way,Rm 6,Bilbao,,56786,Spain,1165,27000
22756,Chavez Associates,Chavez,Justin,+49 413 836672,272 Valley Ct,Apt 484,Helsingborg,,38035,Sweden,1625,9000
22757,Heritage Trade Imports,Moore,Brenda,+34 968 734 883,9486 Ridge Ct,Unit 139,Zurich,,46472,Switzerland,1143,12800
22758,Gutierrez LLC,Gutierrez,Brandon,+44 38 8253 8998,2730 Willow Pl,,Milwaukee,GA,10201,USA,1102,97600
22759,Hill & Wright Trading,Hill,Catherine,+34 934 973 370,9397 Forest Blvd,Apt 414,Chicago,FL,91347,USA,1625,123000
22760,Ramos & Wilson Wholesale,Ramos,Patricia,+49 872 577520,3886 Summit Dr,Floor 108,Breda,,17948,Netherlands,1621,143200
22761,Peterson & Murphy Associates,Peterson,Diane,+49 456 697327,8082 Summit Pl,,Kitchener,PE,N8M 8D9,Canada,1370,134300
22762,Global Sales Services,Perez,Steven,+49 966 66036,4796 Lake Way,,Albuquerque,CO,73622,USA,,4100
22763,Bennett Co.,Bennett,Sharon,+1 (667) 606-3926,9086 Washington Ave,,Seattle,VA,25033,USA,1619,47500
22764,Lopez Depot,Lopez,Nancy,(235) 805-3142,2564 Cedar Way,Rm 320,Jacksonville,WA,12432,USA,1216,2100
22765,Parker Gallery,Parker,Aaron,+34 670 923 603,8054 Spring Rd,,Atlanta,MT,26175,USA,1612,700
22766,Jackson Enterprises,Jackson,Deborah,+81-90-8813-4276,7792 Pine Terr,,Nice,,56379,France,1216,1500
22767,Wood Solutions,Wood,Cynthia,+33 5 32 69 24 38,9790 Lake Terr,Suite 197,Porsgrunn,,50947,Norway,1619,29600
22768,Green Models,Green,Thomas,+61 4 5318 2920,464 Summit Pl,,Nice,,16496,France,1216,139600
22769,Gomez & Cox Exports,Gomez,Edward,+34 782 751 692,2285 Maple Way,Unit 957,Sacramento,AZ,21796,USA,1504,284200
22770,Carter Store,Carter,Kimberly,(602) 798-5560,1521 Highland Rd,,Milwaukee,KY,85368,USA,,64200
22771,Hughes & Gray Trading,Hughes,Betty,+33 6 89 15 16 52,1966 Bay Way,Suite 291,Sapporo,,807-3182,Japan,1625,1000
22772,Howard International,Howard,Stephanie,+49 123 27853,9448 Maple St,Ste 222,Birmingham,Scotland,PN46 4TO,UK,1501,5700
22773,Mitchell Enterprises,Mitchell,Paul,+1 (881) 893-6449,2061 Hickory Rd,# 153,Singapore,,139181,Singapore,1504,0
22774,Central Motor Industries,Rivera,Pamela,+33 7 15 25 79 21,6414 School Ln,,Milwaukee,DE,66803,USA,1165,10000
22775,Sanchez & Gomez Ltd.,Sanchez,Amanda,+81-46-2200-6104,1985 Birch Terr,Suite 671,Tauranga,,91569,New Zealand,1625,28200
22776,Peterson Toys,Peterson,Edward,+49 388 53598,7836 Main Blvd,Apt 559,San Diego,NY,40742,USA,1702,35100
22777,Wilson & Thomas Enterprises,Wilson,Christine,+81-51-7360-3099,5085 Sunset Rd,,Milan,,34203,Italy,1625,18100
22778,Urban Auto Partners,Ramos,Sandra,+49 640 594987,2149 Main Ln,,Denver,NE,24791,USA,1216,9300
22779,Gutierrez Enterprises,Gutierrez,Emily,+49 94 923338,3860 Forest Loop,Floor 931,Utrecht,,58427,Netherlands,1370,249500
22780,Urban Craft Solutions,Baker,Charles,+61 9 1034 6538,1446 Hill Dr,,Essen,,59244,Germany,1102,11700
22781,Diamond Parts Partners,Gray,Debra,+44 99 9504 7496,1603 Forest Terr,,Montpellier,,35398,France,1216,5400
22782,Alpha Parts Ventures,Sanchez,Andrew,(986) 559-7826,2789 Cherry Loop,,Indianapolis,HI,68318,USA,1323,158100
22783,Reyes Partners,Reyes,Ryan,+44 90 3543 5393,5525 Walnut Pl,,Philadelphia,IN,41423,USA,1702,266200
22784,Ramirez & Ramos Solutions,Ramirez,Donna,+49 511 977175,2419 Highland Terr,Apt 600,Kitchener,NS,A6E 6G8,Canada,1612,77900
22785,Price Enterprises,Price,Debra,(846) 380-7754,9789 Hickory Rd,,Hamilton,NS,T6M 9F7,Canada,1286,284000
22786,Alpha Trade Co.,Sanders,Larry,+44 85 2580 2955,3725 Manor Rd,Floor 483,Logan City,SA,2812,Australia,1501,54300
22787,Smith & Sanchez Ltd.,Smith,Rachel,+34 660 754 925,8457 Meadow Loop,# 175,Winnipeg,QC,S2M 8U2,Canada,1401,12200
22788,Premier Motor Co.,Reed,Nicole,+33 7 53 25 74 37,7268 Station Way,,Canberra,SA,6051,Australia,1621,174600
22789,Ruiz & Campbell Inc.,Ruiz,Katherine,+61 3 4936 8283,2250 Main Dr,,Sacramento,ID,24544,USA,,278600
22790,Elite Sales LLC,King,Rachel,+61 7 3565 3777,2847 Highland Ln,,Sacramento,OR,71066,USA,1504,53300
22791,Classic Motor Group,Green,Julie,(390) 814-9257,8225 Hollow Blvd,,Groningen,,48591,Netherlands,1611,94800
22792,Walker Collectibles,Walker,Debra,(823) 952-6797,2395 Forest St,Suite 452,Tilburg,,38246,Netherlands,,129500
22793,Gomez Toys,Gomez,Jessica,+33 8 46 72 16 40,7746 Summit Pl,,Washington,VT,65463,USA,1611,2100
22794,Rogers Models,Rogers,Benjamin,+44 34 9304 9425,9039 Ridge Ln,,Ottawa,PE,J0L 3C8,Canada,1611,190900
22795,Nguyen Inc.,Nguyen,Ashley,(688) 288-5411,2828 Willow Ct,Apt 382,Las Palmas,,83007,Spain,1612,6900
22796,Urban Auto Exports,Diaz,Michael,+61 7 3988 5263,3748 Harbor Way,Unit 867,Melbourne,QLD,6248,Australia,1611,47900
22797,Peterson Co.,Peterson,George,+81-84-6296-3021,3742 Hickory Ln,Suite 787,Los Angeles,NC,95466,USA,1323,148000
22798,Peterson Collectibles,Peterson,Linda,+81-9-6627-1981,9187 Cedar Way,,Quebec City,QC,G7N 6R0,Canada,1612,58800
22799,Myers Trading,Myers,Rachel,+33 6 38 22 68 34,4480 Sunset Pl,,Tokyo,,565-1332,Japan,1619,27300
22800,Price Ltd.,Price,Katherine,+44 60 7060 9839,9048 Washington Blvd,,Indianapolis,CO,48474,USA,1612,230500
22801,Adams Collectibles,Adams,Anna,+49 479 64147,5326 Manor Pl,,Kobe,,725-5397,Japan,,223700
22802,White & Kim Industries,White,Susan,+49 366 486652,3567 Main Ct,,Rotorua,,43423,New Zealand,1702,10000
22803,Davis Store,Davis,Sandra,+44 82 7912 1214,5405 Maple Circle,,Nashville,TN,60616,USA,1625,10000
22804,Cooper Solutions,Cooper,Barbara,+49 313 741880,1816 Maple Rd,,Berlin,,24750,Germany,1621,44300
22805,Moore Ltd.,Moore,Jacob,+44 20 7661 6594,2161 Manor Ln,,Bristol,England,CA73 5LX,UK,1323,3000
22806,Cooper Shop,Cooper,Angela,+61 8 4111 2280,7502 Hollow Blvd,Ste 378,San Antonio,MD,41452,USA,1625,2800
22807,Sanchez & Reyes Services,Sanchez,Amy,+34 831 352 190,9954 Maple Dr,,Rotterdam,,87445,Netherlands,1165,135800
22808,Howard & Clark International,Howard,Joshua,+1 (706) 471-8071,5685 Pine Circle,Unit 41,Örebro,,24983,Sweden,1702,4700
22809,Jackson LLC,Jackson,Nicholas,+34 994 146 357,9469 Station Ln,,Paris,,52488,France,1166,239000
22810,Urban Art Partners,Taylor,Ashley,+34 665 314 663,8976 Birch Dr,,Fresno,AL,33070,USA,1102,277900
22811,Gray Depot,Gray,Deborah,+1 (869) 471-3787,4344 River Pl,,Brisbane,ACT,4749,Australia,1337,136800
22812,Heritage Art Ventures,Kelly,Shirley,+33 4 14 45 48 26,1153 Ash Ave,,Seville,,29078,Spain,1143,80000
22813,Myers Trading,Myers,Brian,+33 2 64 94 59 46,5067 Harbor Ave,,Austin,KY,13249,USA,1625,4900
22814,Elite Trade Corp.,Cruz,Victoria,+1 (910) 748-6340,352 Station Circle,,Tokyo,,535-7466,Japan,1337,9200
22815,Cook Imports,Cook,Michael,+34 836 249 255,1017 Birch Ln,Rm 575,Palermo,,29708,Italy,1323,41000
22816,Gutierrez Collectibles,Gutierrez,Joshua,+61 6 2104 5771,735 Willow Ln,,Oklahoma City,VA,14692,USA,1612,13700
22817,Cruz Ventures,Cruz,Charles,+1 (881) 799-8050,6649 Elm Ct,Floor 482,Turku,,28581,Finland,1401,4300
22818,Capital Supply Industries,Parker,Jerry,+81-29-5155-2475,2197 Church Pl,Ste 722,Cologne,,38674,Germany,1188,93100
22819,Chavez Center,Chavez,Melissa,(751) 711-7224,9870 Valley St,Rm 976,El Paso,KS,94344,USA,1166,2800
22820,Hughes Holdings,Hughes,Debra,+81-44-4161-8010,1501 Willow Terr,Apt 588,Sacramento,CA,59249,USA,,7700
22821,Campbell Solutions,Campbell,Brenda,+81-15-9611-2303,6305 Pine Blvd,Unit 171,Palermo,,36581,Italy,1165,42600
22822,Cooper Gifts,Cooper,Margaret,+61 9 4722 8668,2617 Cherry Terr,,Louisville,AZ,40789,USA,1619,124200
22823,Silver Motor LLC,Peterson,John,+49 628 323429,4465 Main Dr,,Stuttgart,,89826,Germany,1612,52300
22824,Martin & Mitchell International,Martin,George,(465) 293-4851,2053 River Pl,Rm 945,Virginia Beach,VA,43505,USA,1619,114600
22825,Ramirez & Wood Enterprises,Ramirez,Donald,+33 8 27 36 99 63,3724 Washington Ave,# 717,Baltimore,CT,92396,USA,1370,12200
22826,Castillo & Patel Corp.,Castillo,Melissa,+33 1 74 71 84 82,8464 Chestnut St,,San Diego,CA,23610,USA,1188,2200
22827,Bailey Collectibles,Bailey,Nicole,(758) 322-5357,9238 Ridge Circle,,Sacramento,GA,83647,USA,1188,299300
22828,Heritage Craft Inc.,Young,Anna,+34 808 669 606,7963 Chestnut Way,,Long Beach,ND,69232,USA,1501,21300
22829,Ortiz Gallery,Ortiz,Pamela,+1 (696) 581-5188,3044 Birch St,,Berlin,,86515,Germany,,8000
22830,Roberts & Phillips Enterprises,Roberts,Cynthia,(479) 255-5038,6417 Market Pl,,Logan City,VIC,6502,Australia,1625,20100
22831,Harris & Turner Enterprises,Harris,Larry,+81-55-2423-5773,954 Cherry Circle,Floor 368,Washington,UT,68319,USA,1286,4200
22832,Horizon Trade LLC,Alvarez,Nicole,+44 95 4507 6560,1572 Meadow St,,Düsseldorf,,25251,Germany,1702,43900
22833,Global Art Trading,Thompson,Daniel,+81-11-9734-2791,8751 Cherry Rd,,Baltimore,AK,45563,USA,1401,39900
22834,Parker LLC,Parker,Margaret,+1 (676) 679-5505,775 Highland Way,,Singapore,,345403,Singapore,1337,290000
22835,Baker Co.,Baker,Carol,+33 2 74 74 55 40,7977 Harbor Terr,,Calgary,AB,G4H 1S2,Canada,1619,200
22836,Elite Import Enterprises,Gutierrez,Catherine,+61 9 8761 9426,754 Hollow Loop,,Liège,,20976,Belgium,1612,15600
22837,Lopez Wholesale,Lopez,Rachel,(999) 721-9941,7699 River Way,Unit 48,Bordeaux,,32673,France,1143,2800
22838,Taylor Models,Taylor,Frank,+44 70 7798 4586,9666 Summit Pl,Ste 574,Melbourne,WA,2802,Australia,1216,8000
22839,Ortiz Depot,Ortiz,Frank,+34 694 559 370,3783 Glen Rd,Suite 319,Fukuoka,,386-8741,Japan,,7400
22840,Young & Diaz Imports,Young,Thomas,+44 39 8191 5017,5433 Market Rd,,Munich,,24085,Germany,1504,5900
22841,Baker Models,Baker,Rachel,+1 (608) 448-3090,3991 Station Terr,,Seattle,IL,29771,USA,1702,83900
22842,Torres & Rodriguez Inc.,Torres,Mary,+61 9 7674 1074,7968 Chestnut Loop,,Roskilde,,85604,Denmark,1143,295800
22843,Howard & Murphy Distribution,Howard,Joyce,+44 13 9189 9381,681 Sycamore Ct,,Calgary,NS,X0S 9T9,Canada,,4700
22844,Phillips & Scott Inc.,Phillips,Matthew,+49 823 424457,9987 School Circle,# 388,Cologne,,20713,Germany,1401,47000
22845,Global Supply Trading,Patel,Samuel,+49 520 310774,9106 Main Ln,,Canberra,SA,9205,Australia,1166,107000
22846,James Models,James,Mark,(451) 937-8557,3155 Cherry Circle,,Trondheim,,47260,Norway,1702,32800
22847,Patel Center,Patel,Tyler,+33 8 50 23 32 29,3652 Willow Circle,,Málaga,,74447,Spain,1102,1400
22848,Thompson & Martin Industries,Thompson,James,+33 8 78 12 17 59,2765 Elm Dr,,Berlin,,40266,Germany,1501,37500
22849,Silver Auto Imports,Campbell,Nathan,+49 303 724509,622 Willow Blvd,,Perth,QLD,1120,Australia,1621,5900
22850,James Collectibles,James,Joshua,(326) 721-3236,4173 Main Way,Suite 384,Colorado Springs,IL,63418,USA,1166,121200
22851,Taylor & Thompson Enterprises,Taylor,Patricia,+44 80 6155 9311,3561 Sycamore Terr,,Christchurch,,25869,New Zealand,1702,17500
22852,Richardson Partners,Richardson,Paul,(200) 536-8854,9826 Chestnut Ln,Apt 988,Amsterdam,,21061,Netherlands,1401,3000
22853,Premier Art Trading,Young,Katherine,(310) 556-5527,6662 Valley St,,Montreal,NL,V7W 8C7,Canada,1621,2100
22854,Anderson Trading,Anderson,Emily,+1 (830) 760-4087,6234 Hill Circle,,Hamilton,PE,E0P 4Y5,Canada,1611,17600
22855,Mitchell & Miller International,Mitchell,Thomas,(345) 675-6090,1550 Creek Ct,,Portland,VT,70859,USA,1621,296600
22856,Sanchez & Wood Group,Sanchez,Aaron,+81-73-9348-8743,7507 Sunset St,,Colorado Springs,NJ,15702,USA,,8400
22857,Ruiz & Cooper Associates,Ruiz,Sarah,+49 357 729328,6609 Elm Way,,Seattle,AL,28549,USA,1143,115200
22858,Long Services,Long,Helen,(489) 685-1583,8904 Spring Loop,,El Paso,TN,89933,USA,1323,251600
22859,Perez Center,Perez,Jessica,+33 1 88 91 27 63,3651 Summit Ln,Ste 305,Stuttgart,,41958,Germany,1504,18000
22860,Elite Auto Associates,Cook,Michael,+61 8 6840 6973,8579 Main Dr,Suite 349,Nantes,,90525,France,1143,59900
22861,Central Motor Inc.,Nguyen,Steven,+34 956 684 973,8623 Forest Ave,,Liverpool,Wales,LI78 2FY,UK,1216,21800
22862,Heritage Export Trading,Kelly,Samantha,+61 2 5983 8233,58 Summit Terr,,Raleigh,NE,38776,USA,1501,38400
22863,Central Motor Associates,Johnson,William,(644) 585-7048,9685 Harbor Way,Suite 985,San Antonio,DE,76053,USA,1625,25600
22864,Nguyen & Sanchez International,Nguyen,Debra,+49 899 106221,5983 School Loop,,London,England,LM38 1OV,UK,1216,39100
22865,Castillo Toys,Castillo,Matthew,+81-49-7818-7443,1663 Manor Ave,,Tucson,NJ,44347,USA,1619,181900
22866,Gomez Imports,Gomez,Angela,+33 3 45 84 92 62,6698 Glen Terr,,Houston,NV,84757,USA,,92300
22867,White & Murphy Ventures,White,Rebecca,+33 4 63 17 24 16,4747 Pine Ct,,Palma,,68633,Spain,,9500
22868,Pacific Parts International,Myers,Andrew,+1 (842) 894-7435,5940 Bay Terr,,Geneva,,66125,Switzerland,1165,278000
22869,Sunrise Import Trading,Bennett,Eric,+81-54-3926-3353,6158 Sunset Circle,Unit 134,Paris,,36701,France,1401,218500
22870,Parker Store,Parker,Carol,+34 987 267 906,726 Walnut Blvd,,Raleigh,AR,59527,USA,1611,291400
22871,Rivera Models,Rivera,Edward,+44 36 5184 5180,2586 Manor Ave,,Paris,,30502,France,1625,3400
22872,Morgan & Diaz Co.,Morgan,Paul,+61 9 9402 2163,423 Chestnut Terr,,Kansas City,SD,19580,USA,,2400
22873,Myers Associates,Myers,Donald,+1 (745) 999-6377,156 School Dr,,Strasbourg,,73347,France,1143,209600
22874,Crystal Art Ltd.,Richardson,Donna,+33 9 98 93 13 43,9639 Hollow Ln,,Fort Worth,AL,81111,USA,1143,161200
22875,Gonzalez & Smith Partners,Gonzalez,Gregory,+1 (497) 727-1325,3176 Sycamore Way,Rm 771,Denver,ND,55802,USA,1401,284200
22876,Allen Group,Allen,Alexander,+44 69 4767 6543,7534 Pine Dr,,Colorado Springs,KS,75758,USA,1612,7600
22877,Cruz & Wood LLC,Cruz,Jack,+61 9 9480 3792,5282 Lake Way,Unit 717,Pori,,88701,Finland,1625,3700
22878,Gutierrez Services,Gutierrez,Sarah,+33 4 35 81 55 60,7135 Highland Ave,,Milwaukee,SC,86727,USA,1501,2500
22879,Gray Solutions,Gray,Kevin,+81-26-3027-4909,9985 Spring Dr,,San Diego,NV,30127,USA,1216,24800
22880,Alpha Motor Ltd.,Morales,Michelle,+34 992 236 906,6225 Cherry Blvd,,Long Beach,NV,10341,USA,1612,148300
22881,Ross & Thomas LLC,Ross,Michelle,+81-8-9997-8146,7826 Oak St,,Leipzig,,17294,Germany,1370,35800
22882,Murphy Services,Murphy,Katherine,(448) 901-3680,6682 Elm St,,Montreal,SK,X6G 3N0,Canada,1188,224600
22883,Robinson Distribution,Robinson,Jeffrey,+49 161 56009,5614 Oak Dr,,Raleigh,AZ,35916,USA,1337,123000
22884,Nelson Ltd.,Nelson,Stephen,+81-66-6671-9652,1196 Pine Rd,,Wollongong,WA,3621,Australia,1370,94800
22885,Diaz Depot,Diaz,Kathleen,+34 852 397 967,8000 Forest Ct,Ste 981,Columbus,AR,13451,USA,1370,19300
22886,Urban Supply Associates,Brown,Laura,+44 23 1769 5366,8387 Poplar Ct,,Mesa,KS,58132,USA,1188,78100
22887,Rogers & Smith Co.,Rogers,Emma,+33 4 94 85 80 56,8777 Oak Loop,,Düsseldorf,,16492,Germany,1621,2300
22888,Allen & Morris LLC,Allen,Alexander,+1 (948) 575-4556,4913 Sunset Circle,,Glasgow,,YK38 9US,UK,,244600
22889,Allen Depot,Allen,Jennifer,+44 44 2762 5702,2149 Chestnut Blvd,,Nashville,KY,55616,USA,1501,20400
22890,Heritage Export Partners,Garcia,Carolyn,+49 895 96786,4211 Garden Ave,,Murcia,,88825,Spain,1337,224800
22891,Bennett Inc.,Bennett,Jerry,+1 (384) 986-6572,6744 Spring Rd,,Portland,IL,27000,USA,,49600
22892,Morris Shop,Morris,Kevin,(853) 892-3726,461 Highland Blvd,,Toulouse,,65905,France,1216,69000
22893,Price Distribution,Price,Frank,+1 (723) 347-4595,6865 Hill Pl,,Montreal,NL,W6T 3F7,Canada,1401,33700
22894,Sunrise Parts Corp.,Williams,Angela,+34 761 653 861,4468 Sunset Loop,,Basel,,26894,Switzerland,1612,104300
22895,Mitchell Co.,Mitchell,Nicholas,+33 9 16 86 61 28,1954 Garden Dr,Unit 631,Milwaukee,NH,71041,USA,1611,9000
22896,Rodriguez & Bailey Solutions,Rodriguez,Pamela,+34 744 749 755,3682 School Circle,,Edmonton,MB,B2P 0Y8,Canada,1188,142700
22897,Nguyen & Smith Trading,Nguyen,Stephen,+81-55-9470-2248,5555 Creek Ct,Rm 534,Bristol,Wales,TF65 8MO,UK,1286,62700
22898,Sanchez & Morales Enterprises,Sanchez,Diane,+49 323 599335,4965 Cedar Pl,# 307,Jacksonville,MT,96347,USA,1501,194500
22899,Howard Holdings,Howard,Brandon,+49 751 299481,7808 Cherry Way,,Espoo,,51375,Finland,1612,16500
22900,Jackson Collectibles,Jackson,Joshua,+61 4 2076 3065,2586 Harbor Way,,Atlanta,AR,59370,USA,1702,8100
22901,Castillo Services,Castillo,Karen,+81-66-1882-4107,6015 Ridge Circle,,Nantes,,44130,France,1370,66300
22902,Metro Craft Wholesale,Morris,George,+34 647 205 586,7424 Magnolia Rd,,Tampere,,54914,Finland,1611,233400
22903,Rodriguez Depot,Rodriguez,Frank,(741) 845-8034,8273 Elm Ln,,Mesa,NY,53125,USA,1165,225500
22904,Morris Associates,Morris,George,(784) 973-5774,157 Cedar St,Floor 724,The Hague,,23913,Netherlands,1102,3300
22905,Cruz Distribution,Cruz,Matthew,+34 924 400 277,6931 Forest Terr,Apt 810,Gothenburg,,49660,Sweden,1188,15100
22906,Horizon Auto Ltd.,Castillo,Joseph,+44 90 3110 7601,295 Station Way,,Kolding,,99837,Denmark,1337,19400
22907,Allen Shop,Allen,Susan,(283) 764-1292,8201 Manor Blvd,,San Jose,VA,87613,USA,1188,5900
22908,Cook & Gray Services,Cook,Brian,(822) 733-9165,8574 Willow Blvd,# 635,Denver,NH,78809,USA,1501,18500
22909,Gutierrez & Chavez Solutions,Gutierrez,Stephen,+61 7 5679 5611,1519 Forest Pl,,Canberra,TAS,6016,Australia,1102,37600
22910,Sanchez Center,Sanchez,Joseph,+49 720 120256,4905 Chestnut Terr,,Tucson,AZ,30728,USA,1102,218900
22911,Patel & Ruiz Partners,Patel,Amanda,+49 173 530342,5135 Bay Ln,,Zurich,,46169,Switzerland,1702,70800
22912,Urban Art Exports,Allen,Charles,+49 694 940744,6188 Chestnut Ln,,Yokohama,,267-3605,Japan,1611,2400
22913,Metro Sales LLC,Alvarez,Brian,+34 611 545 779,9435 Market Dr,,Fresno,AK,76585,USA,1216,116600
22914,Taylor Gifts,Taylor,Brenda,+33 2 79 12 47 95,2071 Meadow Way,Unit 738,Singapore,,738161,Singapore,1286,52600
22915,Alpha Auto Services,Howard,Kevin,+81-12-1290-6930,6879 River Ct,,Seville,,53266,Spain,1102,98500
22916,Bailey Imports,Bailey,Karen,+34 895 552 472,9143 Ash Pl,,Frankfurt,,10797,Germany,1611,61700
22917,Rodriguez Gallery,Rodriguez,Catherine,+33 7 69 10 15 85,9657 Willow Blvd,,San Francisco,VT,94016,USA,1370,44000
22918,Price Boutique,Price,Debra,+33 1 97 66 53 98,8879 Poplar Ct,,Hamburg,,87017,Germany,,247500
22919,Allen Enterprises,Allen,Stephen,+44 13 7882 8015,3348 River Blvd,Unit 412,Rome,,91265,Italy,1401,91700
22920,Brown & Cook Group,Brown,Patrick,+44 32 8058 6167,894 Highland Ave,# 912,Glasgow,England,FN40 3YR,UK,1611,38000
22921,Sanchez Gifts,Sanchez,Shirley,+61 4 7973 1796,2089 Highland St,Apt 153,Vejle,,24034,Denmark,1102,15800
22922,Ramirez Ltd.,Ramirez,Kathleen,+81-47-3091-2558,4324 Sunset Loop,,Brisbane,VIC,3231,Australia,1143,300
22923,Miller Holdings,Miller,Alexander,+61 3 2364 2035,9958 Glen Ave,Suite 523,Geneva,,18760,Switzerland,1625,8500
22924,Pacific Trade Co.,Castillo,Christopher,+1 (399) 779-1900,5432 Cedar Pl,Floor 822,Vejle,,69718,Denmark,1504,10300
22925,Kim LLC,Kim,Susan,(706) 525-7709,4192 Garden Loop,,San Diego,MD,26025,USA,1143,32200
22926,Rodriguez & Reyes International,Rodriguez,Scott,+1 (562) 387-4761,4935 Birch Terr,,Dunedin,,34231,New Zealand,1612,4700
22927,Crystal Parts Partners,Harris,Stephen,(302) 758-7080,6048 Willow Ln,,Bern,,14599,Switzerland,1323,52300
22928,Taylor Models,Taylor,Sharon,+61 5 7398 9666,4671 Spring St,Floor 212,Louisville,CT,14420,USA,1166,5000
22929,Wood Models,Wood,Cynthia,+34 767 422 162,12 Cedar Pl,Unit 732,Lucerne,,89290,Switzerland,1619,31000
22930,Scott Center,Scott,Dorothy,(931) 433-9753,3550 Hickory Ln,# 535,Memphis,ID,64272,USA,1702,60000
22931,Baker & Kelly Ventures,Baker,Joshua,+81-18-7427-1382,7437 Elm Dr,,Albuquerque,NM,98868,USA,1143,298000
22932,Cooper Center,Cooper,William,+1 (788) 258-8384,9488 River Terr,,Las Palmas,,94024,Spain,,1400
22933,Turner & Brooks International,Turner,James,+1 (626) 729-1430,6469 Main Ln,,Seattle,NE,60355,USA,,260100
22934,Global Export Inc.,Bailey,Samantha,(707) 658-3239,2841 Summit Ave,,San Diego,PA,13515,USA,1188,5000
22935,Harris Co.,Harris,Mark,+61 2 3794 4344,4234 Willow Ln,,Vancouver,SK,D8P 4R0,Canada,1143,62700
22936,Hall Boutique,Hall,Jessica,+44 66 9813 3371,509 Main Ct,Ste 227,Tucson,CT,52398,USA,1625,400
22937,Jackson Toys,Jackson,Julie,+61 9 2703 9283,9381 Station Loop,,Baltimore,UT,71842,USA,1370,6000
22938,Reyes & Diaz International,Reyes,Scott,+33 2 90 54 23 24,9549 Meadow Terr,,Jönköping,,68758,Sweden,1102,35300
22939,Nelson Models,Nelson,Sandra,+34 809 469 619,3230 Ridge Way,,Singapore,,719730,Singapore,,136500
22940,Turner Imports,Turner,John,(886) 690-9775,7386 Market Pl,Apt 625,Washington,MI,17251,USA,1166,26800
22941,National Sales LLC,Wright,Raymond,+1 (723) 667-8414,5125 Chestnut Terr,,Kansas City,ND,53894,USA,1165,187000
22942,Harris Distribution,Harris,Victoria,+33 9 97 60 52 47,2647 Cedar St,,Bordeaux,,36461,France,1188,14900
22943,Chavez & Moore Industries,Chavez,Ryan,+1 (298) 427-2668,8101 Birch Circle,,Leeds,,CT87 4JR,UK,1102,3100
22944,Long Models,Long,Joshua,+81-48-7839-6999,153 Manor Pl,Floor 862,Manchester,,KE24 8DW,UK,1501,300
22945,Central Export Enterprises,Cruz,Margaret,+44 49 8303 8087,8122 Pine Blvd,,Nantes,,64396,France,1611,22900
22946,Rodriguez Solutions,Rodriguez,Ashley,+34 971 280 282,8220 River Terr,,Sheffield,Scotland,ZS90 1FZ,UK,1621,24100
22947,Chavez & Harris Services,Chavez,Patricia,+81-63-8885-5573,9967 Harbor Terr,Ste 211,Lille,,47666,France,1286,41600
22948,Wright Depot,Wright,George,+44 80 2519 8834,696 Meadow Ave,,Austin,NJ,62673,USA,1401,108600
22949,Chavez & Howard Partners,Chavez,Nancy,+61 7 5442 8690,658 Main Rd,# 674,Jacksonville,LA,74622,USA,,294300
22950,Garcia Depot,Garcia,Jonathan,+34 763 302 230,9836 Birch Circle,,San Jose,KS,91090,USA,,107800
22951,Premier Art Trading,Campbell,Michael,+1 (437) 942-5417,4843 Park Ave,,Frankfurt,,64714,Germany,1337,10700
22952,Morales & Rogers Ltd.,Morales,Dorothy,+44 28 7443 2062,74 Hollow Blvd,Unit 38,Memphis,KS,75308,USA,1337,44500
22953,Williams Exports,Williams,Brandon,+1 (499) 806-4901,129 Pine Ct,,Austin,MD,18025,USA,1286,220800
22954,Metro Parts Wholesale,Sanders,Victoria,+44 41 9228 3027,8829 Valley Terr,Suite 931,Munich,,96754,Germany,1619,800
22955,Allen & Long Corp.,Allen,Amy,+34 796 142 844,4137 Forest Blvd,,Bordeaux,,92601,France,1611,73300
22956,Morris & Moore Group,Morris,Andrew,+33 5 40 30 90 58,2446 Cherry Dr,,Bruges,,72765,Belgium,1102,170400
22957,Heritage Parts Trading,Murphy,Richard,+44 47 3330 5587,1367 Sycamore Loop,,Montreal,NB,H0W 8C8,Canada,1165,203400
22958,Rogers & Martin Inc.,Rogers,Sarah,+1 (820) 380-4776,8030 Meadow Terr,,Seville,,87159,Spain,1337,58300
22959,Classic Sales Trading,Kim,Jack,+33 3 39 36 42 78,3646 Walnut Blvd,,Raleigh,TN,70721,USA,1188,24100
22960,Lopez & Kim Enterprises,Lopez,Carol,+81-35-6674-7246,6380 School Dr,Rm 940,Aarhus,,24038,Denmark,1612,85200
22961,Morris Associates,Morris,Joyce,+61 7 1280 3005,3712 Highland Ln,,Melbourne,WA,4768,Australia,1188,22200
22962,Martinez & Cruz Enterprises,Martinez,David,+44 27 8046 1644,2099 Lake St,Floor 234,Naples,,13096,Italy,,298400
22963,Long Collectibles,Long,James,+34 760 539 674,8846 Ridge Dr,,Newcastle,SA,9911,Australia,,5800
22964,Central Parts Wholesale,Taylor,John,+61 5 3105 7366,9316 Valley Blvd,,Groningen,,11863,Netherlands,1504,39800
22965,Young Partners,Young,David,+81-80-2159-2601,2813 Valley Terr,,Utrecht,,36419,Netherlands,1611,3800
22966,Urban Import International,Roberts,Catherine,+49 496 13257,7087 Chestnut St,Suite 4,Manchester,Scotland,TN48 8RE,UK,1188,25600
22967,Harris Enterprises,Harris,Raymond,+33 2 30 89 11 49,9211 Willow Pl,,Edmonton,NL,R3D 0M3,Canada,1702,16500
22968,Parker Ltd.,Parker,Jessica,+44 19 3071 2548,9154 Ash Circle,,Virginia Beach,NY,29435,USA,1102,4800
22969,Central Export Inc.,Morales,Scott,+34 944 515 964,9530 Hollow Circle,,San Jose,VT,14401,USA,,147200
22970,Elite Motor Enterprises,Kim,Barbara,+44 93 6670 1212,1303 Meadow Ct,,San Francisco,HI,71976,USA,1401,84600
22971,Classic Sales Wholesale,Garcia,Melissa,+1 (275) 607-2338,4694 Chestnut Dr,,Fresno,WY,97286,USA,1370,47800
22972,Sanchez Toys,Sanchez,Gary,(654) 233-2675,8934 Meadow Pl,Apt 615,Oklahoma City,NM,58782,USA,1625,52300
22973,Gutierrez & Thompson Enterprises,Gutierrez,Brenda,+44 95 3150 4730,5517 Willow Way,Unit 885,Lausanne,,98811,Switzerland,1625,9100
22974,Jackson & Smith Associates,Jackson,Kimberly,+81-16-3479-6851,7406 Ridge St,,Louisville,MI,67403,USA,,67200
22975,Morgan & Hughes Holdings,Morgan,Brandon,+1 (984) 353-7429,6749 Meadow Way,,San Antonio,NV,89255,USA,1611,7300
22976,James Models,James,Jason,+81-57-5949-8009,9039 Church Loop,,Fresno,UT,59239,USA,1501,9200
22977,Stewart Gallery,Stewart,Christopher,+81-34-5824-5831,3003 School Loop,Unit 480,Nice,,81404,France,1625,166400
22978,Royal Craft Ltd.,Young,Angela,+61 5 6129 3594,2833 Maple Rd,,Dallas,UT,44598,USA,1143,277300
22979,Murphy Center,Murphy,Diane,+34 889 960 118,4399 Sunset Dr,Rm 498,London,England,EX96 1GB,UK,1619,15200
22980,Pacific Art Ventures,Cooper,Nicholas,+1 (593) 404-2160,2644 Walnut Ave,,El Paso,AL,66265,USA,1504,107400
22981,Wright Toys,Wright,Timothy,+49 966 509589,1029 Manor Ln,Floor 327,Sydney,NT,6285,Australia,1625,128500
22982,Walker Store,Walker,Charles,+61 6 6667 1917,975 Oak St,,Jönköping,,74591,Sweden,1337,42200
22983,Anderson & Harris International,Anderson,Katherine,+44 11 4384 9084,3509 Creek St,,Turin,,95552,Italy,,224700
22984,Gomez Depot,Gomez,Donald,+1 (475) 593-8070,7246 Creek St,,Philadelphia,NV,89814,USA,1102,73600
22985,Alpha Art Ltd.,Scott,Matthew,+44 64 3832 3283,716 Spring Pl,,Newcastle,VIC,6963,Australia,,3400
22986,Pacific Craft Ventures,Castillo,Dorothy,+81-13-7816-4575,6809 Highland Rd,# 91,Louisville,AK,40426,USA,1165,74800
22987,Morgan Industries,Morgan,Daniel,+49 455 964712,1562 Manor Rd,,Calgary,BC,N4J 4M8,Canada,1165,50200
22988,Crystal Export Trading,Wilson,Brandon,+1 (633) 216-9891,9358 Washington Ct,,Sydney,ACT,5133,Australia,,23800
22989,Castillo & Jackson Industries,Castillo,Shirley,+34 778 723 501,5114 Birch St,,Singapore,,170180,Singapore,1625,300
22990,Gray Center,Gray,Joseph,+1 (284) 613-6591,7290 Main Circle,Ste 420,Strasbourg,,49771,France,1337,63500
22991,Mitchell Services,Mitchell,Nathan,+49 213 972857,482 Spring Way,,Valencia,,75785,Spain,1166,193100
22992,Clark Depot,Clark,Jessica,+33 6 97 80 14 15,359 Summit Rd,,Seattle,WY,80729,USA,1619,6500
22993,Thomas Corp.,Thomas,Paul,+49 99 621830,5680 Willow Pl,,Jacksonville,SC,15331,USA,,35300
22994,Central Sales Services,Ruiz,Mark,+44 24 4869 9914,2624 Ash Ln,,Sacramento,CA,76957,USA,,1600
22995,Lewis Ltd.,Lewis,Nancy,+33 2 32 12 58 94,7408 Main Rd,,Nashville,NM,86286,USA,1102,16700
22996,Hall Corp.,Hall,Kimberly,+49 236 90420,8778 Glen Loop,,Catania,,37399,Italy,1102,298700
22997,Thompson Gifts,Thompson,Kimberly,+34 631 896 528,855 Washington Pl,,New York,PA,31870,USA,1611,17500
22998,Hernandez Partners,Hernandez,Linda,+34 723 275 631,6808 Poplar St,,Sacramento,AK,21508,USA,1165,5700
22999,Martinez Services,Martinez,Karen,+61 5 5580 1376,916 School Way,,Nantes,,94281,France,1143,211800
23000,Metro Art Holdings,Cruz,Ryan,+81-78-9473-2817,1534 Creek Ave,,Bern,,37530,Switzerland,1702,115200
23001,Walker Inc.,Walker,Larry,+34 805 744 204,2373 River Terr,Rm 890,Tauranga,,89463,New Zealand,1337,4100
23002,Kelly & Davis Exports,Kelly,John,+34 659 723 444,6581 Church Ln,,Mesa,VT,67234,USA,,16600
23003,Green Imports,Green,Julie,+44 55 1465 7525,3770 Birch Blvd,,Montpellier,,98919,France,,62100
23004,Brown Group,Brown,Jennifer,+1 (394) 534-9517,8566 Creek Ave,Suite 100,Logan City,QLD,5478,Australia,1102,37500
23005,Central Parts Wholesale,Allen,Debra,+61 5 6336 5515,6171 Highland Pl,,Stuttgart,,89866,Germany,1702,7300
23006,Gray Inc.,Gray,Patrick,+61 9 1586 9489,3222 Glen Circle,,Milwaukee,IA,61242,USA,1143,151800
23007,Lewis & Foster Services,Lewis,Anna,+61 7 8343 6743,4763 Bay Way,Rm 855,Düsseldorf,,18362,Germany,1702,149400
23008,Price Gallery,Price,Nicole,(380) 581-6729,5229 Hollow Ave,Ste 986,The Hague,,72180,Netherlands,1165,241300
23009,Global Trade International,Edwards,Kimberly,+33 3 45 13 27 34,2617 Station Rd,Rm 174,Sheffield,,QJ74 3OZ,UK,1102,16700
23010,National Art Imports,Howard,Catherine,+49 708 146765,782 Hill Circle,Unit 119,Oklahoma City,AZ,24031,USA,1612,78000
23011,Alpha Trade Holdings,Sanders,Joyce,(206) 804-7991,4846 Sycamore Ln,,Sacramento,IL,28413,USA,1702,118300
23012,Long Center,Long,Barbara,+44 88 8734 5471,7492 Magnolia Ct,,Utrecht,,49128,Netherlands,1619,254200
23013,Patel Depot,Patel,Jerry,+1 (614) 958-9404,2234 Birch Terr,,Colorado Springs,VT,99071,USA,1611,25700
23014,Cruz Gifts,Cruz,Raymond,+61 8 8696 5491,5994 Harbor Loop,,Ottawa,PE,R3D 1C3,Canada,1286,46700
23015,Diamond Trade Enterprises,Anderson,Jonathan,+49 470 14011,3860 Hill Terr,,Lyon,,38742,France,1625,142300
23016,Torres Co.,Torres,Sarah,+34 909 122 653,9912 Birch Ave,,Leipzig,,91445,Germany,1621,174000
23017,Rivera & Murphy International,Rivera,Barbara,+44 35 7345 3816,929 Manor Dr,,Quebec City,AB,P1H 2B4,Canada,1611,290800
23018,Wilson Enterprises,Wilson,David,(792) 650-8071,1476 Hickory Loop,,Charlotte,NE,60795,USA,1621,210200
23019,Rodriguez Depot,Rodriguez,Paul,(341) 662-2199,673 Cedar Ct,Apt 933,Las Vegas,PA,74616,USA,1612,133000
23020,Cox Toys,Cox,John,+44 81 5241 3367,7781 Forest Rd,,Marseille,,66204,France,1370,132500
23021,Premier Motor Inc.,Cooper,Kenneth,(476) 472-9228,8395 Birch Dr,,Lyon,,59485,France,1370,38000
23022,Bailey Corp.,Bailey,Amy,+81-37-3601-2926,8053 Chestnut Dr,,Kitchener,PE,H3V 9C9,Canada,1286,800
23023,Castillo & Ortiz Corp.,Castillo,William,+33 8 64 90 90 69,5758 Sunset Terr,,Stuttgart,,59486,Germany,1188,26900
23024,Foster Store,Foster,Rebecca,+49 275 306363,3312 School Circle,# 629,Philadelphia,KY,27427,USA,1102,12900
23025,Phillips Gallery,Phillips,Gary,(434) 281-1382,7115 Oak Circle,Unit 994,Frankfurt,,78384,Germany,1337,241900
23026,Nelson Enterprises,Nelson,Kenneth,+1 (611) 767-2175,105 Hickory Terr,# 267,Klagenfurt,,63825,Austria,1143,2100
23027,Phillips & Mendoza Corp.,Phillips,Samuel,+49 244 171512,5282 Oak Ln,,Toulouse,,72236,France,,117000
23028,Torres Partners,Torres,Nancy,+49 764 383839,7405 School Terr,,Mechelen,,36823,Belgium,1501,262800
23029,Diamond Sales LLC,Garcia,William,+61 4 5700 1370,1737 Station Pl,,Kobe,,560-6005,Japan,1611,30000
23030,Horizon Import Industries,Collins,John,+81-42-3722-5513,9377 Spring Ave,Rm 123,Louisville,SD,42457,USA,1619,69600
23031,Alvarez Collectibles,Alvarez,Barbara,+61 8 9076 3569,2487 Creek Circle,,Jacksonville,VA,28087,USA,1337,700
23032,Cooper Trading,Cooper,Tyler,+81-16-5895-7674,6378 Station Loop,,Berlin,,80410,Germany,1504,24300
23033,Morgan Boutique,Morgan,Timothy,+1 (894) 456-5374,2846 Cherry Ct,,Hamburg,,32337,Germany,1286,4700
23034,Pacific Craft LLC,Miller,Nicole,+61 9 2654 5615,8531 Highland Ln,,Düsseldorf,,28421,Germany,1166,9400
23035,Central Supply Solutions,Martin,William,+81-25-1742-7975,2208 Harbor Ave,Floor 425,Uppsala,,92422,Sweden,1501,3300
23036,Classic Trade Ltd.,Peterson,Angela,+44 59 2473 6493,2157 Oak Ave,,Milan,,93407,Italy,1323,289100
23037,Atlantic Auto Trading,Chavez,Elizabeth,+1 (833) 225-5132,8784 Birch Way,Floor 520,Basel,,78346,Switzerland,,3500
23038,Classic Import Industries,Cook,Jack,(510) 468-9736,2381 Magnolia Ave,Apt 214,Galway,,73734,Ireland,1337,53300
23039,Baker Boutique,Baker,Anna,+61 8 3285 9581,5680 Walnut St,,Naples,,63995,Italy,1612,2800
23040,Lopez Services,Lopez,Anna,+81-14-4190-7260,4034 Sycamore Loop,Rm 906,Raleigh,NE,33331,USA,1143,126800
23041,Kelly & Thomas Corp.,Kelly,Nathan,+34 950 435 557,8399 Garden St,# 509,Navan,,64972,Ireland,,41400
23042,Murphy Gallery,Murphy,Andrew,+61 2 6509 2967,4621 School Ct,,Aalst,,18251,Belgium,1504,5500
23043,Ramirez & Roberts Partners,Ramirez,John,+1 (721) 679-1548,1593 Cedar Dr,Rm 255,Valencia,,54576,Spain,1216,222600
23044,Myers Depot,Myers,Helen,(207) 681-3556,4813 Elm St,,Canberra,NSW,7961,Australia,1702,67100
23045,Watson Collectibles,Watson,Carol,(879) 251-1865,4640 Sycamore Ave,,Västerås,,36609,Sweden,1188,49600
23046,Wood & Chavez Trading,Wood,Sandra,+81-29-7590-6523,7992 Harbor Ct,,Eindhoven,,42023,Netherlands,1188,46100
23047,Wood & Allen Ltd.,Wood,Justin,+81-48-1806-8069,5834 Ridge Rd,,Randers,,27946,Denmark,,133200
23048,Phillips Boutique,Phillips,Patrick,+33 4 14 17 84 91,9143 Spring Ct,Floor 781,Sacramento,GA,60486,USA,1166,163700
23049,Price & Diaz Exports,Price,Amanda,+44 66 4890 7878,1082 Washington Ln,Rm 712,Tucson,ME,30546,USA,1102,69000
23050,Lopez Solutions,Lopez,Sandra,+44 39 1156 8739,8526 Creek Dr,Unit 103,Logan City,NT,9867,Australia,1702,219800
23051,Allen & Moore Associates,Allen,Ronald,(358) 265-2330,1113 Creek St,,Bordeaux,,57694,France,1286,142300
23052,Premier Supply Industries,Morris,Sarah,(838) 387-1154,5964 Station Terr,Apt 512,Lyon,,30345,France,1370,36800
23053,Alvarez Depot,Alvarez,Christine,+44 84 3044 8111,8260 Harbor Ln,Suite 776,Naples,,93568,Italy,1370,600
23054,Howard & Patel Services,Howard,Brenda,+34 986 389 365,1423 Poplar Rd,,Leeds,England,CP19 2LW,UK,1621,300
23055,Lee & Lee Services,Lee,Christine,+61 2 4633 9251,7246 River Rd,,Jacksonville,IA,30386,USA,1504,115400
23056,National Export Exports,Martin,Matthew,+61 3 5696 6887,7244 Pine Way,Unit 248,Brisbane,QLD,7737,Australia,,26200
23057,Capital Craft International,Rivera,George,+34 950 358 380,8674 Sycamore St,Unit 484,Dornbirn,,22869,Austria,1619,5800
23058,Rodriguez & Miller Distribution,Rodriguez,Diane,+34 814 242 465,3054 Washington Way,Rm 803,Naples,,20745,Italy,,7600
23059,James & Ramirez Co.,James,Samantha,+34 745 920 973,8202 Washington St,,Oklahoma City,GA,95591,USA,1619,6100
23060,Nguyen Industries,Nguyen,Eric,+61 3 6153 4421,939 Poplar Way,,Las Palmas,,16956,Spain,1611,12600
23061,Crystal Art Associates,Roberts,Anthony,+61 2 8659 4479,9226 Hill St,,Nashville,NV,57145,USA,1166,2300
23062,Perez Center,Perez,Kathleen,+81-21-8407-3184,652 Hickory Terr,,Jacksonville,IN,26953,USA,1323,63500
23063,Gutierrez & Taylor Corp.,Gutierrez,George,+61 9 9275 8920,5257 Chestnut Terr,Suite 507,Frankfurt,,77187,Germany,1188,286600
23064,Gray & Morris Enterprises,Gray,Mary,(926) 788-5110,2320 Magnolia St,Floor 903,Strasbourg,,72329,France,1612,58800
23065,Thompson & Brooks Ventures,Thompson,Charles,+81-21-7038-4794,600 Poplar Dr,Floor 156,Virginia Beach,WV,70419,USA,1337,134600
23066,Premier Craft Distribution,Baker,Emily,+1 (800) 978-4162,8876 Chestnut Pl,,Sacramento,WI,10688,USA,1166,4400
23067,Rivera & Nelson Solutions,Rivera,Amanda,+34 702 850 587,452 Sunset St,,Birmingham,Scotland,YL42 3KA,UK,1702,8500
23068,Moore International,Moore,Ashley,+44 76 6650 9597,6623 Forest St,Rm 639,Nelson,,37446,New Zealand,1619,4300
23069,Richardson & Walker Partners,Richardson,Debra,+1 (643) 240-5809,1871 Hollow Loop,,Mesa,UT,95044,USA,1612,4600
23070,Atlantic Parts Ltd.,Gray,Deborah,+81-29-9824-7184,7320 Meadow Way,,Liverpool,Scotland,SN58 4YA,UK,1286,8400
23071,Alpha Trade Exports,Kim,Ryan,+81-21-8906-1563,9055 Cherry Blvd,Ste 67,Nantes,,77157,France,1286,61900
23072,Walker & Clark Distribution,Walker,Thomas,+1 (440) 663-3302,6577 Walnut Blvd,,Utrecht,,24401,Netherlands,,136800
23073,Rivera Enterprises,Rivera,Brandon,+33 6 88 31 91 12,2411 Hickory St,,Nashville,MA,58120,USA,,35900
23074,James & Turner Solutions,James,Thomas,+33 8 18 92 62 43,886 Walnut Pl,,Madrid,,36971,Spain,1166,90300
23075,Ward Group,Ward,Gary,+44 97 7091 7597,476 Sunset St,,San Diego,UT,65275,USA,1216,49400
23076,Clark Wholesale,Clark,Brian,(372) 907-9401,2631 Glen Way,Floor 559,Palermo,,17249,Italy,1504,18800
23077,Bennett Exports,Bennett,Anthony,+34 611 589 534,6802 Station Circle,,Hamilton,QC,N2D 4F7,Canada,1166,6900
23078,Torres & Hernandez Inc.,Torres,William,+49 359 363795,1135 Maple Loop,,San Diego,DE,44540,USA,,11000
23079,Rivera Partners,Rivera,Steven,+34 911 929 630,5450 Valley Ct,Apt 224,Raleigh,MD,63418,USA,1625,17300
23080,Cruz Ventures,Cruz,Jeffrey,(894) 360-2978,1996 Sunset Loop,Ste 875,Bristol,Scotland,JE46 2PB,UK,1323,23500
23081,Cook Models,Cook,Dennis,(306) 919-3971,9106 Willow St,Rm 850,San Antonio,MT,22020,USA,1702,700
23082,Miller & Castillo Holdings,Miller,Jessica,+34 861 125 298,4383 Ridge Loop,,Murcia,,71816,Spain,1216,14200
23083,Cooper & Campbell Associates,Cooper,Kenneth,+34 826 209 427,8878 School Ct,Floor 86,Lille,,13869,France,1323,33000
23084,Gomez Gifts,Gomez,Heather,+1 (800) 831-4224,5330 Poplar Terr,,Long Beach,SD,23196,USA,1612,16400
23085,Torres & Allen Inc.,Torres,John,+34 722 859 310,7381 Forest Pl,Suite 675,Washington,GA,19212,USA,1612,59900
23086,Ward Store,Ward,Justin,+34 998 280 959,990 Sunset Ave,,Hamilton,,90553,New Zealand,1401,101000
23087,Nguyen & Hernandez Holdings,Nguyen,Donald,+81-62-6565-8761,7340 Forest Rd,,Mesa,MN,92277,USA,1143,19300
23088,Murphy Ventures,Murphy,Benjamin,+44 15 1768 6261,7793 Glen Circle,,Turku,,59055,Finland,1612,4200
23089,Wright & Green Solutions,Wright,Sharon,+34 956 181 267,1677 Poplar Ct,,The Hague,,14168,Netherlands,1702,5700
23090,Smith Corp.,Smith,Benjamin,+1 (780) 795-8027,2480 Walnut Blvd,Unit 466,Toronto,NB,G6N 2B6,Canada,1370,14100
23091,Moore Boutique,Moore,Amanda,+1 (237) 566-7871,2010 Park Blvd,,Ottawa,SK,X7L 7P8,Canada,1625,74400
23092,National Art Enterprises,Castillo,Aaron,+61 5 4722 6766,7363 Main Ct,,Munich,,96740,Germany,1611,21400
23093,Cooper Co.,Cooper,Karen,(758) 641-9555,3299 Walnut Pl,,Yokohama,,137-7496,Japan,1625,108400
23094,Horizon Trade Corp.,Scott,Matthew,+61 9 1106 5123,3574 Cherry Rd,,Palermo,,17262,Italy,1702,271700
23095,Patel & Adams Co.,Patel,Sandra,+33 9 88 79 40 41,4479 Oak Circle,,Bristol,England,TN18 4HJ,UK,,37200
23096,Capital Motor Ventures,Davis,Shirley,+61 7 2095 6734,1112 Harbor Pl,,Logan City,TAS,9253,Australia,1323,26100
23097,Jones Gifts,Jones,Michael,+1 (477) 884-9861,4553 Willow Ct,Rm 144,Montpellier,,15001,France,1702,112100
23098,Sanchez Store,Sanchez,Margaret,+1 (316) 449-1144,8361 Oak Rd,,Bilbao,,41397,Spain,1188,4500
23099,Reed Collectibles,Reed,Scott,+44 73 2140 4736,7337 Forest Ave,Suite 750,Palma,,85965,Spain,,140700
23100,Johnson & Martin Corp.,Johnson,Larry,(768) 614-8100,8326 Creek Terr,,San Diego,IA,76433,USA,1702,64700
23101,Atlantic Import Distribution,Lee,Amy,+81-75-9332-2212,4193 Market Loop,,Sacramento,TX,93476,USA,1611,123000
23102,Torres & Brooks Enterprises,Torres,Amy,+33 5 55 61 55 19,7719 Ash Terr,,Long Beach,CA,16579,USA,1702,250100
23103,Metro Parts Ventures,James,Kenneth,+1 (869) 931-3986,9721 Sycamore Ave,,Oklahoma City,WA,85213,USA,1401,44900
23104,Sanchez Models,Sanchez,Edward,+33 6 77 23 73 74,6232 Magnolia Ave,Ste 855,Helsingborg,,24447,Sweden,1143,16100
23105,Morgan & Campbell Trading,Morgan,Samuel,(517) 468-5862,5540 Birch Terr,,San Diego,VA,36227,USA,1102,33400
23106,Perez & Morales Ventures,Perez,Carol,+61 5 1158 3940,4998 Creek Ln,Suite 416,New York,UT,71117,USA,1611,103700
23107,Lee Trading,Lee,Matthew,+1 (467) 360-9551,2617 Hill Rd,,Los Angeles,TN,47886,USA,,30000
23108,Global Craft Ventures,Nguyen,Sarah,+34 765 248 166,5198 Magnolia Circle,,Houston,AK,79191,USA,1702,79800
23109,Taylor Corp.,Taylor,John,+34 658 759 818,5596 Willow Dr,,Fresno,NV,95579,USA,,45600
23110,Murphy & Allen Distribution,Murphy,Pamela,+1 (322) 658-6770,271 Walnut Rd,Ste 640,Atlanta,KY,78110,USA,1143,23900
23111,Watson Associates,Watson,Rebecca,+81-74-1109-2896,5097 Main Circle,,Strasbourg,,66151,France,1166,200
23112,Sanders Trading,Sanders,Ryan,+61 2 4230 9037,5444 Harbor Rd,,Nantes,,91589,France,1166,9200
23113,Bailey & Ramos Services,Bailey,Kenneth,+33 3 31 22 56 60,914 Magnolia Ct,Ste 313,Denver,NE,30547,USA,1188,282200
23114,Elite Parts Wholesale,Jackson,Nicholas,+61 7 8335 6796,3436 River Circle,,Denver,NM,50250,USA,1286,86200
23115,Martinez & Kelly Inc.,Martinez,Steven,+44 99 1043 4043,4492 Meadow Dr,Floor 583,Swords,,93884,Ireland,1702,85800
23116,James & Martin Corp.,James,Mary,+81-6-1948-6769,7765 Cedar Circle,# 755,Essen,,89646,Germany,1165,53000
23117,Roberts Store,Roberts,Patricia,+49 178 131972,7936 Birch Dr,,Quebec City,SK,G2H 8N3,Canada,1370,49600
23118,Metro Import Ventures,Williams,Christine,(795) 284-9560,9083 Cedar Circle,,Denver,ID,37782,USA,1143,14200
23119,Green & Murphy Inc.,Green,Jerry,+44 82 7196 5692,555 Spring Loop,Rm 396,Bruges,,24531,Belgium,,700
23120,Kim & Gray Ltd.,Kim,Stephen,+34 675 704 766,1236 Creek Pl,,Winnipeg,MB,V0H 6L7,Canada,1188,141400
23121,Long Gallery,Long,Melissa,(695) 474-8922,9098 Elm Loop,,Fresno,AK,38905,USA,1286,10900
23122,Mitchell & Walker Exports,Mitchell,Shirley,+1 (919) 673-3729,5420 Hollow Way,Rm 705,San Jose,IL,13238,USA,1337,74300
23123,Baker & Price Co.,Baker,Heather,+81-30-5322-9804,6054 Highland Terr,,Linköping,,28615,Sweden,1401,20200
23124,Roberts & Evans Solutions,Roberts,Charles,+1 (579) 515-6526,4908 Magnolia Dr,Suite 929,Tauranga,,43380,New Zealand,1611,31200
23125,Perez Store,Perez,Gary,+34 663 123 575,387 Walnut Dr,# 706,Baltimore,MT,80426,USA,1165,26300
23126,Moore & Sanchez Ltd.,Moore,Jacob,+61 9 8054 7466,2528 Maple Blvd,Floor 405,Portland,UT,48434,USA,1619,70700
23127,Cruz Toys,Cruz,Cynthia,+81-18-3978-1085,4060 Hollow Pl,,Atlanta,MO,63462,USA,1625,133000
23128,Allen Industries,Allen,Samuel,(288) 555-7112,5718 Elm Loop,,Sydney,NT,3730,Australia,1370,279000
23129,Watson & Phillips Corp.,Watson,Jessica,+33 4 81 40 84 53,7102 Birch Ct,,Mesa,AL,44896,USA,1621,35000
23130,Sanchez Industries,Sanchez,Deborah,+34 868 966 420,558 Sunset Loop,,Lausanne,,51536,Switzerland,1143,8200
23131,Robinson Depot,Robinson,Gary,+49 628 709703,5081 Glen Way,Unit 351,San Francisco,NJ,94153,USA,1619,7700
23132,Rivera & Lopez Group,Rivera,Linda,(828) 744-7371,7895 Willow Way,,Tucson,NV,64051,USA,1619,24100
23133,Sunrise Import Inc.,Cruz,Jennifer,+33 7 43 20 44 49,7695 Hollow Ct,Unit 253,Graz,,15242,Austria,1143,4800
23134,Moore Ventures,Moore,Dennis,+34 967 157 110,8692 Glen Ln,# 410,Glasgow,Wales,FL10 3AT,UK,1286,31900
23135,Williams Collectibles,Williams,Eric,+33 1 23 57 34 53,3214 Poplar Way,Suite 10,San Antonio,DE,61365,USA,1619,6700
23136,Adams Collectibles,Adams,Janet,+81-20-9920-6108,9140 Harbor Ave,,Düsseldorf,,35259,Germany,1625,8100
23137,Howard & Young Group,Howard,Amy,+61 5 9664 4800,7879 Ridge Loop,,Melbourne,WA,6284,Australia,1166,101000
23138,Phillips & Gonzalez Distribution,Phillips,Brenda,+81-68-8681-7297,6227 Ash Pl,,Brisbane,ACT,9492,Australia,1702,118800
23139,Alpha Import Services,Jones,Eric,+81-37-9541-1390,4983 Willow Ct,,San Diego,MO,38615,USA,1165,14700
23140,Premier Auto Group,Carter,Aaron,+61 9 9572 1351,3921 Church Terr,,Houston,MS,80054,USA,1612,258900
23141,Morgan & Cruz Partners,Morgan,Christine,(886) 682-3748,7470 Maple Way,Suite 953,Copenhagen,,67188,Denmark,1702,9700
23142,Parker Partners,Parker,Michelle,+33 7 99 53 97 42,4016 Lake Loop,Floor 710,Logan City,WA,3960,Australia,1619,13300
23143,Foster & Williams Corp.,Foster,Elizabeth,+34 751 784 793,1861 Manor Dr,,Christchurch,,33311,New Zealand,1611,235300
23144,Capital Import Solutions,Williams,Kimberly,+81-20-5223-3494,4090 Lake Way,,Baltimore,PA,34273,USA,1504,141800
23145,Williams Gallery,Williams,Emma,+44 29 9646 1442,3455 Cherry Circle,,Louisville,NV,36695,USA,1102,266200
23146,Jimenez & Martinez Trading,Jimenez,Julie,(761) 805-5209,6383 Park Blvd,Apt 207,San Francisco,VT,42625,USA,1323,70000
23147,Royal Parts Wholesale,Mendoza,Frank,+33 8 12 84 12 40,1242 Highland Blvd,# 778,Hamilton,NL,R2M 0N7,Canada,1165,3100
23148,Gray & Lewis Holdings,Gray,Kevin,+1 (828) 213-2935,3098 Lake Circle,,Mechelen,,39419,Belgium,1166,30200
23149,Nelson Solutions,Nelson,Kenneth,+33 5 62 81 15 58,6349 Glen Terr,,Auckland,,17502,New Zealand,1611,83400
23150,Moore Store,Moore,Jacob,+44 72 6545 4251,8839 Poplar Loop,,Nashville,AZ,66896,USA,1501,158300
23151,Hill & Wilson Distribution,Hill,Janet,+44 36 9165 7090,3347 Washington Way,,Brussels,,76897,Belgium,1216,154400
23152,Collins & Rivera Group,Collins,John,+1 (583) 448-1628,5777 Spring Terr,,Nantes,,60922,France,1621,95200
23153,Premier Auto Inc.,Sanders,John,+34 686 504 377,5597 Main St,,Atlanta,VA,91548,USA,1702,7000
23154,Kelly & Ross International,Kelly,George,+49 219 274007,8149 River Dr,,Milan,,58395,Italy,1621,82500
23155,Crystal Supply Ltd.,Long,Gary,+49 717 570828,6487 Oak Dr,Ste 678,Liverpool,,VL49 4XD,UK,,165800
23156,Elite Craft Distribution,Lewis,Maria,+1 (878) 355-6723,8673 River Dr,Apt 679,Sacramento,AL,99003,USA,1166,100
23157,Turner Distribution,Turner,Christine,+1 (800) 799-8267,3875 Meadow Way,,Munich,,51410,Germany,1702,215300
23158,Wood & Thomas Imports,Wood,Jessica,(644) 861-4011,8763 Willow Circle,,Lugano,,96809,Switzerland,1337,34500
23159,Classic Sales Partners,Robinson,Donald,+34 634 796 943,4947 Hickory Loop,,Albuquerque,OR,51540,USA,1143,144700
23160,Campbell & Roberts Co.,Campbell,Barbara,+33 3 22 97 77 24,8876 Forest Ave,,Phoenix,UT,97157,USA,1612,80200
23161,Johnson Exports,Johnson,Susan,+49 791 939096,8397 Market Ave,,Houston,NJ,59903,USA,,53300
23162,Classic Supply Co.,Alvarez,Catherine,(312) 632-8086,7902 Lake Terr,Apt 916,Osaka,,614-3807,Japan,1621,44900
23163,Horizon Sales Distribution,Kim,Joshua,+33 4 42 56 80 33,3378 Walnut Ln,,San Antonio,WI,38694,USA,1621,100200
23164,Crystal Craft Ventures,Foster,Jeffrey,+34 782 962 747,525 Birch Blvd,# 585,Vancouver,NL,X2K 7P8,Canada,1143,106700
23165,Ramirez Collectibles,Ramirez,Susan,+44 74 3214 6101,9669 Summit Rd,,Lille,,47375,France,1323,230100
23166,Heritage Art Solutions,Richardson,Susan,+34 853 774 946,5111 Summit Ct,# 758,Calgary,NS,G9V 6A1,Canada,1143,204600
23167,Ward Store,Ward,Robert,+49 872 40259,4613 Washington Blvd,,Milan,,76618,Italy,1286,48500
23168,Phillips Gifts,Phillips,Cynthia,(611) 832-2252,5527 Highland Blvd,,Toronto,SK,R2D 8P4,Canada,1370,72200
23169,Perez Center,Perez,Christopher,+1 (256) 924-7815,5805 Church Rd,,Las Palmas,,11412,Spain,,8400
23170,Reed Toys,Reed,Julie,+1 (990) 792-8413,4036 Highland Way,,Washington,WV,63541,USA,1337,44800
23171,Peterson & Long Services,Peterson,Brenda,+61 6 1762 8208,6651 Poplar Ct,,Los Angeles,WA,84486,USA,1401,3700
23172,Cook & Johnson Industries,Cook,Rebecca,+34 751 795 997,7565 Walnut Dr,Floor 774,Kansas City,CO,27695,USA,1625,103600
23173,Mendoza Toys,Mendoza,Anna,+61 2 6431 9946,1325 Summit St,,Albuquerque,MN,75683,USA,1102,87000
23174,Capital Craft Imports,Ward,Melissa,+61 8 9896 9380,3544 Spring Pl,,Seattle,AZ,73300,USA,1612,159800
23175,Peterson & Jackson Distribution,Peterson,Robert,+34 783 753 747,3325 Meadow Terr,,Seattle,AR,38123,USA,1504,94300
23176,Urban Art LLC,Torres,Nathan,+81-66-7511-5606,3808 Washington Loop,,Winnipeg,NB,X8D 3T2,Canada,1370,149300
23177,Gutierrez & Rogers Group,Gutierrez,Ashley,+33 1 78 49 33 84,9511 Birch Ct,,New York,MT,98944,USA,1621,12400
23178,Lopez Industries,Lopez,Anna,+49 414 84728,4005 Hill Loop,Unit 834,Hamilton,,60751,New Zealand,1165,33500
23179,Wood Store,Wood,Jonathan,+81-89-6226-2697,9453 Meadow Terr,,Colorado Springs,KY,25816,USA,1165,3300
23180,Royal Trade Distribution,Lopez,Margaret,+49 791 252650,5087 Ash Blvd,Suite 563,Portland,CA,30465,USA,1286,7200
23181,Jackson Gifts,Jackson,Jacob,+81-27-3987-5105,5543 Magnolia Rd,,Hamburg,,64554,Germany,1625,214800
23182,Urban Auto Ventures,Gonzalez,Nicholas,+44 92 8154 3131,2583 Washington Ct,,Stuttgart,,99691,Germany,,262100
23183,Crystal Trade Imports,Hill,Anna,+81-60-5130-1086,416 Hollow Way,,Milwaukee,MD,41875,USA,,97500
23184,National Supply Holdings,Kim,Justin,+34 795 467 817,4484 Cedar Pl,,Milwaukee,CO,29104,USA,1166,88200
23185,Morgan Enterprises,Morgan,Jessica,+34 652 161 393,1153 Harbor Circle,,Vejle,,79186,Denmark,1619,1600
23186,Sanders Boutique,Sanders,Patricia,+1 (622) 619-9090,2375 River Ave,,Atlanta,NJ,54052,USA,1370,3000
23187,Phillips & Ruiz Services,Phillips,William,(443) 524-6581,6954 Valley Dr,,Frankfurt,,26436,Germany,1702,38900
23188,Peterson Wholesale,Peterson,Adam,+33 9 14 30 60 72,1875 Bay Ct,,Zaragoza,,98352,Spain,1143,213900
23189,Atlantic Craft Co.,Evans,Catherine,+33 7 35 28 28 76,9438 Chestnut Ave,# 931,Portland,AR,43499,USA,1102,7400
23190,Martinez & Ross Trading,Martinez,Adam,+81-52-8910-6650,7111 Walnut Dr,,Berlin,,84027,Germany,1143,4300
23191,Castillo & Morris Trading,Castillo,Helen,+34 945 426 938,3797 Poplar Dr,,Logan City,VIC,5864,Australia,1102,178800
23192,Crystal Export Co.,Wilson,Robert,+44 73 1859 4945,9191 Willow Pl,,Philadelphia,SD,80759,USA,1166,159700
23193,Silver Supply Imports,Edwards,Matthew,+44 74 6432 9305,292 Poplar Ave,,Newcastle,WA,5969,Australia,1621,32900
23194,Cox & Perez Imports,Cox,Laura,+33 4 70 25 98 19,5156 Birch Terr,,Toronto,QC,V2J 6R5,Canada,1504,3200
23195,Ortiz Imports,Ortiz,Michael,(638) 794-5508,3555 Church Blvd,Ste 992,Milwaukee,MT,18950,USA,1286,38400
23196,Chavez Toys,Chavez,Julie,+44 95 1552 2471,9088 Hollow Circle,,Milwaukee,MN,36579,USA,1216,175200
23197,Central Art Partners,White,Adam,+61 7 9619 7533,6218 Ridge St,Suite 412,Stuttgart,,11090,Germany,1323,52900
23198,Cooper LLC,Cooper,Aaron,+44 92 2719 4076,6937 Birch Ct,,Paris,,56595,France,,31500
23199,Sanders Gifts,Sanders,Patricia,(213) 817-9183,8678 Lake Dr,,Saitama,,339-9094,Japan,1611,164900
23200,Ruiz Services,Ruiz,James,+61 9 1522 1334,512 Summit Ct,Unit 204,Portland,OH,15503,USA,1504,28000
23201,Golden Supply Inc.,Sanders,Raymond,+44 86 5317 3367,9486 Main St,,Melbourne,ACT,9667,Australia,1188,36600
23202,Mendoza & Thompson Ltd.,Mendoza,Lisa,+33 4 98 12 37 61,120 Hill Ln,,Bern,,36096,Switzerland,1611,1200
23203,Wood Gallery,Wood,Joyce,+34 927 838 669,8414 Washington Ave,,Charlotte,AL,89309,USA,1102,91900
23204,Nguyen & Sanders Solutions,Nguyen,Betty,(719) 978-1751,3590 Glen St,,Albuquerque,NC,48950,USA,1188,208800
23205,Brown Collectibles,Brown,Michelle,+34 884 872 959,1598 Park Way,# 677,Charlotte,KS,59025,USA,1286,146600
23206,Hall & Johnson Solutions,Hall,Lisa,+44 68 3211 9479,2766 Hollow Dr,Apt 412,Dallas,NV,10488,USA,1370,152400
23207,Rodriguez Group,Rodriguez,Nathan,+81-38-6815-9584,7666 Magnolia Terr,,Leicester,Wales,AS74 7LN,UK,1611,27700
23208,Classic Motor Group,Jackson,Emma,+33 1 17 92 16 47,3565 Lake Ave,,Long Beach,ME,36724,USA,1619,23200
23209,Heritage Export Group,Smith,Debra,+61 7 7436 4471,5826 Hill St,# 177,Los Angeles,WY,69376,USA,1143,9900
23210,Classic Parts Exports,Morris,Shirley,+34 811 341 114,3736 Market Terr,,Amsterdam,,55950,Netherlands,1102,48400
23211,James & Cox Imports,James,Ryan,+49 179 925416,4240 Magnolia Pl,Ste 97,Singapore,,907837,Singapore,1102,9700
23212,Global Trade Solutions,Rodriguez,Ashley,(726) 800-5187,3948 Sunset Loop,,Edinburgh,,WR40 3TL,UK,1702,78200
23213,Cook Group,Cook,Mark,(613) 473-6892,2490 Cedar St,,Gold Coast,QLD,2130,Australia,1612,105400
23214,Moore Wholesale,Moore,Matthew,+49 198 838112,6015 Maple Loop,,Cologne,,90419,Germany,1188,8500
23215,Ruiz Services,Ruiz,Anna,+81-45-6960-7742,4429 Harbor Way,,Glasgow,Wales,UM27 7EE,UK,1165,36300
23216,Hernandez Toys,Hernandez,Brian,+61 6 5558 7191,7461 Hickory Circle,Suite 911,Bordeaux,,48867,France,1165,27800
23217,Sanders Services,Sanders,Amy,+34 926 155 123,9973 Pine Circle,Suite 158,Kawasaki,,414-1077,Japan,1619,60800
23218,Jackson & Jackson Associates,Jackson,Maria,+49 426 729938,8887 Poplar Ave,Unit 555,Hamilton,NS,V9X 8A0,Canada,,6500
23219,Evans Services,Evans,Scott,+61 4 2268 7747,9114 Spring Loop,# 163,Barcelona,,42723,Spain,1370,248900
23220,Castillo Shop,Castillo,Sharon,(282) 988-9547,7739 Willow Ln,# 456,Kitchener,MB,Y8N 3R8,Canada,1611,284700
23221,Sanchez & Morris Distribution,Sanchez,Sharon,+44 60 9501 2793,2503 Ridge Ct,,Eindhoven,,68301,Netherlands,1188,123200
23222,Gomez & Garcia Group,Gomez,Frank,+61 8 3975 5565,474 Birch Rd,,Jönköping,,30268,Sweden,1143,2500
23223,Gray Trading,Gray,Donald,+49 825 368456,1341 Market Pl,Rm 876,Melbourne,SA,3775,Australia,1619,14700
23224,Ortiz Center,Ortiz,Linda,(568) 806-5970,585 Market Ave,Unit 710,Aalst,,26639,Belgium,1619,41500
23225,Martin & Rivera Corp.,Martin,Andrew,(481) 814-8841,7309 Birch Circle,,Strasbourg,,11417,France,1337,1400
23226,Flores & White Solutions,Flores,Thomas,(668) 260-1590,9622 Hill Loop,,Albuquerque,TN,69911,USA,1323,2900
23227,Thomas Toys,Thomas,Jacob,+49 231 105312,8816 Harbor St,Rm 36,Nijmegen,,98106,Netherlands,1323,263200
23228,Turner & Hall Partners,Turner,Eric,+1 (491) 977-6308,4468 Garden Circle,,Montreal,SK,P3P 8U6,Canada,1323,91500
23229,Long Gallery,Long,Jose,+33 2 39 41 25 21,6732 Highland Ln,,Edinburgh,England,QP10 2WG,UK,1612,55200
23230,Ortiz & Kelly Holdings,Ortiz,Kathleen,+33 4 70 85 87 24,7765 Hickory Loop,Apt 41,Eindhoven,,85840,Netherlands,1337,242400
23231,Classic Auto Ventures,Diaz,Heather,(497) 212-7278,7884 Hollow Way,,Los Angeles,VT,51980,USA,1504,173200
23232,Scott Distribution,Scott,Gary,+44 51 9863 3965,7262 Bay Rd,Suite 250,Stuttgart,,24008,Germany,1619,24100
23233,Davis Models,Davis,Jerry,(254) 210-7498,8397 Sycamore St,Rm 214,Leipzig,,88726,Germany,1188,113200
23234,Phillips Industries,Phillips,Tyler,+81-79-1972-8884,8292 Glen Ave,,Indianapolis,NC,66229,USA,,2400
23235,Garcia Co.,Garcia,Michael,+49 503 662299,1918 Garden Pl,Suite 588,Kansas City,RI,28073,USA,1188,58600
23236,Johnson Models,Johnson,Nicole,+44 98 4433 3716,3834 Willow Loop,Rm 781,Baltimore,AZ,38956,USA,1166,28300
23237,Nelson & Long International,Nelson,Robert,+61 9 9131 7654,8770 Hollow Blvd,Ste 412,Phoenix,OH,92553,USA,1401,267200
23238,Heritage Parts Ventures,Johnson,Kelly,+81-48-8198-6080,6420 Creek Dr,Unit 438,Berlin,,15165,Germany,1401,7700
23239,Reed Boutique,Reed,William,+1 (290) 562-4350,4896 Cedar Rd,Ste 554,Columbus,ND,20073,USA,1143,10300
23240,Capital Sales Group,Hill,Matthew,+34 799 128 200,1037 Hollow Pl,Rm 819,Memphis,CA,46096,USA,1621,3700
23241,Metro Supply Corp.,Kim,Deborah,+61 2 5229 1118,3116 Creek St,# 189,Portland,WI,87754,USA,1143,9300
23242,Metro Motor Industries,Sanders,Angela,+61 3 3583 3555,8132 Bay Dr,Apt 323,Palermo,,57455,Italy,1501,23400
23243,Parker & Morgan Partners,Parker,Michael,+61 9 1373 5984,3671 School Terr,Apt 188,Bristol,Scotland,DV6 1WO,UK,1286,41800
23244,Alpha Supply Wholesale,White,John,+34 736 272 755,7271 Forest Terr,,Stuttgart,,52713,Germany,,297500
23245,Mitchell Industries,Mitchell,Adam,+61 8 2993 8617,3568 Sycamore Ln,,Nagoya,,962-6191,Japan,,28800
23246,Lewis Co.,Lewis,Deborah,(325) 744-5928,3292 Glen Rd,,Jacksonville,NM,73351,USA,1216,4900
23247,Nguyen Holdings,Nguyen,Andrew,+33 2 37 12 32 30,8453 Glen Pl,Rm 475,Austin,MI,52140,USA,1702,126000
23248,Campbell & Sanchez Industries,Campbell,Kelly,+61 2 7821 1513,6841 Summit Circle,,Madrid,,22573,Spain,1611,56900
23249,Martinez Corp.,Martinez,Joshua,+1 (600) 268-6783,3369 Spring Blvd,,Montreal,MB,N5J 8D9,Canada,1166,161900
23250,Alvarez Center,Alvarez,Angela,+1 (277) 662-9084,520 Main Way,Unit 834,Nashville,NJ,93861,USA,1286,400
23251,Sanchez & Evans Inc.,Sanchez,Daniel,+61 4 8742 4370,839 Market Ct,,Edmonton,NB,A7X 0P6,Canada,1504,7900
23252,Adams & Moore Ltd.,Adams,Nathan,+44 98 5769 5173,7356 Main Ave,,Leipzig,,80241,Germany,1216,700
23253,Alpha Export Wholesale,Cooper,Patricia,(776) 303-7227,2276 Glen Circle,Ste 250,San Diego,MA,15816,USA,1323,3200
23254,Taylor Center,Taylor,Joshua,+33 4 91 95 38 12,2573 Market St,,Memphis,AR,68879,USA,1166,68600
23255,Golden Motor Distribution,Rogers,Julie,+44 39 3372 7180,8430 Church Ct,,Indianapolis,OR,71394,USA,1323,167800
23256,Green Corp.,Green,Maria,+81-25-5868-3950,769 Sycamore Circle,,Oklahoma City,CA,41751,USA,1621,224700
23257,Golden Import Group,Ramirez,John,(608) 783-2687,7947 Meadow Blvd,,Washington,MI,27915,USA,1504,131800
23258,Sanders Industries,Sanders,Larry,+44 88 3404 5927,5279 Bay Loop,,Atlanta,AR,66986,USA,1143,3100
23259,Cruz Inc.,Cruz,Kelly,+1 (356) 233-4106,9949 Main St,,Lille,,82654,France,1165,46000
23260,Alpha Motor Industries,Sanchez,Edward,+49 497 563555,473 Hollow Way,,Sapporo,,899-6822,Japan,,13900
23261,Reyes Boutique,Reyes,Justin,+34 980 402 248,2185 Church Loop,,Gothenburg,,50293,Sweden,1166,41200
23262,Johnson Trading,Johnson,Mary,+44 92 1554 5326,2148 Ash Ave,,San Francisco,ID,42014,USA,1619,107300
23263,Crystal Import Inc.,Martinez,Kathleen,+81-7-6828-8753,3579 Highland Ave,Apt 908,Glasgow,Wales,DU35 1UG,UK,1166,160700
23264,Mendoza & Walker Wholesale,Mendoza,Edward,(924) 585-2271,2173 Manor Dr,,Groningen,,79725,Netherlands,1401,117100
23265,Global Supply Trading,Gray,Margaret,+44 34 2183 9969,5451 Manor Terr,,Fukuoka,,481-2191,Japan,1702,1600
23266,Brown Holdings,Brown,Rachel,(667) 804-6505,7987 Glen Circle,,Breda,,34499,Netherlands,1337,272500
23267,Alvarez Store,Alvarez,David,+61 9 5685 4511,5089 Washington Ln,,Sapporo,,844-5230,Japan,,45200
23268,Martinez & Jackson Distribution,Martinez,Jonathan,+61 7 9225 5468,232 Washington Blvd,,Barcelona,,76288,Spain,1612,1600
23269,Central Trade Enterprises,Hughes,Susan,+61 8 5118 6258,2345 Walnut Rd,# 269,Indianapolis,NV,58709,USA,1216,35300
23270,Sunrise Motor Holdings,Martin,Richard,(895) 388-3384,1987 Pine Dr,,Sheffield,Scotland,GO5 1TL,UK,1166,49600
23271,Lopez Gallery,Lopez,David,(915) 974-4555,1968 Magnolia Ln,,Basel,,41268,Switzerland,1166,4800
23272,Thomas Industries,Thomas,Kelly,+34 934 373 633,3750 Manor Blvd,,Genoa,,50442,Italy,1625,69000
23273,Royal Craft Industries,Parker,Kathleen,+61 8 3435 8381,9679 Hill Way,# 952,Newcastle,TAS,3035,Australia,1612,36300
23274,Gomez LLC,Gomez,Jessica,+34 878 771 773,1663 Walnut St,Unit 729,Philadelphia,CT,23907,USA,,4700
23275,Sanders Corp.,Sanders,Cynthia,(633) 332-6169,921 Elm Way,,San Francisco,OR,73312,USA,1401,221800
23276,Parker Gallery,Parker,Amy,+49 835 672242,6638 Summit Pl,Ste 697,Memphis,MO,16658,USA,1621,285200
23277,Lewis Depot,Lewis,Amanda,+81-56-8284-4889,1746 Spring Way,Apt 506,Innsbruck,,51441,Austria,,81900
23278,White Ltd.,White,Margaret,+49 363 562895,6757 Willow Ln,Floor 220,Long Beach,CT,82455,USA,1612,4200
23279,Carter & Parker Solutions,Carter,Katherine,+34 605 116 439,5892 Ash Blvd,,Nashville,ID,37001,USA,1165,18400
23280,Thomas & Gonzalez Ltd.,Thomas,Stephanie,+61 6 8662 2913,7656 Meadow Blvd,,Sydney,SA,9216,Australia,1621,220800
23281,Price & Jones Inc.,Price,Donald,+44 89 8693 5647,3657 Creek Pl,,Marseille,,94556,France,,136500
23282,Silver Art Services,Gutierrez,Joshua,(602) 965-9556,8456 Bay Way,Unit 598,Mesa,IN,97295,USA,1625,268800
23283,Horizon Supply Co.,Bennett,Michael,+81-50-9484-4427,3026 Summit Blvd,Ste 267,Amsterdam,,48049,Netherlands,1188,59200
23284,Global Craft Industries,Wright,Joyce,+34 834 862 175,7420 Hill Pl,Rm 143,Kawasaki,,251-8681,Japan,1286,118400
23285,Kim Exports,Kim,Amy,+61 4 2874 7398,5523 Hollow Loop,Unit 908,San Diego,NC,78812,USA,1286,1600
23286,Urban Craft International,Mendoza,Heather,+81-34-4084-5051,1844 Station Terr,,Philadelphia,TN,27977,USA,1501,146800
23287,Ramos Co.,Ramos,Rebecca,+34 631 801 226,850 School Dr,,Berlin,,59208,Germany,1504,241600
23288,King & Evans Industries,King,William,(803) 241-3725,9371 Cedar Ln,Unit 185,Lille,,59942,France,1337,103700
23289,Murphy Collectibles,Murphy,Aaron,+81-9-1252-8992,7173 Valley Ln,,Cologne,,13542,Germany,1504,220700
23290,Urban Art Corp.,Carter,Maria,+81-75-6229-6051,4045 Meadow Pl,,El Paso,OR,40254,USA,1337,249800
23291,Campbell & Rodriguez Exports,Campbell,Deborah,+34 735 230 944,5539 Sycamore Way,# 646,Namur,,90776,Belgium,1188,36400
23292,Brooks Collectibles,Brooks,Donald,+33 2 58 92 87 23,6830 Cherry Ln,,El Paso,ID,61439,USA,1166,185300
23293,Lopez Gifts,Lopez,Jose,+61 9 5995 9491,7513 Hill Blvd,Apt 820,Adelaide,VIC,2973,Australia,1165,122500
23294,Rogers Wholesale,Rogers,Nicole,+33 7 16 17 72 80,2817 Maple Way,# 621,El Paso,MN,45618,USA,1504,2600
23295,Collins & Clark Wholesale,Collins,Gary,+81-46-8385-7861,1854 Valley Rd,,Albuquerque,MN,19486,USA,1612,68600
23296,Lewis & Bailey Ltd.,Lewis,Gary,+49 39 743821,3425 Pine Blvd,Floor 501,Oklahoma City,WI,50406,USA,1102,3100
23297,Heritage Export Solutions,Anderson,William,(406) 237-1756,3804 Meadow St,,Paris,,64028,France,1323,1900
23298,Lewis Services,Lewis,Sandra,(874) 679-6460,9795 Chestnut Way,,Düsseldorf,,27957,Germany,1286,21500
23299,Martin International,Martin,Jose,+34 890 235 605,2753 Bay Ct,Floor 973,Lyon,,38463,France,1143,73000
23300,Howard Center,Howard,Jack,+49 132 490195,9156 Walnut Pl,,Bordeaux,,12119,France,1401,45800
23301,Alpha Art International,Kelly,Mark,+44 26 2012 5953,2150 Cedar Dr,,Naples,,13909,Italy,1501,9100
23302,Ramos & Young Ltd.,Ramos,Jonathan,+44 46 4224 8989,4735 Sycamore Blvd,Unit 712,Baltimore,IL,99841,USA,1619,30000
23303,Smith & Wood Inc.,Smith,Susan,+34 985 773 509,4496 Maple Loop,Apt 629,Gothenburg,,63971,Sweden,1165,52000
23304,Ramos Co.,Ramos,Nicholas,+49 984 311296,9970 Sycamore Ave,Floor 151,Sacramento,GA,19165,USA,1143,212500
23305,Global Art Ventures,Hernandez,Christine,+33 2 53 38 33 86,6322 Willow Ave,Apt 259,Fresno,WV,53269,USA,1188,33400
23306,Campbell Gifts,Campbell,Anthony,+33 2 63 50 31 66,2726 Summit Ct,Ste 782,Tucson,HI,66253,USA,1612,179900
23307,Allen Solutions,Allen,Gregory,+49 39 462457,204 River Circle,,Bordeaux,,15292,France,1612,250600
23308,Morales & Morris Exports,Morales,William,+33 7 51 52 65 47,2573 Sycamore Ave,,Winterthur,,38783,Switzerland,1216,53100
23309,Bailey & Allen Inc.,Bailey,Margaret,+49 408 412335,8311 Highland Rd,Unit 987,Colorado Springs,HI,28105,USA,1337,156700
23310,Alpha Sales Inc.,Miller,Stephen,+34 939 691 255,5101 Ridge Ln,Floor 97,Lucerne,,49504,Switzerland,1612,63700
23311,Classic Supply International,Taylor,Raymond,+1 (400) 928-8993,2809 Ash Circle,,Tokyo,,586-6080,Japan,,3400
23312,Parker Store,Parker,Kevin,+44 99 9192 8085,2505 Park Way,,Glasgow,,IT49 5JE,UK,1501,131300
23313,Richardson Gifts,Richardson,Joshua,+81-7-6900-8498,2107 Sunset Loop,Apt 793,Almere,,26415,Netherlands,1504,5500
23314,Classic Export Associates,Mitchell,Catherine,+49 553 869187,3852 Birch Circle,,Indianapolis,MS,74256,USA,1102,91700
23315,Miller Depot,Miller,Maria,+33 3 94 27 57 95,7843 Willow Loop,,Murcia,,18894,Spain,1143,41500
23316,White & Hughes Corp.,White,Charles,+33 3 17 88 83 90,7430 Market Rd,Ste 982,Paris,,21809,France,1143,2700
23317,Golden Import Exports,Price,David,+33 5 81 47 71 99,3226 Oak Blvd,,Sacramento,MN,72858,USA,1370,2700
23318,Young Collectibles,Young,Jessica,+81-78-5735-8828,4297 Main Dr,,Columbus,HI,73676,USA,1621,51500
23319,Wood Boutique,Wood,Laura,+49 976 367246,2331 Washington Pl,,Randers,,17974,Denmark,1504,162700
23320,Rogers Models,Rogers,Ashley,+61 7 6406 6908,3654 Cedar Dr,Unit 228,Leicester,England,RL39 1UZ,UK,1188,69200
23321,Smith Gallery,Smith,John,+33 7 69 16 67 21,2843 Hill Ln,,Amsterdam,,89463,Netherlands,1102,10900
23322,Lewis & Lee Enterprises,Lewis,James,+49 356 227855,5814 Bay Dr,Floor 739,Limerick,,42736,Ireland,1625,170600
23323,Thompson Partners,Thompson,Richard,+44 40 8991 3344,5149 Chestnut Way,,Sacramento,HI,42885,USA,1216,9500
23324,Carter Imports,Carter,Emma,(622) 975-7068,7533 Pine Circle,,Leicester,England,AL13 6UA,UK,1188,8600
23325,Sanchez & Davis Ventures,Sanchez,Samuel,+61 2 2311 6230,3893 Summit Blvd,,Charlotte,TN,58768,USA,,152200
23326,Evans International,Evans,Shirley,+81-37-3792-9573,9535 Forest Circle,Floor 726,Montpellier,,87214,France,,234400
23327,White Shop,White,Susan,+44 82 3921 9849,4582 River Loop,Unit 315,Leicester,Scotland,BB41 5OM,UK,1143,17700
23328,Sanders Exports,Sanders,Diane,+1 (770) 603-8013,9923 Glen Blvd,Floor 631,Brisbane,ACT,3575,Australia,1102,9900
23329,Scott Trading,Scott,Nancy,+81-3-8997-2870,3423 Bay Ave,,Copenhagen,,98885,Denmark,1188,112300
23330,Elite Auto Distribution,Brown,Cynthia,+33 6 99 85 97 44,4868 Walnut Loop,,Linköping,,62988,Sweden,1216,64900
23331,Urban Parts Co.,James,Ashley,+44 29 2069 7662,5681 Maple Terr,,Berlin,,94706,Germany,1702,46400
23332,Global Export Trading,Jimenez,Alexander,+34 741 415 126,2385 Church Circle,,Edinburgh,Scotland,IC53 3HY,UK,1165,600
23333,White Holdings,White,Emma,+61 7 2033 3274,620 Garden Rd,,Portland,MA,75602,USA,1504,5100
23334,Johnson Shop,Johnson,Ashley,+34 835 470 345,1791 Magnolia Pl,Ste 242,Liverpool,,GK3 8PH,UK,1188,56900
23335,Wood & Harris Group,Wood,Katherine,+49 914 328741,314 Manor Terr,,Perth,WA,6364,Australia,1216,285300
23336,Thompson Depot,Thompson,Raymond,+81-64-9961-7174,5067 Magnolia Ln,,Memphis,MO,42914,USA,1401,1700
23337,Miller Co.,Miller,Jerry,+34 606 905 815,918 Manor Dr,,Cologne,,65191,Germany,1611,7300
23338,Royal Parts Distribution,Lopez,Benjamin,+44 30 6815 9432,352 Hickory Rd,# 669,Nice,,51293,France,1143,7100
23339,Classic Motor Distribution,Jones,Brian,+33 6 55 22 84 72,573 Willow Ave,# 407,Nashville,MA,76064,USA,1621,38600
23340,Nguyen Shop,Nguyen,Christopher,+81-5-1367-3293,6071 Maple Ave,,Bristol,Wales,LS64 3EB,UK,1337,281700
23341,Thompson Corp.,Thompson,Justin,(896) 900-4103,7256 Ash Rd,,Leeds,,HO58 6LL,UK,1625,59200
23342,Moore & Ross Distribution,Moore,Daniel,+33 8 53 87 41 90,1334 Poplar Ct,,Lille,,95244,France,1370,59900
23343,Jackson Exports,Jackson,Timothy,+61 6 1848 8274,4128 Birch Circle,,Columbus,ND,84945,USA,1504,9900
23344,Hill Toys,Hill,Edward,+44 11 7508 5353,6149 Sycamore Way,,Wollongong,TAS,1802,Australia,1370,120800
23345,Evans International,Evans,Jack,+34 973 862 280,8329 Hollow Circle,Apt 238,Chicago,LA,72969,USA,1501,90000
23346,Richardson Boutique,Richardson,Karen,+34 953 549 920,9686 Cedar Terr,Floor 84,Virginia Beach,PA,95821,USA,1216,92200
23347,Gomez International,Gomez,Helen,+33 6 23 10 16 63,285 Magnolia St,Apt 373,Tilburg,,11861,Netherlands,1612,4700
23348,Silver Parts Inc.,Mendoza,Carolyn,+44 21 3317 9805,4601 Elm Ln,Unit 776,Albuquerque,SD,34811,USA,1165,2000
23349,Davis Boutique,Davis,Stephen,+1 (365) 633-8198,1751 Spring Loop,,Palma,,48965,Spain,1216,57400
23350,Roberts & Nguyen Distribution,Roberts,Patricia,+81-47-6209-3446,507 River Pl,Apt 797,Essen,,27021,Germany,1166,42400
23351,Sunrise Trade Partners,Wilson,Amanda,+33 1 94 46 48 23,5556 Bay Way,,Milan,,88954,Italy,1501,13900
23352,Hall Industries,Hall,Christine,+61 6 8505 7702,7554 Manor Ln,,Nantes,,48090,France,1166,73100
23353,Morales & Collins Inc.,Morales,Deborah,+34 732 305 241,9778 Birch Way,,Basel,,24232,Switzerland,1621,46700
23354,Capital Craft International,Nguyen,Jessica,+1 (311) 257-3795,9588 Sycamore St,,Long Beach,ID,86712,USA,1323,8700
23355,Edwards & Reed Industries,Edwards,Patricia,(745) 672-3883,15 Hollow Circle,,Edinburgh,Scotland,JA28 1NV,UK,1625,76000
23356,Ross & Bennett LLC,Ross,Victoria,+33 8 47 33 29 51,9659 Harbor Circle,,Indianapolis,MT,97845,USA,1401,39100
23357,Clark & Sanchez Solutions,Clark,Michelle,+81-84-9419-3663,1124 Chestnut Dr,,Columbus,VA,14779,USA,1165,84400
23358,Torres Boutique,Torres,Richard,+33 2 78 92 91 42,9138 Poplar Blvd,Unit 968,Lille,,68666,France,1286,41600
23359,Torres Models,Torres,Betty,+34 834 188 159,8636 Cedar Ave,,Bologna,,82505,Italy,,189000
23360,Miller & Sanchez Associates,Miller,Patricia,+49 906 160251,4896 Maple Ct,,Nice,,20923,France,1143,9900
23361,Cook & Price Industries,Cook,Richard,(260) 935-9958,8045 Chestnut Terr,Apt 626,Aalst,,92497,Belgium,1702,87200
23362,Kim Ventures,Kim,Benjamin,+81-10-4723-9704,2441 Park Ct,,Colorado Springs,UT,98602,USA,1702,102500
23363,Castillo Models,Castillo,David,+1 (871) 710-9752,6743 Oak Ln,Unit 36,Houston,CA,79758,USA,1621,700
23364,Edwards Solutions,Edwards,Sharon,+34 753 788 519,8290 Lake Way,,Albuquerque,AK,14470,USA,1621,156500
23365,Perez Holdings,Perez,Sharon,+49 608 474568,5230 Sycamore Dr,Floor 520,Leicester,Scotland,XR95 4XV,UK,1143,700
23366,Nguyen Enterprises,Nguyen,Steven,(948) 308-1774,6630 Hollow Dr,,Long Beach,NJ,51838,USA,1165,3800
23367,Urban Auto Ventures,Martinez,Rebecca,(259) 260-4971,9864 Elm St,Apt 306,Stuttgart,,62531,Germany,1188,166600
23368,Jackson Services,Jackson,Thomas,+34 997 873 678,1391 Station Loop,,Colorado Springs,NC,22661,USA,1619,117500
23369,Cruz & Cooper LLC,Cruz,Nathan,+44 89 9073 2701,6262 Poplar Blvd,Suite 505,Toulouse,,91014,France,1188,900
23370,Royal Trade Co.,Ramirez,Aaron,+44 86 2548 5249,2998 Poplar Pl,,Aarhus,,81605,Denmark,1323,57300
23371,Thompson Corp.,Thompson,Anthony,+44 33 1976 8643,3151 Hill Loop,# 221,Washington,TN,48457,USA,1401,3300
23372,Pacific Craft Ltd.,Bailey,Justin,+61 3 1716 8603,3999 Forest Way,,Montpellier,,31057,France,1188,22700
23373,Atlantic Supply Trading,Ramos,Kathleen,+61 7 7715 4201,4943 Ridge Ave,,Brussels,,90656,Belgium,1621,102000
23374,Johnson Partners,Johnson,Julie,+44 59 3438 4733,1582 Spring Circle,,Chicago,PA,64811,USA,1621,215900
23375,Taylor & Reyes Wholesale,Taylor,Andrew,+49 501 402252,9231 Oak Circle,,Fukuoka,,137-8420,Japan,1323,128100
23376,Wilson & Robinson Group,Wilson,John,+61 4 3278 2371,3864 Summit Ave,,London,England,YD91 3ZI,UK,1702,8600
23377,Pacific Import Services,Reed,Anna,+1 (224) 761-2600,5603 Manor Ave,,Catania,,39694,Italy,1286,271700
23378,Ramos & Lopez Exports,Ramos,Jonathan,+61 4 3274 5860,7879 Meadow Terr,,Sapporo,,603-1268,Japan,1504,118500
23379,Thomas Collectibles,Thomas,Larry,+34 613 866 174,1351 Ridge Ln,,Memphis,OR,47875,USA,1323,125700
23380,Price Store,Price,Samantha,+61 3 7613 4994,429 Summit Rd,Floor 797,Stuttgart,,39171,Germany,1625,3200
23381,Rivera Co.,Rivera,Katherine,+61 4 1404 6566,1640 Garden Blvd,,Albuquerque,KY,77138,USA,1337,23300
23382,Rodriguez Gallery,Rodriguez,Samuel,+1 (361) 991-9616,8698 Hill Ln,,Strasbourg,,37080,France,1370,296800
23383,Lewis Inc.,Lewis,Elizabeth,+33 7 52 92 12 15,5104 Maple Blvd,,Chicago,OH,75460,USA,1619,56400
23384,Bailey & Green Wholesale,Bailey,Kelly,+34 749 955 635,8395 Garden Ln,Suite 465,San Jose,ID,12469,USA,,500
23385,James Center,James,Frank,+61 7 9064 8564,7237 Valley Blvd,,Raleigh,NH,29514,USA,1504,75400
23386,White Models,White,Joyce,+1 (586) 547-8833,7196 Hill Way,,Tromsø,,26437,Norway,1370,264900
23387,Flores Ventures,Flores,Daniel,+34 861 798 710,709 Meadow Blvd,,Strasbourg,,76387,France,1166,138800
23388,Premier Supply Exports,Rivera,Nicole,+44 57 8956 8013,9331 Garden Ct,,Baltimore,HI,62991,USA,1621,140600
23389,Robinson Industries,Robinson,Nicholas,+33 2 92 56 97 41,5659 Highland Blvd,Ste 895,Houston,RI,87906,USA,1102,88100
23390,Robinson Services,Robinson,Jose,(725) 874-7982,8075 Harbor Blvd,,Leipzig,,23595,Germany,1611,287200
23391,Elite Sales LLC,Edwards,Heather,+1 (249) 504-6010,4259 Chestnut Ln,,Bristol,,DZ32 4IP,UK,1702,260900
23392,Metro Import Solutions,Murphy,Mary,+34 908 930 297,1353 Church Loop,,Breda,,62358,Netherlands,1286,35200
23393,Martinez & Stewart Inc.,Martinez,Dorothy,(486) 267-2837,3751 Sunset St,,Montpellier,,13771,France,1401,156500
23394,Sanders Exports,Sanders,Carolyn,+49 951 187067,8189 Oak Ln,,Newcastle,SA,7542,Australia,1102,300
23395,Martin Collectibles,Martin,Katherine,+1 (796) 255-6044,8784 Magnolia Ct,,Vancouver,ON,D1W 9A6,Canada,1166,113800
23396,Baker Industries,Baker,Donna,+44 27 1251 3728,4810 Hill Circle,,Palma,,87574,Spain,1143,84800
23397,Mendoza & Baker Holdings,Mendoza,Dorothy,+1 (327) 550-8439,8351 Sunset Loop,,Las Vegas,NE,26027,USA,1625,287300
23398,Central Craft Trading,Hughes,Andrew,+81-71-2048-5231,1604 Walnut Circle,Ste 175,Hamilton,MB,S1P 9H6,Canada,1612,53000
23399,Johnson Trading,Johnson,Ryan,(434) 322-9546,1691 River Pl,,Montreal,NB,G3R 5V1,Canada,1401,6100
23400,Central Sales Group,Ward,Raymond,+1 (924) 597-6857,5918 Valley Ct,Unit 160,San Francisco,MA,27984,USA,1611,115100
23401,Capital Art Corp.,Sanders,Mary,+81-27-1189-9268,5473 Bay Terr,,Wollongong,QLD,2889,Australia,1188,97800
23402,Cook & Harris Distribution,Cook,Anna,+1 (382) 597-4682,3996 Bay Terr,,Pori,,53977,Finland,1504,194200
23403,Silver Parts Distribution,Green,Carol,+61 9 6001 4482,1979 Hollow St,,Manchester,Scotland,HU94 5AS,UK,,65000
23404,Edwards Depot,Edwards,Eric,(909) 436-2785,9083 Pine St,,Palmerston North,,85383,New Zealand,1286,182900
23405,Heritage Export Group,King,Margaret,+49 945 687531,2458 Willow Ln,,San Francisco,TN,59162,USA,1621,276500
23406,Collins & Morgan Services,Collins,Patrick,+61 3 3019 6461,6014 Cedar Loop,,Jönköping,,13897,Sweden,1166,2300
23407,Wood Inc.,Wood,John,(674) 850-3830,5587 Lake Circle,,Tokyo,,153-5020,Japan,1501,138000
23408,Cook & Diaz LLC,Cook,Rachel,+44 75 2158 5844,4961 Station Circle,,Tokyo,,251-9277,Japan,1619,175100
23409,Reed Enterprises,Reed,Brenda,+81-3-8104-7224,1857 Walnut Circle,Ste 252,Dortmund,,26405,Germany,1337,267100
23410,Young Imports,Young,Brandon,+1 (674) 364-8478,6684 Spring Rd,,Dallas,FL,13815,USA,1216,30400
23411,Metro Sales Corp.,Myers,Gary,+1 (561) 242-4453,276 River Rd,Ste 852,Auckland,,53345,New Zealand,1612,139200
23412,Johnson & Wood Partners,Johnson,Melissa,(575) 461-2423,2654 Creek Ave,,Singapore,,459634,Singapore,1401,289900
23413,Rodriguez & Diaz Ltd.,Rodriguez,Charles,+34 966 386 793,3414 Hill Dr,,Colorado Springs,OR,32305,USA,1611,172000
23414,Smith Depot,Smith,Raymond,+44 11 8436 1615,6609 Harbor Rd,,Paris,,68591,France,1401,47500
23415,Lopez & Peterson Ventures,Lopez,Ashley,(870) 368-7178,46 Market Rd,Suite 899,Bristol,England,CQ95 7XV,UK,,146600
23416,Diamond Supply International,Murphy,Alexander,+49 543 157648,1033 Sycamore Rd,Apt 345,Milwaukee,MA,96095,USA,1611,6700
23417,Sunrise Supply Inc.,Kelly,Donna,+44 64 1046 3785,2469 Cherry Pl,Apt 723,Winnipeg,SK,G4F 5K2,Canada,1501,3200
23418,Kim Depot,Kim,Ryan,+34 802 985 192,5647 River St,Ste 620,Toulouse,,37143,France,1143,6800
23419,Diaz Boutique,Diaz,Eric,+34 916 209 773,9487 Magnolia Ln,,Mesa,CA,82102,USA,1370,30800
23420,Premier Supply Co.,Rivera,Diane,+1 (466) 755-1064,6622 Creek Ct,Ste 833,Colorado Springs,KS,43079,USA,1501,146200
23421,Hernandez Ltd.,Hernandez,Jennifer,+49 587 398243,1974 Pine St,,Portland,KS,92793,USA,1323,17900
23422,Gonzalez & Allen Inc.,Gonzalez,Eric,(539) 829-2740,6327 Chestnut Way,Unit 442,Denver,NY,63200,USA,1102,3000
23423,Patel Industries,Patel,Betty,+1 (777) 395-2192,3112 Cherry Ct,,San Antonio,WY,19149,USA,1611,38600
23424,Bennett Models,Bennett,Brian,+49 90 946133,2565 Park Way,,Palmerston North,,67892,New Zealand,1621,82000
23425,Ward Toys,Ward,Ryan,+81-16-7418-9765,9778 Sunset Ct,Ste 357,Berlin,,75781,Germany,1504,8300
23426,Long Group,Long,Jessica,+34 803 169 859,4535 Manor Ln,,Cologne,,62054,Germany,1611,88000
23427,Classic Export Exports,Sanchez,Donna,+33 6 75 76 34 83,8740 Garden Terr,,London,England,KF56 1PJ,UK,1401,149200
23428,Kelly Trading,Kelly,Michelle,(981) 461-3607,2930 Sunset Ave,# 523,Washington,AK,39678,USA,1401,165400
23429,Gray & Morris Enterprises,Gray,Kevin,+33 5 31 44 25 77,4230 Park Way,,Lyon,,13071,France,1702,158800
23430,Johnson Shop,Johnson,Amy,+1 (231) 889-3993,8329 Lake Pl,Rm 221,Esbjerg,,14047,Denmark,1370,11400
23431,Brown & Alvarez Partners,Brown,Amy,+34 768 346 912,7414 Walnut Dr,,Vancouver,QC,U2M 7C5,Canada,1337,31600
23432,Metro Art Services,Ortiz,Jose,(800) 544-8230,8441 Sunset Dr,,Munich,,86669,Germany,1165,5500
23433,Atlantic Supply Distribution,Flores,Timothy,(759) 870-4997,8785 Forest Circle,,Edinburgh,,JQ20 9OK,UK,1612,163000
23434,Martin Distribution,Martin,Samantha,+49 513 254308,6185 Spring Blvd,,Jyväskylä,,23073,Finland,,4900
23435,Anderson Models,Anderson,Eric,+61 9 2018 2689,9127 Magnolia Circle,,San Francisco,NV,32619,USA,1323,220900
23436,Parker & Price Inc.,Parker,Samuel,+33 7 65 59 32 83,8610 Maple Dr,# 454,Portland,NE,90539,USA,1102,28300
23437,Martinez Boutique,Martinez,Debra,+33 1 22 85 26 43,163 Summit Ct,,Winnipeg,NB,G5B 8F2,Canada,1504,27900
23438,Ramirez & Rivera Services,Ramirez,Stephen,+33 5 27 69 32 32,1034 Chestnut St,# 496,Berlin,,72116,Germany,1143,5700
23439,Capital Art Wholesale,Reyes,Barbara,+81-38-4910-9752,6673 Poplar Way,,Lyon,,12537,France,1504,12400
23440,Moore Ltd.,Moore,Linda,+34 825 873 874,1729 Station Ave,,Dundalk,,58283,Ireland,1166,208900
23441,Crystal Supply Inc.,Ortiz,Helen,+61 4 8342 7650,6273 Cherry Loop,Rm 105,Washington,AK,44901,USA,1323,37300
23442,Baker Center,Baker,Nicholas,+61 9 7170 4860,2012 Hickory Rd,,Calgary,NL,X6H 2F9,Canada,1611,2600
23443,Lewis Services,Lewis,Edward,+34 873 845 148,7652 Cedar Way,Ste 863,Charlotte,NH,97403,USA,,159900
23444,Atlantic Auto International,Sanchez,Larry,+49 164 46475,7987 River Rd,Floor 831,Groningen,,60050,Netherlands,,142400
23445,Thomas Models,Thomas,Cynthia,(469) 426-7764,9128 Ridge Ct,,El Paso,MT,50032,USA,1216,162500
23446,Johnson Collectibles,Johnson,Scott,+81-8-3739-6338,8649 Magnolia Blvd,,San Jose,MS,24121,USA,,1200
23447,Thompson Ltd.,Thompson,Lisa,+33 8 10 86 89 72,408 Sycamore Blvd,Ste 896,Dallas,CA,63900,USA,,19800
23448,Johnson & Clark Group,Johnson,Michael,+81-8-1354-7569,2261 Lake Rd,Unit 761,Bristol,Scotland,DE35 1BM,UK,1216,173700
23449,Brown & Ramos Inc.,Brown,Nicole,+1 (474) 522-1767,6572 Chestnut Loop,,The Hague,,70765,Netherlands,1612,175500
23450,Taylor Depot,Taylor,Helen,+34 748 423 331,5430 Forest Terr,,Virginia Beach,NY,31131,USA,1370,300
23451,Crystal Sales Enterprises,Morgan,Kelly,+33 9 32 67 87 16,3713 Park Blvd,,New York,NE,53485,USA,1337,195600
23452,Urban Trade Enterprises,Bailey,Christine,+61 4 4659 1526,7144 Garden Ave,,The Hague,,40582,Netherlands,,36900
23453,Alpha Sales International,Price,Matthew,+1 (562) 370-7775,2422 Summit Blvd,,New York,KY,56613,USA,1612,292000
23454,Anderson & Thomas Distribution,Anderson,Patrick,+1 (375) 340-1143,9990 School Rd,,Murcia,,39949,Spain,1612,233900
23455,Lee Collectibles,Lee,Susan,+33 9 33 17 16 11,2619 Birch Dr,,Almere,,13760,Netherlands,1612,2200
23456,Bailey & Anderson Inc.,Bailey,Daniel,+34 857 694 962,8384 Washington Ln,Unit 108,Long Beach,ND,73053,USA,1166,280900
23457,Silver Supply Solutions,Moore,Andrew,+44 17 6890 9995,7836 Chestnut Ave,Unit 163,Berlin,,84774,Germany,1611,36300
23458,Urban Art Partners,Nelson,Kathleen,+49 552 289887,6421 Manor St,Apt 614,Indianapolis,GA,48176,USA,1166,52300
23459,Garcia Services,Garcia,Richard,+1 (364) 479-2790,7058 Glen Circle,# 251,Logan City,ACT,1423,Australia,,9100
23460,Thompson & Lewis Associates,Thompson,Victoria,+49 211 728397,1982 Magnolia Ave,,Hamburg,,56665,Germany,1501,24500
23461,Metro Export Holdings,Johnson,Pamela,+81-73-5951-2629,5664 School Ct,# 495,Singapore,,853102,Singapore,1401,7500
23462,King & Brooks Trading,King,Charles,+49 772 978801,2489 Chestnut Ln,,Kitchener,QC,R3V 5V3,Canada,1619,22800
23463,Cruz Inc.,Cruz,Nancy,+49 334 917391,7034 Magnolia Way,Suite 572,Tilburg,,28220,Netherlands,1370,240200
23464,Gutierrez Store,Gutierrez,Christopher,+61 4 6247 9384,3245 Ash Circle,,Uppsala,,40353,Sweden,1143,33100
23465,Young International,Young,Patricia,+44 19 5958 9295,3188 Pine Dr,,El Paso,IN,18488,USA,1323,4800
23466,Watson Toys,Watson,Nancy,+81-86-7020-5941,1713 Bay Ln,,Colorado Springs,NH,42266,USA,1166,9200
23467,King Models,King,Janet,+44 56 5985 9940,302 Walnut Rd,,New York,OH,25019,USA,,134900
23468,Premier Trade LLC,Campbell,Shirley,+61 6 8838 2532,3190 Main Way,,Breda,,12332,Netherlands,1143,159100
23469,Anderson Holdings,Anderson,Dennis,+81-4-8112-4437,1263 Maple St,Rm 395,Dallas,VT,69765,USA,1166,102400
23470,Crystal Auto Partners,Bennett,Carolyn,+1 (822) 231-2666,4363 Spring Ct,,Bristol,Wales,UW76 2KF,UK,1323,252000
23471,Lewis Partners,Lewis,Heather,+44 16 9630 3602,105 Oak Rd,,New York,AK,42516,USA,1188,43200
23472,Ramos Gifts,Ramos,Emily,+34 991 152 491,2464 Park Terr,,Winnipeg,NB,P8J 4J1,Canada,1166,7200
23473,Sanders Enterprises,Sanders,Edward,(542) 516-3235,9350 Oak Blvd,,New York,WI,37744,USA,1323,3100
23474,Central Export Inc.,Jones,Joseph,+33 7 10 99 28 50,4277 Summit Blvd,,Ghent,,34446,Belgium,1337,239500
23475,Sanders & Miller Ventures,Sanders,Ashley,+81-68-9850-7829,5018 Main Terr,Apt 922,Drogheda,,53301,Ireland,1504,26400
23476,Mendoza & Williams Inc.,Mendoza,Ronald,+81-60-7298-2315,8327 Birch Ln,,Saitama,,139-5056,Japan,1188,69300
23477,Horizon Trade Trading,Ruiz,John,+61 6 2603 5763,5683 Elm Loop,,Dallas,WA,11503,USA,1501,1100
23478,Crystal Trade Ventures,Jackson,Steven,+44 58 2465 4157,2205 Manor Loop,,Lyon,,41643,France,1370,116800
23479,Heritage Parts Co.,Rogers,Mary,+44 17 8772 7644,9747 Summit Dr,Floor 289,Seattle,MD,63719,USA,1401,5000
23480,Chavez & Jackson Partners,Chavez,William,+81-24-5985-5953,1448 Hickory St,,Rotorua,,56288,New Zealand,1165,66000
23481,Wilson & Bailey Exports,Wilson,Nathan,+1 (275) 401-8165,4729 Cherry St,,Columbus,IN,97097,USA,1621,22300
23482,Capital Motor Imports,Baker,Daniel,+44 32 7979 3561,4822 Church Ct,,Colorado Springs,OK,13989,USA,1323,5600
23483,Anderson Shop,Anderson,Karen,+1 (468) 474-4641,5958 Ash St,,Catania,,87617,Italy,1621,276800
23484,Alpha Auto Exports,Chavez,Diane,+33 4 82 72 37 51,7282 Harbor St,,Dublin,,91830,Ireland,,41200
23485,Gutierrez Depot,Gutierrez,Elizabeth,+81-82-4988-7432,5291 Sycamore Ave,,Nijmegen,,78627,Netherlands,1323,7200
23486,Cook Exports,Cook,Jessica,+49 688 966635,8505 Chestnut Circle,,Austin,WY,22412,USA,1143,4900
23487,Collins Boutique,Collins,Elizabeth,+1 (501) 996-9028,5951 Manor Pl,,Los Angeles,NY,93527,USA,1401,3500
23488,Central Export Distribution,Harris,Benjamin,+34 628 859 433,1482 Valley Terr,Suite 996,Marseille,,85829,France,1504,44500
23489,Howard Center,Howard,Jacob,+33 4 57 26 85 95,6413 Hickory Rd,,Sacramento,PA,28175,USA,1323,55800
23490,Robinson Trading,Robinson,Kevin,(771) 807-5168,1400 Ridge Loop,,San Antonio,ME,41574,USA,1102,45300
23491,Lopez Depot,Lopez,Joyce,(218) 223-4688,3569 Forest Blvd,,Essen,,93701,Germany,1612,2700
23492,Royal Trade Holdings,Gonzalez,Melissa,+34 672 827 507,2321 Forest Loop,Suite 786,Cologne,,63492,Germany,1102,9400
23493,Nelson Depot,Nelson,Barbara,+49 909 841900,9322 Harbor Terr,,Toronto,NB,E7Y 9V9,Canada,1611,40200
23494,Foster & Long Partners,Foster,Nancy,+1 (231) 368-3930,6805 Station Way,,Paris,,76430,France,1504,46400
23495,Premier Export Partners,Ramirez,Melissa,+33 7 80 88 25 86,8055 Manor Ct,,Raleigh,VT,78402,USA,1323,22000
23496,Cruz Gallery,Cruz,Gary,(827) 237-2439,3213 Forest Rd,,Nashville,WI,66257,USA,1166,28300
23497,Foster Imports,Foster,Charles,+61 4 3800 8457,5894 Hickory Ct,Unit 395,Houston,CA,53984,USA,1702,56500
23498,Miller Store,Miller,Katherine,+34 720 893 952,8644 Willow St,,San Francisco,IN,78247,USA,1188,1300
23499,Martin & Baker Group,Martin,Jeffrey,+1 (224) 383-4443,9923 River Pl,,Edinburgh,England,LD25 7TY,UK,1625,28800
23500,Atlantic Import Enterprises,Rivera,Emily,+34 947 904 840,2923 Cherry Terr,,Essen,,41756,Germany,1165,3700
23501,Morgan Ventures,Morgan,Dennis,+49 525 113323,9879 Washington Loop,Ste 115,Sheffield,,VA93 9SR,UK,1216,5500
23502,Torres Enterprises,Torres,Benjamin,+34 620 436 421,9561 Cedar St,,El Paso,SC,65675,USA,1188,6200
23503,Gutierrez Depot,Gutierrez,Justin,+49 781 663057,7283 Walnut Way,Suite 627,Auckland,,24578,New Zealand,1166,80700
23504,Richardson Depot,Richardson,Stephanie,+1 (514) 321-8367,9893 Hill Pl,,Houston,VA,62783,USA,1504,31500
23505,Brown & Cruz Partners,Brown,Michael,+49 724 470302,8512 Church Ln,Ste 894,Paris,,33552,France,1621,274200
23506,Reyes & Parker Imports,Reyes,Barbara,+49 977 380511,1292 Cedar Circle,Suite 639,Naples,,42644,Italy,1625,24200
23507,Lewis Distribution,Lewis,Amy,+1 (337) 990-8577,1875 Elm St,,Fort Worth,ME,75639,USA,1621,107900
23508,Parker Ventures,Parker,Daniel,+61 7 9923 3401,6342 Park Loop,Floor 195,Nashville,WY,41771,USA,1286,1500
23509,Nelson Shop,Nelson,Angela,(455) 960-6553,3460 Garden Blvd,Suite 420,Tampere,,96727,Finland,1621,58100
23510,Long & Baker Partners,Long,Joshua,+33 6 71 28 84 74,846 Willow Pl,# 849,Dortmund,,92242,Germany,1625,15900
23511,Patel & Cooper Group,Patel,Kelly,+1 (261) 620-9559,6592 Ash Ln,,Manchester,,CM37 4DU,UK,1216,13100
23512,Myers Group,Myers,Kelly,+34 992 256 342,5821 Poplar Rd,,San Antonio,WI,27920,USA,1401,30600
23513,Kelly Corp.,Kelly,Edward,+34 961 775 675,3553 Station Circle,,Chicago,OR,23805,USA,1621,68200
23514,Long Collectibles,Long,Joshua,+44 62 2956 2809,79 School Terr,,Bristol,Scotland,DB97 5MZ,UK,1102,261600
23515,Central Sales Enterprises,Wilson,Julie,+61 9 6155 5216,3785 Ridge Pl,Ste 314,Washington,AR,20369,USA,1612,226900
23516,Global Supply Associates,Green,Julie,(532) 512-1170,1625 Main Pl,,Innsbruck,,18979,Austria,1621,16800
23517,Perez Toys,Perez,Stephanie,+61 9 4062 8069,5783 Summit Ln,,Denver,OK,39335,USA,1188,5200
23518,Mendoza Ventures,Mendoza,Ashley,+81-13-9308-3241,7488 Poplar Blvd,,Kawasaki,,262-7202,Japan,1702,27100
23519,Torres Inc.,Torres,Mark,(450) 342-7372,1736 Sunset St,,Lausanne,,12252,Switzerland,,194800
23520,Phillips Gifts,Phillips,Shirley,(387) 372-2341,2047 Market Circle,Ste 823,Drammen,,77126,Norway,1504,1300
23521,Kelly Industries,Kelly,Rebecca,+81-81-5265-5955,4171 Meadow Loop,,Kobe,,907-5966,Japan,1165,300
23522,Brooks Solutions,Brooks,Anthony,+49 313 985047,9100 Glen Ave,Suite 693,Philadelphia,MI,22307,USA,1337,49100
23523,Jones Trading,Jones,Donna,+61 9 4593 6342,9362 Maple Loop,,Saitama,,979-8950,Japan,1401,3300
23524,Lee Boutique,Lee,Carolyn,+1 (898) 215-6338,9269 River Ave,Ste 671,New York,NE,96310,USA,,98400
23525,Ross Imports,Ross,Benjamin,(994) 420-1019,9706 Valley Ct,,Edinburgh,England,GV81 4BH,UK,1612,52300
23526,Reyes Distribution,Reyes,Michelle,+81-75-2613-9902,3023 Hickory St,,Indianapolis,DE,18028,USA,1621,161500
23527,Gomez Store,Gomez,Cynthia,+34 653 581 592,8665 Ash Ave,,Odense,,52507,Denmark,1216,257000
23528,Elite Craft Holdings,Davis,Barbara,+61 7 3076 6198,6947 Highland Ave,,Portland,TX,82300,USA,1337,3800
23529,Hill Ltd.,Hill,Jack,+61 4 5980 3274,1536 Elm Ln,Suite 987,Strasbourg,,88140,France,1337,249300
23530,Evans Center,Evans,Laura,(609) 212-5284,7658 Magnolia Blvd,,Madrid,,16666,Spain,1165,2400
23531,Morris Enterprises,Morris,Larry,+1 (271) 751-4642,5839 Walnut Circle,,Liverpool,England,AH9 2CL,UK,1102,28900
23532,Carter Ventures,Carter,Brian,+44 36 5091 6693,1955 Sunset St,Rm 814,Charlotte,GA,13218,USA,1216,36700
23533,Morales & Watson Imports,Morales,Steven,+61 6 7226 1788,7869 Highland Ln,,Manchester,England,TM84 6UZ,UK,1612,211500
23534,Diamond Craft Solutions,Clark,Paul,+34 905 635 956,7468 School Ave,,Oklahoma City,ME,87698,USA,1102,246200
23535,Miller Gifts,Miller,Stephanie,(967) 241-6514,7194 Hickory Pl,,Oslo,,19231,Norway,1611,48600
23536,Richardson Depot,Richardson,Kevin,+81-47-2500-6138,1238 Creek Loop,Suite 846,Indianapolis,MA,25233,USA,1611,16000
23537,Heritage Craft Solutions,Carter,Betty,+49 589 581385,6334 Cedar Ln,Suite 740,Catania,,90603,Italy,1165,3200
23538,Atlantic Supply Wholesale,Cook,Aaron,+44 87 2323 8649,4893 Cherry Ct,,Nice,,14954,France,1501,89200
23539,Gutierrez Services,Gutierrez,Alexander,(350) 389-1137,447 Elm Dr,,Kansas City,NH,16896,USA,1143,110300
23540,Central Craft Associates,Mendoza,Nancy,+61 5 6264 5118,2814 Lake Pl,,Seattle,ID,23245,USA,1625,113800
23541,Robinson Gifts,Robinson,Cynthia,+33 1 79 13 47 51,5806 Valley Ave,# 270,Namur,,23983,Belgium,1188,156800
23542,Morris Center,Morris,Rachel,+49 452 874931,9249 Church Ave,,San Antonio,IA,55206,USA,1504,16000
23543,Kim & Morales Group,Kim,Brandon,+33 4 37 17 64 56,8845 Walnut Pl,,Barcelona,,89284,Spain,1323,6600
23544,Taylor & Smith Corp.,Taylor,Carol,+1 (234) 289-3820,7115 Washington Circle,,Singapore,,750549,Singapore,1501,5500
23545,Capital Craft Ventures,Ramos,Katherine,+61 8 5162 1343,5939 Bay St,,Glasgow,England,CS66 7RH,UK,1619,17600
23546,Global Art Ltd.,Miller,Mary,+44 30 9793 3890,52 Creek Loop,# 423,Jacksonville,NY,52738,USA,1702,10500
23547,Heritage Sales Corp.,Green,Betty,+44 16 5386 4069,1529 Willow Rd,Floor 729,Navan,,44715,Ireland,1286,220200
23548,Young & Price Ltd.,Young,Elizabeth,+1 (668) 481-4512,2617 Chestnut Dr,,Sacramento,AZ,76847,USA,1501,3400
23549,Hernandez Boutique,Hernandez,Sarah,+34 721 858 294,5999 Creek Circle,,Wellington,,51598,New Zealand,1370,215900
23550,Nelson Gifts,Nelson,Benjamin,(297) 812-3240,7808 Maple Ln,Apt 710,Portland,AK,58230,USA,1286,24800
23551,Atlantic Export LLC,Perez,Eric,+81-75-4870-5677,2417 Garden Ct,,Adelaide,TAS,7065,Australia,,116300
23552,Martinez & Johnson Group,Martinez,Joyce,+49 310 422320,154 Oak St,Apt 308,Calgary,BC,E0K 4U4,Canada,1625,16800
23553,Martin Toys,Martin,Amy,+49 914 974808,7663 Hollow Blvd,,San Francisco,IL,44391,USA,1501,111700
23554,Brooks & Baker Associates,Brooks,Charles,+34 822 891 746,6343 Station Ln,,Liverpool,Wales,RF96 8LS,UK,1619,20200
23555,Cook Models,Cook,James,(717) 388-5323,9965 Park Way,,San Jose,IA,54011,USA,1619,126300
23556,Phillips Boutique,Phillips,Nathan,+44 46 6121 2302,3016 Oak Ct,,Strasbourg,,11475,France,,12400
23557,Horizon Art Trading,Nguyen,Mark,+49 625 678077,9122 Harbor Loop,Floor 329,Waterford,,19797,Ireland,1286,97100
23558,Nelson Gallery,Nelson,David,(958) 757-7109,194 Spring Blvd,Ste 338,San Diego,MI,97305,USA,1611,162800
23559,Smith Trading,Smith,Amanda,+1 (261) 509-9264,7622 Summit Pl,,Edinburgh,,NT73 2ZL,UK,1612,2100
23560,Carter Depot,Carter,Karen,+49 955 641309,9871 Valley Rd,Rm 512,Indianapolis,OR,12041,USA,1370,5000
23561,Green Toys,Green,Barbara,+61 4 1565 5464,3836 Walnut Blvd,,Palermo,,90503,Italy,1188,12300
23562,Mitchell Toys,Mitchell,Amy,+61 9 7729 1494,6398 Willow Ln,,Vejle,,50105,Denmark,1323,204500
23563,Patel & Reed Ltd.,Patel,Betty,+81-48-3826-2328,4162 Maple Ln,Rm 258,Hamburg,,91481,Germany,1612,49600
23564,Cooper & Gray Inc.,Cooper,Deborah,+49 158 750418,6529 Oak Blvd,,Singapore,,242360,Singapore,1165,192200
23565,King & Alvarez Services,King,Laura,+1 (483) 513-1415,4955 Lake Blvd,# 325,Liverpool,Wales,BO3 2HW,UK,1323,274200
23566,Chavez Corp.,Chavez,Angela,+81-8-5783-7432,1446 Hill Ln,,San Antonio,AR,43647,USA,1102,6400
23567,Golden Motor Partners,Cooper,Brandon,(332) 582-3082,8022 Maple Blvd,,Dallas,ND,27814,USA,1621,45500
23568,Ruiz & Jimenez Inc.,Ruiz,Jonathan,+44 54 5274 1637,8448 Summit Terr,,Madrid,,16507,Spain,1702,7500
23569,Peterson & Scott International,Peterson,Janet,+34 917 258 495,4899 Hollow Pl,,Frankfurt,,83949,Germany,1612,6700
23570,King Shop,King,Christine,(725) 755-3222,7135 Creek Dr,,Toulouse,,34146,France,1504,42900
23571,Heritage Supply Ltd.,Brooks,Eric,+49 738 544918,3653 School Ct,,Lyon,,65851,France,1619,3300
23572,Sanchez & Thomas Industries,Sanchez,Jonathan,+44 68 1810 6341,3890 Willow St,,Nashville,NJ,33354,USA,1286,1400
23573,Metro Motor Inc.,Thompson,Maria,+34 912 960 115,9710 River St,,Turku,,79288,Finland,1611,6500
23574,Carter Shop,Carter,Ashley,+61 4 6153 9413,8546 Station Blvd,,Waterford,,91945,Ireland,1102,13800
23575,Cox Depot,Cox,Jack,+1 (211) 371-9200,2574 Pine Loop,Floor 895,Atlanta,MT,52233,USA,1165,300
23576,Premier Import Exports,Carter,Michael,+49 31 115377,898 Glen Pl,,Toronto,BC,C4V 2X9,Canada,1102,4600
23577,Howard & Davis Services,Howard,Carol,+49 908 104461,3994 Station Dr,,Hamilton,MB,G8X 2W1,Canada,1612,222500
23578,Harris & Hernandez Imports,Harris,Nicole,+81-85-6722-6909,3246 Park Ave,,Phoenix,IL,66605,USA,1702,4500
23579,Horizon Import Solutions,Baker,Stephen,+33 8 39 83 37 16,3650 Park Way,# 177,Baltimore,ID,58896,USA,1619,3700
23580,Bailey Collectibles,Bailey,Brandon,+33 2 70 91 13 26,9268 Oak Ln,Unit 802,Nagoya,,586-8867,Japan,1401,274100
23581,Wood Toys,Wood,Brenda,+49 555 793490,3352 Elm Loop,Apt 383,Leeds,Scotland,YM44 1BU,UK,,4300
23582,Jackson & Ramos International,Jackson,Anthony,+33 2 53 86 94 97,5516 Sycamore Ln,Apt 925,San Jose,CA,54775,USA,1143,400
23583,Reed Toys,Reed,Tyler,+34 604 629 714,9488 Park Pl,,San Antonio,AR,83110,USA,1501,500
23584,Taylor Solutions,Taylor,Mark,+81-12-3762-7585,477 Sunset Dr,,Lille,,61818,France,1504,159000
23585,Crystal Art Partners,Torres,Frank,+1 (477) 474-7607,3952 Hollow Terr,,Leicester,England,BF28 2SY,UK,1102,58100
23586,Nelson & Davis Group,Nelson,Margaret,+34 871 976 134,891 Bay Terr,,Cologne,,97484,Germany,1286,7700
23587,Watson Store,Watson,William,+61 6 3747 5032,1204 Cedar Ct,Unit 203,Washington,CT,27999,USA,1337,97900
23588,Brooks & Roberts Trading,Brooks,Thomas,+49 881 434983,8456 School Terr,,Atlanta,CO,45246,USA,1286,23500
23589,Diaz Group,Diaz,David,(267) 528-1321,4884 Spring Way,Ste 872,Pori,,28628,Finland,1370,2100
23590,Diamond Export International,Hernandez,Joseph,+1 (305) 481-5013,7976 Cedar Ln,,Chicago,CO,51234,USA,1625,256700
23591,Kelly Wholesale,Kelly,Raymond,+1 (819) 538-5358,2317 Poplar Dr,Apt 27,Seattle,AL,46767,USA,1143,267700
23592,Stewart Gallery,Stewart,Edward,+44 21 3838 8624,3432 Park Dr,Floor 845,San Francisco,WA,39968,USA,1216,81100
23593,Foster & Myers Ventures,Foster,Christine,+81-78-4610-5569,1128 Manor Ave,,Munich,,90330,Germany,1504,187800
23594,Cook & Davis Exports,Cook,Victoria,+81-38-9722-4309,2449 Cedar Ct,Suite 273,Nijmegen,,53388,Netherlands,1702,9100
23595,Harris Exports,Harris,Rebecca,+44 26 9868 3953,1715 Ridge Ct,Suite 812,Esbjerg,,76265,Denmark,1370,295900
23596,Chavez Exports,Chavez,Matthew,+61 8 1381 2772,6965 Meadow Ct,,Palermo,,20701,Italy,1286,206000
23597,Long & Bailey Group,Long,Dorothy,+81-19-3523-5075,2772 Cedar Terr,,Dallas,VT,81720,USA,1612,22100
23598,Price Depot,Price,Karen,+81-9-4980-5612,8155 Forest Blvd,Ste 651,Leipzig,,96460,Germany,1401,146300
23599,Rogers Co.,Rogers,Jack,+49 609 905446,1779 Walnut Ave,Unit 838,London,Wales,LC57 8SA,UK,1619,20000
23600,Cruz Depot,Cruz,Mary,+61 8 5102 7776,4646 Oak Way,,Baltimore,IA,68366,USA,1323,49900
23601,Nelson Shop,Nelson,Brandon,+34 951 713 322,3520 Hickory Pl,,Seattle,NV,46885,USA,1102,209600
23602,Royal Motor Services,Foster,Victoria,+1 (538) 364-1062,7949 Park Dr,,Osaka,,928-5918,Japan,1337,7100
23603,Edwards Partners,Edwards,Joyce,+44 22 3004 5344,4863 Cherry Terr,# 24,Toulouse,,51656,France,1619,230100
23604,Gutierrez & Robinson Ventures,Gutierrez,Matthew,+33 7 18 84 38 29,3887 Spring Ct,,Quebec City,ON,K9T 3L6,Canada,1401,99300
23605,Cooper Boutique,Cooper,Aaron,+34 963 902 931,4358 Valley Ct,,Basel,,63187,Switzerland,1504,165000
23606,Cox Services,Cox,Joyce,+81-30-6083-5815,9320 Magnolia Blvd,,Leipzig,,53637,Germany,1611,17300
23607,Central Art LLC,Jimenez,George,(206) 765-9752,1083 Meadow Ave,,El Paso,VA,25633,USA,,107100
23608,Murphy & Ramos Corp.,Murphy,Betty,(865) 742-4281,9648 Station Circle,,Dunedin,,65789,New Zealand,1621,7200
23609,Urban Art Exports,Long,Nancy,+1 (258) 356-9733,9263 Walnut Way,,Washington,CT,48614,USA,1337,13800
23610,Pacific Sales Exports,Gutierrez,Justin,+44 80 3725 5874,5940 Garden Circle,,Munich,,54359,Germany,1143,32200
23611,Nguyen Partners,Nguyen,Maria,(860) 616-1383,7299 Maple Rd,,Chicago,OH,78948,USA,1401,65100
23612,National Motor Inc.,Ramos,Amy,+1 (700) 545-5569,4372 Forest Way,Floor 763,Los Angeles,AZ,87876,USA,1621,10300
23613,National Sales Imports,Turner,Mary,+44 84 6911 7494,3585 River Ave,,Baltimore,PA,96778,USA,1143,144200
23614,Anderson & Parker Industries,Anderson,Carolyn,+33 5 53 78 98 46,2276 Bay Way,Suite 778,London,Wales,CW24 6JP,UK,1625,77500
23615,Parker Shop,Parker,Catherine,+1 (647) 810-6908,9357 Manor Ave,# 895,Quebec City,ON,L4Y 7D9,Canada,1401,14900
23616,Royal Export Corp.,Morris,Angela,(710) 282-8621,9241 School Dr,,Sapporo,,131-7823,Japan,1165,1200
23617,Carter Enterprises,Carter,Sandra,+1 (734) 853-8762,750 Washington Terr,Unit 948,Long Beach,AZ,12785,USA,1216,75400
23618,Sanchez Gallery,Sanchez,Laura,+44 11 5450 9351,3002 Garden Terr,Rm 975,Denver,AR,32958,USA,1625,25700
23619,National Export Exports,Ramirez,Karen,(768) 910-6624,8379 Forest Circle,,Rotterdam,,19647,Netherlands,1702,295600
23620,Heritage Import Distribution,Williams,Debra,+44 53 1663 7800,1161 Lake Terr,,San Jose,AR,46850,USA,1625,73700
23621,Crystal Craft Services,Scott,Rachel,+1 (482) 960-2281,6710 Magnolia Ct,,Wellington,,50574,New Zealand,1621,26800
23622,Hernandez Co.,Hernandez,Jerry,+34 627 913 575,8826 Poplar Terr,,Edmonton,NS,J8Y 8B7,Canada,1401,32500
23623,Thomas Corp.,Thomas,Charles,+34 963 820 211,4411 Willow Rd,,Washington,GA,35679,USA,1501,299500
23624,Pacific Import Trading,Rogers,Elizabeth,+34 659 950 397,3690 Lake St,Suite 906,Albuquerque,VT,75219,USA,1504,133300
23625,Stewart Store,Stewart,Melissa,(929) 824-3822,3520 Park Loop,# 214,Jyväskylä,,98751,Finland,1504,237800
23626,Jones LLC,Jones,Jonathan,+81-71-6349-8051,5914 Garden Circle,,Baltimore,NH,25081,USA,1401,244600
23627,Morgan & Richardson LLC,Morgan,Dorothy,+81-28-1960-6872,5908 Walnut Dr,Floor 649,Randers,,11400,Denmark,1337,40000
23628,Jimenez Industries,Jimenez,Justin,+81-3-5731-7354,5513 Poplar Dr,# 782,Long Beach,ND,42876,USA,1619,3300
23629,Reyes & Gomez Corp.,Reyes,Amy,+49 954 578392,2401 Willow Blvd,,Edinburgh,,LB38 6HZ,UK,1323,257500
23630,Heritage Art Enterprises,Ruiz,Justin,+61 7 2499 9750,6897 Creek Rd,Apt 560,Leeds,Scotland,LD98 1RT,UK,,109800
23631,Perez & Ortiz Associates,Perez,Brian,+61 7 8575 5607,1264 Elm St,,Denver,NE,26299,USA,1166,40000
23632,Ruiz & Rogers Ventures,Ruiz,Edward,+81-44-5540-6854,6159 Church Ave,,Saitama,,861-4479,Japan,1612,207300
23633,Richardson Gallery,Richardson,Janet,+49 625 111035,5552 Glen St,,Memphis,TX,92055,USA,1166,248000
23634,Thompson Services,Thompson,Patricia,+44 66 7840 8583,452 Sycamore Ave,,Las Palmas,,72458,Spain,1165,180800
23635,Lee Models,Lee,Patricia,+34 792 948 283,8900 Walnut Circle,Floor 252,Montreal,AB,G2P 9B1,Canada,1401,11900
23636,Atlantic Import Trading,Martin,Joseph,+33 3 35 91 20 67,6693 Willow Pl,Ste 615,Wels,,91073,Austria,,80100
23637,Johnson & Gonzalez Trading,Johnson,Charles,(682) 511-9016,8476 Willow St,,Frankfurt,,98847,Germany,1216,2400
23638,Alpha Art Wholesale,Torres,Anthony,+81-43-7035-6144,5810 Station Dr,,Denver,NJ,30250,USA,1337,49500
23639,Ross Solutions,Ross,Rebecca,+33 6 88 14 73 15,8600 School St,Rm 88,Toronto,NS,U3D 2W2,Canada,1702,279100
23640,Jones Wholesale,Jones,Gary,(296) 312-2849,3182 Spring Terr,,Essen,,18866,Germany,1621,114200
23641,Cook & Morales Solutions,Cook,Samuel,+44 97 1949 9971,8575 Garden Ln,,Las Vegas,RI,89961,USA,1323,4000
23642,Gonzalez Gifts,Gonzalez,Benjamin,+61 9 6670 2184,3401 Market Terr,,Florence,,41088,Italy,1165,39400
23643,Heritage Motor Distribution,Ramos,Samuel,(861) 240-2438,4474 Lake St,,Indianapolis,CO,18121,USA,,6300
23644,Hall Shop,Hall,Jacob,+34 758 266 295,2395 Sycamore Dr,# 945,Adelaide,WA,3831,Australia,1166,6000
23645,Wright Services,Wright,Kenneth,(955) 580-3841,1268 Forest Way,,Lahti,,28129,Finland,1619,46700
23646,Cruz Services,Cruz,Scott,(864) 433-1505,3546 Maple Pl,# 70,Birmingham,,KL86 5CH,UK,1102,400
23647,Metro Sales Corp.,Allen,Aaron,+49 874 412952,6343 Park Dr,,Seattle,CA,54208,USA,1323,219000
23648,Thomas Ltd.,Thomas,Rebecca,(347) 690-3248,9452 Main Rd,,Bilbao,,48611,Spain,,280200
23649,Rogers Gifts,Rogers,Karen,+61 8 3958 8673,5727 Bay Terr,,Phoenix,NH,44334,USA,1323,28000
23650,Patel Store,Patel,Samantha,+33 8 31 16 17 46,2432 Garden Ln,,Liège,,68178,Belgium,1286,8000
23651,Gray & Cruz Solutions,Gray,Jacob,+44 39 8251 3242,1863 Bay Blvd,Apt 90,El Paso,AR,34571,USA,1166,15700
23652,Cruz Group,Cruz,Linda,+1 (680) 356-4684,2575 School Dr,,Aalborg,,14028,Denmark,1621,149400
23653,Gonzalez & James Imports,Gonzalez,Carol,+1 (246) 566-8671,7341 Cedar Ln,Rm 936,Nelson,,80628,New Zealand,1619,131700
23654,Miller & Sanchez Enterprises,Miller,Sandra,+44 38 4988 3491,5726 Forest Circle,Rm 890,Naples,,21505,Italy,1621,292000
23655,Diamond Auto Holdings,Torres,Samantha,+49 527 675281,7229 Lake Circle,Suite 229,Dortmund,,78328,Germany,1625,17300
23656,Miller & Rogers Group,Miller,Nathan,(555) 941-8576,6032 Highland Way,,Bilbao,,58356,Spain,1611,144900
23657,Wood Collectibles,Wood,Thomas,+1 (592) 648-1234,6172 Oak Way,Ste 578,Seville,,34729,Spain,1165,7500
23658,Nelson & Wilson Services,Nelson,Ashley,(787) 740-7848,9445 Ridge Ln,Apt 107,Limerick,,26799,Ireland,1286,2700
23659,Hughes Depot,Hughes,Richard,(411) 879-9505,2965 Church Dr,,Helsinki,,59595,Finland,1165,269800
23660,Reyes Ltd.,Reyes,Jacob,+44 12 8422 7518,9594 Valley Dr,,Colorado Springs,AZ,99189,USA,,120300
23661,Central Trade Partners,Peterson,Karen,+1 (211) 441-8016,8908 Hill St,,Cork,,56987,Ireland,1370,231300
23662,Collins Center,Collins,Gary,+81-44-8741-5665,5680 Willow Terr,,Seville,,19234,Spain,1611,26200
23663,Classic Parts Solutions,Stewart,George,+44 86 4534 2785,3109 Meadow Ave,,Dortmund,,30306,Germany,1143,295600
23664,Gonzalez & Morales Associates,Gonzalez,Joseph,+44 76 2330 9412,7628 River Dr,,Liverpool,,XF5 7PT,UK,1166,9600
23665,Brown & Ortiz Inc.,Brown,Jack,+33 1 31 83 67 39,4213 Harbor Way,,San Antonio,OR,27688,USA,1625,255300
23666,Sanchez & Cox Group,Sanchez,Jennifer,+1 (620) 915-9710,8640 Forest Terr,,Seville,,29860,Spain,1216,12300
23667,Thomas & Smith Solutions,Thomas,George,+49 183 187982,3084 Cedar Dr,,Liverpool,Scotland,XB90 2GY,UK,1501,19000
23668,Diamond Supply Inc.,Taylor,Mark,+33 4 61 54 45 50,6904 Chestnut Terr,,Edmonton,PE,K6Y 4M5,Canada,1216,220300
23669,Brooks & Martin Exports,Brooks,Emily,+1 (863) 633-2932,9793 Garden St,Apt 177,San Jose,PA,90866,USA,1621,48500
23670,Global Craft Trading,Ross,Rebecca,+34 881 266 595,1760 Hollow Rd,,Albuquerque,FL,42828,USA,1337,166800
23671,Wood Gallery,Wood,Michael,+49 165 393474,1192 Glen Ct,,Swords,,51361,Ireland,1165,225500
23672,Rodriguez Store,Rodriguez,Barbara,+34 621 541 862,3551 Elm Way,Rm 479,Fresno,NJ,54698,USA,1323,87000
23673,Martin & Parker Corp.,Martin,Diane,+1 (366) 770-6024,6728 Manor Pl,,El Paso,KS,63261,USA,1337,3500
23674,Sanders Boutique,Sanders,Julie,+44 22 6715 8212,3550 Sycamore Circle,,Colorado Springs,MS,77551,USA,1102,40300
23675,White & Smith Wholesale,White,Jeffrey,+33 8 49 71 84 11,3610 Ridge Rd,,Seattle,TN,48613,USA,1612,284800
23676,Central Trade Services,Clark,Heather,+33 4 53 97 21 77,4954 Magnolia St,,Birmingham,Wales,OW51 3RS,UK,1337,7100
23677,Price Store,Price,Anthony,+44 40 2833 4865,2851 Cedar Circle,,San Antonio,NJ,69878,USA,1504,59100
23678,Ross Toys,Ross,Barbara,+44 49 8509 3641,440 Ash St,Apt 899,Nashville,MD,10013,USA,1286,141900
23679,Capital Auto Distribution,Williams,Raymond,+49 432 220274,6529 Glen Terr,,Fort Worth,AR,13806,USA,1504,23500
23680,Bennett Imports,Bennett,Kelly,+1 (717) 243-5590,61 Park Circle,,Catania,,70542,Italy,,108100
23681,Heritage Craft Wholesale,Gutierrez,Melissa,+44 70 3682 6358,3031 Cedar Circle,,Las Vegas,NC,19030,USA,1621,57300
23682,Hall Gifts,Hall,Stephanie,+34 735 740 234,8813 School Ave,Apt 578,Hamilton,,32753,New Zealand,1401,28700
23683,Price Depot,Price,Matthew,+49 533 174878,8966 Sycamore Ct,# 597,Milwaukee,ND,18118,USA,,259900
23684,Cooper Gifts,Cooper,Robert,+49 845 767235,7489 Manor Terr,,Naples,,75197,Italy,1166,124300
23685,Metro Import Services,Smith,Christine,+33 6 64 42 26 39,8088 Oak Rd,Ste 377,Leipzig,,52485,Germany,1143,8300
23686,Diamond Trade Inc.,Young,Sharon,(370) 490-1579,8800 Ridge Dr,,Hamilton,NB,L9T 6A7,Canada,1286,292000
23687,Heritage Parts Exports,Long,Frank,+49 77 922166,856 Manor Loop,# 641,Barcelona,,62126,Spain,,252500
23688,Richardson Gallery,Richardson,James,(282) 516-7073,4567 Willow Dr,Apt 922,Nantes,,27397,France,1102,71300
23689,Scott Co.,Scott,Karen,+49 563 933874,7097 Meadow Way,,El Paso,RI,83317,USA,1621,39400
23690,Hill Gallery,Hill,Lisa,+44 51 6422 6390,6755 River Circle,,Perth,QLD,4671,Australia,1143,139300
23691,Johnson Partners,Johnson,Michael,(268) 972-2767,1568 Sycamore Terr,Apt 36,Frankfurt,,71188,Germany,1625,6900
23692,Patel Gallery,Patel,Melissa,+34 604 857 862,85 Highland Terr,,Raleigh,VA,86517,USA,,43900
23693,Nelson Models,Nelson,Mary,+1 (651) 746-9858,2723 Station Rd,,Melbourne,ACT,6714,Australia,1188,193400
23694,Gonzalez & Hughes Co.,Gonzalez,Melissa,+1 (796) 783-1224,6664 Station Loop,,Amsterdam,,82129,Netherlands,1401,50400
23695,Urban Trade International,Ramirez,Stephanie,+44 71 9636 3970,2534 Bay St,Suite 127,Charlotte,MO,22698,USA,1370,92600
23696,Phillips & Ruiz International,Phillips,Frank,(233) 258-7576,7530 Chestnut Ln,Ste 601,Las Palmas,,81264,Spain,1165,6000
23697,Robinson Depot,Robinson,Charles,+1 (286) 680-1766,8973 Sunset Circle,Rm 819,Örebro,,10882,Sweden,1286,4000
23698,Brown & Jackson Services,Brown,Timothy,+61 8 9294 9439,3189 Highland Ct,,Jacksonville,KY,44177,USA,1621,98100
23699,Crystal Motor International,Moore,Jeffrey,+44 18 6519 6473,9261 Creek Pl,,Logan City,ACT,9478,Australia,1102,15200
23700,Harris & Ramos Ltd.,Harris,Lisa,+44 79 4052 4976,505 Lake Pl,,Leicester,,EU88 8WP,UK,1621,118800
23701,Hughes Corp.,Hughes,Brandon,+34 753 697 486,5696 Sunset Dr,,Baltimore,SD,55900,USA,1612,112900
23702,Hill & James Ventures,Hill,Susan,+61 5 5125 8490,8021 River Rd,,Portland,DE,95088,USA,1370,43600
23703,Golden Import Trading,Ramirez,Andrew,+34 715 817 114,1255 Elm Ln,Unit 734,Düsseldorf,,74829,Germany,,151700
23704,Watson Collectibles,Watson,Michael,+1 (995) 540-9158,2788 Manor Dr,,London,England,YI18 8KL,UK,1621,39700
23705,Kim & Cooper Industries,Kim,Dorothy,+44 54 1942 5282,9858 Elm Rd,,Ottawa,NB,C5V 6P9,Canada,1337,5000
23706,Morales Ltd.,Morales,Diane,+44 85 9482 8500,7125 Elm Dr,Suite 823,Sheffield,Scotland,XA54 1NV,UK,,198400
23707,Long & Torres Services,Long,Janet,+33 1 84 14 65 93,6436 Forest Dr,,Yokohama,,688-3232,Japan,1323,5200
23708,Wright Gifts,Wright,Aaron,+81-14-8158-2323,6830 Chestnut Ln,# 680,Kansas City,CO,82541,USA,1216,11700
23709,Brown & Myers Inc.,Brown,Victoria,+81-78-7275-6782,5542 Ridge Ct,,Manchester,,GX55 4UM,UK,1621,33700
23710,Green Trading,Green,Katherine,+44 96 9246 6845,7372 Maple Ave,,Oklahoma City,WV,59926,USA,1702,57200
23711,Ramos Industries,Ramos,Kenneth,+34 712 758 789,298 Market Blvd,,Louisville,ND,59716,USA,1216,5700
23712,Richardson & King Industries,Richardson,Nicholas,+49 190 181072,137 Hickory Ave,,Catania,,17744,Italy,1143,22100
23713,Heritage Export Trading,Stewart,James,+34 932 396 682,4376 Main Ave,# 980,Groningen,,34601,Netherlands,1611,87300
23714,Lee Trading,Lee,Benjamin,+33 3 55 23 58 49,4831 Ridge Rd,,Leuven,,68142,Belgium,1621,3100
23715,Rogers Toys,Rogers,Rachel,+1 (610) 645-7705,5436 Willow Ct,,Catania,,75567,Italy,1323,1500
23716,Peterson Store,Peterson,Jason,+81-47-8149-8700,125 Cedar Terr,,Indianapolis,AR,96408,USA,1188,265900
23717,Urban Trade Trading,Moore,Carolyn,+81-80-1379-9383,6881 Oak Blvd,,Charlotte,TN,40310,USA,1401,229700
23718,Classic Import Solutions,Ramos,Melissa,+81-22-1787-7977,6065 Highland Ln,,Odense,,75731,Denmark,1702,239600
23719,Ortiz LLC,Ortiz,Karen,+34 963 978 227,9533 Garden Way,,Wels,,62534,Austria,1286,51900
23720,Edwards Store,Edwards,Carol,(444) 676-3259,555 Oak Blvd,,Newcastle,NT,1799,Australia,1621,147700
23721,Richardson & Mitchell Corp.,Richardson,Jacob,+1 (610) 493-4447,1976 Hickory Terr,,Houston,ID,21082,USA,1702,93900
23722,James Gallery,James,Ryan,+44 72 4866 7183,720 Market St,Ste 778,Naples,,97339,Italy,1504,6600
23723,Ross Store,Ross,Patrick,+33 9 17 26 81 35,6464 Sycamore Rd,,Los Angeles,ND,61976,USA,1504,104400
23724,Long Center,Long,Jacob,+34 915 791 708,413 Bay Ln,Ste 870,Fort Worth,AK,93078,USA,1165,8900
23725,Wilson Co.,Wilson,Robert,+61 3 3348 8258,5698 River Ct,,Milwaukee,IL,56066,USA,1619,24800
23726,Gray Store,Gray,Brandon,+49 506 437011,7268 Willow St,,Leicester,Wales,DL97 7PS,UK,1165,33100
23727,Wood Imports,Wood,Deborah,+44 18 4376 8952,7810 Elm St,,Hamburg,,74402,Germany,1501,252700
23728,Collins & Ortiz Wholesale,Collins,Barbara,+44 45 7395 9956,7972 Poplar Way,,Nice,,80035,France,1370,31400
23729,Brooks Gifts,Brooks,Gary,(957) 343-2720,5868 Hickory St,Apt 416,Dallas,OH,21300,USA,1612,71200
23730,Heritage Art Ltd.,Lee,Gregory,(322) 918-6346,8467 Elm Loop,,New York,NC,88475,USA,1504,15700
23731,Alvarez Store,Alvarez,Michael,(419) 924-9172,8010 Park Blvd,Ste 562,Rotterdam,,61797,Netherlands,1504,29300
23732,Murphy & Flores Enterprises,Murphy,Betty,+81-33-8648-2647,2076 Sunset Loop,,Montpellier,,54101,France,1102,288100
23733,Baker Models,Baker,Joyce,+61 5 6742 4440,5472 Hill Rd,,Madrid,,79762,Spain,1102,7500
23734,Carter & Nguyen International,Carter,Susan,+34 748 220 320,4351 Cherry Dr,,Palmerston North,,77236,New Zealand,1323,286700
23735,Castillo Depot,Castillo,Lisa,+1 (294) 248-4679,816 Pine Blvd,Floor 123,Turin,,68047,Italy,1401,86800
23736,Urban Supply Group,Chavez,Cynthia,+49 183 543064,9887 Ridge Way,,Düsseldorf,,97431,Germany,1166,26100
23737,Diaz Store,Diaz,Robert,+33 4 81 34 64 43,8713 Ridge Pl,,Columbus,VT,73977,USA,1625,22500
23738,King Services,King,George,+44 90 8097 9275,8499 Birch Loop,Ste 758,Nice,,83827,France,,1500
23739,Martin International,Martin,Jacob,+61 4 2049 3331,3884 Hill Loop,Unit 888,Groningen,,59298,Netherlands,1611,100100
23740,Miller Gifts,Miller,Catherine,+1 (801) 593-4938,2526 School Way,,Fort Worth,CT,96940,USA,1611,91600
23741,Horizon Auto Ltd.,Bennett,Rachel,+34 734 840 903,7729 Cherry Ln,Rm 588,Helsingborg,,31758,Sweden,1323,134200
23742,Global Trade Distribution,Phillips,Jonathan,(228) 655-7831,1329 River Terr,Suite 190,Ghent,,12195,Belgium,1611,2400
23743,Kim & White Wholesale,Kim,Mary,+1 (983) 332-9193,5819 Lake Pl,Apt 763,Milan,,33195,Italy,1143,48900
23744,Green Depot,Green,Carol,+61 8 1025 1935,6347 Sunset Loop,Apt 855,Florence,,90849,Italy,1143,36600
23745,Pacific Export Services,Gonzalez,Tyler,(629) 527-1768,5186 Birch St,,Columbus,WV,36405,USA,1501,27700
23746,Hall & Edwards LLC,Hall,Richard,+81-84-8657-7842,4523 Main Loop,Ste 949,San Jose,VT,73414,USA,1216,285500
23747,Martin & Hill Imports,Martin,Justin,+34 807 198 797,5674 Poplar Pl,,Manchester,Scotland,DX86 4VE,UK,1165,44900
23748,Wilson & Ross Ltd.,Wilson,Ronald,(471) 905-9561,9810 Hill Pl,,Dallas,IN,70563,USA,1102,101300
23749,King Gallery,King,Cynthia,+33 4 54 95 19 20,4747 Oak Rd,Unit 192,Yokohama,,771-3084,Japan,1323,124400
23750,Reed & Lewis Trading,Reed,Melissa,+34 616 169 993,2811 Elm Ave,Rm 260,Charlotte,VA,38010,USA,1625,284500
23751,Hernandez Co.,Hernandez,Samantha,+44 38 1753 2244,6129 Market Way,,Toronto,NB,X6E 3S8,Canada,1370,23700
23752,Taylor Services,Taylor,Dennis,+49 555 266475,7405 Highland Terr,,Lyon,,67323,France,,5200
23753,Young International,Young,Rebecca,+33 7 47 85 92 40,1048 Birch Ct,,Edinburgh,Scotland,YF68 3HH,UK,1188,52500
23754,Baker Center,Baker,Nathan,+81-51-1873-7381,772 Garden Way,,Fresno,TN,81717,USA,1611,111300
23755,Clark Toys,Clark,Rebecca,+34 892 456 648,1247 Maple Circle,,Long Beach,OK,45281,USA,1625,205500
23756,Diaz & Harris Distribution,Diaz,Joshua,+81-27-3463-6657,6092 Birch Pl,Ste 293,El Paso,WY,52353,USA,1165,13200
23757,Campbell Models,Campbell,Cynthia,+81-19-5980-2480,4556 Meadow Circle,,Sydney,SA,4010,Australia,1337,107600
23758,Robinson Collectibles,Robinson,Stephen,(309) 759-2998,1838 Cherry Blvd,,Las Palmas,,36489,Spain,1286,277600
23759,Urban Auto Services,Young,Jason,+33 1 90 84 89 20,2693 Ash Ct,,Hamilton,PE,F4S 9E2,Canada,1370,37200
23760,Gray Wholesale,Gray,Dennis,+1 (565) 581-1823,7853 Walnut Circle,,Washington,IA,31247,USA,,230300
23761,Stewart Shop,Stewart,Frank,(846) 891-6843,5826 Hollow Rd,Suite 57,Kitchener,ON,L3J 9X7,Canada,1501,289700
23762,Rodriguez Center,Rodriguez,Daniel,+34 638 516 177,6307 Meadow Dr,,New York,CT,78087,USA,1401,34000
23763,Silver Supply Trading,Kelly,Sarah,+33 5 22 67 56 73,7060 Elm Rd,Unit 533,Montpellier,,32553,France,1166,85500
23764,Scott Boutique,Scott,Andrew,+33 9 28 35 79 88,7618 Forest Ct,Unit 138,Winterthur,,22148,Switzerland,1166,32100
23765,Hughes & Ortiz Exports,Hughes,Edward,+61 3 9717 2043,4588 Sunset Ct,,San Jose,SD,51259,USA,1323,137700
23766,Roberts & Morris Solutions,Roberts,Benjamin,+33 4 73 56 95 91,9650 Hill Blvd,Floor 880,Manchester,Wales,RR53 4KV,UK,1621,87900
23767,National Export Services,Ward,Catherine,+49 672 836163,891 Ash Loop,,Munich,,48144,Germany,1165,193000
23768,Watson & Lopez Holdings,Watson,Steven,+44 22 8449 5115,9863 River Pl,,Bologna,,50454,Italy,1621,295000
23769,Kelly & Patel Co.,Kelly,Nathan,+1 (274) 213-3252,1099 Willow Ct,Rm 32,San Diego,OR,61282,USA,1504,4700
23770,King Store,King,Kenneth,+44 43 9069 2781,4401 Manor Ave,,Fresno,MS,13753,USA,1216,241900
23771,Garcia Store,Garcia,Carol,+34 794 845 684,6643 Park Ave,,Rotterdam,,50259,Netherlands,1323,13200
23772,Collins & Reed International,Collins,Nicole,+61 2 5285 8454,7873 Bay Ave,# 277,Columbus,WV,63696,USA,1216,21500
23773,Walker Inc.,Walker,Diane,(843) 257-8080,3433 Ridge Loop,Rm 696,Geneva,,96422,Switzerland,1165,76000
23774,Smith Center,Smith,Joseph,+61 9 1124 3734,7436 River Ln,,Vancouver,AB,M9L 5D0,Canada,1401,5600
23775,Taylor & Gutierrez Ventures,Taylor,Timothy,+1 (928) 976-9392,2851 Magnolia St,Suite 662,Logan City,QLD,5601,Australia,1286,144300
23776,Reed & Rogers Imports,Reed,Joshua,+81-52-8441-3457,2251 Poplar Ave,,Wollongong,TAS,9908,Australia,1702,1100
23777,Hall Distribution,Hall,Ashley,+33 3 92 91 79 31,7826 Chestnut Ave,,Groningen,,93495,Netherlands,1504,900
23778,Gonzalez Wholesale,Gonzalez,Jerry,+81-54-6509-6597,6442 School St,Suite 398,Fort Worth,WA,79171,USA,1621,32200
23779,Alpha Auto Inc.,Hernandez,Samantha,+81-3-3105-3463,2261 Lake Ln,,Strasbourg,,41725,France,1188,2400
23780,Royal Motor Corp.,Allen,Julie,+44 29 1187 6921,6359 Glen Terr,,Atlanta,OK,97846,USA,1612,33400
23781,Thomas & Smith Holdings,Thomas,Joyce,+81-67-1514-9839,4897 Cedar Blvd,,Quebec City,AB,E9S 2V1,Canada,1165,127500
23782,Gomez Shop,Gomez,John,+34 613 442 581,763 Birch Terr,Rm 673,Randers,,47121,Denmark,1611,174900
23783,Perez & Green Services,Perez,Gregory,+81-70-5698-5615,5341 Glen Pl,# 70,Basel,,92713,Switzerland,1323,23000
23784,Campbell Gifts,Campbell,James,+34 657 282 592,4587 Maple Blvd,,Aarhus,,85602,Denmark,1625,158600
23785,Garcia & Myers Distribution,Garcia,Deborah,+61 9 6503 6954,2757 Hollow Blvd,,San Diego,UT,90170,USA,1166,40000
23786,Garcia & Thompson Holdings,Garcia,Benjamin,(282) 612-1475,8861 School Ave,,New York,OK,47950,USA,,7400
23787,Scott & Williams Corp.,Scott,Brandon,+61 5 2677 9184,8361 Highland Blvd,Unit 312,Bordeaux,,19286,France,1702,137700
23788,Lopez & Johnson Ltd.,Lopez,Katherine,+61 6 5948 4087,1867 Hollow Ave,,Sacramento,MD,50090,USA,1625,31400
23789,Central Art Enterprises,Walker,Karen,+1 (541) 735-6311,1986 Sunset Blvd,,Quebec City,BC,P9W 5D9,Canada,1188,8500
23790,Long Shop,Long,Daniel,(506) 940-8619,6682 Chestnut Dr,,Brisbane,WA,4133,Australia,1166,170500
23791,Morgan & Thomas LLC,Morgan,Samantha,+61 4 6862 7747,3458 Cherry St,,Albuquerque,WA,40442,USA,1619,39900
23792,Pacific Motor Services,Phillips,George,+49 37 319131,4509 Church Ln,,Stuttgart,,41756,Germany,1702,16400
23793,Ortiz Center,Ortiz,Linda,+61 8 5922 9519,7016 Glen Dr,,Hamilton,ON,J1Y 8P5,Canada,1501,49600
23794,Baker & White Co.,Baker,Robert,+1 (909) 930-3123,3203 Ridge St,,Rotorua,,60202,New Zealand,,9500
23795,Golden Motor Wholesale,Reed,Kenneth,+1 (307) 885-1529,3750 Valley Pl,,Wellington,,53148,New Zealand,1323,58300
23796,Crystal Export Trading,Morris,Christine,+44 52 1357 4678,6601 Forest Blvd,,Sapporo,,753-4559,Japan,1166,8600
23797,Patel & Price Corp.,Patel,Raymond,+49 796 900725,1329 Elm Rd,Floor 214,Memphis,MS,72465,USA,1612,207000
23798,Flores & Carter Group,Flores,Tyler,(770) 434-8379,1847 Pine Rd,Suite 762,Tucson,CT,98200,USA,1166,40700
23799,Sanchez Imports,Sanchez,Stephanie,+81-31-8135-8003,4060 Manor Ct,Ste 849,Berlin,,33783,Germany,1504,152600
23800,Sanchez & Taylor Corp.,Sanchez,Kevin,+44 42 2257 7602,5062 Main Blvd,,Biel,,72089,Switzerland,,2500
23801,Martinez Group,Martinez,Angela,(369) 899-1146,989 Spring Ln,,Stockholm,,55803,Sweden,1625,46900
23802,Nelson & Ruiz Partners,Nelson,Samantha,+61 6 5348 9551,151 Magnolia Loop,,Winnipeg,SK,J5L 2C8,Canada,1370,50600
23803,Gomez Distribution,Gomez,Robert,+1 (377) 468-3539,6792 Elm Terr,,Toronto,NL,V8K 5F7,Canada,,10500
23804,Adams Industries,Adams,Margaret,+33 2 80 56 85 31,5739 Highland Terr,,Frankfurt,,81326,Germany,,287000
23805,Edwards Gifts,Edwards,Heather,+1 (752) 258-7336,5951 Garden Ave,,Charlotte,OK,58974,USA,1188,277400
23806,Horizon Import Corp.,Thompson,Timothy,+44 49 6294 6938,4574 Cherry Terr,,Fresno,NC,31297,USA,1188,4100
23807,Perez Center,Perez,Nicole,+34 635 633 636,613 Birch Loop,,Long Beach,AL,75493,USA,1143,174700
23808,Campbell Toys,Campbell,Anthony,+33 5 88 62 69 17,1530 Ridge Ln,,Fredrikstad,,87386,Norway,1504,6600
23809,Martin Co.,Martin,Maria,+61 4 1255 7809,3829 Cherry Circle,,Mesa,AZ,21345,USA,1188,5000
23810,Morgan Group,Morgan,Alexander,+44 94 3293 8765,2888 Cedar Ct,Unit 495,Mons,,68361,Belgium,1370,32900
23811,Premier Art Distribution,Edwards,Joyce,+34 882 588 254,5688 Hickory Dr,,Vancouver,PE,R0J 8L9,Canada,,268300
23812,Castillo Depot,Castillo,Barbara,+34 802 271 706,4342 Park Ave,,Mons,,55077,Belgium,1370,2600
23813,Morris Inc.,Morris,Joseph,(980) 998-6878,4025 Main Terr,,Milwaukee,NV,94647,USA,1401,7300
23814,Clark Boutique,Clark,Raymond,+49 179 74227,6712 Walnut Way,,Florence,,48005,Italy,1702,5300
23815,Sanchez Wholesale,Sanchez,Amy,+1 (845) 292-7492,2669 Pine St,Suite 603,Innsbruck,,45142,Austria,1370,22300
23816,Adams & Nguyen Inc.,Adams,Eric,(898) 407-6474,9202 Chestnut Circle,Rm 992,Nantes,,82742,France,,126800
23817,White Exports,White,Jennifer,+33 7 84 73 67 85,2105 School Dr,,Florence,,17591,Italy,1165,17000
23818,Bailey Center,Bailey,Mary,+61 7 3774 6850,1030 Birch Loop,Suite 273,Austin,SD,57659,USA,1188,3000
23819,Green & Lewis Services,Green,Emma,(351) 565-5090,5182 Valley Rd,Unit 854,Fresno,WI,67537,USA,1612,31900
23820,Alpha Parts Holdings,Wright,Jessica,+1 (837) 720-6093,4523 Main Way,Suite 385,Toronto,NB,S0T 3W5,Canada,1619,20100
23821,Cooper Collectibles,Cooper,Betty,+49 89 520200,1435 Hill Pl,Suite 978,Fukuoka,,819-7129,Japan,1337,4900
23822,Flores & Harris Partners,Flores,Daniel,+1 (378) 570-4900,31 Creek Loop,,Bergen,,62752,Norway,,38700
23823,Roberts & Patel Wholesale,Roberts,Linda,+61 5 9606 8238,1086 Washington Ct,Ste 858,Adelaide,NT,7945,Australia,1337,217600
23824,Robinson Group,Robinson,Anthony,+33 8 60 31 33 46,6236 Oak Pl,Floor 633,Fresno,UT,59151,USA,1165,9100
23825,Green Exports,Green,Charles,+33 6 10 33 11 65,7198 Forest Loop,,Málaga,,34652,Spain,1401,8100
23826,Crystal Art Partners,Wilson,Shirley,+81-42-9952-8744,1310 Bay Terr,,Murcia,,71523,Spain,1401,48200
23827,Diamond Supply Exports,Martin,Nathan,+49 448 603402,2223 Summit Terr,Apt 918,Amsterdam,,94572,Netherlands,,230200
23828,Hernandez Gallery,Hernandez,Mary,+33 4 30 92 17 64,9165 Birch Loop,,London,England,DW29 1VF,UK,1625,81500
23829,Morris Enterprises,Morris,Frank,+44 26 5584 9110,6728 Hickory Ave,,Valencia,,76982,Spain,1619,49900
23830,Harris & Jackson Group,Harris,Jason,+34 974 666 108,5723 Cedar Ct,,Lahti,,17561,Finland,1216,159700
23831,Gutierrez Center,Gutierrez,Brenda,+81-56-8611-1994,2349 Ridge Pl,,Nantes,,40919,France,1165,119100
23832,Moore & Perez Ltd.,Moore,Timothy,+61 5 4292 1424,1688 Sycamore Ln,Rm 407,Albuquerque,UT,20334,USA,1337,35900
23833,Silver Import Wholesale,Stewart,Steven,+34 849 141 116,5474 Church Ave,,Ottawa,MB,F7Y 7D8,Canada,1143,5600
23834,Cruz Models,Cruz,Stephanie,+44 56 4100 9769,5192 Poplar Ct,Apt 167,Portland,ME,17294,USA,1337,49100
23835,Miller Group,Miller,Sandra,+44 43 9500 8541,9069 Forest Way,,Memphis,NC,19997,USA,1621,231500
23836,Watson LLC,Watson,Steven,+1 (905) 998-5357,2537 Meadow St,,Zaragoza,,41690,Spain,1504,1000
23837,Robinson Center,Robinson,David,+81-43-5141-9762,1126 Hollow Rd,Apt 681,Odense,,46801,Denmark,1323,8500
23838,Pacific Export Wholesale,Sanchez,Christine,+61 5 5331 9405,6505 Valley Blvd,,Jacksonville,NV,98229,USA,1370,201500
23839,Watson Gifts,Watson,Laura,+34 939 998 367,6990 Bay Blvd,,San Francisco,ND,67315,USA,1611,141200
23840,Myers Store,Myers,Anthony,+61 3 1989 8222,2269 Park St,Floor 234,Cologne,,64099,Germany,1621,102700
23841,Smith Store,Smith,Benjamin,(864) 479-3297,4250 Station Ln,,Phoenix,KY,73156,USA,1188,55300
23842,Ruiz Boutique,Ruiz,Christine,+81-5-7418-8027,7036 Walnut Pl,Floor 497,Philadelphia,NH,17342,USA,1401,39900
23843,Walker Distribution,Walker,Timothy,+34 953 107 375,577 Oak Ln,Suite 387,Charlotte,TN,91338,USA,1143,94000
23844,Alvarez Collectibles,Alvarez,Sharon,+34 869 667 964,736 Garden Rd,,Murcia,,43124,Spain,1619,4300
23845,Ross Boutique,Ross,Jerry,+34 940 460 652,781 Glen Ct,,Dortmund,,76087,Germany,1216,171700
23846,Martin Gallery,Martin,Kevin,+81-18-2866-4353,3561 Chestnut Pl,,Leipzig,,95085,Germany,1504,3200
23847,Silver Craft LLC,White,Raymond,+34 945 252 873,8118 Cherry Way,,Las Palmas,,19393,Spain,1501,9700
23848,Gray & Rivera Enterprises,Gray,James,+1 (226) 780-8093,5366 Lake Ln,,San Francisco,SC,90580,USA,1188,229700
23849,Martinez Shop,Martinez,Janet,+61 2 2496 1535,3687 Hollow Dr,,Málaga,,91203,Spain,1702,239600
23850,Cox & Hill Industries,Cox,Jessica,+44 33 5852 8563,2567 Valley Rd,,Nelson,,90967,New Zealand,1143,11500
23851,Alpha Craft Imports,Torres,George,+81-72-7492-2145,9973 Oak Blvd,Apt 535,Yokohama,,737-7709,Japan,1611,48800
23852,Richardson Boutique,Richardson,Patrick,+1 (487) 361-5701,2364 Chestnut Circle,,Fresno,UT,23116,USA,1102,8300
23853,Hill & Clark Exports,Hill,Donna,(949) 431-1769,9678 Maple Way,Ste 976,Raleigh,AR,14373,USA,1216,287000
23854,Scott Shop,Scott,Joseph,(831) 936-2223,1700 Manor Rd,,Berlin,,16470,Germany,1286,243300
23855,Golden Motor Enterprises,Martinez,Ashley,+61 6 4676 9327,3121 Ridge Ave,,Osaka,,207-1144,Japan,1286,174400
23856,Watson Gifts,Watson,Kathleen,+33 6 26 99 95 31,7102 Forest Ln,,Atlanta,MO,31415,USA,1370,222700
23857,Garcia Boutique,Garcia,Jerry,+61 6 5655 6531,9392 River Circle,,Napier,,92374,New Zealand,1619,50000
23858,Capital Craft Exports,Peterson,Donald,+44 71 1680 7850,5177 Ash Rd,,Paris,,17414,France,1504,400
23859,Heritage Auto Corp.,Martin,Cynthia,+81-40-7341-1379,2597 Cedar Loop,,Rome,,78103,Italy,,244500
23860,Morgan Collectibles,Morgan,Gary,(868) 723-8047,132 Meadow Dr,,Fukuoka,,938-9569,Japan,,50500
23861,Price Exports,Price,Anthony,+44 69 4681 9725,8396 Cedar Blvd,,Berlin,,71202,Germany,1102,103500
23862,Flores Shop,Flores,Ryan,+33 8 80 49 86 75,1178 Maple Loop,,Sydney,SA,6561,Australia,1370,600
23863,Wood Associates,Wood,Sharon,+61 2 2663 9727,8843 Meadow Dr,,Fresno,NM,76833,USA,1143,38600
23864,Foster & Diaz Associates,Foster,Jennifer,+1 (961) 885-8334,578 Church Terr,,Kansas City,NM,85005,USA,1619,4900
23865,Urban Trade Inc.,Cruz,Melissa,+33 3 35 78 25 61,9923 Garden Blvd,# 822,San Antonio,NE,86692,USA,1323,37600
23866,Brooks & Gutierrez Trading,Brooks,Christopher,+61 4 5896 8360,5419 Forest Dr,,Kolding,,48408,Denmark,1619,189300
23867,Wilson & Gutierrez Associates,Wilson,Laura,+49 857 854787,9998 Market Ave,# 338,Dallas,IL,23434,USA,,6400
23868,Jimenez Store,Jimenez,Donna,+33 6 58 96 90 41,154 Garden Ave,,Dublin,,91252,Ireland,1625,9900
23869,Johnson & Foster Trading,Johnson,Kevin,+61 9 9253 9594,6711 Forest Ln,Rm 993,Hamilton,NS,X1X 1K1,Canada,1216,278600
23870,Capital Export Wholesale,Hall,Donald,+33 5 44 73 68 82,7853 Pine Way,,Gold Coast,ACT,7321,Australia,1501,62800
23871,Young Trading,Young,Melissa,+34 650 317 177,859 Walnut Rd,,Turin,,71166,Italy,1216,235200
23872,Taylor & Mendoza Imports,Taylor,Raymond,+34 970 161 899,6076 Maple Rd,,Perth,NSW,8240,Australia,1501,4400
23873,Brown Co.,Brown,Michelle,+61 3 7577 5370,7911 Pine Terr,,Ottawa,NL,M9H 1U5,Canada,1216,137200
23874,Ward Shop,Ward,Betty,+34 733 666 886,8427 Sycamore Loop,,Philadelphia,WV,12832,USA,1323,69100
23875,Sanders Solutions,Sanders,Jose,(723) 643-8779,5471 Washington Terr,Floor 456,Biel,,95733,Switzerland,1188,39800
23876,Atlantic Supply Ltd.,White,Samantha,+34 652 309 753,1365 Glen Rd,,Denver,TX,15400,USA,1612,148200
23877,Baker Wholesale,Baker,Emma,+33 8 91 81 58 50,9053 Birch Loop,,Dunedin,,45429,New Zealand,1165,47500
23878,Sunrise Auto Industries,Collins,Debra,+34 834 749 793,1486 Glen Dr,,Málaga,,69179,Spain,1143,40400
23879,Morgan Ventures,Morgan,James,+33 3 52 74 72 80,2769 Chestnut Way,Unit 321,Raleigh,IL,76258,USA,,5300
23880,Allen Gallery,Allen,Dorothy,+49 376 606089,6232 Garden Terr,,Baltimore,WY,24541,USA,1286,2100
23881,Elite Motor Wholesale,Rivera,Debra,+34 661 932 848,6962 Washington Ave,,Liverpool,Scotland,XI62 7ES,UK,1188,46500
23882,Sanders & Price Corp.,Sanders,Jason,+81-73-1195-6350,6081 Manor Ct,Ste 960,Sapporo,,174-7241,Japan,1370,62500
23883,Kim & Clark Solutions,Kim,Jason,+34 792 957 610,1073 Hill Rd,,Seville,,42295,Spain,,7300
23884,National Craft Industries,Cook,Christine,+61 6 4194 3715,2153 River Circle,Unit 583,Birmingham,Wales,WT49 9DG,UK,1504,71400
23885,Bennett Associates,Bennett,Eric,+33 5 17 46 99 62,5415 Spring Ct,,Oklahoma City,NC,87675,USA,,21500
23886,Ortiz & Robinson Group,Ortiz,Rachel,+44 92 8964 2606,8984 Garden Way,Suite 366,Bordeaux,,15084,France,1625,2200
23887,Evans Collectibles,Evans,Carol,+34 918 522 987,802 Cedar Rd,,Liverpool,,TP70 6ZL,UK,1166,242400
23888,Chavez & Reed Partners,Chavez,Timothy,+44 25 6721 7483,7367 Washington Ct,,Edinburgh,England,SE70 2AQ,UK,1625,173500
23889,Premier Trade Solutions,Wilson,Jacob,+1 (298) 733-4773,8071 Hollow Way,Rm 397,Marseille,,98502,France,1323,168600
23890,Morris Ltd.,Morris,Jonathan,+61 9 6387 7021,9143 Main Rd,,New York,NE,57121,USA,1286,1800
23891,Collins Ventures,Collins,Amanda,+49 981 711260,9946 Magnolia Rd,Suite 474,Logan City,NSW,8511,Australia,,9200
23892,Diamond Parts Holdings,Johnson,Jennifer,+34 938 635 364,3634 Hill Circle,Suite 992,Indianapolis,VA,53468,USA,1625,3400
23893,Campbell Gifts,Campbell,Gary,+81-26-2742-9068,3372 Ridge Loop,# 673,Gothenburg,,96528,Sweden,1323,34200
23894,Taylor Boutique,Taylor,Frank,+81-70-7579-6831,1559 Meadow Ln,Ste 66,Zaragoza,,29218,Spain,1323,53700
23895,Edwards Inc.,Edwards,Barbara,+1 (741) 311-7699,9192 Manor Blvd,Rm 861,Montreal,PE,T9J 7M7,Canada,1216,211400
23896,Diaz Industries,Diaz,Alexander,+1 (643) 319-7143,9825 Chestnut Ct,Rm 462,Rome,,88897,Italy,1165,17500
23897,Rogers International,Rogers,Laura,+81-44-3327-6930,315 Poplar Loop,,Frankfurt,,18499,Germany,1370,38800
23898,Heritage Auto Industries,King,Catherine,+34 915 825 636,192 Church Ct,,Cologne,,45734,Germany,1625,281400
23899,Royal Auto Distribution,Rodriguez,Betty,+44 79 2356 7463,9670 Magnolia Blvd,Rm 430,Gold Coast,NSW,3155,Australia,1370,242900
23900,Scott Inc.,Scott,Heather,+49 985 658386,2196 Cherry Dr,,Rome,,19457,Italy,,600
23901,Morales Distribution,Morales,Frank,+61 6 1998 7264,9999 Manor Ln,Unit 318,London,Wales,GP64 9KC,UK,1216,107700
23902,Davis & Jackson Solutions,Davis,Pamela,+1 (301) 989-7009,9161 Park Terr,Suite 20,Lugano,,49154,Switzerland,1612,109700
23903,Cook & Thompson LLC,Cook,Emma,+61 7 3757 4835,9745 Valley Way,,Mechelen,,85666,Belgium,1323,108600
23904,Green Depot,Green,Barbara,+44 88 4384 2224,6405 Lake Loop,Ste 533,Glasgow,,WB25 9PE,UK,1621,95000
23905,Kim & Jackson International,Kim,Deborah,+44 56 3451 3075,4638 Harbor Terr,,Osaka,,487-1803,Japan,1501,2300
23906,Elite Parts Trading,Walker,Samuel,+34 921 915 280,1613 Hill Rd,Floor 495,Bern,,68005,Switzerland,1370,1800
23907,Metro Auto Trading,Moore,Frank,+61 4 3585 1647,4947 Hill Rd,,Liège,,95523,Belgium,1188,11700
23908,Classic Parts Exports,Morgan,Diane,+49 833 369198,6961 River Ln,,Munich,,93654,Germany,1501,63900
23909,Sunrise Art International,Nguyen,Elizabeth,+49 318 62860,6539 Oak Blvd,,Düsseldorf,,74666,Germany,1625,800
23910,Ortiz Solutions,Ortiz,Paul,+49 334 90773,8064 Magnolia Pl,,Antwerp,,23782,Belgium,1619,11900
23911,Sanders Exports,Sanders,Ronald,+61 6 3310 3604,8354 Garden Ct,,El Paso,ID,84290,USA,1612,2400
23912,Reyes & Murphy Associates,Reyes,Elizabeth,+34 750 205 804,5630 Sycamore Way,Apt 971,Vancouver,SK,T9H 9K2,Canada,1143,72500
23913,Wilson Store,Wilson,Joseph,+44 16 3869 2554,8126 Creek Blvd,,Indianapolis,TX,89185,USA,1286,11100
23914,Mendoza Boutique,Mendoza,Paul,+1 (814) 344-3690,8919 Oak Way,,Glasgow,,IA17 8UY,UK,1370,83800
23915,Ramirez Industries,Ramirez,Kelly,+33 8 22 14 84 84,2644 Bay Way,,San Antonio,VT,42981,USA,1702,66800
23916,Morgan Ventures,Morgan,Jonathan,+49 923 162233,2302 Chestnut Ave,,Ghent,,23986,Belgium,1337,45200
23917,Wood Shop,Wood,Steven,+34 654 634 589,472 Park Dr,,Kansas City,AL,84456,USA,1143,70900
23918,Wilson Solutions,Wilson,Karen,+34 658 381 645,6376 Maple Way,,Hamilton,NB,X1S 1T5,Canada,1702,34900
23919,Wilson Exports,Wilson,Rachel,(622) 973-5903,1393 River Pl,,Ottawa,SK,T3C 0P2,Canada,1102,5700
23920,Cook & Richardson Inc.,Cook,Victoria,(613) 599-7324,150 Hickory St,,San Diego,OK,65274,USA,1370,35700
23921,Baker & Gutierrez Ltd.,Baker,Carol,+34 915 596 929,5170 Magnolia Ln,Apt 906,Kitchener,ON,J2V 8M6,Canada,1166,85500
23922,Silver Art Holdings,Harris,Charles,+61 7 6399 8313,1708 Ridge Loop,,Manchester,,IY52 7FV,UK,1625,242200
23923,Johnson & Cox Partners,Johnson,Nicole,+1 (613) 476-6476,8349 Summit Terr,,Sacramento,FL,22406,USA,1504,163900
23924,Ortiz Center,Ortiz,Benjamin,+1 (782) 579-9290,2919 Sunset Ln,Floor 989,Kuopio,,94769,Finland,1337,600
23925,Howard Corp.,Howard,Ryan,+61 6 2014 3169,5582 Forest Pl,Ste 119,San Diego,MI,72537,USA,1501,4500
23926,Garcia Center,Garcia,Kelly,+33 4 66 36 32 59,526 Harbor St,,Vancouver,NL,G6F 5U4,Canada,1102,10400
23927,Diamond Supply Partners,Bailey,Jonathan,+81-30-7223-6507,8691 Creek Loop,Apt 711,Nice,,98546,France,1401,100
23928,Atlantic Import Associates,Rivera,Nathan,+33 2 82 69 41 38,7103 Sunset Terr,,Aarhus,,20798,Denmark,1143,242600
23929,Royal Supply Co.,Miller,Frank,+34 756 938 756,5978 Ridge Terr,Unit 615,Bristol,Scotland,SB31 1NT,UK,,102900
23930,Classic Parts Trading,Rogers,Melissa,+44 18 3832 5592,1738 Valley Rd,,Jacksonville,AL,30177,USA,1337,158700
23931,Premier Trade Imports,Robinson,Michelle,+61 8 3899 6368,8916 Bay Ln,,Milwaukee,CA,70457,USA,1370,212200
23932,Rodriguez International,Rodriguez,Stephanie,+1 (832) 205-8653,4653 Sunset Dr,,Baltimore,AK,74084,USA,1323,204900
23933,Taylor International,Taylor,Stephanie,(593) 596-9358,1775 Ridge Loop,Floor 287,Glasgow,,QQ96 4BD,UK,1621,294600
23934,Martinez Holdings,Martinez,Donald,(913) 616-1615,1963 Cherry Dr,,Bilbao,,32302,Spain,1401,162500
23935,Capital Sales Imports,Ramirez,Jason,+61 7 9402 1686,6590 Hollow Terr,Suite 223,Munich,,98998,Germany,1611,202100
23936,Cooper Shop,Cooper,Maria,+34 996 134 824,5481 Willow Terr,# 226,London,Wales,FF6 3JI,UK,1702,4800
23937,Kelly Depot,Kelly,Kathleen,(460) 788-2281,6393 Magnolia Way,,San Jose,ND,99956,USA,1702,119800
23938,Premier Auto Ltd.,Bailey,Pamela,(696) 829-6450,5902 Spring Way,Unit 864,Wollongong,SA,3441,Australia,1401,113100
23939,Torres Toys,Torres,Susan,+34 843 518 955,5622 Hickory Ave,,Catania,,75248,Italy,1702,18800
23940,Ross & Baker Distribution,Ross,Alexander,+34 652 244 217,2527 Poplar Blvd,,Groningen,,68508,Netherlands,1323,5300
23941,Cooper Boutique,Cooper,Brandon,+81-60-8211-9039,6315 Chestnut Blvd,Floor 955,Denver,FL,24192,USA,1143,4800
23942,Collins Depot,Collins,Samantha,+34 996 137 324,6043 Elm Circle,,Adelaide,SA,5181,Australia,1143,19400
23943,Capital Sales Enterprises,Wilson,Barbara,+49 214 146962,3782 Pine Dr,Ste 489,Amsterdam,,24959,Netherlands,,33400
23944,Nguyen & Ramos Wholesale,Nguyen,Joseph,+1 (663) 512-5402,402 Bay Circle,,Auckland,,25263,New Zealand,1501,106700
23945,Cook Toys,Cook,Benjamin,+49 170 294443,478 Ash Circle,,Antwerp,,51574,Belgium,1619,9800
23946,Jimenez Industries,Jimenez,James,+49 481 346219,8947 Ridge Loop,,Newcastle,WA,9553,Australia,1504,130100
23947,Urban Sales Inc.,Harris,Dennis,+34 751 649 914,338 School Dr,Ste 782,Bologna,,13590,Italy,1337,12700
23948,Young Depot,Young,Laura,+34 626 632 744,4250 Elm Blvd,,Vantaa,,92378,Finland,1216,1800
23949,Sanders & Gray Ventures,Sanders,Michelle,+49 104 845377,3586 Magnolia Ct,# 201,Montpellier,,97916,France,1370,7700
23950,Campbell Depot,Campbell,Timothy,+49 78 123467,2359 Hollow Ave,Apt 719,Memphis,WV,59609,USA,1188,12900
23951,Pacific Parts Imports,Edwards,Kelly,+49 669 649643,3999 Market Ln,,Antwerp,,41633,Belgium,1611,25200
23952,National Import Associates,Hill,Jerry,(479) 866-3201,5256 Creek Circle,,Montreal,SK,H2S 6G9,Canada,,4800
23953,Patel & Ortiz Industries,Patel,Adam,+49 396 527305,1208 Pine Dr,,Porsgrunn,,59888,Norway,,122200
23954,Jimenez LLC,Jimenez,Christine,+61 5 1715 9762,9365 School St,,Phoenix,OH,23443,USA,1166,112900
23955,Ramos Distribution,Ramos,Amy,+33 8 31 80 40 17,6675 Valley Rd,,Waterford,,54108,Ireland,1102,2100
23956,Martin & Edwards Industries,Martin,Karen,+33 3 55 50 21 29,5829 Oak Circle,# 570,Montreal,NB,U2R 7C0,Canada,1143,31800
23957,Crystal Motor Group,Ramirez,Matthew,(695) 485-3772,4145 Main St,,Nice,,28585,France,1323,37600
23958,Phillips Collectibles,Phillips,Margaret,+81-5-6595-3240,294 Hickory Circle,,Lyon,,77839,France,1625,122400
23959,Jimenez Inc.,Jimenez,Jeffrey,+34 945 608 658,9141 Hickory Pl,,Milwaukee,MI,74914,USA,1165,111900
23960,Harris Shop,Harris,Anna,+34 666 576 875,6555 Forest St,,Memphis,TN,71905,USA,1621,35400
23961,Wilson & Martinez Solutions,Wilson,Helen,+34 745 513 853,7359 Sycamore Blvd,,Louisville,WI,17823,USA,1702,147100
23962,Wood & Richardson Partners,Wood,Aaron,+34 798 990 682,2228 Garden Way,,Hamilton,,97933,New Zealand,1337,130500
23963,Urban Art Services,Bailey,Helen,+81-66-7095-7344,8756 Bay Ct,# 869,Lille,,43767,France,1504,30400
23964,Williams Distribution,Williams,Janet,+33 6 93 59 97 30,6217 Harbor St,,Oklahoma City,AR,97098,USA,1337,57100
23965,Alpha Supply Imports,Lopez,Joshua,+81-8-6314-3284,6203 Maple Loop,,Austin,OK,23137,USA,1337,800
23966,Collins & Thomas Trading,Collins,Deborah,+61 3 6164 8413,5314 Oak Loop,Suite 406,Manchester,Wales,ZP76 6NB,UK,1702,8100
23967,Martin Gifts,Martin,Timothy,+81-50-5611-9549,5939 Forest Way,Floor 699,Sheffield,Scotland,RK94 7TB,UK,,5900
23968,Stewart & Gray Co.,Stewart,Tyler,+81-7-7489-8672,4479 Valley Circle,,Helsingborg,,65103,Sweden,1323,2600
23969,James & Rivera Distribution,James,Laura,+49 184 693481,2237 Spring Pl,,Kawasaki,,209-4973,Japan,1401,10900
23970,Bennett & Garcia International,Bennett,Kenneth,+1 (222) 773-7444,9273 Pine Ct,,Seattle,OH,36703,USA,1619,6800
23971,Green Gallery,Green,Maria,+81-56-9799-3392,4339 Forest Blvd,# 855,Norrköping,,85494,Sweden,1501,18500
23972,Walker Collectibles,Walker,Helen,+49 986 691823,9167 Church Way,,Salzburg,,46983,Austria,1501,12300
23973,Reed & Morales LLC,Reed,Laura,+61 2 5768 4755,1242 Garden Way,,Fukuoka,,477-4126,Japan,,8400
23974,Reyes Services,Reyes,Jeffrey,(416) 905-3995,8365 Hill Terr,,Houston,ID,46836,USA,1102,258100
23975,Evans & Green International,Evans,Nancy,(700) 814-7275,2838 Lake Terr,Rm 113,Charlotte,DE,51494,USA,1501,84900
23976,Martinez & Nguyen Distribution,Martinez,Katherine,+33 2 44 37 69 69,955 Washington Ln,,Bordeaux,,16959,France,1102,1000
23977,Nguyen Gifts,Nguyen,Julie,+44 18 8522 8843,1471 Cedar Ave,,El Paso,FL,21904,USA,1102,172200
23978,Crystal Supply Imports,Ramirez,Mark,+49 380 203601,6392 Oak Ave,,San Jose,PA,50019,USA,,38000
23979,Murphy & Diaz Holdings,Murphy,Dorothy,+34 723 310 771,7761 Spring Ct,,Almere,,16471,Netherlands,,121400
23980,Robinson Boutique,Robinson,Brenda,+81-85-6633-3417,3361 Church Rd,,Singapore,,759517,Singapore,1165,257800
23981,Davis LLC,Davis,Jason,+34 954 533 867,9724 Willow Blvd,,Randers,,62179,Denmark,,107500
23982,Sanchez & Reyes Imports,Sanchez,Samantha,+33 5 80 45 10 36,6041 Market St,,Seattle,AK,53025,USA,1337,82500
23983,Taylor Collectibles,Taylor,Adam,+44 87 7059 8179,5196 Magnolia Pl,Rm 211,Sheffield,England,EV12 2WR,UK,1612,120800
23984,Green Gifts,Green,Thomas,(225) 989-8413,581 Maple Dr,,Kansas City,AL,16469,USA,1216,1100
23985,Moore Imports,Moore,Barbara,+81-39-1576-9165,6262 River Blvd,,Vancouver,NL,W4X 4R4,Canada,1337,25600
23986,Classic Export Inc.,Campbell,Carolyn,+1 (652) 315-3761,8098 Cherry St,,Paris,,92829,France,1504,5200
23987,Diaz & Hernandez International,Diaz,Carolyn,+33 4 23 57 27 36,3823 Elm Rd,Suite 676,Kuopio,,71481,Finland,,1700
23988,Lopez & Mendoza Exports,Lopez,Gregory,+1 (955) 991-2585,9749 Valley Terr,Ste 54,Singapore,,735880,Singapore,,164800
23989,Diamond Export Exports,King,Mark,+1 (744) 360-7611,6514 Magnolia Terr,,Logan City,TAS,3683,Australia,1625,42400
23990,Turner Industries,Turner,Emma,+34 604 898 561,9914 Park Terr,,Birmingham,England,PA84 1DL,UK,1286,188900
23991,Jackson Imports,Jackson,Nicholas,+44 13 3191 5583,5785 Ridge Circle,,Calgary,PE,V1K 5M0,Canada,1216,102300
23992,Perez & Foster Trading,Perez,Carol,+49 268 194662,9269 Main Rd,# 357,Copenhagen,,93880,Denmark,1611,5700
23993,Urban Trade Industries,Martin,Sarah,+49 358 845100,3004 Glen Pl,,Seville,,34656,Spain,1611,238200
23994,Green & Hall Exports,Green,Carolyn,+34 813 371 120,2547 Station Terr,,Oulu,,87997,Finland,1619,400
23995,Urban Motor Solutions,Evans,Diane,+1 (978) 556-2808,1301 Harbor Ave,Unit 68,Almere,,11267,Netherlands,,227300
23996,Heritage Export Partners,Walker,Karen,+81-33-3691-4823,9579 Elm Ave,,Memphis,SC,16559,USA,1337,3900
23997,Thomas & Jimenez Co.,Thomas,Linda,+61 8 5183 2274,4075 Lake Dr,Unit 586,Winnipeg,PE,U9R 8B3,Canada,1625,8400
23998,Crystal Auto Co.,Castillo,Richard,(981) 448-8905,7759 River Rd,Rm 90,Virginia Beach,MN,77377,USA,1619,100
23999,Gonzalez Depot,Gonzalez,Melissa,+81-36-4884-3422,9566 Park St,,Nashville,WV,66273,USA,1337,21300
24000,Royal Art International,Alvarez,Steven,+44 50 1491 8881,4870 Washington St,,Las Vegas,KS,81613,USA,1286,119000
24001,Ramirez Co.,Ramirez,Jack,(822) 979-5327,3915 Hollow Ct,Rm 683,New York,SC,63744,USA,1166,24300
24002,Brooks Partners,Brooks,Mary,+44 71 9018 4212,5209 Oak Rd,,Liège,,17832,Belgium,1286,135400
24003,Jackson Store,Jackson,Joshua,(660) 652-5045,3973 School Loop,,Sapporo,,733-9464,Japan,1370,239500
24004,Green Gallery,Green,Andrew,+81-8-6014-9364,6154 Manor St,,San Diego,MN,37531,USA,1504,105900
24005,Cooper Gifts,Cooper,Jason,(963) 440-5679,4860 Church Way,Ste 685,Kuopio,,89483,Finland,1611,88200
24006,Clark Inc.,Clark,Samuel,+34 871 682 783,7745 Highland Loop,,Edinburgh,Scotland,TL49 4OT,UK,1401,10800
24007,King & Wilson Co.,King,Richard,+49 30 894939,3961 Summit St,Unit 278,Limerick,,53312,Ireland,1370,600
24008,Ramos Shop,Ramos,Joshua,+61 5 1715 2154,5784 Ridge Ave,Ste 196,St. Gallen,,85237,Switzerland,1504,118400
24009,Stewart Depot,Stewart,George,+49 739 634576,6870 Station Ave,,Leeds,,WM14 3OY,UK,1166,159100
24010,Wright Wholesale,Wright,John,+81-14-1115-3771,6667 Hill St,,Aalborg,,64130,Denmark,1619,38000
24011,Lewis LLC,Lewis,Ryan,+61 9 4667 8906,47 Highland St,,Los Angeles,MT,16712,USA,1102,41400
24012,Patel & Lee Corp.,Patel,Mark,+1 (841) 905-6814,9864 Poplar St,# 852,Nantes,,15604,France,1337,122400
24013,Horizon Trade Industries,Foster,Anna,+61 3 6174 9332,220 Maple Rd,,Gold Coast,VIC,3872,Australia,1166,89200
24014,Roberts Gallery,Roberts,Maria,(670) 943-6047,7393 Cherry Terr,,Charlotte,AK,29666,USA,1286,83200
24015,Rogers & Jimenez Trading,Rogers,Paul,+44 20 5651 8014,2161 School Rd,Rm 904,Albuquerque,NV,80558,USA,1102,144900
24016,Ruiz & Ward Associates,Ruiz,Nicole,+1 (548) 504-9190,4241 Hollow Way,,Florence,,81777,Italy,1323,162300
24017,Sanchez Toys,Sanchez,Thomas,+44 92 4321 8794,9208 Summit Loop,,St. Gallen,,94577,Switzerland,1611,298800
24018,Robinson & Jackson Distribution,Robinson,Katherine,+44 80 8910 4983,1796 Bay Blvd,Rm 55,San Diego,IL,78252,USA,1612,90800
24019,Hall & Taylor Trading,Hall,Justin,+1 (731) 336-7930,7522 Meadow Loop,Apt 870,Charlotte,GA,66277,USA,1612,300
24020,Ramirez Co.,Ramirez,Katherine,+33 7 11 79 28 70,4718 Main Dr,,Marseille,,26732,France,1401,121400
24021,Royal Craft Ltd.,Rivera,Jacob,+81-31-6955-7092,1777 Ash Terr,,Catania,,37524,Italy,1166,227500
24022,Hall Solutions,Hall,Nicholas,+81-86-1801-2737,146 Summit Rd,,Groningen,,92745,Netherlands,1143,112300
24023,Wilson & Kim Partners,Wilson,Lisa,+1 (593) 329-2843,6424 Pine Rd,,Toronto,NB,G3D 2M6,Canada,1216,10400
24024,Nguyen & Wilson Exports,Nguyen,Katherine,+49 122 848285,1946 Church Blvd,Suite 188,Milan,,96156,Italy,,221900
24025,Rivera & Campbell Solutions,Rivera,Gregory,+34 799 277 407,4384 Hollow Ln,,Sapporo,,268-6199,Japan,1625,1800
24026,Adams & Gutierrez Distribution,Adams,Ryan,+44 48 4709 2320,4402 Church Pl,,Vancouver,PE,D7B 2P2,Canada,1370,73000
24027,Lopez Wholesale,Lopez,Jason,+1 (963) 625-8152,5252 Hickory Ave,,Lyon,,63298,France,1611,205100
24028,Silver Art Solutions,Edwards,Justin,(822) 723-6667,1894 Chestnut Loop,,Tromsø,,43363,Norway,1619,35100
24029,Torres Center,Torres,Angela,+61 4 9091 8051,4805 Glen Dr,,Gold Coast,WA,9556,Australia,1370,257800
24030,Nelson Boutique,Nelson,Jessica,+44 77 5675 1698,7693 Cedar Pl,,Tokyo,,378-9271,Japan,,123000
24031,Rivera Collectibles,Rivera,Robert,+61 8 6357 2020,1035 Willow Ct,Ste 840,Malmö,,17642,Sweden,1611,34400
24032,Gray & Wright Services,Gray,Brian,+1 (919) 431-1711,391 Forest St,,Fort Worth,GA,48362,USA,1501,11800
24033,Flores & Ross Exports,Flores,Samantha,+1 (728) 826-9039,8217 Chestnut Ln,,Linköping,,41008,Sweden,1611,193800
24034,Myers Ltd.,Myers,Edward,+61 3 5195 7466,6924 Valley Ln,,Toronto,PE,J3W 9B1,Canada,1102,35100
24035,Pacific Parts Industries,Rogers,Samantha,+49 33 131200,9340 Station Loop,,Virginia Beach,OR,18936,USA,,85800
24036,Ruiz & Green Solutions,Ruiz,Brandon,+44 95 7785 5518,1533 Sunset Ln,,Fukuoka,,905-9517,Japan,1102,105600
24037,Peterson Depot,Peterson,Diane,+33 9 72 50 15 29,6651 Creek Rd,Floor 461,Tilburg,,99207,Netherlands,1401,27600
24038,Heritage Trade Imports,Peterson,Richard,(284) 629-7207,5206 Willow Rd,,Nice,,53623,France,1165,10500
24039,Cox Trading,Cox,Justin,+34 655 751 862,9351 Hollow St,,Washington,AL,98349,USA,1102,40600
24040,Ruiz Models,Ruiz,Brandon,+33 3 79 42 15 17,9177 Park Pl,,Glasgow,England,HQ54 3RS,UK,1625,7800
24041,Ramirez & King Co.,Ramirez,Gregory,(626) 429-4460,848 Spring Blvd,,Singapore,,162323,Singapore,1625,9500
24042,Cooper Ltd.,Cooper,Melissa,+49 343 815873,7413 Oak Dr,# 72,Glasgow,England,BH7 6EY,UK,1143,50700
24043,Patel International,Patel,Paul,+49 353 160795,5215 Magnolia Way,,Málaga,,97672,Spain,1337,2000
24044,Wright Ventures,Wright,Ashley,+61 9 6504 4604,8435 Bay Rd,,Baltimore,GA,83686,USA,1612,10000
24045,Phillips & Robinson Solutions,Phillips,Christopher,+1 (597) 500-8301,9721 Valley St,Suite 457,Virginia Beach,NE,20848,USA,1188,6000
24046,Atlantic Trade Imports,King,Jacob,+44 90 9411 2191,387 Poplar Terr,Floor 448,Albuquerque,HI,41606,USA,1504,68900
24047,Lopez Shop,Lopez,Samantha,+33 1 54 96 25 29,7045 Oak Blvd,,Madrid,,42170,Spain,1370,143000
24048,Elite Sales Wholesale,Evans,Aaron,+44 83 7072 7300,702 Garden Dr,# 692,Sheffield,Wales,EG36 4BJ,UK,1504,900
24049,Heritage Trade Distribution,Collins,Emily,+44 23 2118 7724,323 Willow Dr,,New York,DE,31445,USA,1702,61800
24050,Elite Art Enterprises,Walker,Shirley,+1 (314) 512-2151,6664 Elm Terr,,Perth,VIC,8771,Australia,1143,9100
24051,Heritage Import Industries,Stewart,Edward,+1 (477) 390-2625,8162 Ash Way,Unit 785,Nijmegen,,17768,Netherlands,1625,158800
24052,Gonzalez & Kim Enterprises,Gonzalez,Margaret,+49 685 568737,1245 Walnut Terr,,Tucson,IL,62708,USA,1504,87200
24053,Baker & Thomas Corp.,Baker,Shirley,+34 927 124 390,1756 Ridge Rd,,Phoenix,NY,59049,USA,1370,73000
24054,Hernandez & Young Exports,Hernandez,Emma,+33 2 53 69 69 63,6485 Lake Ave,,Seattle,NJ,31735,USA,1143,2300
24055,Allen & Watson Inc.,Allen,Timothy,+81-59-3667-6059,4626 Station Blvd,,Linköping,,91489,Sweden,1611,29600
24056,Miller & Myers Partners,Miller,Richard,+1 (478) 621-4931,8311 Ash St,,Canberra,SA,3416,Australia,1625,259400
24057,Parker Store,Parker,Nicole,+1 (218) 970-2484,6321 Maple Way,,Melbourne,TAS,8227,Australia,1166,3400
24058,Ward & Sanders Associates,Ward,Mary,+81-26-4834-7285,7331 Main Blvd,,Calgary,AB,K3N 5W4,Canada,1286,243700
24059,Bennett Depot,Bennett,Alexander,+44 51 1777 9932,9456 Bay Ln,Ste 994,Fukuoka,,560-5397,Japan,1621,243900
24060,James & Perez Imports,James,Jennifer,+44 90 9441 9247,8827 Glen Terr,,Napier,,55156,New Zealand,1370,178400
24061,James Gifts,James,Anna,+33 2 37 49 10 41,2957 Cherry Ln,,Edinburgh,Wales,UB47 6GP,UK,1612,246600
24062,Roberts Solutions,Roberts,Michael,+44 76 9587 1016,9776 Maple St,,Sydney,NT,5425,Australia,1401,144500
24063,Atlantic Import Co.,Cox,Amy,+33 4 95 51 73 50,8842 Ash Dr,,Portland,MS,31379,USA,1619,87000
24064,Wright & Lewis Exports,Wright,Ryan,+1 (430) 829-7058,4269 Valley Terr,Unit 214,Valencia,,14023,Spain,1165,1400
24065,Hall Solutions,Hall,Brandon,+44 11 7384 8086,8469 Pine Terr,,Hamilton,SK,J3G 6N5,Canada,1370,98400
24066,National Sales Imports,Edwards,Carol,+1 (520) 887-8646,801 Cherry Circle,,Washington,AL,81851,USA,1166,139700
24067,Adams Boutique,Adams,David,+81-85-9463-9838,5785 Elm St,,Atlanta,DE,12734,USA,1323,46300
24068,Rivera & Clark Co.,Rivera,Kevin,+33 1 94 12 53 20,4033 Park Loop,,Nijmegen,,94808,Netherlands,1337,24200
24069,Sunrise Sales Ventures,Carter,Kimberly,(501) 404-6432,3055 Summit Loop,,Edinburgh,England,NJ88 9JM,UK,1370,70100
24070,Premier Motor Wholesale,Nelson,Pamela,+61 5 5527 2001,3223 Main Ln,,Raleigh,LA,90181,USA,1611,78600
24071,Green Boutique,Green,Kenneth,+49 822 458583,5408 Pine Ln,,Turin,,87651,Italy,1102,28600
24072,National Auto Exports,Parker,Steven,+61 9 3813 4819,9610 Sycamore Ln,Apt 71,Osaka,,858-3862,Japan,1165,94300
24073,King Enterprises,King,Nicholas,+44 17 3517 9722,5137 Manor Terr,,Manchester,,KM76 1RX,UK,,217600
24074,Parker Gifts,Parker,Timothy,+81-74-6254-2324,7637 Washington Rd,,Gold Coast,SA,3044,Australia,1504,7300
24075,Brown & Nelson LLC,Brown,Charles,+49 347 626356,8617 Ridge St,,Galway,,61672,Ireland,1619,7500
24076,Morris Inc.,Morris,Raymond,+1 (650) 590-3949,9828 Hill Terr,Unit 325,Logan City,QLD,2417,Australia,1286,2000
24077,Premier Export Exports,Gray,Emma,+44 13 7797 4609,1301 Ash Ct,,Denver,AR,28592,USA,1702,279500
24078,Campbell & Gonzalez Enterprises,Campbell,Elizabeth,+1 (676) 268-5001,4973 Cherry Ln,,Sheffield,,UJ13 8DI,UK,,204200
24079,Heritage Sales Solutions,Lee,Jose,+49 322 602345,3566 Highland Loop,# 874,Las Palmas,,76819,Spain,1619,300
24080,Ramirez Store,Ramirez,Charles,+1 (871) 698-9589,6317 Oak St,,Colorado Springs,NJ,88563,USA,1102,174400
24081,Premier Export Imports,Bennett,Daniel,+1 (766) 768-6904,6664 Birch Circle,Apt 591,Bordeaux,,37169,France,1625,23000
24082,Morris & Lopez Associates,Morris,Daniel,+34 626 285 788,8444 Poplar Ct,Unit 914,Philadelphia,FL,56845,USA,,2600
24083,Classic Craft LLC,Peterson,Joseph,+1 (525) 341-5005,5510 Elm Way,,Sydney,NSW,9485,Australia,1286,10900
24084,Rogers & White Associates,Rogers,Adam,+49 889 320130,4547 Meadow Pl,Apt 890,Strasbourg,,51077,France,1619,16500
24085,Cruz & Ross Services,Cruz,Samuel,+34 606 571 744,3850 Willow Ave,Ste 14,Sacramento,OH,11214,USA,1501,119200
24086,Thomas Gallery,Thomas,Barbara,+49 619 408217,7684 Maple Terr,,Sheffield,Wales,US36 9SV,UK,1286,3700
24087,Garcia International,Garcia,Melissa,(512) 775-9130,4654 Lake Terr,,Perth,SA,9652,Australia,1501,8200
24088,Kim Group,Kim,Thomas,+1 (823) 317-2429,3665 Valley Blvd,,Kyoto,,138-2879,Japan,1702,89100
24089,Hall Store,Hall,Anthony,(945) 963-1015,5562 School Way,,Denver,RI,95204,USA,1337,77000
24090,Central Import Partners,Gray,Anthony,+33 8 73 86 26 82,7303 Ash Ln,,Oklahoma City,MD,60764,USA,1286,178600
24091,Smith & Bailey Distribution,Smith,Aaron,+49 855 423306,333 Maple Blvd,,San Jose,PA,76996,USA,1143,42000
24092,Premier Trade Inc.,King,Angela,(742) 570-7370,2190 Willow Ct,,Colorado Springs,MT,73822,USA,1370,6800
24093,Howard & Turner Associates,Howard,Margaret,+34 744 367 285,4200 Meadow Circle,Suite 453,Canberra,QLD,5136,Australia,1143,296700
24094,Price Shop,Price,Joyce,+33 3 65 59 26 54,7947 Ash Circle,Ste 332,San Antonio,MN,17049,USA,1621,97000
24095,Alpha Craft Exports,Perez,Steven,+33 1 27 87 95 88,1665 Sunset Pl,Rm 91,Sheffield,Scotland,KP67 5MC,UK,1621,254600
24096,Campbell Toys,Campbell,Nicole,+44 19 1775 7923,5997 Hill Ave,Floor 265,Los Angeles,MN,75256,USA,1611,215800
24097,Roberts Services,Roberts,Cynthia,+33 9 45 25 58 46,8819 Willow Ln,,Edmonton,BC,B2E 2X5,Canada,1501,4500
24098,Morris Depot,Morris,Linda,+49 643 921173,1128 Main Dr,# 88,Uppsala,,12556,Sweden,1619,37100
24099,Thomas Services,Thomas,Stephanie,(305) 693-1751,7656 Forest Ave,Apt 275,Nice,,68733,France,1166,124000
24100,Martin Depot,Martin,Ashley,+33 2 28 14 61 95,8172 Church St,Unit 518,Rotterdam,,71935,Netherlands,1143,46500
24101,Royal Motor Enterprises,Reyes,Diane,(778) 345-9119,5855 Market Ave,,Groningen,,59514,Netherlands,1611,131600
24102,Long & Scott Partners,Long,Eric,(270) 314-7578,840 Harbor Ave,,Oklahoma City,VT,79763,USA,1401,100300
24103,Metro Sales Trading,Miller,George,+49 909 574156,8096 Elm Loop,,Dallas,AK,45743,USA,1501,195400
24104,Hill & Walker LLC,Hill,Betty,+33 7 83 27 37 78,4538 School Blvd,,Baltimore,MT,15305,USA,1166,1600
24105,Crystal Craft Enterprises,Foster,Brenda,+81-57-9270-2919,7782 Poplar Terr,Suite 603,Namur,,40293,Belgium,1504,265000
24106,Parker Boutique,Parker,Raymond,+44 96 8950 1092,1635 River Ave,,Glasgow,Wales,FH67 6PW,UK,1165,262900
24107,Alvarez & Kim Solutions,Alvarez,Raymond,(788) 639-8727,639 Pine Terr,Floor 676,Namur,,99173,Belgium,1625,46800
24108,Foster Holdings,Foster,Jessica,+34 771 324 178,4060 Sunset Ct,,Berlin,,51182,Germany,1166,2800
24109,Jackson Partners,Jackson,Benjamin,+49 221 922509,5543 Main Circle,,Nice,,47471,France,1143,157400
24110,Nelson Boutique,Nelson,Aaron,+44 82 7504 7599,6227 Harbor Terr,,Lugano,,35085,Switzerland,1702,7800
24111,Mendoza & Gonzalez Distribution,Mendoza,Kathleen,(729) 310-1462,4047 School Dr,,Tilburg,,55102,Netherlands,1501,133800
24112,Thompson Industries,Thompson,Sandra,+34 980 480 628,5362 Meadow Terr,Suite 627,Leipzig,,39882,Germany,,271100
24113,Morris Collectibles,Morris,Shirley,+1 (701) 657-3130,2078 Hickory Dr,# 481,London,Scotland,LI90 3ON,UK,1621,258000
24114,Wilson Toys,Wilson,Emily,+33 1 55 87 60 24,2030 School Ct,Unit 966,San Diego,MN,86116,USA,1337,8900
24115,Clark Collectibles,Clark,Joyce,+33 3 81 91 90 95,1776 Sycamore Pl,# 146,Los Angeles,AK,83363,USA,1102,4000
24116,Walker Models,Walker,Christopher,+33 7 62 15 57 34,2112 Spring Way,Floor 243,Zaragoza,,31852,Spain,1401,81700
24117,Classic Trade Solutions,Brooks,John,+33 5 53 93 56 87,3965 Station Ct,,Milwaukee,CO,56743,USA,1621,5500
24118,Stewart & Carter Associates,Stewart,Donna,+61 6 7651 2436,6589 Garden Ln,Suite 246,Atlanta,KS,35700,USA,1165,100
24119,Moore & Mitchell International,Moore,Anthony,+34 885 343 538,1669 Cedar Ave,Unit 314,Paris,,16413,France,,143400
24120,Jackson Models,Jackson,Margaret,+34 602 384 848,9827 Pine Blvd,,Edinburgh,England,QX51 4LY,UK,1188,6400
24121,Howard Trading,Howard,Helen,(526) 491-1890,4327 Elm Ct,# 82,Valencia,,22131,Spain,1166,104400
24122,Ruiz Gifts,Ruiz,Donna,+34 628 130 571,1019 Spring Way,,Austin,AK,98817,USA,1166,1300
24123,Diaz Ltd.,Diaz,Kelly,+81-89-7481-2545,6597 Bay Ct,,Genoa,,15226,Italy,1188,55400
24124,Jones & Diaz Co.,Jones,Emily,+61 6 8121 1532,577 Manor Ave,Rm 729,Bari,,44126,Italy,1625,112900
24125,Clark & Brown Imports,Clark,James,+49 658 249844,1488 School Way,,Munich,,63226,Germany,1612,94300
24126,Cooper & Nguyen Distribution,Cooper,Sandra,+49 349 358920,3424 Oak Ave,,Leuven,,95929,Belgium,1625,37200
24127,Anderson & Jimenez Holdings,Anderson,Mark,+49 491 190474,624 Valley Ln,Ste 967,Charlotte,DE,39737,USA,1611,206300
24128,Royal Sales Industries,Lee,Gregory,+49 172 136524,1491 Elm Dr,Floor 216,Columbus,KS,97351,USA,,234700
24129,Silver Motor Corp.,Cox,Maria,+49 716 782905,9819 Willow Circle,,Atlanta,VA,72964,USA,1625,97600
24130,Robinson Wholesale,Robinson,Edward,+61 9 3913 8072,2918 Willow Ave,,Jönköping,,39945,Sweden,1370,266700
24131,Baker Corp.,Baker,Robert,+81-28-6684-6655,8201 Magnolia Blvd,Rm 866,Logan City,ACT,3256,Australia,1612,55900
24132,Morris Depot,Morris,Jose,+61 3 6803 6663,9797 River Way,,Fresno,OH,28339,USA,1611,5900
24133,Anderson Toys,Anderson,Brandon,+49 933 554437,4097 Oak Rd,Apt 359,Hamilton,,25218,New Zealand,1165,17200
24134,Capital Motor LLC,Williams,Adam,+61 2 8799 2059,6772 Chestnut Circle,,Bristol,,JJ9 9DJ,UK,1612,100200
24135,Taylor Co.,Taylor,Ryan,(271) 629-9209,774 Sunset Ln,,Manchester,Wales,GK80 8TY,UK,1337,4900
24136,Alpha Supply Solutions,Brown,Gregory,+81-60-3311-8069,8308 Station Pl,# 144,Las Vegas,VT,11623,USA,1504,39900
24137,Wright Center,Wright,Ryan,+61 6 1963 4434,9281 Lake Rd,,Virginia Beach,NH,64574,USA,1619,1400
24138,Wright & Stewart Co.,Wright,Donna,+49 64 779336,3743 Ash Ave,Rm 850,Charlotte,CO,51971,USA,1501,80300
24139,Silver Trade Solutions,Williams,Scott,+33 5 80 94 40 14,4007 Glen Ave,,Columbus,DE,21399,USA,1401,3800
24140,Murphy Collectibles,Murphy,Sharon,+33 2 49 45 97 64,4532 Lake Pl,Ste 548,Nice,,18205,France,1501,10000
24141,Hernandez Exports,Hernandez,John,+61 9 7320 6354,6134 Highland Rd,,Leicester,England,VA82 7LT,UK,1143,27500
24142,Watson Solutions,Watson,Gary,+44 49 7591 4753,2192 Glen Loop,Apt 655,Drammen,,70412,Norway,1625,117000
24143,Global Motor Distribution,Lewis,Kelly,+34 824 988 322,1675 Meadow Way,,Groningen,,10517,Netherlands,1323,254600
24144,Castillo Models,Castillo,Sharon,(289) 220-8394,7759 Glen Ln,,Paris,,33813,France,1612,197300
24145,Wilson Solutions,Wilson,James,+33 9 92 96 53 33,5244 Chestnut Loop,Floor 713,Quebec City,SK,P5T 6Y9,Canada,1619,45000
24146,Miller Models,Miller,Kelly,+61 8 7212 9295,4555 Manor Blvd,,London,,IK60 1BE,UK,1702,236800
24147,Heritage Export Exports,Ramos,Raymond,+1 (909) 987-1048,8409 School Dr,# 720,Yokohama,,271-8100,Japan,1102,221500
24148,Cruz Solutions,Cruz,David,+34 971 703 652,5525 Hickory Loop,Floor 264,Eindhoven,,46268,Netherlands,1323,121300
24149,Hughes Center,Hughes,Joshua,+49 856 193352,3715 Park Loop,,San Francisco,CA,78285,USA,1625,234300
24150,Young Wholesale,Young,Anthony,+1 (482) 736-6916,356 Creek Ave,,Tromsø,,64335,Norway,1286,4800
24151,Patel Wholesale,Patel,Christopher,+49 442 404847,4244 Cedar Loop,,Catania,,23958,Italy,1216,175500
24152,Ruiz & Garcia Imports,Ruiz,Emily,(977) 574-8552,1351 Hollow Rd,,Gothenburg,,49477,Sweden,1216,261100
24153,Parker Models,Parker,Margaret,+34 912 797 789,4449 Walnut St,,Kawasaki,,511-2178,Japan,1216,228700
24154,Edwards & Wright Imports,Edwards,Susan,+44 43 1566 1041,4493 Garden Ave,,Hamilton,NL,D4Y 6M3,Canada,1143,100300
24155,Ortiz Imports,Ortiz,Julie,+34 684 195 174,1157 Hill Terr,Suite 260,Tucson,VT,39722,USA,1370,49300
24156,Stewart Trading,Stewart,Diane,+81-35-8377-2583,6310 Sunset Ave,,San Jose,AK,91068,USA,1702,7900
24157,Kelly Store,Kelly,James,+1 (382) 566-8875,1086 Valley Dr,Unit 794,Berlin,,13846,Germany,1323,19200
24158,Miller Associates,Miller,Nicole,+61 3 9009 6367,2781 Ridge Terr,,Los Angeles,MA,62198,USA,1188,194100
24159,Atlantic Supply Wholesale,Johnson,Samuel,+1 (616) 384-3588,6034 Sycamore St,Floor 790,Charlotte,CT,85661,USA,1216,19500
24160,King & Jimenez Wholesale,King,Christine,+49 65 178573,5268 Pine Loop,,Dortmund,,64739,Germany,1625,10700
24161,Royal Import Exports,Carter,Patricia,(229) 496-5039,3927 Sycamore Ave,,Dortmund,,66098,Germany,1216,169700
24162,Watson & Sanchez Ltd.,Watson,Amy,+44 50 5215 9864,1614 Meadow Ct,,Düsseldorf,,20623,Germany,1165,47600
24163,Silver Art Co.,Ward,Jason,+34 955 175 861,4014 Washington Rd,,Phoenix,MO,21288,USA,1504,3300
24164,Jimenez & Murphy Co.,Jimenez,Joseph,+44 63 9246 6888,2426 Glen Way,,Nijmegen,,35125,Netherlands,1216,4400
24165,Harris Shop,Harris,Alexander,+44 84 8504 2238,6558 Ridge Loop,Unit 48,Edmonton,NS,V0F 4X6,Canada,1619,20000
24166,Heritage Craft LLC,Perez,Kevin,+61 3 7381 9386,6593 Highland Ave,Ste 65,Hamburg,,90203,Germany,1337,1100
24167,Rivera Gifts,Rivera,Joseph,+49 982 205137,3078 Park Terr,Ste 887,Mesa,TX,93999,USA,1504,291000
24168,Phillips Exports,Phillips,Jerry,+61 3 4222 3110,9768 Hollow Ln,Ste 953,Fresno,WV,12745,USA,,266000
24169,Myers & Peterson Distribution,Myers,Jeffrey,+49 650 527041,4216 Valley Ln,,Oklahoma City,ND,34904,USA,1611,38900
24170,Capital Parts Corp.,Miller,Nathan,+34 985 872 735,6209 Meadow Ln,,Strasbourg,,72642,France,1702,208400
24171,Wright Associates,Wright,Ashley,+34 625 856 969,578 Ash Circle,,Malmö,,90246,Sweden,1286,68100
24172,Murphy Trading,Murphy,Andrew,+81-56-5244-8269,517 Park St,,Gold Coast,WA,6016,Australia,1501,36500
24173,Foster Gallery,Foster,Frank,+1 (967) 383-9384,7257 Market Circle,,Palermo,,75782,Italy,1143,139600
24174,Mendoza Depot,Mendoza,William,(863) 719-9848,8060 Walnut Blvd,Ste 474,Baltimore,IL,55745,USA,1216,11100
24175,Castillo & Martinez Partners,Castillo,Anna,+34 932 916 981,8514 Willow Blvd,# 681,Raleigh,OR,54495,USA,1621,7400
24176,Metro Export Ltd.,Morris,Patricia,+1 (948) 448-8158,2670 Birch Way,,Oulu,,31916,Finland,1166,10500
24177,Silver Export Industries,Cooper,Ryan,+1 (445) 305-7935,294 Lake Dr,,Kitchener,BC,N2S 7R3,Canada,1323,296400
24178,Cox & Chavez LLC,Cox,Pamela,+34 728 708 361,7947 Glen Ave,,Fukuoka,,960-2174,Japan,1216,7200
24179,Mendoza Gifts,Mendoza,Katherine,+81-70-4608-3875,9664 Hollow Ln,,Virginia Beach,CT,98109,USA,1337,261700
24180,Edwards Gifts,Edwards,Brenda,+44 27 4408 1878,5471 Meadow Ct,,Nelson,,61787,New Zealand,1188,232300
24181,Morales Depot,Morales,Jason,+34 880 158 624,7267 Spring Dr,Apt 167,Los Angeles,IL,43774,USA,1702,100
24182,Flores Imports,Flores,Kimberly,+33 6 85 61 80 50,8209 Highland Rd,Floor 333,Singapore,,897291,Singapore,1612,104300
24183,Phillips Shop,Phillips,Christopher,+1 (780) 415-1455,6717 Summit St,,Murcia,,58169,Spain,1216,294900
24184,Ward & Wright Ventures,Ward,Mark,+33 8 94 69 44 31,907 Highland Ave,Apt 534,Mesa,VT,45000,USA,1501,198600
24185,Diamond Supply Distribution,Diaz,George,+49 869 851123,9629 Park Pl,Unit 954,Frankfurt,,63752,Germany,1625,122800
24186,Atlantic Export LLC,Cox,Maria,+33 3 33 91 94 61,2474 Walnut Way,Unit 359,Denver,OR,57503,USA,1370,160600
24187,Price & Gomez Services,Price,Richard,+34 857 748 599,5234 Birch St,Rm 108,Namur,,10201,Belgium,1337,22000
24188,Gray & Rivera Services,Gray,Jack,+44 11 7575 1045,1429 Sycamore Ave,,Columbus,NM,22288,USA,1286,5600
24189,Alvarez Ltd.,Alvarez,Katherine,+61 3 3227 9783,8909 River Way,,Seville,,47179,Spain,,127000
24190,Horizon Trade Trading,Chavez,Barbara,+33 6 96 54 31 90,9967 Birch St,,Bologna,,40696,Italy,1501,162500
24191,Ramirez & Perez Holdings,Ramirez,Donald,+49 970 819189,4039 Highland Way,,Winnipeg,NL,D1H 1T8,Canada,1621,148800
24192,Rivera & Stewart Partners,Rivera,Kenneth,+34 754 289 469,9142 Cedar Ave,,Nice,,24225,France,,14000
24193,Premier Auto Holdings,Campbell,Laura,+49 179 35663,6711 Cherry Ln,,Virginia Beach,NH,51069,USA,1337,14300
24194,Elite Auto Holdings,Adams,Diane,+44 99 5976 3568,8328 Sunset Pl,,Sheffield,England,ZS63 9IW,UK,1611,248200
24195,Ramirez & Cook Wholesale,Ramirez,Carolyn,+61 2 4776 6696,8130 Sunset Ave,,Montpellier,,80812,France,,1300
24196,Harris Depot,Harris,Katherine,(808) 715-9202,33 Meadow St,,Tilburg,,39687,Netherlands,1401,25900
24197,Evans & Young LLC,Evans,Emily,+34 793 669 109,7584 Maple Blvd,,Colorado Springs,LA,60773,USA,1611,27400
24198,Foster Services,Foster,Matthew,+81-60-4035-1840,5815 Garden Rd,,Sydney,WA,6188,Australia,1611,4300
24199,Parker & Rodriguez Inc.,Parker,Charles,+81-84-7703-3809,806 Magnolia Circle,,San Francisco,NC,83213,USA,1504,176800
24200,Hall & Cooper Enterprises,Hall,Melissa,+34 944 995 839,7810 Hickory Loop,,Cologne,,52127,Germany,1188,25900
24201,Elite Trade Industries,Jimenez,Stephen,+33 9 36 96 14 41,9940 Sycamore Dr,,Rotorua,,51160,New Zealand,1702,24800
24202,Elite Trade Co.,Mitchell,Adam,+1 (500) 772-2616,5669 Garden Ave,,Genoa,,77377,Italy,1621,5900
24203,Hernandez Industries,Hernandez,Dennis,+1 (700) 887-1412,9062 Poplar Dr,Suite 5,Dallas,OR,45195,USA,1702,223400
24204,Sanchez Models,Sanchez,Joyce,+33 3 32 13 35 30,6466 Pine Terr,,Chicago,PA,94463,USA,,84100
24205,Morales Shop,Morales,Alexander,+81-49-2707-4874,5190 Pine Dr,,Yokohama,,955-2572,Japan,1102,65600
24206,Torres Gifts,Torres,Alexander,+44 87 4334 8312,6374 Park Blvd,Floor 701,Wollongong,SA,8258,Australia,1401,276000
24207,Morris & Perez LLC,Morris,Gary,+49 929 443408,4991 Washington Pl,,Munich,,81177,Germany,1504,180800
24208,Allen & Evans Distribution,Allen,Rebecca,+44 98 2311 6395,7917 Forest Circle,Suite 326,Kansas City,CA,20661,USA,1337,16200
24209,Ward & Roberts Industries,Ward,Charles,+33 1 18 77 53 12,9946 Ridge Ln,,Dunedin,,95014,New Zealand,1370,250200
24210,King & Watson Services,King,Joseph,+44 71 5314 2111,930 Harbor Way,Unit 415,Birmingham,,CK78 2ZE,UK,1188,212700
24211,Crystal Sales Ventures,Robinson,Tyler,+44 50 7807 4274,5149 River St,,Washington,VT,70526,USA,1165,9100
24212,Wood Services,Wood,Mary,+1 (419) 616-9860,5562 Oak Way,Rm 885,Louisville,GA,60436,USA,1286,173600
24213,Rodriguez & Wilson LLC,Rodriguez,Samuel,+81-36-8552-9002,2470 Walnut Blvd,Floor 40,Strasbourg,,50116,France,,84900
24214,Heritage Auto International,Gray,Nicole,(695) 669-1574,1423 Magnolia Ct,,Geneva,,77432,Switzerland,1504,172300
24215,Premier Sales Corp.,Clark,Aaron,+81-34-3246-9459,4831 Valley Blvd,Ste 706,Fukuoka,,909-5902,Japan,1188,40000
24216,Rogers Boutique,Rogers,James,+81-8-4648-2280,3593 Creek St,,Basel,,18849,Switzerland,1619,63700
24217,Kim Partners,Kim,Emma,+61 2 5793 2259,5000 Cherry Loop,Floor 187,Kyoto,,808-4861,Japan,1165,210100
24218,Peterson & Gutierrez Wholesale,Peterson,John,+61 7 5112 6833,9910 Main Way,,Baltimore,OR,16571,USA,,65900
24219,Central Craft Group,Martinez,Rebecca,+1 (398) 846-7332,5197 Creek Blvd,Floor 386,San Antonio,VT,16876,USA,,22700
24220,Morris & James Corp.,Morris,Anthony,+49 534 450295,907 Oak St,,Denver,ID,89634,USA,1619,18100
24221,Brown Gifts,Brown,Nicholas,+81-27-2893-5175,5345 River Dr,,Atlanta,AZ,85147,USA,1323,58500
24222,Wilson Store,Wilson,Michelle,+1 (993) 481-3671,7154 Summit Loop,,Fresno,NV,20669,USA,1621,3200
24223,Thomas & Clark Associates,Thomas,Thomas,+33 2 92 44 76 86,3916 Poplar Ct,,Cologne,,61866,Germany,1143,105800
24224,Reyes Corp.,Reyes,George,+1 (463) 244-7093,9879 Park Rd,,Leuven,,96304,Belgium,1216,39300
24225,National Craft Trading,Harris,Rachel,+81-86-1937-8607,3491 Manor Blvd,Ste 156,Tilburg,,32595,Netherlands,1165,115800
24226,Premier Parts Holdings,Cox,Ronald,+34 835 902 675,3772 Summit Terr,,Oklahoma City,RI,50034,USA,1370,299500
24227,Wood Services,Wood,Linda,+61 8 5539 8962,7550 Elm Ave,,Tucson,NH,28681,USA,1612,200100
24228,Global Export Industries,Thomas,Ashley,+1 (796) 212-9666,715 Spring Circle,Apt 227,London,England,NQ32 3NE,UK,1337,181700
24229,Gomez & Robinson Associates,Gomez,Kevin,+49 108 743394,3261 Maple Circle,,Louisville,ND,57935,USA,1612,31900
24230,Brown Store,Brown,Betty,+61 7 6073 1243,1569 Sycamore Loop,,Virginia Beach,WV,88517,USA,1286,71900
24231,Royal Import Enterprises,Moore,Brian,+34 841 999 503,4487 Lake St,,Houston,LA,36318,USA,1337,2500
24232,Cruz Gifts,Cruz,Deborah,+33 1 59 82 96 28,2356 Hill Rd,,Long Beach,OK,46540,USA,,38700
24233,Capital Motor Holdings,Bailey,Christopher,+81-7-4422-6457,3009 Bay Ave,,Long Beach,AZ,11800,USA,1702,74600
24234,Green Ltd.,Green,Helen,+49 522 42545,7952 Forest Terr,,Louisville,LA,49111,USA,1611,126100
24235,Silver Motor Imports,Thompson,Richard,+33 2 68 97 42 93,84 Park Circle,,Leicester,Scotland,MM24 6JQ,UK,1401,251300
24236,Young Imports,Young,Timothy,+33 9 21 48 94 40,6267 School Terr,,Essen,,13534,Germany,1286,50000
24237,Hernandez International,Hernandez,Janet,+44 92 6384 9882,1448 Market Loop,,Tampere,,43283,Finland,1611,47100
24238,Campbell & Myers Solutions,Campbell,Timothy,+61 7 8379 2865,4396 Harbor Terr,Ste 619,Mechelen,,24845,Belgium,1401,70500
24239,Perez & Thompson Holdings,Perez,Nathan,+81-17-5788-2454,7063 Summit Way,Rm 369,Virginia Beach,IN,53898,USA,1621,275600
24240,Baker Models,Baker,Stephanie,(803) 643-8377,3657 Main Pl,# 700,Winnipeg,PE,J7F 8V6,Canada,1611,270000
24241,Cruz & Morris Enterprises,Cruz,Gregory,+1 (725) 551-2355,8531 Station St,,San Antonio,ME,14064,USA,1370,250100
24242,Morales Center,Morales,Thomas,(825) 405-9422,3963 Highland Circle,,Mechelen,,54638,Belgium,1143,226800
24243,Hughes Corp.,Hughes,Rebecca,+33 3 23 44 24 80,9325 Walnut St,,Kawasaki,,687-6923,Japan,1621,6700
24244,Torres Solutions,Torres,Carolyn,(526) 508-4555,4037 Summit Blvd,,Canberra,QLD,4047,Australia,1501,28300
24245,Hughes Center,Hughes,Brian,+49 645 203867,7091 Magnolia Ln,,Hamburg,,47132,Germany,1166,60900
24246,Capital Import Co.,Gonzalez,Robert,+81-12-8176-9161,3849 Hickory St,Floor 133,Lahti,,22324,Finland,1621,6800
24247,Central Sales Partners,Watson,Jerry,+61 8 2305 2356,7260 Valley Way,,Manchester,Scotland,JA42 9VB,UK,1401,75900
24248,Martinez Associates,Martinez,Debra,+34 698 509 980,472 Park Ln,,Turin,,91560,Italy,1286,2300
24249,Richardson & Long Holdings,Richardson,Benjamin,+81-49-1621-5655,6903 Garden Ave,Ste 110,Washington,AZ,78026,USA,1611,117800
24250,Flores & Lopez Wholesale,Flores,Diane,+61 5 4387 7171,4083 Garden Blvd,,San Diego,FL,17148,USA,1286,176800
24251,Silver Motor Solutions,Jackson,Andrew,+1 (975) 875-8424,4594 Elm Ln,,Atlanta,KS,27396,USA,1166,98800
24252,Thomas International,Thomas,Samuel,+33 2 46 50 11 49,1916 Elm Terr,,New York,WI,58557,USA,1165,62800
24253,Price Collectibles,Price,Cynthia,+61 8 1460 6632,7393 Park Terr,,Mesa,SD,15115,USA,,255800
24254,Chavez Solutions,Chavez,Michelle,+34 679 381 477,8732 Magnolia St,# 803,Kobe,,518-2380,Japan,1625,12500
24255,Silver Import Enterprises,Wilson,Sarah,+49 960 893591,463 Summit Ln,,Seattle,TX,44253,USA,1401,8900
24256,Lee & Collins Co.,Lee,Patrick,+33 2 20 17 78 23,7318 Church Loop,,Colorado Springs,NM,63208,USA,1166,177900
24257,Lopez Distribution,Lopez,Kevin,+81-3-1778-8761,8573 Elm Ct,,Örebro,,90297,Sweden,1504,26200
24258,Sanders & Hall Partners,Sanders,Patricia,+1 (875) 846-7129,5559 Main Way,Apt 691,Jacksonville,CO,34861,USA,1501,4000
24259,Sunrise Trade Associates,Miller,Mark,+33 4 78 65 37 83,3284 Birch Blvd,,Las Vegas,SC,39146,USA,1504,65300
24260,Sunrise Parts Solutions,Taylor,Jessica,+1 (993) 878-3799,3149 Valley Terr,,Auckland,,51115,New Zealand,1337,13700
24261,Garcia Co.,Garcia,Betty,(210) 845-4088,1154 Birch Ct,Apt 15,Bordeaux,,81290,France,1702,900
24262,Horizon Motor Ventures,Reyes,Brandon,+49 531 744673,4732 Creek Circle,,Singapore,,835332,Singapore,1702,2500
24263,White & Scott Holdings,White,James,+33 2 33 35 14 60,1765 Garden Loop,# 567,Paris,,62968,France,1401,1700
24264,Gray Corp.,Gray,David,+1 (895) 628-2556,1615 Lake Blvd,,Fresno,AZ,65931,USA,1286,93300
24265,White & Rodriguez Enterprises,White,Angela,+33 4 35 12 66 67,2703 Magnolia Ct,,Nelson,,49496,New Zealand,,81000
24266,Johnson & Harris Inc.,Johnson,Kenneth,+33 6 91 86 90 42,1327 Lake Ave,Apt 533,Washington,TN,50268,USA,1337,300
24267,Walker & Roberts Exports,Walker,Michael,(229) 210-4075,3636 Market Circle,,Marseille,,27871,France,1188,4000
24268,Morales Holdings,Morales,Robert,(611) 582-9244,7367 Sycamore Ln,Apt 730,Kuopio,,61152,Finland,1323,272100
24269,Scott Partners,Scott,Diane,+33 7 32 68 86 56,8047 River Loop,Floor 419,Sandnes,,21410,Norway,1216,79300
24270,Edwards Inc.,Edwards,Tyler,+49 134 115286,3393 Sycamore Way,,New York,LA,90297,USA,1370,21600
24271,Garcia Boutique,Garcia,Edward,+1 (353) 557-7684,2360 Poplar Dr,,Birmingham,England,ZA8 1CZ,UK,,103600
24272,Metro Craft Holdings,Miller,Samantha,+81-43-9621-8603,4504 Pine Dr,,Sydney,NSW,6472,Australia,1621,12100
24273,Hernandez & Martin Inc.,Hernandez,Kathleen,+81-76-8779-2654,3978 Pine Ave,,Liverpool,,MW16 3TM,UK,,84700
24274,Silver Import Imports,Hernandez,Thomas,+81-16-7184-2171,582 River Way,# 367,Kawasaki,,991-6375,Japan,1619,2400
24275,Edwards Store,Edwards,Kelly,+44 62 6767 2977,5852 Hickory Ct,Ste 437,Palermo,,86686,Italy,1702,162300
24276,Ramirez & Scott Inc.,Ramirez,Samuel,+44 25 1235 9613,8457 Garden Terr,Apt 917,Ottawa,PE,N2P 3U0,Canada,1370,67300
24277,Green Gallery,Green,Julie,+34 894 324 145,9364 Meadow St,,Dortmund,,75904,Germany,1625,196400
24278,Torres Toys,Torres,Anthony,+44 32 4639 2635,2057 Poplar Ct,,Memphis,LA,45551,USA,,8200
24279,Rodriguez & Patel Ventures,Rodriguez,Kevin,+81-86-5680-1815,3103 School St,Unit 201,Kansas City,NE,90649,USA,1188,3500
24280,Patel Solutions,Patel,Benjamin,+49 971 972228,9425 Poplar Dr,,Dallas,MT,39093,USA,1612,56000
24281,Elite Import Corp.,Lewis,Elizabeth,+1 (235) 232-2601,8370 Elm St,,Bari,,85576,Italy,1619,9300
24282,Harris Holdings,Harris,Robert,+44 30 4835 9418,1911 Glen Circle,Floor 954,Hamburg,,20724,Germany,1286,113000
24283,Green Partners,Green,Kathleen,+44 74 5299 1853,7655 Main Terr,Unit 306,Bern,,43134,Switzerland,1401,4200
24284,Atlantic Motor Corp.,Rogers,Jennifer,+49 170 622895,8091 Creek Ct,Ste 747,San Francisco,WA,80860,USA,1619,44700
24285,Silver Trade Trading,Moore,Nicholas,+81-52-9129-4566,3843 Harbor St,Rm 186,Kobe,,942-7037,Japan,1165,98000
24286,Metro Trade Ventures,King,Maria,+44 76 1142 2725,2225 Highland Terr,,Nantes,,43935,France,1619,132000
24287,Lopez Associates,Lopez,Raymond,+49 595 745178,7461 Hickory Ave,,Palma,,15594,Spain,1165,17500
24288,Martinez Wholesale,Martinez,Kelly,+1 (805) 750-2158,1630 Market Terr,Ste 337,Nice,,45207,France,1401,106700
24289,Collins International,Collins,Janet,(327) 989-9276,3765 Highland Dr,Rm 280,Horsens,,44381,Denmark,1166,66500
24290,Global Motor Group,Patel,Stephanie,+44 93 3335 1142,8222 Valley St,,Innsbruck,,94347,Austria,1619,94800
24291,Bailey Toys,Bailey,Brian,+1 (942) 689-2917,4430 Elm Loop,,San Diego,OH,93888,USA,1611,105500
24292,Hill Exports,Hill,Amanda,+81-18-8193-6229,4834 River Ln,Apt 517,Valencia,,35406,Spain,1611,35200
24293,Martin Services,Martin,Stephanie,+61 4 1444 6843,4808 Highland Rd,,Geneva,,84801,Switzerland,1401,113900
24294,Martinez & Torres Industries,Martinez,Catherine,+61 2 8609 4145,3459 Cedar St,,Essen,,47879,Germany,1286,17200
24295,Baker Center,Baker,Janet,+1 (256) 419-5175,1864 Lake Pl,,Strasbourg,,93507,France,1165,43400
24296,Alvarez Store,Alvarez,Stephanie,+34 938 253 218,3726 Main Dr,,Memphis,MT,63435,USA,1625,123300
24297,Patel Models,Patel,Rebecca,+81-89-7664-7315,3076 Sycamore Dr,,Quebec City,NS,B0A 4B8,Canada,1337,100800
24298,Cook & Watson Exports,Cook,Stephen,+34 854 744 682,5415 School Pl,Apt 976,Auckland,,37161,New Zealand,1401,1200
24299,Moore Corp.,Moore,Scott,+81-69-2019-1847,2321 Maple Pl,Unit 996,Calgary,SK,T8S 0J3,Canada,1625,244100
24300,Ross & Sanchez Industries,Ross,Kathleen,+34 655 893 818,8212 Meadow St,,Fredrikstad,,86875,Norway,1370,10900
24301,Nelson Corp.,Nelson,Nicole,+49 837 716581,5578 Manor Rd,# 165,Oklahoma City,ID,87417,USA,1323,95900
24302,Wilson & Cook Wholesale,Wilson,James,+1 (613) 673-8857,1993 Poplar Circle,Unit 193,Denver,KS,49806,USA,1702,107500
24303,Watson & Perez Solutions,Watson,Donna,+1 (920) 650-1971,1041 Lake Pl,Floor 832,Philadelphia,ID,51143,USA,1102,281800
24304,Gonzalez Shop,Gonzalez,Margaret,+49 990 516267,8230 Oak Pl,Rm 917,San Jose,LA,21141,USA,1621,3400
24305,Heritage Craft Corp.,Walker,Sarah,+34 628 181 556,1203 Lake Loop,Apt 542,Tokyo,,832-4243,Japan,1337,2100
24306,Harris & Morris Group,Harris,Emma,+61 7 1271 8042,4923 Market Circle,,Bilbao,,68520,Spain,1166,155300
24307,Johnson Ltd.,Johnson,Sandra,+49 164 497467,4568 Meadow Loop,,Los Angeles,MA,26150,USA,1702,167700
24308,Morris Gallery,Morris,Pamela,+61 3 9575 1002,9022 Willow Ln,,San Diego,MT,73626,USA,1702,29300
24309,Cooper Services,Cooper,Christine,+44 34 3755 4161,7766 Bay Ave,Rm 713,Milwaukee,HI,85205,USA,1286,90400
24310,Hughes Group,Hughes,Linda,+49 996 751614,3851 Sunset Rd,Apt 463,Lyon,,23315,France,1188,19400
24311,White Collectibles,White,Shirley,+44 44 3224 3996,4516 Sunset Terr,,Baltimore,GA,90583,USA,1370,1900
24312,Martin & Cruz Exports,Martin,Aaron,+33 4 43 69 87 70,7395 Park Rd,Floor 346,Kansas City,NC,79509,USA,1143,123200
24313,Central Sales Distribution,Parker,George,+61 8 2748 3491,1018 Poplar Terr,,Newcastle,ACT,3147,Australia,1612,9100
24314,Martin Shop,Martin,Anna,+81-48-3567-3591,493 Main Rd,,Quebec City,ON,C3P 3M3,Canada,,105800
24315,Heritage Motor Exports,Jimenez,Victoria,(590) 643-4243,1038 Highland Dr,,Louisville,OK,26582,USA,1621,73000
24316,Miller Exports,Miller,Kathleen,+49 798 899776,3426 Highland Ct,Floor 930,Cologne,,48193,Germany,1702,171500
24317,Walker LLC,Walker,Debra,+61 6 6761 6679,9134 Cherry Blvd,Ste 484,Winnipeg,AB,J7J 3U2,Canada,1286,265800
24318,Heritage Auto Partners,Brown,Diane,+33 3 34 21 81 27,9760 Spring Rd,,Memphis,NJ,96070,USA,1102,40000
24319,Global Art Industries,Cook,Tyler,+34 889 596 628,8096 Summit Ct,,Hamilton,,44695,New Zealand,1166,27000
24320,Jones Imports,Jones,Emily,+33 6 35 39 62 27,565 Valley Terr,Unit 273,Tucson,ID,67714,USA,1166,179600
24321,Ramirez & Price International,Ramirez,Brandon,+81-23-4272-2263,1795 Poplar Rd,,Atlanta,AZ,43657,USA,1188,1900
24322,Wright Store,Wright,Katherine,+34 707 457 245,4889 Church Blvd,,New York,CA,67265,USA,1611,51500
24323,Castillo Center,Castillo,Sandra,+1 (508) 230-2766,9309 Harbor Rd,,Louisville,ME,55134,USA,1370,23800
24324,Central Art Industries,Robinson,James,+81-40-6024-1824,5153 Lake Terr,,Cork,,24608,Ireland,1501,206300
24325,Bennett & Williams International,Bennett,Patricia,(778) 446-3412,4828 Hollow Way,,Edmonton,NS,M8Y 7T7,Canada,1504,4300
24326,Lee & Chavez Holdings,Lee,Benjamin,+33 8 62 88 66 10,92 Summit Ave,,Kyoto,,340-9341,Japan,1401,89300
24327,Howard Gallery,Howard,Jessica,+34 689 249 253,4212 Park Circle,,San Jose,NY,22832,USA,,11000
24328,Nelson & Morris Distribution,Nelson,Nicholas,+81-25-4912-5835,1742 Bay Terr,,Nelson,,93109,New Zealand,,206900
24329,Edwards Ventures,Edwards,Samuel,+44 90 3960 4010,6821 Lake Rd,,San Jose,RI,79750,USA,1501,253900
24330,Green & Clark Associates,Green,Barbara,+61 6 1203 6496,9051 Park Pl,Rm 38,Kyoto,,172-5665,Japan,1401,5000
24331,Evans Associates,Evans,Debra,+44 58 3442 7708,265 Harbor St,Unit 374,Toulouse,,75752,France,1286,12200
24332,Mitchell Holdings,Mitchell,Rachel,+34 785 428 153,3938 Main Terr,Floor 864,Lille,,63842,France,1611,90100
24333,Rogers Solutions,Rogers,Gary,+81-76-2722-3003,122 Birch Rd,,Navan,,11925,Ireland,1143,5100
24334,Ruiz Store,Ruiz,Nicholas,+81-35-1839-7101,7150 Pine Circle,,Toulouse,,23907,France,1625,2500
24335,Phillips Group,Phillips,Mary,+33 5 25 98 32 18,1014 Manor St,Ste 615,Groningen,,28769,Netherlands,1612,123700
24336,Diamond Auto Associates,Hughes,Gary,(980) 322-9303,3959 Glen Ct,,Paris,,72854,France,1501,33100
24337,Metro Motor Corp.,White,Jessica,(493) 867-5190,1741 Hollow Dr,,San Diego,OR,43067,USA,1612,21500
24338,Sanders & Chavez Wholesale,Sanders,Linda,+34 981 421 366,3081 Station Ln,,Indianapolis,NC,65132,USA,1166,34000
24339,Alvarez & Adams Group,Alvarez,William,+33 7 61 57 44 10,6483 Chestnut Ct,,Philadelphia,WV,25613,USA,1619,53300
24340,Royal Import Wholesale,Foster,Ronald,+1 (837) 201-6905,450 Church Dr,,Mesa,WV,66325,USA,1501,59200
24341,Crystal Import Partners,Evans,Joshua,(600) 659-7875,155 River Ln,Floor 213,Chicago,VT,82447,USA,1504,123900
24342,Gomez Partners,Gomez,Dorothy,+44 75 1870 2215,1168 Maple Rd,,Oklahoma City,VA,98018,USA,1612,23900
24343,Kelly Gifts,Kelly,Jonathan,+61 8 7358 3645,3028 Forest Ave,,Stockholm,,23728,Sweden,1337,4800
24344,Gomez & Thomas Holdings,Gomez,Pamela,+44 55 2983 2354,8615 Manor Circle,Ste 116,Stuttgart,,76088,Germany,,88000
24345,Atlantic Import Distribution,Kelly,Michael,+61 8 2290 1676,5969 Birch Circle,Floor 244,Memphis,UT,19251,USA,1370,76000
24346,Wilson Depot,Wilson,Joseph,+34 788 871 758,4252 Elm Dr,,Seville,,22391,Spain,1504,4300
24347,Howard & James Inc.,Howard,Jeffrey,+34 912 274 527,5382 Cedar Way,,Perth,WA,2561,Australia,1216,18600
24348,Gutierrez Models,Gutierrez,Benjamin,(935) 852-6445,8557 Highland Terr,,Palma,,13346,Spain,1702,299000
24349,Flores Distribution,Flores,Betty,+61 7 3318 3502,5821 Glen Circle,# 295,Bilbao,,71206,Spain,1619,99800
24350,Garcia Gallery,Garcia,Maria,+1 (549) 673-5146,3040 Highland Circle,Suite 898,San Antonio,ME,30604,USA,1165,116100
24351,Garcia Gallery,Garcia,Kenneth,+1 (544) 348-7679,6676 Park Terr,,Las Palmas,,28141,Spain,1504,4500
24352,Diamond Motor International,Ramos,Edward,+44 98 7446 7435,6469 Market Pl,,Rotterdam,,49071,Netherlands,1188,4400
24353,Lee Group,Lee,Jessica,(789) 981-8142,2631 Forest Loop,,Toulouse,,43081,France,1337,71000
24354,Silver Parts Co.,Watson,Justin,+49 36 852319,3383 Manor Way,,San Jose,PA,10686,USA,1625,34700
24355,Cruz Gifts,Cruz,Jose,(307) 421-4034,8911 Hollow Pl,,Kansas City,NM,83777,USA,1625,43600
24356,Lee Models,Lee,Jason,+44 98 7215 1480,2413 Harbor St,,Naples,,60406,Italy,1166,87200
24357,Heritage Auto Services,Flores,Sarah,+61 2 4509 8521,5543 Bay Ave,Rm 206,Bristol,Scotland,AE7 4GC,UK,1501,7600
24358,Premier Sales Inc.,Murphy,Carolyn,+1 (620) 685-8494,5470 Forest Ct,,Eindhoven,,49804,Netherlands,,50600
24359,White Corp.,White,Adam,+49 605 486193,6478 Bay St,Rm 804,Fort Worth,NJ,20951,USA,1611,6900
24360,Gonzalez Center,Gonzalez,William,+81-14-5588-8170,1640 Magnolia Ct,,Almere,,46534,Netherlands,1619,900
24361,Horizon Supply Enterprises,Cruz,Steven,(240) 601-6445,178 Elm Ct,,Nashville,TN,40945,USA,1401,45200
24362,Reed Boutique,Reed,Angela,+49 319 648217,1564 Lake Loop,,Stuttgart,,53500,Germany,1216,30200
24363,Heritage Sales Services,Nguyen,Laura,+1 (473) 370-8401,2828 Cedar Ln,,Leicester,Scotland,UY49 4MM,UK,1501,89000
24364,Carter Enterprises,Carter,William,+33 1 24 97 66 75,8815 Magnolia Ave,,Lucerne,,75834,Switzerland,1323,4200
24365,Lee Wholesale,Lee,Tyler,+61 6 7961 1075,2859 Harbor Ave,,Uppsala,,42267,Sweden,,19600
24366,Reed Holdings,Reed,Richard,(780) 934-5261,7752 Harbor Terr,,Dortmund,,65911,Germany,1619,6800
24367,Jones Ltd.,Jones,Linda,+44 82 5931 1647,7835 School Rd,,Oklahoma City,IL,72376,USA,1337,18200
24368,Morales Boutique,Morales,Edward,(768) 821-2644,1812 Bay Terr,,Quebec City,BC,W8M 4A7,Canada,1370,45900
24369,Bennett Trading,Bennett,Diane,+81-14-3349-4055,6377 Poplar Ct,Unit 785,Stockholm,,47770,Sweden,1102,149000
24370,Global Sales Partners,Gomez,Melissa,+44 38 7186 5642,597 Market Way,# 474,Nantes,,54515,France,,117300
24371,Crystal Motor Enterprises,Hernandez,Kathleen,+49 839 368425,2589 River Blvd,Ste 564,San Diego,TN,77178,USA,1501,284000
24372,Martinez & Martinez Associates,Martinez,Nathan,(425) 564-4256,8204 Magnolia Blvd,Unit 369,Milwaukee,NV,73216,USA,1166,85100
24373,Davis Depot,Davis,Nicholas,+61 4 9423 4534,5140 Pine Circle,Unit 253,Horsens,,76904,Denmark,1501,245600
24374,National Parts Holdings,Reyes,Kelly,+1 (745) 266-8589,4508 Hill Blvd,Unit 300,Atlanta,MI,59925,USA,1166,178400
24375,Anderson Toys,Anderson,Nicholas,(677) 524-8930,5522 Garden Terr,,Portland,ME,84835,USA,1625,207900
24376,Diaz & Sanchez Partners,Diaz,Linda,+61 6 3305 6752,605 Spring Ct,Unit 933,Murcia,,63122,Spain,1188,2500
24377,Young Distribution,Young,Diane,+49 348 368915,7811 Magnolia Ct,Suite 470,Melbourne,NT,6129,Australia,1611,3000
24378,Moore & Brown Partners,Moore,Debra,(738) 321-7168,7409 Poplar Ave,Ste 192,Long Beach,NH,17697,USA,1504,83400
24379,Atlantic Supply Imports,Gomez,Andrew,+61 5 6579 4785,6284 Garden Dr,# 294,Long Beach,AL,75647,USA,1337,55800
24380,Classic Supply Partners,Roberts,Richard,+34 892 825 495,6917 Harbor St,,Toronto,BC,B0L 3H1,Canada,1323,5600
24381,Gonzalez Gallery,Gonzalez,Carolyn,+34 891 556 560,455 Cherry Rd,,Glasgow,Scotland,OS58 9LP,UK,1619,21900
24382,Central Supply Solutions,Richardson,Timothy,+44 13 2859 5272,896 Glen Rd,Suite 200,Sapporo,,768-3021,Japan,1102,61000
24383,Mitchell Collectibles,Mitchell,Betty,+44 49 9390 9050,9231 Ridge Loop,,Columbus,VT,97914,USA,,242600
24384,Jimenez & Torres Group,Jimenez,Rebecca,+44 82 7668 7553,4383 Forest Ct,Unit 32,Palma,,29421,Spain,1216,900
24385,Global Trade Trading,Allen,Heather,+1 (943) 607-5339,961 Forest St,,El Paso,FL,52965,USA,1702,8300
24386,Cooper Ventures,Cooper,Carol,+1 (496) 273-5146,6232 Willow Ave,Suite 925,Liverpool,Wales,YW50 8UF,UK,1323,211900
24387,Sanders Ltd.,Sanders,Janet,+61 5 4985 2055,840 Willow Rd,,New York,CT,88595,USA,1188,162000
24388,Hill & Evans International,Hill,Rachel,(743) 211-3981,7272 Highland Dr,,Dallas,KS,29578,USA,1323,294200
24389,Cooper & Phillips Trading,Cooper,Charles,+49 621 744389,1941 Hill Blvd,Suite 771,Rotterdam,,42650,Netherlands,1611,5100
24390,Thompson Exports,Thompson,Thomas,+44 80 5624 9238,2423 Market Way,,Long Beach,WY,43191,USA,1702,159200
24391,Taylor & Long Group,Taylor,Justin,+81-36-2092-8628,5034 Willow Rd,,Indianapolis,HI,62067,USA,1702,226100
24392,Phillips Distribution,Phillips,Donna,+61 4 5871 4739,4119 Valley Rd,,Stuttgart,,33990,Germany,,10200
24393,Stewart LLC,Stewart,Justin,+34 783 171 393,5458 Sunset Blvd,Floor 364,Madrid,,81224,Spain,1625,152000
24394,Jackson & Wilson Trading,Jackson,Jonathan,(502) 503-7626,1935 Park St,Apt 364,Palma,,67063,Spain,1216,46800
24395,Chavez Exports,Chavez,Laura,+49 214 520912,2825 Poplar Ln,,Catania,,40783,Italy,1702,155400
24396,Nguyen & Gomez Partners,Nguyen,Nicole,+34 747 124 509,2078 Lake Ct,Apt 71,Singapore,,183535,Singapore,1165,3500
24397,Baker Center,Baker,George,+49 915 174786,1618 Walnut Ln,Suite 877,Nashville,MS,68895,USA,,140800
24398,Reyes & Jackson LLC,Reyes,Robert,+44 65 4734 5623,4138 Spring St,,Nantes,,36221,France,1611,98900
24399,Brooks Group,Brooks,Kenneth,+81-18-6802-4948,2003 Church Ln,Apt 114,Chicago,WY,39450,USA,1621,11600
24400,Ruiz Center,Ruiz,Heather,+44 40 8367 2838,1515 Spring St,,Nice,,36547,France,1401,24600
24401,Allen Exports,Allen,Ronald,+33 9 56 33 76 63,656 Oak Rd,,Phoenix,MA,98922,USA,1504,253300
24402,Ross Imports,Ross,Ashley,(385) 922-6945,3367 Cherry Ct,,Glasgow,England,GE27 2DB,UK,1337,25600
24403,White & Diaz Wholesale,White,Joyce,+49 649 468779,4660 Walnut Loop,Unit 662,Manchester,,UK56 9RM,UK,1216,187400
24404,Foster Ltd.,Foster,Ronald,+1 (474) 747-1025,4311 Highland Dr,,Frankfurt,,41938,Germany,1370,16900
24405,Ross Depot,Ross,Nicholas,+49 339 210808,4162 River Ln,,Philadelphia,GA,10718,USA,1621,1800
24406,Howard & Howard Partners,Howard,Cynthia,+1 (217) 910-8881,8924 Hill Pl,,Copenhagen,,61791,Denmark,1337,3300
24407,Roberts Trading,Roberts,Nancy,+81-89-9843-4497,8381 Ridge Loop,,Phoenix,RI,47864,USA,1337,18100
24408,Cooper & Bennett Trading,Cooper,Diane,+44 18 2873 6206,7966 Valley Blvd,,Los Angeles,RI,35208,USA,,3500
24409,Ortiz Collectibles,Ortiz,Carolyn,+81-78-1548-7411,5042 Manor Ln,Ste 616,San Jose,DE,49954,USA,1323,800
24410,Martin Industries,Martin,Elizabeth,+34 943 569 253,6892 Ridge Rd,# 372,Winterthur,,53799,Switzerland,1143,5500
24411,Urban Motor Wholesale,Richardson,Jonathan,+44 29 5920 3675,8829 Chestnut Terr,,Columbus,CO,52644,USA,1501,209600
24412,Jones Center,Jones,Barbara,(568) 682-6865,8930 Market Rd,,Washington,AL,90655,USA,1337,198500
24413,Hughes Depot,Hughes,Maria,+81-87-9020-7624,88 Hill Loop,,Dornbirn,,44951,Austria,1286,69000
24414,King & Martin Partners,King,Betty,+61 2 9730 9210,7770 Ridge Pl,,Sacramento,OK,34491,USA,,300
24415,Capital Motor Distribution,Turner,Laura,+34 752 244 629,8189 Valley Ln,,Albuquerque,WV,29084,USA,,7200
24416,Harris Holdings,Harris,Nathan,+1 (220) 353-9021,1355 River Pl,Ste 40,Seville,,71577,Spain,,27200
24417,Urban Trade Industries,Ross,Anna,+44 28 9351 3333,8289 Meadow Terr,# 112,San Jose,MI,88182,USA,1621,24700
24418,Pacific Import LLC,Sanders,Kimberly,+81-74-9078-7809,7590 Maple Dr,,Bordeaux,,41037,France,,172000
24419,Lee Enterprises,Lee,Sarah,+81-8-8733-1607,5952 Birch St,Floor 863,Canberra,TAS,1381,Australia,,6200
24420,Flores Co.,Flores,Kelly,(570) 588-9953,6854 School St,Ste 577,Bilbao,,31482,Spain,1702,8600
24421,Wilson & Ramos Associates,Wilson,Katherine,+81-22-1072-3535,8068 Meadow Way,,Rotorua,,29294,New Zealand,1370,5000
24422,Global Import Ventures,Lopez,Tyler,+61 7 9054 3531,1814 Hill Dr,Floor 235,Nashville,NY,25758,USA,1286,292800
24423,Rodriguez & Martinez LLC,Rodriguez,Matthew,+49 100 481289,5676 Harbor Circle,,Bristol,,BJ75 2PM,UK,1370,199900
24424,Thompson Collectibles,Thompson,Jennifer,+49 898 738613,4127 Birch Rd,Ste 658,Baltimore,OK,15819,USA,1337,24500
24425,Metro Auto International,Hernandez,Kimberly,+44 83 2067 5991,7864 Glen Blvd,,Kansas City,NV,41729,USA,1370,276400
24426,Sanders Center,Sanders,John,+1 (930) 360-6968,3766 Willow Dr,,Eindhoven,,97323,Netherlands,1612,1700
24427,National Motor Industries,Lewis,Linda,+33 4 51 21 60 60,6711 Cherry Pl,,Groningen,,67502,Netherlands,1102,30900
24428,Morgan Depot,Morgan,Angela,+44 63 9004 8759,195 Hickory Circle,Rm 791,Winnipeg,NB,D9R 1G2,Canada,,29200
24429,Perez Imports,Perez,Nathan,+61 9 8301 5622,9103 Magnolia Ave,,Baltimore,ND,25331,USA,1702,4400
24430,Thompson Inc.,Thompson,Nicole,+34 929 853 152,766 Main Rd,,Edinburgh,Scotland,XB77 3JL,UK,1401,37600
24431,Brooks LLC,Brooks,Laura,+44 90 6567 2001,7162 Sycamore Ln,Unit 227,Kobe,,194-8090,Japan,1619,26500
24432,Gomez Collectibles,Gomez,Jessica,+33 1 85 75 38 65,8792 Garden Ln,,Essen,,84451,Germany,1337,1500
24433,Diamond Export Solutions,Roberts,Carolyn,+44 32 6077 2144,6032 Pine Ct,Unit 367,Stuttgart,,70046,Germany,1625,7500
24434,Kelly Trading,Kelly,Margaret,+33 6 17 80 37 70,4268 Washington Pl,Floor 434,Seattle,WA,48037,USA,,41400
24435,Lewis Center,Lewis,Janet,+34 679 711 132,427 Birch Way,,Memphis,IL,80496,USA,1702,113900
24436,Young Gifts,Young,Karen,+33 8 90 41 52 43,7248 Oak Ln,Floor 515,Sheffield,Scotland,YR66 9UQ,UK,1625,9700
24437,Classic Motor International,Green,Sarah,+34 805 430 750,8529 School Circle,Rm 692,Gold Coast,TAS,3521,Australia,1702,3700
24438,Baker & Howard Enterprises,Baker,Frank,+44 84 2665 6355,6048 Sunset Ct,,Paris,,53457,France,1501,60100
24439,Jackson Associates,Jackson,Paul,+49 187 805067,5853 Willow Circle,,Essen,,86140,Germany,1504,17100
24440,Lopez Group,Lopez,Deborah,+33 4 50 12 49 31,749 Willow Circle,,Long Beach,AL,53646,USA,1323,181200
24441,Thomas Ventures,Thomas,Carol,+61 8 4883 9405,9236 Sunset Ct,,Columbus,TN,56378,USA,1501,15800
24442,Wood Gallery,Wood,Amanda,(444) 280-5448,7747 Glen Pl,Floor 568,Osaka,,734-3206,Japan,1216,10000
24443,Collins Depot,Collins,Nicole,+1 (846) 398-3422,433 Maple St,,Kansas City,KY,90010,USA,1619,47100
24444,Golden Import Services,Anderson,Diane,+81-45-4676-1009,5882 Washington Circle,,Jacksonville,ND,32714,USA,1143,79800
24445,Atlantic Supply Group,Edwards,Patrick,+61 5 1757 3905,8972 Willow Ln,,Kobe,,493-3959,Japan,1702,150400
24446,Patel Depot,Patel,Victoria,+49 791 303758,8245 Forest Loop,,Logan City,NSW,2392,Australia,1143,59600
24447,Golden Art LLC,Thompson,Nancy,+61 5 1795 4670,9119 Birch Blvd,# 648,Yokohama,,966-9613,Japan,1188,4800
24448,Hernandez & Roberts Wholesale,Hernandez,Dennis,+33 3 80 96 37 30,8721 Spring Circle,# 742,Milan,,92181,Italy,1286,196100
24449,Morgan & Mitchell Industries,Morgan,Melissa,+81-56-2924-3040,7574 Magnolia Pl,,Fort Worth,HI,67163,USA,1188,1000
24450,Myers Depot,Myers,Brenda,+1 (599) 523-4757,7490 Manor Way,Unit 261,Sydney,NT,4636,Australia,1370,6200
24451,Collins Services,Collins,Carolyn,+61 8 8130 8742,4965 Highland Terr,,Bilbao,,89377,Spain,1286,149200
24452,Jackson Wholesale,Jackson,Janet,+44 30 5810 6500,352 Creek Ln,,Frankfurt,,99865,Germany,1501,31200
24453,Stewart Models,Stewart,Dennis,+33 5 22 31 35 98,6004 Station Ave,,Amsterdam,,25059,Netherlands,1143,275900
24454,Allen Gallery,Allen,Debra,+1 (208) 249-4189,3886 Willow Terr,,Jyväskylä,,72043,Finland,1621,135600
24455,Anderson & Martin Distribution,Anderson,Cynthia,+1 (969) 698-3807,1938 Garden Way,,Denver,FL,46668,USA,1504,43400
24456,Diamond Craft Solutions,Morales,Kevin,+33 5 77 42 91 39,2337 Hollow Ct,,Kansas City,ID,94908,USA,1188,2200
24457,Gonzalez Holdings,Gonzalez,John,+49 505 210386,6671 Elm Circle,,Jönköping,,72181,Sweden,,44600
24458,Metro Sales Co.,Ward,Pamela,+1 (893) 697-4577,5726 Market St,Unit 210,Indianapolis,WA,56681,USA,,500
24459,Young Shop,Young,Jeffrey,+33 7 87 86 85 52,5013 Manor Blvd,Rm 13,Las Vegas,AZ,47767,USA,1370,3500
24460,White Corp.,White,Alexander,+49 750 17257,1168 Highland Blvd,,Berlin,,31090,Germany,1143,47300
24461,Mendoza & Price LLC,Mendoza,Samuel,+81-15-5072-1792,5857 Church Ln,Ste 961,Kuopio,,22232,Finland,1501,5100
24462,Diaz & Jones Holdings,Diaz,Laura,+1 (860) 720-6938,7522 Poplar St,,Sydney,ACT,3585,Australia,1702,179700
24463,Carter & Torres Enterprises,Carter,Pamela,+44 53 6856 5788,4335 Ash Terr,,Barcelona,,41206,Spain,1504,24800
24464,Morales & Taylor Solutions,Morales,Patrick,+34 760 719 683,9652 Station Ct,Apt 817,Jacksonville,OK,70077,USA,1286,232700
24465,Ross Enterprises,Ross,Frank,+49 86 670579,6663 Sycamore Loop,,Montpellier,,39702,France,,135600
24466,Martinez & Howard Enterprises,Martinez,Brandon,(564) 572-1720,3792 Maple Ave,,Fort Worth,CO,20660,USA,1102,170700
24467,Martinez Gallery,Martinez,Paul,+1 (602) 731-6372,8988 Maple Way,Rm 777,Seattle,VA,82153,USA,1501,88300
24468,Alpha Export Ventures,Brooks,Kenneth,(478) 647-3059,2461 Bay Ct,,Austin,UT,41526,USA,1611,8300
24469,Hill & Green Associates,Hill,Emma,(588) 482-3003,6472 Creek Way,Ste 810,Long Beach,CO,11923,USA,1188,252100
24470,Capital Export Holdings,Jimenez,Samantha,+1 (439) 781-9986,5388 Ash Ave,,Phoenix,GA,90955,USA,1625,6700
24471,Mitchell Gallery,Mitchell,Sarah,+81-13-2429-9793,1339 Church Dr,,Jacksonville,GA,85931,USA,1625,169900
24472,Evans & Clark Group,Evans,Debra,+49 802 325055,2977 Birch St,# 908,Paris,,11283,France,1619,3400
24473,Long Inc.,Long,Scott,+81-89-2964-8849,7204 Cedar Circle,,Hamilton,,91992,New Zealand,1165,46300
24474,Ortiz & Ross Exports,Ortiz,Justin,(837) 700-2058,400 Glen St,,Phoenix,ID,32239,USA,1401,215900
24475,Phillips & Hughes Imports,Phillips,Timothy,+44 46 1501 2084,3192 School Rd,,Montpellier,,36192,France,1501,111800
24476,Brooks Models,Brooks,Catherine,+61 4 1976 8538,5178 Pine Loop,,Las Vegas,MS,35334,USA,1337,283600
24477,Capital Sales Partners,Murphy,Sarah,+44 28 8539 9921,4978 Summit Terr,,Valencia,,35836,Spain,1370,151000
24478,Davis Enterprises,Davis,Jessica,(715) 855-9909,9584 Ridge Way,Suite 158,Fort Worth,MD,28758,USA,1286,13500
24479,Miller Holdings,Miller,Mary,(996) 953-1348,65 Ash Terr,,Edinburgh,,ZT57 3RZ,UK,1165,74800
24480,Murphy & Kim Exports,Murphy,Emma,+44 42 6917 1591,148 Ash Ct,# 728,Memphis,ME,73591,USA,1166,35100
24481,Howard & Price Holdings,Howard,Margaret,+81-22-2455-6932,3854 Forest Ave,Suite 14,Atlanta,NV,70792,USA,1504,198100
24482,Mendoza Ventures,Mendoza,Carolyn,+81-76-2856-3643,8229 Ridge Ln,Suite 263,San Francisco,OR,36269,USA,1504,49800
24483,Rivera Partners,Rivera,Mark,+49 742 585057,8018 Main Ln,,Memphis,WY,55346,USA,1166,16700
24484,Evans & Cox Solutions,Evans,Susan,+34 635 521 239,9264 Maple Ct,Floor 920,Baltimore,CT,52196,USA,1612,131100
24485,Sunrise Sales Associates,Roberts,Susan,+44 98 2663 1524,2396 Cherry Circle,Unit 48,Bari,,12874,Italy,1143,18600
24486,Kelly Ventures,Kelly,Ronald,(906) 412-8135,7976 River Way,# 655,Graz,,57873,Austria,1323,123600
24487,Nelson Depot,Nelson,Tyler,+49 816 251467,5633 Poplar Way,Rm 519,Sydney,NSW,7592,Australia,1323,8200
24488,Ortiz & Nguyen Enterprises,Ortiz,Diane,+81-23-3728-8996,9095 Maple St,,St. Gallen,,56587,Switzerland,1401,157300
24489,Taylor LLC,Taylor,Alexander,+49 408 295366,1948 Hollow Ave,,Virginia Beach,VA,14121,USA,1286,200500
24490,Atlantic Export Associates,Alvarez,Dennis,+61 4 5068 6982,8924 Highland Circle,Floor 589,Jacksonville,GA,73278,USA,1619,6000
24491,Pacific Auto Imports,Lee,Mark,+61 6 3848 8838,8495 Hollow Pl,,San Antonio,FL,23394,USA,1102,198700
24492,Sanchez Trading,Sanchez,Jason,+61 4 8380 6443,6974 Magnolia Blvd,Floor 535,Seville,,24826,Spain,1216,3700
24493,Perez Models,Perez,Nicole,+33 2 21 57 82 70,4252 School St,Unit 369,Atlanta,NJ,96744,USA,1286,129300
24494,Ramirez & Phillips Ltd.,Ramirez,Susan,+1 (738) 437-5935,2814 Church Rd,,El Paso,AR,88604,USA,1702,297900
24495,Thompson Gifts,Thompson,Carol,+33 7 40 53 13 29,2898 Lake Ln,,Jacksonville,NH,45766,USA,,118100
24496,Smith Gallery,Smith,Nathan,+49 236 176045,8607 Manor Pl,Ste 899,Nantes,,28119,France,,92200
24497,Rogers & Walker Associates,Rogers,Mark,+34 663 559 382,4605 Harbor Circle,Rm 574,Kansas City,OR,72899,USA,1504,6100
24498,Richardson Boutique,Richardson,Gary,+81-88-5731-7462,54 Chestnut Ave,Rm 485,Phoenix,NH,93871,USA,1286,116200
24499,Horizon Supply Distribution,Gray,Barbara,+44 61 5513 4434,473 Sycamore Terr,,Houston,WA,42957,USA,1625,121600
24500,Atlantic Import Co.,White,Maria,+61 7 9539 4922,461 Elm Ct,,Colorado Springs,MA,47026,USA,1216,78700
24501,Campbell Gifts,Campbell,Donald,(456) 977-8881,4305 Park Ct,Rm 491,Houston,IA,67790,USA,1370,300
24502,Wilson & Watson Wholesale,Wilson,Brenda,+44 13 1258 3154,7309 Sycamore Loop,,Rome,,48444,Italy,1619,180800
24503,Gomez Wholesale,Gomez,Nancy,+44 24 9969 4614,6247 Hickory Circle,Suite 708,Baltimore,WV,11374,USA,1625,40800
24504,Brown Gifts,Brown,Jessica,+44 74 1772 1479,7064 Forest Ct,,Birmingham,Wales,DQ1 5SV,UK,1611,52800
24505,Cox & Roberts Group,Cox,Justin,+61 2 4298 9734,9097 Maple Rd,,Nantes,,64480,France,1501,3700
24506,Horizon Parts Wholesale,Clark,Joshua,+49 738 840629,4845 Pine Pl,,Jacksonville,TN,23877,USA,1370,5100
24507,Jimenez & Reyes Industries,Jimenez,David,+34 620 489 853,932 Hickory Pl,# 404,Stuttgart,,47970,Germany,1166,287200
24508,Phillips Distribution,Phillips,Cynthia,+44 75 5586 6289,7141 Ridge Blvd,,Denver,KS,76143,USA,1143,6400
24509,Young & Lopez Co.,Young,Dorothy,+49 794 718984,5655 Glen Pl,Ste 872,New York,AZ,88751,USA,1143,274700
24510,Walker Industries,Walker,Frank,+81-67-1445-3025,2244 Elm Ln,Rm 195,Munich,,69579,Germany,1143,2800
24511,Allen & Castillo Group,Allen,Jack,+44 85 5127 5624,6063 Manor Blvd,# 668,San Francisco,MS,96301,USA,1625,57100
24512,Horizon Auto Exports,Ortiz,Raymond,+1 (306) 409-5180,2995 Elm Ln,,Fresno,KS,12384,USA,1702,191800
24513,Hughes International,Hughes,William,+81-16-4190-8242,1971 Main Loop,,Los Angeles,NV,80276,USA,1621,99300
24514,Lopez Corp.,Lopez,Rachel,+44 96 1823 3673,7502 Cedar Rd,,Nagoya,,419-8178,Japan,1188,31700
24515,Kim Distribution,Kim,Larry,(949) 485-5299,2442 Washington St,,Cologne,,31798,Germany,1102,52200
24516,Morris & Bennett Ltd.,Morris,Tyler,(460) 993-3567,3943 Harbor Way,Rm 487,Sacramento,ME,60845,USA,1323,40900
24517,Taylor Gifts,Taylor,Amy,+81-52-2558-5681,5606 Creek Terr,,Singapore,,877512,Singapore,,17100
24518,Turner International,Turner,Ronald,+1 (812) 745-9784,3403 Highland Loop,,Atlanta,HI,11117,USA,1504,141400
24519,Taylor Co.,Taylor,Dorothy,+44 12 2823 1831,2952 Chestnut Pl,,Düsseldorf,,99526,Germany,1702,600
24520,Ortiz Depot,Ortiz,Andrew,+49 36 192219,5871 Forest Ln,Floor 324,Hamilton,AB,H7H 2A2,Canada,1612,252200
24521,Martinez Depot,Martinez,Kimberly,+49 121 660521,1246 Highland Rd,,Wellington,,92926,New Zealand,,21200
24522,Wood Boutique,Wood,Gregory,(464) 772-9734,214 Chestnut Ln,,Stockholm,,92627,Sweden,1102,33500
24523,Morris Solutions,Morris,Jack,+81-66-6776-4826,5597 Hickory Dr,,Sapporo,,347-2906,Japan,1323,203400
24524,Jimenez Enterprises,Jimenez,Aaron,(530) 544-9588,7899 Ash Way,Suite 316,Lugano,,97774,Switzerland,1216,254600
24525,Parker & Thomas Group,Parker,Dennis,+1 (862) 604-3427,3651 Elm St,,San Jose,OH,42590,USA,1504,9700
24526,Gray Wholesale,Gray,Samantha,+33 2 23 29 85 16,470 Chestnut Ave,Apt 382,Brussels,,18132,Belgium,1612,4600
24527,Wood Wholesale,Wood,Frank,+33 5 61 53 75 51,428 Station Dr,,Fort Worth,HI,57656,USA,1323,192300
24528,Wilson Solutions,Wilson,Susan,+1 (502) 851-6341,9212 Creek St,,Nice,,15410,France,1165,119600
24529,Metro Export Partners,Wright,Alexander,+34 900 791 754,2439 Station Terr,Unit 161,Amsterdam,,86134,Netherlands,1625,30700
24530,Mitchell Center,Mitchell,Richard,+81-83-9049-2699,2871 Creek Pl,# 113,Dallas,PA,20504,USA,1143,34600
24531,Wilson Industries,Wilson,Samuel,(656) 646-4228,7141 Chestnut Blvd,,Nijmegen,,87506,Netherlands,1216,29100
24532,Bennett & Turner Inc.,Bennett,Melissa,+61 9 4204 6103,9925 Garden Way,,Seattle,NC,66463,USA,1621,4200
24533,Premier Art Imports,Perez,Tyler,+49 176 836276,4574 Maple Terr,,Columbus,FL,83137,USA,1216,198900
24534,Thomas Toys,Thomas,Anna,+81-71-2331-1707,670 Walnut Pl,,Raleigh,HI,69229,USA,1621,66000
24535,Kelly Partners,Kelly,Justin,+33 3 91 52 25 25,7414 Highland Terr,,Atlanta,NE,74118,USA,1166,81900
24536,Robinson Ltd.,Robinson,Andrew,+34 973 956 409,1143 Maple Way,# 715,Leipzig,,88153,Germany,1323,4200
24537,Patel & Edwards Solutions,Patel,Andrew,+81-10-3396-2696,1887 Ash Rd,,Washington,PA,37534,USA,1501,86400
24538,Jones Services,Jones,James,+44 39 9867 2576,3354 Hickory Ln,,Paris,,67634,France,1621,9700
24539,Foster Toys,Foster,Ronald,+49 958 305512,6297 River Way,Floor 195,Quebec City,MB,U5N 1H6,Canada,1501,15300
24540,Gray & Gonzalez Exports,Gray,David,+1 (350) 526-4573,170 Washington Blvd,,Groningen,,87226,Netherlands,1166,2700
24541,Ramos & Myers Partners,Ramos,Patricia,+34 910 484 196,4535 Poplar Blvd,,Zurich,,59511,Switzerland,,6900
24542,Bailey & Lee Holdings,Bailey,Victoria,+1 (778) 516-6698,8666 Creek Way,,Phoenix,CO,63890,USA,1621,123200
24543,Price & Price Group,Price,Jennifer,+61 5 1512 1151,8757 Manor Way,Rm 293,Wels,,32093,Austria,1625,4900
24544,Urban Parts Solutions,Castillo,Patrick,+1 (763) 481-6133,4890 Spring Rd,,Genoa,,82011,Italy,1102,42400
24545,Kelly Co.,Kelly,Kelly,+33 2 75 26 48 99,4745 Poplar Ln,,Indianapolis,NM,93920,USA,1337,7000
24546,National Motor Ltd.,Rivera,Aaron,+61 8 9023 6911,6889 Harbor Ave,Floor 628,Hamburg,,27375,Germany,1611,32700
24547,Nelson & Nguyen Group,Nelson,Mark,+44 53 5186 7136,6263 Hickory Way,# 330,Atlanta,NC,28769,USA,,30300
24548,Reyes & Edwards Holdings,Reyes,Jason,+49 794 460060,3461 Sunset Ave,,El Paso,KY,19513,USA,1166,8100
24549,Lewis Trading,Lewis,Gary,+61 4 5196 7611,4778 Hollow Rd,,San Antonio,GA,13256,USA,1621,264900
24550,Smith Imports,Smith,Nicholas,+33 4 30 68 44 43,5268 Washington Ave,,Memphis,TN,96978,USA,1504,5800
24551,Lopez Holdings,Lopez,Dennis,+34 727 850 889,1098 Summit Dr,,Paris,,93223,France,1323,10400
24552,Bennett Inc.,Bennett,Sandra,+44 15 1644 6864,9671 Magnolia Pl,Rm 147,Saitama,,892-3691,Japan,1286,111300
24553,King Toys,King,Samantha,+44 79 1229 2342,2434 Washington Way,,Toulouse,,31838,France,1323,500
24554,Long Toys,Long,Andrew,+44 18 5160 2737,4705 Highland Way,,Nagoya,,651-5523,Japan,1102,1800
24555,Long Center,Long,Ryan,+61 3 8787 9775,2812 Valley Dr,,Los Angeles,OK,71016,USA,1612,2800
24556,Ruiz & Moore Distribution,Ruiz,Diane,+44 55 9577 3442,9080 Lake Way,,Graz,,88929,Austria,1370,178600
24557,Green Boutique,Green,Richard,+44 22 6426 4006,58 Highland Ln,,Chicago,DE,78601,USA,1216,19000
24558,Phillips Imports,Phillips,Joshua,+34 607 374 181,6182 Walnut Blvd,,Fort Worth,OR,70252,USA,1702,189600
24559,Kim & Rivera Exports,Kim,Barbara,(362) 399-9715,3986 Walnut St,Apt 327,Namur,,64075,Belgium,1621,33700
24560,Hall & Gray Wholesale,Hall,Jason,+44 37 5644 3916,7309 Valley Dr,,Palma,,70505,Spain,1611,8800
24561,National Motor Associates,Sanders,Laura,+61 7 1658 6895,3137 Garden Ln,Rm 819,Quebec City,AB,U2K 0R9,Canada,1621,49800
24562,Chavez Center,Chavez,Deborah,+34 915 668 591,2218 Magnolia Ln,,Rome,,46045,Italy,1188,41600
24563,Morgan Solutions,Morgan,Tyler,+44 26 3753 4813,7326 Elm Rd,,Virginia Beach,OK,83157,USA,1619,189200
24564,Capital Art Industries,Ruiz,Andrew,+49 495 819538,3703 Station Ct,,San Jose,OH,45150,USA,1619,3700
24565,Jimenez Solutions,Jimenez,Steven,+61 8 7890 7036,5856 Highland Dr,,Charlotte,AZ,49098,USA,1625,129400
24566,Capital Supply Holdings,Gomez,Lisa,+61 9 9251 1809,5406 Manor Circle,Suite 5,The Hague,,96530,Netherlands,1102,123800
24567,Gomez Imports,Gomez,Scott,+34 839 907 851,5302 Magnolia Blvd,# 294,Edmonton,MB,H2W 0S6,Canada,1216,9000
24568,Bennett Industries,Bennett,Cynthia,+44 44 9969 6656,9567 Harbor Circle,,Baltimore,LA,98949,USA,1504,9500
24569,James & Scott Solutions,James,Brian,(248) 901-8192,1699 Spring Pl,,Memphis,MO,72247,USA,1702,42000
24570,Diamond Supply Group,Reed,Amy,+44 97 4399 1052,6284 Manor Blvd,,Naples,,56059,Italy,1612,46200
24571,Cook Toys,Cook,Mary,(542) 730-3633,2546 River Dr,Ste 398,Nashville,MT,62032,USA,1286,70100
24572,Green & Ramirez Associates,Green,Cynthia,+34 627 572 585,9526 Forest Ave,Suite 766,Saitama,,493-7022,Japan,1323,4700
24573,Jones Ltd.,Jones,Charles,+33 9 62 36 64 11,5011 Maple Way,,London,Scotland,KY50 3GM,UK,,136100
24574,Young LLC,Young,Michael,+81-16-4327-9346,1376 River Ct,,El Paso,DE,24758,USA,1337,33300
24575,Rivera Boutique,Rivera,Christine,+61 8 5077 7108,4354 Poplar Circle,Unit 34,Phoenix,FL,76546,USA,1625,216300
24576,Martinez Inc.,Martinez,Emily,+49 799 91350,5015 Hill Terr,Floor 786,Palmerston North,,36243,New Zealand,1619,42800
24577,Heritage Motor Associates,Davis,Margaret,+33 4 31 82 42 94,1057 Creek Loop,Ste 169,Leicester,Scotland,ZQ16 3EQ,UK,1165,255200
24578,Wilson International,Wilson,Kevin,+61 2 9148 9524,4441 Elm Ave,,Kawasaki,,469-1561,Japan,1188,179700
24579,Bennett & Howard Enterprises,Bennett,Kathleen,+44 94 4488 1907,8402 Creek Pl,# 520,Marseille,,72913,France,1619,73500
24580,Crystal Parts Imports,Lee,Jack,+34 957 148 932,6854 Pine Pl,Suite 766,Memphis,GA,66771,USA,,160100
24581,Thomas & Campbell Corp.,Thomas,Steven,+33 3 46 10 97 84,7794 Cherry St,,Paris,,79143,France,1401,191100
24582,Williams Corp.,Williams,Jonathan,+1 (690) 336-3955,6900 Cedar Ave,,Liverpool,,PF53 1RR,UK,1188,94600
24583,Garcia Co.,Garcia,Adam,+34 996 190 161,829 Maple Ave,,Bruges,,91186,Belgium,1621,600
24584,Anderson & Ortiz Enterprises,Anderson,Anna,+49 147 202104,227 Valley Ln,,Toronto,AB,D9G 9U1,Canada,1188,217000
24585,Martinez & Peterson Exports,Martinez,James,+81-27-1385-9901,1808 Maple Dr,,Brisbane,VIC,5054,Australia,1216,26900
24586,Capital Craft International,Bennett,Andrew,+61 8 2770 9745,4279 Maple Ct,,Toulouse,,46018,France,1504,47900
24587,Garcia & Baker Ventures,Garcia,Anthony,+81-53-1615-4356,87 Washington Blvd,Suite 828,Oulu,,99582,Finland,1188,107800
24588,Evans International,Evans,Nicholas,+34 773 968 861,1653 Lake Dr,Unit 498,Nantes,,36112,France,1702,135100
24589,Reed & Jones Imports,Reed,Edward,+1 (787) 977-3281,3253 Spring Ave,Unit 646,Barcelona,,31574,Spain,1702,10900
24590,White & Collins Exports,White,Kathleen,+81-85-2626-4731,590 Cedar Circle,Rm 504,Melbourne,TAS,6952,Australia,1102,7100
24591,Brown Ventures,Brown,Rachel,+81-76-2966-4659,7898 Washington Way,,Lille,,31432,France,1619,22800
24592,Crystal Export Enterprises,Stewart,Ronald,+81-56-2880-4790,9463 Poplar Pl,,Louisville,NM,19828,USA,1216,41300
24593,Royal Import Industries,Cooper,Kelly,+81-34-9226-8979,1193 Garden Ave,,Bristol,Wales,LX24 6EI,UK,1166,58600
24594,Heritage Trade Solutions,Morgan,Diane,+33 8 81 91 85 28,3328 Forest Rd,Suite 431,Baltimore,NJ,94745,USA,1337,173800
24595,Sanders & Thompson Inc.,Sanders,Samantha,+33 5 97 39 25 65,4052 Highland Way,Suite 817,Montreal,AB,H1A 3G7,Canada,,14700
24596,Miller Ltd.,Miller,Michelle,+34 996 577 798,8213 Lake Ln,Rm 36,Bristol,Scotland,RO63 7VH,UK,1612,66800
24597,Alpha Auto Services,Watson,David,+34 610 479 353,7642 Ash Dr,Apt 421,Zaragoza,,59673,Spain,,7100
24598,Mitchell Enterprises,Mitchell,Benjamin,+81-84-1729-7664,8687 River Ln,Suite 319,Houston,NJ,28977,USA,1143,147500
24599,Robinson Imports,Robinson,Matthew,+1 (354) 914-3274,3333 Ash Ct,,Örebro,,36404,Sweden,1621,231800
24600,Garcia & Smith Inc.,Garcia,Jason,+44 74 3352 5324,6835 Meadow Terr,,Cologne,,77262,Germany,1165,121400
24601,Miller Distribution,Miller,Deborah,+61 8 6982 3097,2944 Oak Way,,Tauranga,,44239,New Zealand,1504,119700
24602,Collins & Ross Services,Collins,Carolyn,(798) 918-1359,7182 Manor Pl,,Hamilton,NL,B4J 2E0,Canada,1188,700
24603,Campbell Services,Campbell,Debra,(606) 227-4467,5363 Highland Dr,,Las Vegas,KY,61723,USA,1625,118800
24604,Ruiz Gifts,Ruiz,David,+44 15 9436 6341,8079 Birch Loop,Unit 776,Liège,,71702,Belgium,1286,3400
24605,Urban Parts Distribution,Morales,Christine,+1 (221) 821-4707,8978 Forest Blvd,Ste 923,Sydney,WA,9120,Australia,1370,49000
24606,Robinson Models,Robinson,Raymond,+33 3 31 53 97 37,9280 Maple Dr,,Christchurch,,74027,New Zealand,1611,9200
24607,Silver Craft Group,Anderson,Nicole,+44 68 8841 3372,8993 Garden St,,Stockholm,,97949,Sweden,1323,165300
24608,Watson & Reed Associates,Watson,Lisa,+34 658 992 859,2789 Hollow Loop,,Quebec City,BC,U6L 5W0,Canada,1611,4100
24609,Rogers Gallery,Rogers,Charles,+49 723 225456,1320 Cherry Pl,,Randers,,55502,Denmark,1612,2000
24610,Davis Gifts,Davis,Barbara,+33 9 20 72 22 44,6135 Bay Ave,,Oklahoma City,MI,96421,USA,1621,69300
24611,Hall & Taylor Imports,Hall,Steven,+44 73 3552 3135,8067 Highland Rd,Rm 232,Dublin,,97098,Ireland,1165,268900
24612,Classic Sales Holdings,Lee,Laura,+49 394 939862,2238 Poplar St,# 110,Milwaukee,PA,31640,USA,1501,1300
24613,Anderson Depot,Anderson,Sharon,+49 427 596415,6107 Creek Rd,,Milwaukee,TN,70121,USA,1165,58700
24614,Silver Import Distribution,Parker,Samuel,+81-14-4933-4683,2210 Hollow Rd,,Paris,,49087,France,1619,300
24615,Miller Store,Miller,George,(470) 732-3421,5015 Spring St,Floor 458,Portland,IL,32371,USA,1102,199500
24616,Horizon Export Imports,Hughes,Nicholas,+61 9 2179 4184,2994 Walnut Ave,,Hamilton,QC,Y3K 1P4,Canada,1611,129000
24617,Moore Depot,Moore,Anna,+81-73-2983-1929,3807 Pine Ct,Apt 508,Virginia Beach,MO,77503,USA,1143,41400
24618,Smith Depot,Smith,Benjamin,+44 57 6362 5241,6822 Garden Circle,Unit 678,Kitchener,SK,P5D 8M1,Canada,1188,98800
24619,Murphy & Foster Inc.,Murphy,Shirley,+33 3 12 85 41 18,9051 River Ave,# 669,Seattle,WA,60331,USA,1612,9300
24620,Murphy Center,Murphy,Diane,(823) 283-1129,596 Maple Dr,,Raleigh,HI,39713,USA,1621,1600
24621,Foster Models,Foster,Amy,+49 207 403897,5566 Valley Terr,# 835,Indianapolis,NM,29418,USA,1702,9300
24622,Smith Boutique,Smith,Nancy,+1 (397) 269-1309,6470 Sunset Loop,,Oklahoma City,MO,42612,USA,1337,243800
24623,Ramos Services,Ramos,Lisa,+33 7 39 54 30 73,95 Park Circle,,Nashville,WI,73179,USA,1612,77600
24624,Reed Imports,Reed,Betty,+33 6 72 36 96 58,7894 School Loop,# 764,Charlotte,FL,88954,USA,1625,68500
24625,Miller Depot,Miller,Dorothy,+33 9 54 80 57 22,624 Magnolia Way,,Columbus,MN,21552,USA,1166,42600
24626,Nelson & Watson Distribution,Nelson,Nicole,+33 5 83 89 96 56,9800 School Way,Ste 955,Düsseldorf,,17682,Germany,1337,10000
24627,Bennett Enterprises,Bennett,Raymond,+33 5 81 35 76 36,444 Birch Pl,Unit 931,Strasbourg,,58203,France,,150100
24628,Silver Sales Solutions,Ruiz,Kevin,+44 76 2313 1631,4564 Spring St,Rm 786,Salzburg,,73997,Austria,1401,35400
24629,Watson Enterprises,Watson,Debra,+34 785 291 810,9436 Pine St,,San Francisco,TN,22169,USA,,74000
24630,Mendoza International,Mendoza,Nicholas,+44 64 1590 9385,9096 Market Terr,Suite 497,Biel,,62294,Switzerland,1166,22800
24631,Thomas Imports,Thomas,Sandra,+34 964 190 651,7160 Hickory Circle,# 105,Eindhoven,,63499,Netherlands,,16700
24632,Reed Gallery,Reed,Alexander,+34 853 107 485,7193 Highland Ave,,Atlanta,TN,96917,USA,1370,117700
24633,James & Anderson Ltd.,James,George,(852) 911-9156,5671 Summit St,Apt 723,Nashville,LA,36902,USA,1216,271400
24634,Foster Trading,Foster,Ronald,+61 9 5081 2124,5838 Cedar Ave,,Genoa,,64797,Italy,1504,264600
24635,Silver Auto Wholesale,Wilson,Stephen,+33 9 56 31 58 36,3571 Hollow Loop,,Christchurch,,97355,New Zealand,1612,93400
24636,Reed & Jimenez Co.,Reed,Victoria,(429) 509-8129,9715 Main Ave,,Toulouse,,14232,France,1501,8700
24637,Jackson Collectibles,Jackson,Kimberly,(799) 448-5034,1109 School Ave,,Fresno,MT,92149,USA,1143,218800
24638,Ramirez Services,Ramirez,Elizabeth,+81-12-5601-9778,2919 Magnolia Circle,,Bari,,22096,Italy,1102,101600
24639,Sunrise Parts Distribution,Flores,Aaron,+81-82-2480-8921,3000 Market Rd,Suite 554,Madrid,,96820,Spain,1621,133500
24640,Ross Center,Ross,Kathleen,+61 6 5762 5120,388 Chestnut St,,Los Angeles,LA,84615,USA,1286,86000
24641,Murphy Exports,Murphy,Brandon,(955) 573-3286,3170 Oak St,,Dallas,IA,26192,USA,1401,42500
24642,Urban Auto Corp.,Patel,Patrick,+1 (918) 345-7263,4389 Cherry Loop,,Munich,,39718,Germany,1611,6500
24643,Brown Store,Brown,Kenneth,+61 6 8001 8771,5130 Poplar Circle,,Bristol,Scotland,RZ50 4NJ,UK,1165,134700
24644,Hill & Taylor Ltd.,Hill,Karen,+44 35 1007 8397,5441 Oak Loop,,Yokohama,,817-6211,Japan,,3700
24645,Nguyen & Diaz LLC,Nguyen,Stephen,+81-41-4978-3665,7592 Market Dr,Floor 354,Long Beach,TX,90757,USA,1166,80100
24646,Carter & Baker Trading,Carter,Anthony,+44 41 9711 4047,8567 Cedar Way,Rm 142,Frankfurt,,17848,Germany,1621,40900
24647,Urban Supply LLC,Watson,Justin,+81-49-2338-8874,9742 Main Blvd,,Essen,,44351,Germany,,800
24648,Patel & Sanders LLC,Patel,Nicholas,(335) 656-8568,6757 River Loop,,Louisville,SD,78015,USA,1323,112700
24649,Long Solutions,Long,Tyler,+49 466 315525,8301 Hollow Terr,Unit 371,Lille,,85222,France,1625,4900
24650,Royal Export Partners,Murphy,Andrew,+1 (718) 641-9963,4770 Harbor Way,,Bristol,England,JZ49 2EV,UK,1166,38500
24651,Flores & Rivera Ventures,Flores,Deborah,+1 (750) 920-9189,9511 Birch Rd,,Denver,IL,35654,USA,1370,111300
24652,Atlantic Export Holdings,Nguyen,Mark,+49 295 212979,1039 Magnolia Loop,,Vancouver,NL,P8S 7E9,Canada,1625,220000
24653,Williams & Jackson Group,Williams,Patrick,+44 31 5195 2470,6917 Cherry Ave,,Virginia Beach,WI,28534,USA,1165,118500
24654,Brooks Boutique,Brooks,Charles,+49 529 322894,517 Willow Pl,,Austin,ND,50163,USA,1504,33900
24655,Capital Craft Imports,Cox,Sharon,+49 966 640221,1886 Washington Ave,,Turin,,78376,Italy,1612,1700
24656,Premier Parts LLC,Young,Melissa,+33 4 19 76 34 65,5419 Maple Ct,,Kobe,,553-3795,Japan,1286,24000
24657,Ortiz Collectibles,Ortiz,Victoria,+81-49-1044-2852,9404 Bay Ct,,Toronto,AB,G6V 2F4,Canada,1611,43500
24658,Campbell & Phillips Group,Campbell,George,(465) 299-1164,471 Chestnut Dr,,Singapore,,688897,Singapore,1286,35500
24659,Metro Parts Wholesale,Reyes,Jerry,(796) 406-3505,5194 Garden Blvd,,Saitama,,228-7448,Japan,1619,700
24660,Baker Services,Baker,Elizabeth,(516) 795-7103,9426 Magnolia Blvd,,Nelson,,47193,New Zealand,1165,24800
24661,Turner Holdings,Turner,Edward,+44 76 3772 7710,6780 Meadow St,# 624,Bologna,,32040,Italy,1286,5900
24662,Gutierrez & Morris Co.,Gutierrez,Kimberly,+44 68 3478 8960,8104 Cedar Ct,,Düsseldorf,,92421,Germany,1286,295700
24663,Gomez Services,Gomez,Kelly,+1 (962) 972-7284,8595 Cherry Loop,,Long Beach,PA,99185,USA,1504,6500
24664,Alpha Export Inc.,Johnson,William,+49 399 145944,3580 Ridge Blvd,,Hamburg,,32444,Germany,1702,28400
24665,Gray Toys,Gray,Nathan,+33 5 94 47 98 71,8590 Forest Terr,,Berlin,,83597,Germany,1619,34000
24666,Nelson & Roberts Industries,Nelson,Heather,+33 7 77 45 37 71,3966 River Blvd,Rm 303,Portland,CO,15095,USA,,89300
24667,Golden Trade Imports,Smith,Joseph,+81-11-9599-3471,2335 Market Ave,Unit 644,Fukuoka,,602-6458,Japan,1166,182900
24668,Robinson & Kim Ltd.,Robinson,Patrick,(306) 200-1928,2570 Birch Ave,,Jacksonville,MD,60111,USA,1702,8000
24669,Metro Import Distribution,Ward,Kathleen,+34 909 593 753,8614 Poplar Terr,,Paris,,27371,France,1337,291500
24670,Elite Export Trading,Brooks,Sandra,+61 9 2915 2557,5594 Sunset Blvd,Ste 268,Fort Worth,MO,37993,USA,,17600
24671,Allen & Thompson Trading,Allen,Brian,+33 5 25 48 58 28,1647 Pine Blvd,,Manchester,Scotland,ZN58 1RF,UK,1370,200
24672,Phillips & Rogers Ltd.,Phillips,Jack,(463) 570-2272,7784 Oak Dr,,Essen,,18259,Germany,1401,222000
24673,Robinson & Hughes Associates,Robinson,Jack,+33 8 18 93 15 60,2385 Willow Terr,,Singapore,,274727,Singapore,1102,21900
24674,Peterson & Kelly Co.,Peterson,Joshua,+1 (862) 872-8584,2190 Cedar Terr,,Dortmund,,40560,Germany,1143,146100
24675,Diaz Services,Diaz,Edward,+1 (828) 460-8709,5517 Manor Pl,,Austin,LA,13964,USA,1286,188600
24676,Reed Collectibles,Reed,Catherine,+61 7 3986 2226,9469 School Blvd,,Norrköping,,72271,Sweden,1286,800
24677,Cox LLC,Cox,Joshua,+44 75 1875 6558,2628 Cherry Rd,Apt 393,Yokohama,,146-9164,Japan,1188,9000
24678,Watson Exports,Watson,Stephanie,+34 618 385 338,6431 Poplar Way,Floor 725,Fresno,CT,87761,USA,1504,271800
24679,Adams Imports,Adams,Stephanie,+33 2 49 19 97 18,7454 Ash Blvd,,Liverpool,Wales,IL81 5QZ,UK,,105800
24680,Moore & Morris Wholesale,Moore,Jeffrey,+1 (588) 412-6327,1653 Elm Ln,Rm 281,Denver,CA,99876,USA,1621,259300
24681,Metro Supply International,Parker,Diane,+33 7 68 63 13 67,5147 Hickory Dr,Apt 10,Fresno,AK,95199,USA,1501,104900
24682,Phillips & Hill Partners,Phillips,Matthew,+1 (996) 985-7644,9058 Sunset Circle,Apt 662,Kitchener,QC,P2R 3Y0,Canada,,46900
24683,Atlantic Trade Corp.,Wilson,Rebecca,+34 626 984 865,3442 Harbor Ln,,Fort Worth,KY,77535,USA,1612,20500
24684,Walker & Young Ventures,Walker,Brian,(431) 815-4760,6017 Elm Rd,,Austin,RI,62493,USA,1337,126100
24685,Robinson Solutions,Robinson,Ronald,+1 (547) 692-4512,4219 School Blvd,Suite 829,Adelaide,QLD,7716,Australia,1612,198700
24686,Atlantic Supply Group,Richardson,Cynthia,+49 768 445384,7446 Birch Dr,,Toronto,NL,T2X 3T0,Canada,1611,2400
24687,Gutierrez Store,Gutierrez,Joseph,+33 8 23 23 45 67,4050 Market St,,Sheffield,Wales,CL1 6QT,UK,1702,50800
24688,Thompson Store,Thompson,Samantha,+34 756 602 445,1349 Meadow Rd,# 210,Odense,,34480,Denmark,1611,203300
24689,Jackson & Taylor Distribution,Jackson,Joyce,+34 651 706 504,9626 Market Loop,Apt 283,Logan City,VIC,6097,Australia,,95200
24690,Edwards Inc.,Edwards,William,+49 345 76267,2578 Creek Pl,Suite 523,Virginia Beach,WI,60980,USA,1621,19600
24691,Taylor Services,Taylor,Tyler,+81-46-9879-2380,7656 Cherry Way,,Nice,,78616,France,1611,142100
24692,Diamond Motor Group,Williams,Ryan,+33 6 26 50 69 78,7394 Station Terr,,Nashville,NJ,14836,USA,1504,67000
24693,Wood Industries,Wood,Adam,+44 70 9033 3759,6326 Sycamore Dr,Floor 281,Sacramento,WV,67290,USA,1323,16000
24694,Bailey Toys,Bailey,Cynthia,(408) 310-1528,7920 Meadow Rd,Floor 361,Bristol,England,JP39 6OH,UK,1143,8200
24695,Turner & Hernandez Solutions,Turner,Joseph,+33 4 94 26 17 43,7499 Glen Ct,# 959,Fort Worth,MN,64581,USA,1166,124200
24696,Martin Shop,Martin,Sandra,+81-45-2312-6540,6221 Hill Blvd,,Las Vegas,GA,58040,USA,1702,8600
24697,Foster Partners,Foster,Catherine,+44 44 1546 5389,954 River Terr,Floor 156,Sheffield,England,VE69 6VL,UK,1166,223100
24698,Kelly Boutique,Kelly,Paul,+61 8 1210 9382,9300 School Blvd,,San Francisco,NJ,47084,USA,1401,81500
24699,Clark Shop,Clark,Anthony,+49 938 103919,5510 Chestnut Rd,,Phoenix,MS,18672,USA,1166,49700
24700,Reed & Phillips Enterprises,Reed,Barbara,+49 406 994982,459 Maple Ln,,Palmerston North,,61588,New Zealand,1323,56900
24701,Ortiz & Harris Group,Ortiz,Anthony,+34 625 176 692,1847 Walnut Ln,,Quebec City,QC,M9M 5J7,Canada,1621,5300
24702,Sanchez & Murphy LLC,Sanchez,Donna,(667) 494-8945,7347 Poplar Ct,# 178,Ghent,,90217,Belgium,1401,209200
24703,Murphy Models,Murphy,Gregory,+34 654 925 631,6166 Birch Loop,Unit 908,Montpellier,,66417,France,1370,15700
24704,Classic Supply Holdings,Morales,Stephen,+49 752 455708,9243 Cedar Blvd,Ste 252,Cork,,98608,Ireland,1370,103100
24705,Lewis Toys,Lewis,Deborah,+33 6 53 54 63 39,3323 Washington Ave,,Fresno,SC,61587,USA,1323,120600
24706,Harris & Young Services,Harris,Rachel,+81-11-2012-4670,6306 Washington Loop,Rm 512,Brussels,,32168,Belgium,1286,23000
24707,Smith LLC,Smith,Cynthia,(205) 281-9955,4991 Magnolia St,Apt 411,San Francisco,NC,84375,USA,1143,6100
24708,Premier Craft Services,Ruiz,Carol,(420) 477-6610,7986 Bay Terr,,Murcia,,62933,Spain,1621,15500
24709,Turner & Perez Partners,Turner,Laura,+49 424 133377,1991 Sycamore Loop,,Düsseldorf,,32529,Germany,1619,39000
24710,Perez Center,Perez,Ryan,+81-3-5075-4366,5431 Ridge Ln,,Montpellier,,47567,France,1323,105100
24711,Diaz Models,Diaz,Matthew,+34 955 184 604,67 Highland Dr,,Nice,,58404,France,,121100
24712,Carter & White LLC,Carter,Jose,+1 (856) 426-9069,5808 Hickory Terr,,Portland,WI,24621,USA,1323,9400
24713,Martinez Inc.,Martinez,Dennis,+44 55 3352 3944,7928 Hickory Circle,,Indianapolis,IL,24333,USA,1166,123800
24714,Elite Auto Exports,Moore,James,+81-70-5206-3101,7121 Summit Pl,,Fort Worth,WV,47439,USA,1625,237300
24715,Morgan Associates,Morgan,Donald,+61 3 9902 1315,6683 Market Way,,El Paso,AL,90685,USA,,18900
24716,Gutierrez Store,Gutierrez,Mark,(419) 351-6959,9659 Ash Pl,Ste 138,Lille,,40677,France,,800
24717,Ramirez Partners,Ramirez,Christine,+34 907 153 932,3174 Glen Pl,Unit 25,Aalst,,93729,Belgium,1621,120800
24718,Gonzalez Center,Gonzalez,Charles,+61 4 4737 8806,172 River Ave,Unit 91,Mesa,CT,98049,USA,1504,76100
24719,Lee Imports,Lee,Kathleen,+44 12 9738 2286,726 Glen Ln,,Wollongong,QLD,6600,Australia,1286,8600
24720,Castillo & Rivera Imports,Castillo,Betty,+61 5 1612 7119,6857 Station Blvd,,Portland,MI,37287,USA,1102,15100
24721,Howard & Miller International,Howard,Anna,+81-88-9943-3515,1077 Lake Ave,,Leicester,,LK76 6YU,UK,1621,16800
24722,Murphy Ltd.,Murphy,John,+33 2 94 79 45 74,6623 Meadow Circle,,Murcia,,20988,Spain,1612,32400
24723,Morales Depot,Morales,Thomas,+81-72-4505-2659,8845 Meadow Circle,Suite 934,Sacramento,ME,65773,USA,1102,48000
24724,Urban Supply Industries,Sanders,Donna,+44 34 8263 3318,5549 Harbor Ln,,Raleigh,CO,37249,USA,1337,9900
24725,Premier Auto Ltd.,Reed,Amanda,+61 9 4107 9186,4559 Creek Ct,Floor 971,Marseille,,26146,France,1166,277400
24726,Global Craft Industries,Ward,Brian,+81-51-7941-4004,631 Park Ct,Suite 580,Kitchener,AB,N4P 6W6,Canada,1166,2700
24727,National Auto Ventures,Castillo,Alexander,+81-3-1108-4412,9009 Magnolia Loop,,Kawasaki,,867-8328,Japan,1504,282100
24728,Central Supply Trading,Alvarez,Rebecca,+44 87 1895 5314,3303 Willow Ave,,Baltimore,OR,34495,USA,1165,153100
24729,Clark & Diaz Ltd.,Clark,Angela,+1 (707) 423-1042,2292 Glen Circle,# 534,Kansas City,DE,38746,USA,1216,148000
24730,Horizon Import Inc.,Sanchez,Christine,+49 908 732962,6100 Oak Dr,,Houston,WY,21374,USA,1619,102000
24731,Crystal Parts Exports,Hill,Justin,+81-88-6411-8282,4614 Station Ave,Ste 575,Zurich,,70188,Switzerland,1188,106400
24732,Cruz Toys,Cruz,Emily,+81-55-1956-2442,6633 School Ave,,Jacksonville,OK,60738,USA,1625,6000
24733,Ortiz & Rodriguez Inc.,Ortiz,Kimberly,+44 91 8689 8965,9696 Hickory Ave,,Louisville,ND,93394,USA,1323,10500
24734,Reed International,Reed,John,+44 41 9670 6122,9436 School Way,Suite 849,Milan,,53496,Italy,1323,174600
24735,James Industries,James,Alexander,+1 (718) 491-2787,4322 Manor Way,,Singapore,,695756,Singapore,1501,88500
24736,Kim & Taylor Imports,Kim,Robert,+33 1 79 41 11 17,408 Poplar Dr,Suite 893,Stavanger,,57275,Norway,1621,262200
24737,Urban Sales International,Ortiz,Adam,(712) 717-6839,1517 Ash St,,Genoa,,36501,Italy,1216,122400
24738,Brown Imports,Brown,Nicole,+1 (860) 719-6049,9305 Pine Way,,Seattle,OR,55938,USA,1165,262200
24739,Thompson & Rivera Imports,Thompson,Kevin,+1 (957) 415-8632,1240 Valley St,,Napier,,87198,New Zealand,1286,79000
24740,Adams & Jackson Services,Adams,Laura,+61 3 4897 8068,7510 Pine Blvd,,Seville,,93446,Spain,1504,60000
24741,Diamond Trade Associates,Howard,Kathleen,+49 975 912344,607 Hill Blvd,,Raleigh,AL,18793,USA,1501,34600
24742,Collins Depot,Collins,Heather,(662) 425-6222,3065 Summit Ct,,Rome,,41502,Italy,1337,43300
24743,Anderson Store,Anderson,Kevin,+33 5 73 50 77 86,5857 Hollow Ct,,Navan,,31325,Ireland,,7500
24744,Hernandez & Clark International,Hernandez,Amy,(649) 467-8351,7683 Ridge Terr,,Los Angeles,OR,79951,USA,,278700
24745,Wilson & Allen Group,Wilson,Sharon,+49 543 796729,2281 Elm St,Floor 90,New York,IL,88891,USA,,89900
24746,Phillips & Johnson Ventures,Phillips,Amy,+61 3 8363 8396,578 Bay St,Floor 304,Randers,,15216,Denmark,1625,108800
24747,Martin & Watson Ltd.,Martin,David,+34 827 331 901,3863 Oak Dr,,San Jose,KY,21691,USA,1165,95200
24748,Robinson Corp.,Robinson,Patrick,+34 687 524 319,5461 Washington Ave,,Málaga,,55208,Spain,1165,144500
24749,Central Export Enterprises,Thomas,Brian,+33 9 61 70 93 99,2352 Cedar Blvd,,Cologne,,65658,Germany,1166,89200
24750,Ruiz Trading,Ruiz,Maria,+33 4 48 68 54 86,889 Highland Rd,,Fort Worth,NY,48335,USA,1611,160100
24751,Brown & Bailey Group,Brown,George,+81-42-4875-7779,950 Main Circle,Floor 475,Gold Coast,QLD,9139,Australia,1611,21100
24752,Thomas Ltd.,Thomas,Brian,+33 1 70 75 39 99,2048 Park St,,Long Beach,TN,84895,USA,1102,261500
24753,Castillo & Williams Imports,Castillo,Jonathan,+33 2 40 80 69 12,8232 School Terr,,Washington,ND,50672,USA,1216,141800
24754,Alvarez Depot,Alvarez,Robert,+44 91 7668 6663,5335 Cherry Terr,# 47,Lyon,,38091,France,1143,7100
24755,Chavez Enterprises,Chavez,Cynthia,+49 374 463549,286 Cedar Rd,,Uppsala,,86093,Sweden,1625,112500
24756,Ramirez Solutions,Ramirez,Mary,+61 6 5001 3946,6766 Garden Dr,,Tampere,,67406,Finland,1612,600
24757,Capital Export Imports,Johnson,Emily,+44 22 1063 2952,5451 Ash Ave,# 882,Nashville,TX,92998,USA,1216,266100
24758,Central Motor Corp.,Cruz,Catherine,+81-37-7126-8585,4311 Meadow Ave,,New York,TN,81513,USA,1702,9800
24759,Scott Toys,Scott,George,+61 8 8469 5469,7028 Birch Dr,,Saitama,,280-5808,Japan,,52400
24760,Anderson Boutique,Anderson,Nancy,+33 3 70 31 33 40,3418 Washington Ave,,Sydney,NSW,9796,Australia,1702,7100
24761,Perez Shop,Perez,Stephen,+49 961 106185,7118 Sycamore Circle,,St. Gallen,,96554,Switzerland,,10300
24762,Global Export Wholesale,Turner,Laura,+33 5 15 89 57 15,6422 Manor Ct,,Atlanta,PA,41733,USA,1702,141800
24763,Lewis Center,Lewis,Jose,+1 (623) 940-6061,1172 Market Terr,,Las Palmas,,63549,Spain,1166,3900
24764,Morgan Ventures,Morgan,Jason,+33 4 29 29 34 48,8541 Manor St,,Nice,,98807,France,1504,4500
24765,Horizon Auto Wholesale,Young,Carolyn,+49 803 639294,8849 Garden St,Rm 254,Denver,ID,90096,USA,1216,198300
24766,Thomas LLC,Thomas,Charles,+1 (712) 863-7345,1076 Maple Dr,,Antwerp,,37031,Belgium,1504,26900
24767,Hill Corp.,Hill,Kelly,+81-25-4848-2446,7937 Ash Ave,# 167,Sacramento,HI,54630,USA,,41500
24768,Ortiz Depot,Ortiz,Donna,+49 627 646447,2024 River Pl,,Singapore,,515365,Singapore,1143,93600
24769,Foster Co.,Foster,Patricia,(288) 797-3024,9756 Hickory Blvd,Floor 887,Cologne,,81510,Germany,1504,141900
24770,Robinson International,Robinson,Raymond,+44 42 2821 3564,8687 Summit Circle,,Baltimore,CT,10299,USA,1143,63300
24771,Mitchell Gallery,Mitchell,Charles,+61 8 3449 9211,1685 Walnut Circle,# 218,Wellington,,51308,New Zealand,1166,77400
24772,Myers Trading,Myers,Jennifer,+34 812 565 372,4303 Ash Pl,,Gold Coast,VIC,7615,Australia,1370,46200
24773,Silver Art Enterprises,Martinez,Heather,+44 43 3454 2076,8341 Harbor Circle,,Tokyo,,739-2234,Japan,1143,49200
24774,Diamond Parts Solutions,Howard,Janet,(762) 645-5241,2208 Harbor Dr,Rm 763,Edmonton,SK,X4W 5A9,Canada,1286,6400
24775,Jackson Store,Jackson,Christopher,+1 (722) 310-2940,2689 River Ave,,Nashville,ME,10162,USA,1165,1300
24776,Hall Depot,Hall,Sharon,+34 662 285 591,3260 Bay Rd,,Louisville,WA,79262,USA,1702,256200
24777,Baker & Cruz Services,Baker,Nicholas,+33 8 69 43 50 47,3007 Maple Ct,,Sheffield,England,MQ65 5ME,UK,1619,33700
24778,Heritage Export Distribution,Patel,Rebecca,+44 29 5987 2587,9715 Washington Dr,Ste 647,Albuquerque,OH,63101,USA,1102,9400
24779,Edwards & Alvarez Distribution,Edwards,Alexander,+49 42 577501,7230 Bay Circle,,Amsterdam,,30045,Netherlands,1401,67000
24780,Williams & Hall LLC,Williams,Pamela,+44 62 9309 1998,7020 Harbor Way,,Paris,,88695,France,1188,4300
24781,Golden Supply Enterprises,Ross,Jeffrey,+61 9 3473 9680,7645 Summit Ave,,Liverpool,Wales,QS12 5HG,UK,1165,196200
24782,Elite Sales Exports,Ross,Charles,+81-27-2100-1029,8797 Magnolia Blvd,,Norrköping,,41620,Sweden,1165,43400
24783,Alpha Motor Partners,Hall,Helen,+33 2 18 63 87 22,3652 Chestnut Ct,,Kitchener,MB,P9J 6U3,Canada,1216,5600
24784,Jones Models,Jones,Ryan,+34 739 292 985,5885 Meadow St,,Kansas City,MS,51296,USA,1621,233700
24785,Atlantic Import Corp.,Patel,Katherine,(310) 853-7496,2556 Garden Ct,,Tilburg,,34179,Netherlands,1625,24600
24786,Lopez Gallery,Lopez,Elizabeth,+44 64 9107 9880,9407 Lake Way,Floor 184,Nashville,IL,35800,USA,1501,2400
24787,Jimenez & Jimenez Services,Jimenez,Deborah,+61 2 1016 4399,4924 Sycamore Dr,,Los Angeles,MS,32913,USA,1401,103000
24788,Thomas & Perez Co.,Thomas,Diane,+1 (911) 846-8722,7753 Sunset Blvd,,Namur,,52395,Belgium,1143,21200
24789,Stewart Enterprises,Stewart,Margaret,+1 (899) 699-2696,9834 Station St,,Biel,,13526,Switzerland,1625,100
24790,Adams Collectibles,Adams,Jerry,+44 89 6859 5664,2004 Summit St,,Nagoya,,579-3620,Japan,,20200
24791,Golden Motor Ltd.,Edwards,Jerry,+34 633 685 945,7212 Hollow Ave,Ste 657,Houston,TN,32277,USA,1625,2700
24792,Ramirez & Phillips Distribution,Ramirez,Sharon,+33 1 42 43 98 58,3217 Chestnut Loop,,Cologne,,93633,Germany,1143,35100
24793,Metro Craft Co.,Lee,Jennifer,+34 985 399 486,9315 Glen Way,Ste 284,The Hague,,79647,Netherlands,1143,13800
24794,Davis & Roberts Co.,Davis,Rebecca,+1 (851) 670-8487,6927 Station St,Rm 181,Chicago,CA,73894,USA,1166,15800
24795,Flores & Diaz Imports,Flores,Daniel,+49 434 110349,1818 Forest Circle,Apt 712,Saitama,,120-5149,Japan,1370,253300
24796,Turner Enterprises,Turner,Adam,(514) 993-2551,2120 River Pl,,Winnipeg,NL,P6C 5K6,Canada,,299600
24797,Capital Export Holdings,Hernandez,Richard,+81-38-4043-4162,5725 Cedar Way,,Columbus,IL,92809,USA,1621,204200
24798,Elite Export Ventures,Martinez,Gary,+44 64 7373 4260,7840 Pine Ln,,Utrecht,,16180,Netherlands,1216,3500
24799,Cooper Inc.,Cooper,Matthew,+61 7 2959 3102,1830 Garden Dr,# 343,El Paso,WA,55289,USA,1188,268700
24800,Kim & Thomas Services,Kim,Anna,+34 690 330 635,92 Hollow Rd,Unit 5,Baltimore,AK,54874,USA,1611,79200
24801,Reed & Patel Inc.,Reed,Sarah,+49 187 140313,539 Walnut Loop,Apt 125,Palermo,,29618,Italy,,3800
24802,Nelson Collectibles,Nelson,Scott,+61 7 9670 4995,5747 Walnut Circle,Rm 725,Wollongong,SA,5732,Australia,1619,25900
24803,Carter Gallery,Carter,David,+44 56 1224 1315,4054 Poplar Pl,,Glasgow,Wales,XG18 5TF,UK,1612,8700
24804,Wood Depot,Wood,Carol,+61 2 5484 2259,823 Creek Ct,,Newcastle,WA,3621,Australia,1337,70300
24805,Ward & Rodriguez Associates,Ward,Matthew,+44 59 3710 9667,7723 Garden Dr,Suite 261,Chicago,NM,92554,USA,1323,81800
24806,Atlantic Motor Ltd.,Moore,Stephanie,(632) 363-5668,4790 Main Ln,,Berlin,,29094,Germany,1702,28500
24807,Kelly Industries,Kelly,Jessica,+44 40 3000 5262,8303 Birch Terr,,Paris,,30051,France,1504,101800
24808,Alvarez Corp.,Alvarez,Jacob,+33 2 99 32 41 53,3627 Spring Terr,,Memphis,HI,80818,USA,1621,6800
24809,Ward Boutique,Ward,Cynthia,+34 720 475 945,8311 Station Terr,,Oklahoma City,OK,12520,USA,,116800
24810,Morris & Ramos Wholesale,Morris,Sharon,+49 964 161540,2975 Lake Ln,,Calgary,NL,J0L 3M7,Canada,1188,4400
24811,Premier Art Imports,Jones,Lisa,(869) 209-9234,7653 Ridge St,,Horsens,,51519,Denmark,1323,123500
24812,Jackson Partners,Jackson,James,(386) 579-7320,3868 Birch St,,Eindhoven,,91938,Netherlands,1504,3700
24813,Gomez Gallery,Gomez,Joseph,(933) 566-3244,3813 Washington Ln,,Bern,,78014,Switzerland,1337,8300
24814,Diamond Export Ventures,Torres,Helen,+34 876 986 191,7146 Elm Rd,,Namur,,90376,Belgium,1611,40900
24815,Perez Exports,Perez,Brian,+44 20 3194 7135,7909 Hollow Loop,Ste 677,Bristol,Scotland,XE18 1OU,UK,1401,300
24816,Peterson Gifts,Peterson,Raymond,+1 (604) 675-3187,5549 Sunset Terr,,Dortmund,,78811,Germany,1621,110800
24817,Jackson & Reed Ltd.,Jackson,Scott,+34 783 780 469,5387 Manor Dr,,Naples,,34669,Italy,1504,4900
24818,Martinez Gifts,Martinez,Catherine,+33 3 48 92 76 93,9346 Cherry Circle,,Atlanta,CO,25335,USA,1166,32100
24819,Bennett & Mendoza Corp.,Bennett,Daniel,+49 574 467535,3379 Bay Rd,,Indianapolis,AZ,77585,USA,1501,32100
24820,Roberts Models,Roberts,Charles,+44 38 9727 4308,2868 Forest Rd,,Edmonton,PE,U1K 8K4,Canada,1337,34800
24821,Carter International,Carter,Lisa,+33 2 42 63 81 31,1379 Ridge Pl,Rm 465,Tucson,HI,53202,USA,1621,37300
24822,Silver Motor LLC,Collins,Margaret,+44 97 1522 3770,8333 Hickory Dr,,Montreal,MB,S9B 8C5,Canada,,28400
24823,James & Mitchell Ventures,James,Thomas,+33 1 12 56 53 94,581 Cedar Ln,,Atlanta,CA,60496,USA,1337,102800
24824,Howard & Kelly Inc.,Howard,Emma,+61 4 2468 9312,7484 Poplar Pl,Apt 918,El Paso,PA,67080,USA,1370,20600
24825,Jones & Jackson Holdings,Jones,Jerry,+61 7 9178 8615,6735 Hollow Loop,,Tucson,AL,72130,USA,1102,204500
24826,Young Gifts,Young,Carolyn,+33 2 17 91 64 74,649 Birch Blvd,,Montreal,BC,N6E 6X9,Canada,1165,133000
24827,Elite Parts Imports,James,Paul,(344) 557-2773,6411 Magnolia Dr,Ste 508,Bologna,,50085,Italy,1337,74500
24828,King Holdings,King,Steven,+34 606 613 846,3739 River Loop,,Columbus,AL,25378,USA,1504,6300
24829,Classic Export Partners,Jackson,Andrew,+44 43 5135 7328,5239 Poplar Way,,Albuquerque,AK,43540,USA,1143,4000
24830,Lopez & Clark Industries,Lopez,Lisa,+49 611 128828,7837 Summit Pl,,Essen,,47071,Germany,,47400
24831,Parker Models,Parker,Daniel,+49 151 890220,8611 Sycamore Loop,,Perth,QLD,1793,Australia,,149000
24832,Rodriguez Associates,Rodriguez,Elizabeth,+81-87-7676-8990,289 Ridge Circle,,Edinburgh,Scotland,QR61 3IR,UK,1625,5500
24833,White Shop,White,Janet,+44 56 2137 5649,3463 Meadow Rd,Rm 207,San Diego,WA,76228,USA,1323,110000
24834,Anderson Imports,Anderson,Donald,+34 682 625 202,2147 Hollow Pl,Ste 868,San Antonio,KY,24523,USA,1102,25600
24835,Parker & Allen Industries,Parker,Michael,(299) 874-2392,699 Sunset Loop,,San Jose,OR,86553,USA,1166,22000
24836,Baker International,Baker,Katherine,+49 983 311544,1048 Church Rd,,Cologne,,38042,Germany,1337,5500
24837,Ortiz & Miller Wholesale,Ortiz,Jennifer,+34 614 322 872,9256 Cedar Dr,,Tromsø,,88494,Norway,1612,93000
24838,Gomez & Kelly Enterprises,Gomez,Sharon,+44 58 5843 6163,740 Cherry Ln,,Leicester,,IA82 9AE,UK,1625,8400
24839,Reyes Group,Reyes,Christopher,+34 788 486 247,4136 Pine Terr,,Palma,,31521,Spain,1621,23600
24840,Roberts Store,Roberts,Karen,+33 1 74 92 56 80,1683 Pine Circle,Floor 452,Kansas City,TX,67487,USA,1166,7900
24841,Cook & Mitchell Trading,Cook,Matthew,+81-20-7492-3775,6038 Park St,,Washington,OR,72943,USA,1165,43500
24842,Lopez & Diaz LLC,Lopez,Samuel,+44 90 6363 4211,2652 Birch St,Floor 648,Virginia Beach,NJ,90157,USA,1216,9000
24843,Urban Supply Imports,Lewis,Edward,+81-66-3791-9046,1868 Cherry Way,,Mesa,HI,60862,USA,1165,5700
24844,Crystal Motor Group,Hall,Jacob,(752) 753-1382,6953 Walnut Rd,,Kawasaki,,172-5848,Japan,1286,103900
24845,Premier Export Holdings,Wood,Richard,+1 (669) 607-7704,1688 Magnolia Way,Ste 676,Las Vegas,ND,21651,USA,1611,36600
24846,Stewart Trading,Stewart,Samantha,+49 358 949023,8858 Glen Dr,Unit 74,Columbus,OR,20887,USA,1216,219900
24847,Ward Solutions,Ward,Samuel,+49 602 839479,8115 Maple Ct,Rm 346,Quebec City,NL,C8W 4K9,Canada,1621,252800
24848,Reed & Mitchell Enterprises,Reed,Amanda,+61 7 6589 3930,1366 Spring Circle,,Leipzig,,65032,Germany,1166,13000
24849,Stewart Ltd.,Stewart,Jonathan,(423) 556-1940,9860 Poplar Circle,Rm 832,Nantes,,93428,France,1401,16300
24850,Hernandez Shop,Hernandez,Emma,+33 3 11 64 25 18,4680 Garden Rd,,Melbourne,NSW,8650,Australia,,210800
24851,Sunrise Craft Exports,Mendoza,Helen,+61 7 1646 9884,7477 Washington Pl,Suite 183,Stuttgart,,10900,Germany,1286,297100
24852,Golden Import Imports,Hall,Gary,+81-12-8899-1673,1009 Chestnut Ave,,Rome,,73363,Italy,,261500
24853,Diamond Export Associates,Jimenez,Emily,+1 (676) 893-6512,3287 Hickory Ln,,Leicester,Wales,RG88 1CG,UK,1286,37900
24854,Williams & Ross Industries,Williams,Joseph,+1 (864) 456-2045,3674 Harbor Terr,,Paris,,59555,France,1504,30000
24855,Hernandez & Gomez Ltd.,Hernandez,Joyce,+44 11 9118 5067,8578 Birch Ct,,Lyon,,66560,France,1611,1500
24856,Ruiz Imports,Ruiz,Patrick,+33 9 69 80 41 34,9251 Park Pl,,Sacramento,NJ,21859,USA,1166,182000
24857,Jones & Gomez Co.,Jones,Ronald,+49 486 499131,8498 Ridge St,,Leipzig,,27387,Germany,1702,15200
24858,Hall Ventures,Hall,Emma,+61 2 8687 1972,9714 Ash Loop,,Singapore,,978688,Singapore,1611,7700
24859,Myers & Allen Associates,Myers,Amanda,(215) 743-3974,7620 Walnut Ln,,Oklahoma City,LA,63378,USA,1621,5900
24860,Ward Store,Ward,Jonathan,+44 60 8171 6559,9688 Washington Way,Ste 119,Bilbao,,22605,Spain,1216,18500
24861,Sanders Boutique,Sanders,Patricia,+61 3 5928 3011,3429 Valley Way,,Dortmund,,20624,Germany,,8200
24862,Alpha Export Exports,Brooks,Jessica,+33 8 55 15 68 12,6487 Station Pl,,Aarhus,,43104,Denmark,1625,238400
24863,Taylor & Sanders Inc.,Taylor,Justin,(385) 512-9855,8276 Creek Dr,,El Paso,WV,79774,USA,1370,8000
24864,Ortiz Trading,Ortiz,Adam,+49 522 870111,3102 Washington Circle,Floor 972,Essen,,47951,Germany,1216,9900
24865,Evans Wholesale,Evans,Thomas,+49 560 375703,9258 Maple St,,Rome,,70319,Italy,1165,99100
24866,James & Nguyen Corp.,James,Deborah,(254) 293-5592,42 Valley Ln,,Tilburg,,90685,Netherlands,,16800
24867,Sunrise Trade Partners,Evans,Christopher,+49 557 590385,189 Meadow Rd,,Ghent,,38032,Belgium,,4400
24868,Richardson Group,Richardson,Emma,+61 9 9501 8153,7784 Lake Ct,,Fresno,NE,71527,USA,1323,42200
24869,Flores Center,Flores,Heather,+49 300 23707,8146 Ridge Rd,Ste 1,Tokyo,,535-5933,Japan,1612,17500
24870,Gray & Evans LLC,Gray,Victoria,+49 414 575140,5048 Washington Way,Suite 199,Tilburg,,49122,Netherlands,1611,142400
24871,Castillo Partners,Castillo,Laura,+33 6 79 74 43 43,8635 Oak Ln,,Copenhagen,,44422,Denmark,1323,90500
24872,Morgan & Stewart Corp.,Morgan,Justin,(220) 902-4666,8785 Washington Dr,,Edinburgh,Scotland,SA28 2YR,UK,1621,43300
24873,Royal Craft Services,Rivera,Samantha,+49 932 516359,4343 Meadow Terr,,Zaragoza,,93749,Spain,1621,93000
24874,Nelson Center,Nelson,Shirley,(345) 461-2208,7533 Cedar Terr,,Liège,,49700,Belgium,1611,80900
24875,Garcia & Davis Ltd.,Garcia,Sarah,+44 49 8511 2651,2266 Poplar Ln,,Groningen,,32224,Netherlands,1323,207900
24876,Howard Trading,Howard,Stephen,+34 815 688 473,4119 Birch Blvd,,Long Beach,IL,91316,USA,1702,42200
24877,Kelly Depot,Kelly,Shirley,+34 782 759 613,7871 Maple Dr,,Jacksonville,MO,85895,USA,1501,131700
24878,Alpha Supply International,Turner,Kathleen,+49 687 640978,9697 Market Dr,,Copenhagen,,17436,Denmark,1621,49200
24879,Nelson & Mendoza Holdings,Nelson,James,+44 90 8415 1489,1821 Harbor Ln,,Barcelona,,86186,Spain,1611,154900
24880,Jones Gifts,Jones,Brenda,+33 1 68 19 62 86,1986 Highland Loop,,Strasbourg,,30666,France,1323,287100
24881,Elite Import Holdings,Robinson,Jacob,+34 784 403 615,1139 Bay Pl,,Dornbirn,,15383,Austria,1216,111800
24882,Walker Center,Walker,Alexander,(949) 973-1848,5683 Manor Terr,,Columbus,ID,39549,USA,1370,16100
24883,Gonzalez & Moore Ltd.,Gonzalez,Dennis,+81-37-9522-9012,7570 Ash Way,Suite 257,Virginia Beach,ME,36955,USA,1401,92300
24884,Hughes & Clark Partners,Hughes,Amanda,+44 81 4207 9867,2143 Hollow Ct,,Stockholm,,64527,Sweden,1165,5900
24885,Pacific Motor Corp.,Kim,Sharon,+34 890 173 899,6596 Chestnut Terr,,Florence,,83986,Italy,1337,96900
24886,Diamond Export Solutions,Thompson,Elizabeth,+61 5 7725 3490,7938 Bay Dr,Floor 445,Newcastle,QLD,8512,Australia,1143,23600
24887,Martinez Models,Martinez,Justin,+33 3 42 55 69 61,6816 Willow Ave,,Lyon,,61950,France,1286,35600
24888,Cruz & Cooper Associates,Cruz,Deborah,+81-45-6865-6522,4884 Maple Ln,Rm 566,Stuttgart,,88874,Germany,1165,28600
24889,Premier Parts Inc.,Howard,Paul,(390) 859-9634,3341 Glen Loop,Rm 435,Eindhoven,,88922,Netherlands,1165,249900
24890,Rodriguez & Jones International,Rodriguez,Ronald,+34 668 994 747,6518 Bay Ct,,Paris,,68281,France,,3100
24891,Lewis Ltd.,Lewis,Nicholas,+33 8 56 11 29 22,3098 Valley Rd,,Philadelphia,LA,29144,USA,1625,15900
24892,Watson & King International,Watson,Diane,+81-28-9392-3309,3468 Walnut Terr,Suite 547,Essen,,37890,Germany,1504,144000
24893,Collins & Lopez Ltd.,Collins,Ronald,+61 2 1250 2207,1722 Church Rd,Ste 774,Jacksonville,AL,82141,USA,1621,231100
24894,Nelson Models,Nelson,Dennis,+61 6 8597 5503,5064 Sunset Loop,,Bordeaux,,25881,France,1102,87200
24895,Gomez & Campbell LLC,Gomez,Karen,+33 7 80 16 68 71,7064 Forest Way,,Rotorua,,32726,New Zealand,1625,183900
24896,Allen & Cooper Solutions,Allen,Alexander,+1 (496) 492-3691,7251 Maple Pl,,Albuquerque,MN,11083,USA,1611,4000
24897,Cooper Gifts,Cooper,Ashley,+33 1 48 19 76 59,3326 Washington Ln,# 628,Fukuoka,,444-7854,Japan,1143,246500
24898,Pacific Sales Distribution,Davis,Angela,+81-33-3026-5352,2395 Chestnut St,,Kawasaki,,171-2149,Japan,1611,73000
24899,Atlantic Parts Wholesale,Murphy,Kathleen,+33 5 51 43 62 30,4708 Harbor Rd,,Christchurch,,98379,New Zealand,,294700
24900,Lopez Toys,Lopez,Mary,+61 7 5657 3253,3855 Cedar Blvd,,Nashville,ME,10589,USA,1702,48500
24901,Moore Solutions,Moore,Matthew,+44 19 2569 4754,6433 Church Blvd,,New York,WY,12099,USA,1166,10000
24902,Edwards Exports,Edwards,Susan,(602) 299-3743,2154 Station Dr,,Glasgow,Scotland,UT92 4TS,UK,1625,4000
24903,Taylor Ltd.,Taylor,Amanda,+44 32 4183 4305,1817 Birch Ave,,Brisbane,NT,2859,Australia,1619,251400
24904,Classic Art Corp.,Gonzalez,Cynthia,+33 6 13 17 75 61,5132 Park Way,,Bologna,,92009,Italy,1504,27400
24905,National Supply Industries,Gutierrez,Margaret,+1 (249) 696-2147,4657 Bay Ave,,Milwaukee,LA,40787,USA,1702,160500
24906,Richardson Distribution,Richardson,Victoria,(937) 784-1873,648 Meadow Blvd,,Columbus,OH,64274,USA,,110900
24907,Pacific Import Ltd.,Walker,Diane,+34 740 330 205,8389 Cherry Terr,,Bordeaux,,24671,France,1286,35500
24908,Thompson LLC,Thompson,Betty,+34 841 765 582,9735 Bay Ct,Apt 753,Tilburg,,90512,Netherlands,1323,1000
24909,Horizon Export Co.,Johnson,Dennis,+44 49 9883 3641,6704 Highland Dr,,Montpellier,,31901,France,1401,1200
24910,Price Co.,Price,Ronald,+61 5 9356 6133,5906 Maple Ave,,Singapore,,467413,Singapore,1188,40200
24911,Bennett Center,Bennett,Gary,+34 958 721 285,2012 Hollow Blvd,Suite 343,Toulouse,,46053,France,,273200
24912,Premier Art Imports,Thomas,Steven,(827) 405-3330,3902 Birch Ave,Ste 736,Calgary,NS,Y2R 1E1,Canada,1166,5800
24913,Crystal Art Co.,Price,William,+81-86-7727-5597,1366 Ash Ct,,Mesa,MI,23235,USA,,4000
24914,Golden Import Wholesale,Miller,Carolyn,(539) 338-9474,4887 Highland Circle,,Málaga,,67916,Spain,1619,27000
24915,Hill LLC,Hill,Rebecca,+1 (808) 867-5531,3162 Hill St,Suite 70,Liverpool,England,PM23 6NW,UK,1286,172900
24916,Wright Gifts,Wright,Susan,+1 (694) 884-2323,5696 Park Circle,,Sheffield,Wales,KP37 5DE,UK,1401,299200
24917,Johnson Inc.,Johnson,Anthony,+1 (531) 887-6172,569 Elm Pl,Rm 650,Louisville,WV,57280,USA,1501,121800
24918,Silver Parts Wholesale,Wood,Julie,+1 (231) 995-9316,4667 Glen Ct,,Lyon,,22485,France,1165,4200
24919,Bennett Gallery,Bennett,Edward,+34 933 703 812,2772 Pine Blvd,,Düsseldorf,,76604,Germany,1370,167200
24920,Kim & Wright Associates,Kim,Debra,+1 (381) 895-6698,5207 River Loop,Apt 37,Sapporo,,942-8110,Japan,1370,205500
24921,Scott International,Scott,Jennifer,+81-60-5458-4025,2234 Sunset Rd,Floor 555,Birmingham,Wales,UD97 4SW,UK,1216,5800
24922,Green Associates,Green,Raymond,+44 30 6404 5492,4891 Highland Ct,Rm 195,Wellington,,95020,New Zealand,1621,242700
24923,Bennett Trading,Bennett,Gary,+44 91 8025 6639,1409 Magnolia Pl,,El Paso,VT,69501,USA,,99100
24924,White & Roberts Services,White,Robert,+81-79-9673-9795,2365 Cherry Circle,,San Antonio,UT,33054,USA,1166,8900
24925,Taylor Exports,Taylor,Gary,+34 681 253 338,7418 Valley Dr,,Wellington,,32650,New Zealand,1286,39900
24926,Central Supply Enterprises,Clark,Jonathan,+49 944 168976,9769 Cedar Blvd,,Sheffield,England,HE80 2IQ,UK,1619,177700
24927,Silver Craft Co.,Ward,Larry,+33 1 91 40 31 72,6397 School Ct,# 491,Seattle,IA,39895,USA,1188,900
24928,Cooper & Gomez Inc.,Cooper,Catherine,+81-45-6677-8422,1710 Highland Ave,Apt 530,Kansas City,MI,84546,USA,1337,23900
24929,Diamond Auto LLC,Turner,Ashley,+61 8 5422 5226,7587 Birch Ct,,Biel,,81573,Switzerland,1501,113200
24930,Turner Solutions,Turner,Eric,+81-35-9664-5137,4258 Manor Way,,Leeds,England,NW99 5VL,UK,1625,206200
24931,Davis Holdings,Davis,Jerry,+61 2 6260 8479,3192 Glen Circle,Ste 200,Dortmund,,51386,Germany,1501,181200
24932,Robinson Center,Robinson,Edward,+49 790 333597,9949 Creek Rd,,Chicago,MI,69575,USA,1143,185200
24933,Reed Services,Reed,Jerry,+81-23-4890-8802,2280 Summit Dr,,Wels,,27550,Austria,1501,9200
24934,Classic Import Imports,Hernandez,Eric,(372) 888-6348,4123 Maple Rd,Rm 98,Utrecht,,36690,Netherlands,1102,163600
24935,Central Motor Distribution,Chavez,Kelly,+1 (314) 467-4117,3895 Forest Ct,,Winnipeg,QC,S8U 0K1,Canada,1619,116300
24936,Nelson & Wood International,Nelson,Emma,+44 27 4582 8689,9815 Magnolia Dr,,Sheffield,Wales,XS90 3II,UK,1216,295100
24937,Long Enterprises,Long,Frank,+34 778 729 893,1845 Meadow St,,Fukuoka,,683-6086,Japan,,3500
24938,Ortiz Co.,Ortiz,Daniel,+33 7 15 35 79 47,1573 Church Dr,,Winterthur,,24652,Switzerland,1337,9300
24939,King Boutique,King,Daniel,+61 9 7079 1986,2815 Lake Loop,,Birmingham,Wales,CQ10 3EW,UK,1166,57300
24940,Johnson & Harris Imports,Johnson,Samuel,+81-25-8265-2180,6708 Bay Ct,,Lyon,,75904,France,,10800
24941,Patel Toys,Patel,Janet,+49 623 128545,3009 Birch Pl,,St. Gallen,,11407,Switzerland,1188,9600
24942,Rivera & Castillo Distribution,Rivera,Andrew,+44 56 5502 1839,7977 Park Ln,Ste 912,Singapore,,373726,Singapore,1166,163600
24943,Metro Export Enterprises,Torres,Joseph,+1 (959) 328-6746,2586 Maple Loop,,Kansas City,MO,16401,USA,1143,119600
24944,Reyes Ventures,Reyes,Angela,(539) 244-9160,5225 Main Way,Rm 827,Leicester,Wales,DD4 2YI,UK,1166,79600
24945,Heritage Motor Corp.,Nguyen,Paul,+33 6 77 56 29 26,4130 Summit Loop,Suite 593,Tucson,NJ,57968,USA,1370,4400
24946,Kim & Hernandez Corp.,Kim,Janet,+33 2 15 38 12 22,5452 Walnut Ave,,Yokohama,,747-9673,Japan,1102,277300
24947,Ross Associates,Ross,Kevin,+33 8 88 18 24 50,6610 Meadow Loop,Suite 748,Virginia Beach,MI,40474,USA,1337,68600
24948,Pacific Export Services,Bailey,Robert,+34 756 505 786,9949 Washington Ct,,Lille,,71153,France,1621,9400
24949,Watson Toys,Watson,Rebecca,+1 (620) 868-1099,1775 School Rd,,Chicago,NJ,90354,USA,1165,37100
24950,Parker Depot,Parker,John,+1 (981) 258-9707,8710 Sycamore Circle,,Las Palmas,,46952,Spain,1702,4000
24951,White Co.,White,Andrew,+33 9 97 38 44 25,7566 Chestnut Loop,,Vancouver,NL,P9V 8U5,Canada,1188,1200
24952,Crystal Craft Co.,Scott,Joyce,+1 (582) 416-9386,4319 Cedar Ave,,Oklahoma City,SC,93687,USA,1612,5000
24953,Nelson Store,Nelson,Stephen,+49 253 237008,1538 River Circle,Suite 496,Bilbao,,52227,Spain,1611,5900
24954,Silver Auto Partners,Perez,Joyce,+1 (373) 714-2638,5060 Park Way,,Jacksonville,KS,93436,USA,1143,4100
24955,Johnson & Allen Partners,Johnson,Charles,+61 8 2981 3759,3363 Hill Ct,Apt 756,Portland,ID,65966,USA,1501,49800
24956,Taylor Associates,Taylor,Brenda,(832) 633-2861,4065 Garden St,,London,,MT30 9CV,UK,1337,28700
24957,Capital Trade Ventures,Ruiz,Jacob,+1 (412) 276-1830,5385 Harbor Pl,Rm 49,Las Palmas,,21282,Spain,1501,4400
24958,Diamond Parts Trading,Adams,Amy,+49 551 993495,3256 Harbor St,,Auckland,,12459,New Zealand,1401,189300
24959,Stewart Depot,Stewart,Larry,+44 40 8339 2229,9244 Market Way,,Turin,,36065,Italy,1143,253400
24960,Campbell & Bennett Corp.,Campbell,Emma,+49 781 455219,3517 Maple Blvd,,Yokohama,,421-2533,Japan,1702,107700
24961,Atlantic Sales Solutions,Collins,Angela,(210) 379-6143,6846 Pine Terr,Rm 794,Sacramento,WA,66691,USA,1401,288800
24962,Metro Import Ventures,James,Katherine,+33 9 55 48 50 18,705 Harbor Dr,Apt 919,Singapore,,623593,Singapore,1286,42800
24963,Thomas Collectibles,Thomas,Thomas,+33 8 73 41 12 80,751 Cedar St,,Zurich,,84201,Switzerland,1370,23700
24964,Morgan & Howard Exports,Morgan,Dennis,+61 7 9672 3240,7094 Lake Dr,,Atlanta,MS,88236,USA,1166,2800
24965,Young Holdings,Young,Emily,+49 774 964131,1589 Cherry Terr,Apt 133,Toronto,SK,X2R 3J7,Canada,1621,149000
24966,Urban Motor Inc.,Murphy,Aaron,+61 9 2344 3714,922 Highland Ct,,Liverpool,Wales,IB85 4OC,UK,1501,63000
24967,Ortiz Ltd.,Ortiz,George,(231) 588-5962,7442 Ash Blvd,,Bologna,,53546,Italy,,34600
24968,Ruiz & Robinson Exports,Ruiz,Julie,+34 637 984 971,9352 Bay Ln,,Indianapolis,AZ,62659,USA,1323,2700
24969,Premier Export Industries,Clark,Justin,+44 29 4916 6562,4021 Pine Pl,,Osaka,,514-9936,Japan,1165,31300
24970,Baker Store,Baker,Joshua,+44 43 5445 4454,4775 Hollow Dr,,Aarhus,,53491,Denmark,1323,6700
24971,Pacific Trade Corp.,Johnson,Brian,+49 900 164613,7905 Chestnut Dr,,Leipzig,,49369,Germany,1621,35900
24972,Walker Corp.,Walker,Cynthia,+1 (389) 810-9309,8075 Lake Dr,Floor 918,El Paso,IL,34855,USA,1216,3200
24973,Clark Gifts,Clark,Ashley,+34 792 785 997,355 Bay Dr,Unit 359,Manchester,England,DN3 2IY,UK,1165,7200
24974,Walker LLC,Walker,Jeffrey,+44 83 8690 5773,9656 Harbor Ln,Unit 273,St. Pölten,,16179,Austria,1370,57100
24975,Robinson Co.,Robinson,Linda,+44 29 8678 2080,5204 Chestnut Terr,,Yokohama,,777-4576,Japan,1323,110800
24976,Smith & Phillips Group,Smith,Christine,(921) 480-4990,2593 Highland St,Floor 797,Long Beach,RI,65487,USA,1165,400
24977,Cox Group,Cox,Carol,+61 8 2431 7311,9854 Valley Ave,,Leeds,Scotland,QI38 6CI,UK,1619,34000
24978,Robinson & Bailey Corp.,Robinson,Andrew,+44 70 2220 6515,5961 Magnolia Blvd,,Stuttgart,,46954,Germany,1501,1500
24979,White Imports,White,Patricia,+49 46 428310,870 Market Rd,Unit 669,Amsterdam,,39653,Netherlands,1286,105300
24980,Thompson Solutions,Thompson,Charles,+49 647 649032,15 Park Ave,,Los Angeles,WA,49879,USA,1401,257100
24981,Gonzalez International,Gonzalez,Frank,+44 75 4086 3166,8212 Chestnut Rd,,Los Angeles,ME,67592,USA,1401,8300
24982,Johnson Store,Johnson,Joshua,+81-19-7306-4939,1596 Main Terr,Rm 450,Canberra,NSW,9219,Australia,1619,4600
24983,Global Art Enterprises,Howard,Elizabeth,+34 702 378 708,5353 Park Dr,Ste 167,Murcia,,75705,Spain,1165,149100
24984,Classic Art Ventures,Ramos,Janet,+1 (816) 251-6688,555 Harbor Pl,,Florence,,78834,Italy,1625,162800
24985,Urban Parts Services,Mitchell,Emily,+1 (281) 722-2616,814 Walnut Ct,Floor 459,Lahti,,24447,Finland,1619,2300
24986,Cooper Models,Cooper,Samuel,+33 2 53 58 23 18,8525 Summit Ave,,Manchester,,MZ78 8MP,UK,1504,230200
24987,Davis Industries,Davis,Laura,+44 23 2715 4009,5928 Garden Rd,Ste 732,Winnipeg,MB,D9U 0T1,Canada,1165,2200
24988,Allen Depot,Allen,Jeffrey,(293) 424-9437,7787 Market Way,,Tokyo,,307-1011,Japan,1611,7000
24989,Central Trade Imports,Morales,Rebecca,+61 9 7502 7739,6759 Cherry Ave,,Las Vegas,MA,47811,USA,1702,24100
24990,Sanders Shop,Sanders,Steven,+33 1 59 49 82 14,3732 Hill St,,Kyoto,,748-1956,Japan,1401,107300
24991,Gutierrez & Brown Corp.,Gutierrez,Patricia,(286) 435-3679,7519 Ridge Rd,,Sapporo,,665-9750,Japan,,5200
24992,Ramos Inc.,Ramos,Catherine,+44 24 9771 9620,7852 Hollow Loop,Ste 28,Wellington,,20325,New Zealand,1621,2700
24993,Mitchell Enterprises,Mitchell,Julie,+33 2 24 14 38 23,1446 Walnut Way,,Raleigh,VT,24644,USA,1702,16800
24994,Jones Imports,Jones,Cynthia,+1 (956) 587-1326,9538 Birch Way,Ste 403,Toulouse,,20600,France,1165,156000
24995,Golden Trade LLC,Lopez,Jonathan,+1 (272) 524-9230,4364 Bay Terr,# 495,Louisville,FL,55398,USA,1401,9900
24996,Rodriguez & Bennett International,Rodriguez,Jerry,+1 (309) 540-7055,5450 Cedar Ln,,Albuquerque,MI,48950,USA,1611,111700
24997,Nguyen Store,Nguyen,Larry,+49 356 821231,7857 Hill Blvd,,Memphis,IA,74852,USA,1621,400
24998,Walker International,Walker,Nicole,+33 7 90 47 26 90,2210 Valley Dr,# 219,Philadelphia,KY,23677,USA,1702,5100
24999,Castillo Services,Castillo,Katherine,+33 4 29 78 20 90,1679 Magnolia St,,Tucson,NY,41334,USA,1188,21500
25000,Flores & Rivera Ltd.,Flores,Jason,+34 926 575 406,7528 Church Ct,,Raleigh,AL,78797,USA,1286,1700
