orderNumber,orderDate,requiredDate,shippedDate,status,comments,customerNumber
10423,2023-04-28,2023-05-17,2023-05-06,Shipped,Fragile items — handle with care.,20757
10424,2025-04-02,2025-04-25,2025-04-06,Disputed,Gift wrapping requested.,21208
10425,2024-01-16,2024-02-11,,In Process,,20490
10426,2022-02-07,2022-02-21,2022-02-10,Resolved,Replacement for damaged order.,23105
10427,2025-08-19,2025-09-15,2025-08-21,Shipped,,20231
10428,2024-02-22,2024-03-02,2024-03-01,Shipped,Call before delivery.,20288
10429,2023-12-20,2024-01-08,2023-12-23,Resolved,Check stock before processing.,24647
10430,2024-02-07,2024-02-23,2024-02-11,Disputed,Replacement for damaged order.,23706
10431,2026-06-23,2026-07-21,2026-07-01,Shipped,Hold for customer confirmation.,22280
10432,2023-04-26,2023-05-15,2023-05-06,Shipped,Gift wrapping requested.,21158
10433,2022-09-10,2022-09-20,2022-09-15,Shipped,Verified credit before processing.,23284
10434,2026-01-03,2026-01-16,,In Process,Backorder — ship when available.,23984
10435,2025-08-07,2025-09-03,2025-08-10,Shipped,,22648
10436,2022-02-04,2022-02-11,,On Hold,Gift wrapping requested.,24484
10437,2025-10-16,2025-11-13,,On Hold,Hold for customer confirmation.,23273
10438,2022-01-11,2022-02-05,2022-01-20,Shipped,,20752
10439,2026-06-05,2026-07-04,2026-06-06,Shipped,,24503
10440,2022-08-09,2022-08-21,2022-08-12,Disputed,,23256
10441,2022-03-19,2022-03-29,,In Process,Priority customer — rush order.,23417
10442,2026-06-14,2026-07-03,2026-06-21,Shipped,Fragile items — handle with care.,20022
10443,2026-06-01,2026-06-18,2026-06-11,Shipped,Verified credit before processing.,20085
10444,2022-01-18,2022-02-04,,In Process,Hold for customer confirmation.,24326
10445,2023-06-20,2023-07-06,2023-06-22,Shipped,Customer requested expedited shipping.,23914
10446,2025-06-22,2025-07-20,,On Hold,,23391
10447,2026-07-11,2026-07-28,2026-07-20,Shipped,Fragile items — handle with care.,21207
10448,2022-09-28,2022-10-06,2022-10-08,Shipped,,21452
10449,2026-04-07,2026-04-30,2026-04-17,Shipped,Verified credit before processing.,22294
10450,2025-02-20,2025-03-16,2025-03-02,Shipped,,24276
10451,2024-01-27,2024-02-20,2024-02-06,Shipped,,20021
10452,2022-02-16,2022-02-23,2022-02-22,Shipped,,21866
10453,2022-11-12,2022-12-05,,On Hold,Customer requested expedited shipping.,23627
10454,2024-06-25,2024-07-09,2024-06-29,Shipped,Fragile items — handle with care.,24505
10455,2023-05-09,2023-06-08,2023-05-19,Shipped,Verified credit before processing.,23434
10456,2026-05-28,2026-06-22,2026-06-07,Shipped,Backorder — ship when available.,24451
10457,2023-06-01,2023-06-20,,In Process,Replacement for damaged order.,23882
10458,2026-05-25,2026-06-06,,Cancelled,,24828
10459,2022-01-16,2022-02-11,2022-01-20,Shipped,Hold for customer confirmation.,21540
10460,2022-05-16,2022-06-15,2022-05-23,Shipped,,22101
10461,2022-11-12,2022-12-03,2022-11-17,Resolved,,22616
10462,2026-02-04,2026-02-17,2026-02-11,Shipped,,21357
10463,2026-02-20,2026-03-21,2026-02-23,Disputed,Call before delivery.,23638
10464,2026-07-19,2026-08-10,2026-07-20,Shipped,,22116
10465,2025-01-19,2025-02-03,,Cancelled,Special discount applied.,24641
10466,2023-06-16,2023-07-05,2023-06-24,Shipped,Verified credit before processing.,22089
10467,2023-12-06,2023-12-17,,In Process,Call before delivery.,20072
10468,2022-03-18,2022-04-07,2022-03-25,Shipped,Check stock before processing.,21295
10469,2022-12-19,2022-12-26,2022-12-24,Resolved,Gift wrapping requested.,20333
10470,2025-05-10,2025-05-20,2025-05-19,Shipped,Replacement for damaged order.,22635
10471,2024-07-21,2024-08-07,,Cancelled,Customer will pick up at warehouse.,20340
10472,2025-08-19,2025-09-09,2025-08-23,Resolved,Backorder — ship when available.,22168
10473,2022-05-21,2022-06-19,2022-05-30,Resolved,Special discount applied.,22525
10474,2023-01-12,2023-02-06,,On Hold,,23830
10475,2025-07-19,2025-08-03,2025-07-28,Shipped,,24882
10476,2022-01-04,2022-01-26,,In Process,,20183
10477,2023-12-18,2024-01-08,2023-12-24,Disputed,,21628
10478,2023-12-13,2024-01-05,,Cancelled,Gift wrapping requested.,20808
10479,2022-11-12,2022-12-07,,On Hold,,24641
10480,2024-05-13,2024-06-12,2024-05-19,Shipped,,20391
10481,2023-03-26,2023-04-15,2023-04-03,Disputed,International shipment — customs docs needed.,22231
10482,2023-03-02,2023-03-26,2023-03-05,Resolved,Gift wrapping requested.,22620
10483,2022-07-25,2022-08-11,2022-08-02,Shipped,Verified credit before processing.,24935
10484,2024-01-18,2024-02-09,2024-01-21,Resolved,Gift wrapping requested.,20220
10485,2022-02-22,2022-03-12,2022-02-26,Shipped,International shipment — customs docs needed.,23964
10486,2025-06-18,2025-07-06,2025-06-28,Disputed,Customer will pick up at warehouse.,20763
10487,2024-01-13,2024-02-09,2024-01-23,Resolved,,23658
10488,2023-01-22,2023-02-03,2023-01-31,Disputed,Customer requested expedited shipping.,23928
10489,2022-07-22,2022-08-16,2022-07-24,Shipped,Hold for customer confirmation.,24157
10490,2023-04-18,2023-05-04,2023-04-23,Shipped,,21686
10491,2026-04-08,2026-05-01,,Cancelled,,20129
10492,2023-08-16,2023-08-31,2023-08-25,Shipped,,24797
10493,2024-03-23,2024-04-14,2024-03-28,Shipped,,20235
10494,2023-10-12,2023-11-01,2023-10-20,Shipped,Please ship as soon as possible.,21971
10495,2024-09-11,2024-10-11,2024-09-15,Disputed,,22481
10496,2025-11-09,2025-11-20,2025-11-18,Shipped,Partial shipment approved by customer.,23956
10497,2024-07-11,2024-08-01,2024-07-19,Shipped,,22009
10498,2023-06-24,2023-07-14,2023-07-04,Shipped,Backorder — ship when available.,20552
10499,2023-08-13,2023-08-28,2023-08-15,Shipped,,22991
10500,2022-11-19,2022-11-30,2022-11-20,Disputed,Replacement for damaged order.,23834
10501,2024-11-04,2024-11-28,2024-11-07,Resolved,,22855
10502,2023-01-24,2023-02-09,2023-02-02,Resolved,,23052
10503,2024-12-30,2025-01-08,2025-01-07,Resolved,,20005
10504,2022-10-05,2022-11-02,,Cancelled,Customer requested expedited shipping.,24448
10505,2023-08-31,2023-09-24,2023-09-10,Shipped,,22904
10506,2025-08-19,2025-09-12,2025-08-20,Disputed,,24528
10507,2024-01-23,2024-02-09,2024-01-25,Shipped,Priority customer — rush order.,24483
10508,2023-09-28,2023-10-06,,On Hold,Please ship as soon as possible.,21679
10509,2023-05-04,2023-05-20,2023-05-14,Shipped,Please ship as soon as possible.,22218
10510,2024-02-28,2024-03-27,,In Process,Special discount applied.,20974
10511,2022-08-08,2022-08-25,2022-08-09,Shipped,Please ship as soon as possible.,20170
10512,2024-08-27,2024-09-11,2024-08-31,Shipped,,22228
10513,2023-05-29,2023-06-05,2023-06-08,Shipped,,21107
10514,2024-02-27,2024-03-20,,Cancelled,,23454
10515,2023-03-12,2023-04-07,,In Process,Customer will pick up at warehouse.,24758
10516,2024-08-16,2024-09-08,2024-08-21,Shipped,Verified credit before processing.,21919
10517,2025-12-14,2025-12-27,2025-12-22,Shipped,Check stock before processing.,23486
10518,2024-03-08,2024-03-23,2024-03-12,Disputed,,24756
10519,2023-03-21,2023-04-20,2023-03-29,Resolved,Please ship as soon as possible.,23232
10520,2025-04-08,2025-04-20,2025-04-18,Disputed,,21300
10521,2024-07-07,2024-07-29,2024-07-16,Shipped,International shipment — customs docs needed.,24951
10522,2023-03-31,2023-04-10,,Cancelled,,22143
10523,2025-05-18,2025-06-17,2025-05-27,Shipped,Priority customer — rush order.,20886
10524,2026-06-12,2026-07-05,2026-06-22,Shipped,Check stock before processing.,20122
10525,2022-07-23,2022-08-11,,Cancelled,,24500
10526,2023-11-26,2023-12-19,2023-12-01,Shipped,,23324
10527,2025-05-07,2025-05-26,2025-05-17,Shipped,Check stock before processing.,21238
10528,2025-10-03,2025-10-23,2025-10-12,Shipped,,22730
10529,2024-01-17,2024-02-13,2024-01-27,Shipped,Call before delivery.,20277
10530,2025-06-28,2025-07-25,,On Hold,Partial shipment approved by customer.,23263
10531,2022-09-27,2022-10-25,2022-09-28,Shipped,,20188
10532,2022-07-19,2022-08-18,2022-07-26,Disputed,Customer will pick up at warehouse.,24967
10533,2025-10-27,2025-11-04,2025-10-31,Shipped,Fragile items — handle with care.,24918
10534,2022-04-18,2022-05-07,2022-04-24,Resolved,Check stock before processing.,24901
10535,2023-01-26,2023-02-15,2023-02-02,Shipped,Hold for customer confirmation.,21870
10536,2024-01-08,2024-01-23,,Cancelled,Hold for customer confirmation.,23483
10537,2022-07-05,2022-07-24,2022-07-08,Shipped,Check stock before processing.,24060
10538,2026-04-23,2026-05-22,2026-04-25,Shipped,Special discount applied.,21358
10539,2025-09-21,2025-10-13,2025-09-25,Shipped,Customer requested expedited shipping.,20619
10540,2022-11-03,2022-11-30,,Cancelled,Verified credit before processing.,20502
10541,2023-08-30,2023-09-24,2023-09-06,Shipped,Backorder — ship when available.,22255
10542,2026-06-02,2026-06-15,2026-06-10,Shipped,Customer will pick up at warehouse.,20355
10543,2023-06-09,2023-07-05,2023-06-11,Shipped,Gift wrapping requested.,23957
10544,2026-03-27,2026-04-24,2026-04-03,Shipped,Special discount applied.,22308
10545,2024-01-19,2024-01-28,,On Hold,Please ship as soon as possible.,24757
10546,2022-03-03,2022-03-18,,Cancelled,Please ship as soon as possible.,21409
10547,2023-07-29,2023-08-26,2023-08-03,Resolved,International shipment — customs docs needed.,23812
10548,2026-03-25,2026-04-16,2026-04-03,Shipped,Check stock before processing.,20495
10549,2023-12-17,2023-12-29,2023-12-25,Shipped,Replacement for damaged order.,21341
10550,2024-05-29,2024-06-28,,On Hold,,21731
10551,2026-07-12,2026-07-19,,In Process,Replacement for damaged order.,23864
10552,2022-11-19,2022-12-02,2022-11-28,Shipped,Check stock before processing.,22983
10553,2023-02-12,2023-02-28,2023-02-14,Resolved,,23696
10554,2023-07-14,2023-07-31,,In Process,Priority customer — rush order.,20584
10555,2024-06-03,2024-06-19,2024-06-08,Resolved,,20307
10556,2022-03-01,2022-03-14,,In Process,Customer requested expedited shipping.,20359
10557,2026-06-14,2026-06-28,,Cancelled,Check stock before processing.,20540
10558,2022-08-02,2022-08-11,2022-08-07,Shipped,,23719
10559,2022-07-13,2022-08-05,,Cancelled,Partial shipment approved by customer.,23497
10560,2025-12-12,2026-01-08,2025-12-19,Disputed,Call before delivery.,20699
10561,2025-12-28,2026-01-12,,On Hold,Priority customer — rush order.,24276
10562,2023-02-06,2023-03-07,,In Process,,23058
10563,2022-05-09,2022-05-19,2022-05-16,Shipped,Priority customer — rush order.,23837
10564,2022-01-26,2022-02-07,,On Hold,Replacement for damaged order.,23389
10565,2026-05-03,2026-05-23,2026-05-13,Resolved,,23581
10566,2023-01-06,2023-01-16,2023-01-11,Resolved,,22808
10567,2025-11-26,2025-12-03,2025-12-01,Shipped,Fragile items — handle with care.,20454
10568,2025-02-25,2025-03-05,2025-03-06,Shipped,,23353
10569,2024-02-14,2024-03-01,2024-02-23,Shipped,Hold for customer confirmation.,22758
10570,2024-03-04,2024-03-28,2024-03-10,Shipped,Please ship as soon as possible.,22458
10571,2025-02-21,2025-03-10,,In Process,,23534
10572,2023-01-31,2023-02-27,2023-02-08,Shipped,,24009
10573,2022-08-30,2022-09-13,2022-09-01,Shipped,International shipment — customs docs needed.,23329
10574,2023-01-05,2023-01-17,2023-01-13,Shipped,Hold for customer confirmation.,24794
10575,2025-09-25,2025-10-24,,Cancelled,Backorder — ship when available.,22446
10576,2023-05-29,2023-06-06,2023-06-06,Shipped,Backorder — ship when available.,20990
10577,2022-09-07,2022-09-22,,In Process,Gift wrapping requested.,23875
10578,2022-06-22,2022-07-01,2022-07-01,Shipped,Call before delivery.,21914
10579,2022-01-18,2022-02-09,,On Hold,,24790
10580,2022-07-27,2022-08-26,2022-07-28,Shipped,Special discount applied.,24523
10581,2024-04-27,2024-05-23,2024-04-30,Shipped,,21907
10582,2023-04-29,2023-05-16,2023-05-06,Shipped,,20957
10583,2022-05-20,2022-06-06,,Cancelled,,22125
10584,2024-07-30,2024-08-12,2024-08-02,Shipped,,24025
10585,2024-03-14,2024-03-29,,In Process,,20462
10586,2024-10-26,2024-11-06,2024-11-04,Shipped,Please ship as soon as possible.,21377
10587,2026-03-16,2026-04-06,2026-03-20,Resolved,Hold for customer confirmation.,21168
10588,2025-07-18,2025-08-03,2025-07-23,Shipped,Verified credit before processing.,23701
10589,2024-01-11,2024-02-04,,On Hold,Hold for customer confirmation.,22741
10590,2022-07-17,2022-07-25,,In Process,Customer requested expedited shipping.,23156
10591,2025-11-13,2025-11-23,2025-11-23,Disputed,Gift wrapping requested.,21214
10592,2026-02-10,2026-02-27,2026-02-14,Shipped,,24138
10593,2025-03-18,2025-03-27,2025-03-22,Shipped,,21473
10594,2025-01-22,2025-02-13,2025-01-23,Resolved,Customer requested expedited shipping.,21952
10595,2025-03-10,2025-03-19,2025-03-13,Shipped,Please ship as soon as possible.,24807
10596,2022-10-17,2022-11-12,2022-10-18,Shipped,,24554
10597,2023-03-23,2023-04-10,2023-03-26,Resolved,Gift wrapping requested.,20070
10598,2023-02-17,2023-03-10,2023-02-27,Shipped,Hold for customer confirmation.,21332
10599,2024-11-24,2024-12-09,,In Process,,20787
10600,2024-02-29,2024-03-14,2024-03-06,Disputed,Customer requested expedited shipping.,22624
10601,2022-01-02,2022-01-09,2022-01-03,Shipped,,21810
10602,2023-03-16,2023-03-31,2023-03-22,Shipped,,20347
10603,2026-04-27,2026-05-04,2026-05-04,Shipped,Fragile items — handle with care.,24524
10604,2022-08-21,2022-09-07,2022-08-23,Disputed,,20504
10605,2025-05-02,2025-05-27,,On Hold,Hold for customer confirmation.,23101
10606,2023-04-29,2023-05-18,2023-05-04,Shipped,Replacement for damaged order.,24687
10607,2022-02-12,2022-02-28,,In Process,,22109
10608,2024-09-11,2024-09-21,2024-09-14,Shipped,,24034
10609,2025-05-05,2025-05-21,,In Process,,20096
10610,2024-04-29,2024-05-24,2024-05-06,Shipped,,20873
10611,2024-01-19,2024-02-08,,On Hold,,23172
10612,2022-02-08,2022-02-26,2022-02-18,Resolved,Customer will pick up at warehouse.,23344
10613,2025-09-10,2025-09-18,2025-09-19,Resolved,Special discount applied.,22563
10614,2023-11-26,2023-12-15,2023-12-01,Shipped,Priority customer — rush order.,20166
10615,2023-12-05,2023-12-17,,On Hold,Hold for customer confirmation.,23369
10616,2023-08-03,2023-08-26,,In Process,Fragile items — handle with care.,23519
10617,2026-05-16,2026-06-09,2026-05-19,Shipped,Call before delivery.,21242
10618,2022-12-02,2022-12-26,2022-12-05,Shipped,,24994
10619,2023-12-28,2024-01-19,2024-01-06,Shipped,Partial shipment approved by customer.,21721
10620,2026-01-17,2026-01-24,2026-01-24,Shipped,Please ship as soon as possible.,24228
10621,2024-10-24,2024-10-31,2024-11-03,Shipped,International shipment — customs docs needed.,21384
10622,2023-03-03,2023-03-16,,Cancelled,Backorder — ship when available.,23473
10623,2022-02-23,2022-03-09,2022-02-25,Shipped,,23646
10624,2022-08-30,2022-09-09,2022-09-09,Shipped,,20185
10625,2025-11-22,2025-12-20,,Cancelled,Hold for customer confirmation.,21486
10626,2023-05-28,2023-06-17,2023-06-01,Shipped,Replacement for damaged order.,20204
10627,2025-07-20,2025-08-07,2025-07-25,Shipped,Check stock before processing.,22314
10628,2025-12-15,2025-12-31,2025-12-16,Shipped,Customer requested expedited shipping.,24709
10629,2025-03-21,2025-04-20,2025-03-24,Resolved,,21012
10630,2022-11-17,2022-12-13,,On Hold,Priority customer — rush order.,24006
10631,2024-03-10,2024-03-22,2024-03-17,Shipped,Check stock before processing.,24197
10632,2023-06-07,2023-06-21,2023-06-10,Shipped,Verified credit before processing.,21135
10633,2022-08-13,2022-09-04,2022-08-23,Shipped,Check stock before processing.,22727
10634,2022-09-11,2022-09-19,2022-09-15,Shipped,,23268
10635,2026-05-08,2026-05-26,2026-05-10,Disputed,Hold for customer confirmation.,24393
10636,2023-01-14,2023-02-12,2023-01-20,Shipped,Special discount applied.,22717
10637,2022-10-18,2022-10-25,,In Process,Gift wrapping requested.,23934
10638,2024-03-10,2024-04-01,2024-03-13,Shipped,Hold for customer confirmation.,20408
10639,2022-05-20,2022-06-06,,On Hold,,22236
10640,2022-10-22,2022-11-20,2022-10-24,Shipped,,24719
10641,2022-05-17,2022-06-03,2022-05-24,Shipped,,21232
10642,2022-06-28,2022-07-17,2022-06-30,Shipped,,24576
10643,2023-11-13,2023-12-09,2023-11-15,Shipped,,21569
10644,2025-12-09,2026-01-07,,On Hold,Please ship as soon as possible.,24050
10645,2023-12-23,2024-01-02,2024-01-01,Shipped,Please ship as soon as possible.,21839
10646,2025-09-01,2025-09-30,2025-09-02,Resolved,Special discount applied.,20880
10647,2024-05-18,2024-06-10,2024-05-19,Shipped,,23783
10648,2024-04-26,2024-05-03,,In Process,,21923
10649,2026-06-05,2026-06-25,,In Process,,22023
10650,2022-05-23,2022-06-10,,On Hold,Partial shipment approved by customer.,23371
10651,2022-12-27,2023-01-06,2023-01-05,Shipped,Partial shipment approved by customer.,23306
10652,2022-02-26,2022-03-22,2022-03-06,Shipped,,20178
10653,2025-05-17,2025-06-05,,On Hold,,20832
10654,2024-03-09,2024-03-16,,In Process,Backorder — ship when available.,24097
10655,2022-10-11,2022-10-26,,In Process,,21481
10656,2023-06-22,2023-07-05,2023-06-28,Shipped,,20921
10657,2024-02-24,2024-03-15,2024-02-25,Shipped,Backorder — ship when available.,22948
10658,2026-03-22,2026-04-06,,In Process,Partial shipment approved by customer.,21151
10659,2025-01-01,2025-01-08,,In Process,Special discount applied.,21946
10660,2025-07-23,2025-08-03,2025-07-25,Shipped,International shipment — customs docs needed.,23813
10661,2023-08-29,2023-09-16,2023-08-30,Shipped,International shipment — customs docs needed.,23688
10662,2025-02-14,2025-03-13,,In Process,Fragile items — handle with care.,23560
10663,2025-12-27,2026-01-19,,Cancelled,Partial shipment approved by customer.,21616
10664,2023-03-07,2023-03-29,2023-03-11,Resolved,Partial shipment approved by customer.,22098
10665,2025-02-12,2025-03-10,,In Process,Backorder — ship when available.,23324
10666,2022-02-11,2022-02-20,,In Process,Customer will pick up at warehouse.,21896
10667,2026-06-22,2026-07-22,2026-06-30,Shipped,Priority customer — rush order.,22434
10668,2022-09-20,2022-10-10,2022-09-24,Shipped,,23311
10669,2022-04-20,2022-05-14,2022-04-27,Shipped,Customer will pick up at warehouse.,23626
10670,2025-07-27,2025-08-26,2025-08-03,Shipped,Customer will pick up at warehouse.,21239
10671,2025-04-30,2025-05-23,2025-05-04,Shipped,International shipment — customs docs needed.,24242
10672,2022-03-25,2022-04-18,2022-03-29,Disputed,International shipment — customs docs needed.,22107
10673,2025-10-04,2025-10-16,2025-10-14,Shipped,Check stock before processing.,24550
10674,2026-04-28,2026-05-22,2026-04-30,Shipped,Call before delivery.,22603
10675,2026-03-04,2026-03-19,2026-03-09,Shipped,Customer requested expedited shipping.,24933
10676,2023-05-03,2023-05-20,2023-05-06,Shipped,,23354
10677,2024-12-07,2024-12-25,2024-12-08,Shipped,Customer will pick up at warehouse.,24879
10678,2022-05-22,2022-05-31,2022-05-23,Shipped,Customer will pick up at warehouse.,20115
10679,2022-05-23,2022-06-07,,On Hold,Gift wrapping requested.,24721
10680,2026-02-22,2026-03-12,2026-02-28,Shipped,Backorder — ship when available.,22467
10681,2024-09-18,2024-10-08,,On Hold,Verified credit before processing.,24360
10682,2024-08-27,2024-09-16,2024-09-06,Disputed,,20660
10683,2022-11-07,2022-11-26,2022-11-17,Shipped,Verified credit before processing.,22683
10684,2025-04-28,2025-05-22,2025-05-01,Shipped,,23520
10685,2026-04-23,2026-05-12,,Cancelled,Customer requested expedited shipping.,24205
10686,2025-11-21,2025-12-07,2025-11-25,Resolved,Customer will pick up at warehouse.,23030
10687,2026-01-22,2026-02-12,2026-01-30,Shipped,,21547
10688,2023-10-04,2023-10-19,2023-10-12,Disputed,,24852
10689,2026-03-26,2026-04-13,2026-03-30,Shipped,Gift wrapping requested.,21562
10690,2024-01-26,2024-02-07,,Cancelled,Please ship as soon as possible.,20723
10691,2026-06-05,2026-06-28,2026-06-08,Shipped,,24708
10692,2024-11-09,2024-11-27,2024-11-16,Resolved,Priority customer — rush order.,21790
10693,2025-04-02,2025-05-02,,On Hold,,20686
10694,2024-01-12,2024-01-23,,On Hold,,23045
10695,2022-12-10,2022-12-18,2022-12-16,Shipped,Call before delivery.,20357
10696,2024-10-26,2024-11-12,2024-10-29,Disputed,Fragile items — handle with care.,20328
10697,2024-11-15,2024-12-13,,Cancelled,,23811
10698,2022-06-02,2022-06-11,2022-06-07,Resolved,Customer will pick up at warehouse.,21571
10699,2022-01-31,2022-02-13,2022-02-01,Shipped,Replacement for damaged order.,20081
10700,2023-07-27,2023-08-17,,In Process,,20059
10701,2025-06-29,2025-07-06,2025-07-02,Shipped,,23340
10702,2024-11-21,2024-12-04,2024-11-30,Shipped,Replacement for damaged order.,20495
10703,2023-09-15,2023-09-23,2023-09-21,Shipped,Gift wrapping requested.,23209
10704,2024-01-31,2024-02-26,2024-02-10,Resolved,Partial shipment approved by customer.,21928
10705,2022-02-24,2022-03-22,2022-03-04,Shipped,,21438
10706,2022-05-03,2022-05-28,2022-05-06,Shipped,Customer will pick up at warehouse.,22002
10707,2025-08-27,2025-09-16,2025-09-02,Disputed,Customer will pick up at warehouse.,22597
10708,2023-05-19,2023-06-12,,Cancelled,,24120
10709,2024-06-28,2024-07-15,,In Process,Replacement for damaged order.,24442
10710,2026-07-15,2026-07-24,2026-07-20,Shipped,,22707
10711,2022-01-14,2022-02-13,2022-01-15,Shipped,,23096
10712,2023-11-27,2023-12-10,2023-11-28,Shipped,,21396
10713,2024-05-09,2024-05-29,,Cancelled,Special discount applied.,23531
10714,2024-03-17,2024-04-13,,On Hold,,21383
10715,2022-06-01,2022-06-19,,On Hold,,21114
10716,2025-04-22,2025-04-29,,On Hold,Priority customer — rush order.,24629
10717,2026-06-27,2026-07-08,2026-07-04,Shipped,International shipment — customs docs needed.,20585
10718,2025-01-17,2025-02-03,2025-01-20,Shipped,,23733
10719,2022-11-23,2022-12-11,2022-12-01,Shipped,Verified credit before processing.,23698
10720,2023-08-08,2023-08-29,,Cancelled,Priority customer — rush order.,21794
10721,2022-05-23,2022-06-15,2022-06-02,Shipped,,21491
10722,2023-12-12,2023-12-21,,In Process,,23702
10723,2025-05-14,2025-05-31,2025-05-17,Shipped,Priority customer — rush order.,22786
10724,2023-10-18,2023-11-12,2023-10-25,Shipped,,22684
10725,2025-10-12,2025-10-30,2025-10-16,Shipped,,20154
10726,2024-01-27,2024-02-03,,Cancelled,Fragile items — handle with care.,20427
10727,2024-01-20,2024-01-29,2024-01-30,Shipped,,20265
10728,2024-07-30,2024-08-10,2024-08-09,Shipped,Backorder — ship when available.,21310
10729,2022-11-27,2022-12-21,2022-12-07,Shipped,,21568
10730,2024-06-03,2024-06-10,2024-06-11,Shipped,Hold for customer confirmation.,23218
10731,2026-02-21,2026-03-10,2026-02-24,Shipped,Hold for customer confirmation.,22661
10732,2022-03-07,2022-04-03,2022-03-14,Shipped,Verified credit before processing.,22283
10733,2024-08-04,2024-08-24,2024-08-08,Resolved,Customer requested expedited shipping.,21578
10734,2025-12-04,2025-12-13,,Cancelled,,22455
10735,2022-01-29,2022-02-25,2022-02-03,Shipped,Hold for customer confirmation.,21482
10736,2022-10-20,2022-11-07,2022-10-24,Shipped,Partial shipment approved by customer.,22246
10737,2024-08-20,2024-09-09,,On Hold,Priority customer — rush order.,20278
10738,2025-05-12,2025-05-25,2025-05-14,Shipped,,22171
10739,2022-06-08,2022-07-02,,In Process,Call before delivery.,23477
10740,2024-01-21,2024-01-29,2024-01-25,Resolved,Customer requested expedited shipping.,21655
10741,2023-07-15,2023-08-02,,On Hold,Hold for customer confirmation.,24092
10742,2023-06-10,2023-06-29,2023-06-20,Shipped,Check stock before processing.,20396
10743,2024-07-10,2024-07-27,2024-07-16,Resolved,,21090
10744,2026-01-04,2026-01-13,2026-01-05,Shipped,,21911
10745,2025-10-03,2025-10-12,2025-10-13,Shipped,Partial shipment approved by customer.,23919
10746,2025-09-10,2025-09-25,2025-09-19,Shipped,Call before delivery.,23801
10747,2024-01-10,2024-01-23,2024-01-18,Shipped,Priority customer — rush order.,23979
10748,2024-01-27,2024-02-23,2024-02-05,Disputed,Partial shipment approved by customer.,22524
10749,2026-05-21,2026-06-17,2026-05-22,Shipped,Customer requested expedited shipping.,22433
10750,2025-11-25,2025-12-15,2025-11-29,Shipped,Partial shipment approved by customer.,20030
10751,2022-12-31,2023-01-09,2023-01-07,Shipped,Backorder — ship when available.,24875
10752,2023-02-28,2023-03-08,,Cancelled,,23693
10753,2023-11-08,2023-12-05,,In Process,International shipment — customs docs needed.,23452
10754,2025-02-13,2025-03-09,,In Process,Customer will pick up at warehouse.,22759
10755,2023-12-20,2024-01-11,,Cancelled,Replacement for damaged order.,23573
10756,2025-07-21,2025-08-09,,Cancelled,,22936
10757,2026-05-22,2026-06-13,,In Process,Customer requested expedited shipping.,23033
10758,2023-10-31,2023-11-30,,On Hold,Fragile items — handle with care.,24841
10759,2025-05-12,2025-05-23,,On Hold,,21830
10760,2024-01-23,2024-02-16,,On Hold,Gift wrapping requested.,24540
10761,2023-02-10,2023-02-25,2023-02-17,Shipped,Please ship as soon as possible.,20114
10762,2025-06-18,2025-06-27,2025-06-23,Shipped,Gift wrapping requested.,24259
10763,2024-10-07,2024-10-31,2024-10-10,Shipped,Customer will pick up at warehouse.,23414
10764,2026-02-02,2026-02-09,,On Hold,Gift wrapping requested.,20631
10765,2026-06-17,2026-07-01,2026-06-21,Shipped,Replacement for damaged order.,23597
10766,2022-03-04,2022-03-21,2022-03-07,Shipped,Priority customer — rush order.,22437
10767,2025-10-14,2025-11-02,2025-10-18,Resolved,Hold for customer confirmation.,23148
10768,2025-05-03,2025-05-25,2025-05-11,Shipped,,22923
10769,2025-06-19,2025-07-16,2025-06-22,Shipped,Partial shipment approved by customer.,23167
10770,2024-04-16,2024-05-15,2024-04-21,Resolved,Verified credit before processing.,22652
10771,2023-03-30,2023-04-06,2023-04-02,Shipped,,24584
10772,2022-04-06,2022-04-29,,On Hold,International shipment — customs docs needed.,23159
10773,2022-11-19,2022-12-02,,Cancelled,Replacement for damaged order.,20979
10774,2023-05-17,2023-06-12,2023-05-26,Shipped,,21505
10775,2025-10-29,2025-11-15,,On Hold,Call before delivery.,21278
10776,2026-01-28,2026-02-10,2026-02-01,Shipped,Customer requested expedited shipping.,20297
10777,2022-12-11,2023-01-04,,In Process,,24310
10778,2023-02-23,2023-03-19,2023-03-02,Shipped,Priority customer — rush order.,22410
10779,2024-04-16,2024-05-14,2024-04-25,Resolved,,24475
10780,2023-01-01,2023-01-12,,In Process,Special discount applied.,20928
10781,2025-01-13,2025-02-07,,Cancelled,Customer will pick up at warehouse.,23178
10782,2024-05-07,2024-05-28,,Cancelled,Verified credit before processing.,20507
10783,2022-03-20,2022-04-15,2022-03-22,Shipped,Special discount applied.,24835
10784,2024-01-16,2024-02-12,2024-01-21,Disputed,Hold for customer confirmation.,20182
10785,2022-09-13,2022-09-30,,Cancelled,Special discount applied.,24970
10786,2024-02-03,2024-03-02,,Cancelled,Backorder — ship when available.,23440
10787,2022-11-02,2022-11-17,2022-11-09,Shipped,Call before delivery.,23054
10788,2025-08-18,2025-09-12,2025-08-23,Disputed,Replacement for damaged order.,23368
10789,2023-01-20,2023-01-29,,In Process,Replacement for damaged order.,20615
10790,2023-08-01,2023-08-24,2023-08-02,Shipped,,23319
10791,2026-04-18,2026-05-11,,On Hold,,21249
10792,2023-01-28,2023-02-11,,Cancelled,Customer requested expedited shipping.,23104
10793,2023-06-23,2023-07-22,,In Process,,23977
10794,2025-03-06,2025-03-25,2025-03-12,Shipped,,21399
10795,2025-05-18,2025-06-07,2025-05-23,Resolved,,23301
10796,2023-06-18,2023-06-26,,In Process,Fragile items — handle with care.,22304
10797,2023-03-29,2023-04-18,2023-03-30,Shipped,,22520
10798,2023-07-10,2023-08-05,2023-07-19,Shipped,Customer requested expedited shipping.,22587
10799,2023-09-25,2023-10-20,2023-10-03,Shipped,,22987
10800,2023-10-07,2023-10-22,2023-10-09,Shipped,Replacement for damaged order.,23174
10801,2024-08-07,2024-08-20,2024-08-11,Shipped,,23531
10802,2025-04-17,2025-04-30,2025-04-21,Shipped,,23955
10803,2025-01-18,2025-02-14,2025-01-25,Disputed,,24365
10804,2025-06-30,2025-07-25,,On Hold,,23047
10805,2024-05-20,2024-06-10,,In Process,Verified credit before processing.,21981
10806,2023-04-19,2023-04-30,2023-04-24,Shipped,Replacement for damaged order.,22233
10807,2022-03-13,2022-03-27,2022-03-22,Shipped,,22315
10808,2023-02-09,2023-02-28,,In Process,Hold for customer confirmation.,21251
10809,2022-08-24,2022-09-07,2022-08-28,Shipped,International shipment — customs docs needed.,24728
10810,2025-01-30,2025-02-15,2025-02-05,Disputed,Gift wrapping requested.,23270
10811,2022-01-08,2022-01-26,,Cancelled,Verified credit before processing.,21776
10812,2022-12-23,2023-01-14,,On Hold,Customer will pick up at warehouse.,24195
10813,2022-05-03,2022-05-21,2022-05-10,Disputed,Fragile items — handle with care.,22369
10814,2023-08-23,2023-09-18,2023-08-29,Disputed,Customer will pick up at warehouse.,22584
10815,2023-12-26,2024-01-23,2023-12-29,Shipped,Gift wrapping requested.,20893
10816,2025-09-04,2025-10-03,2025-09-08,Disputed,,23059
10817,2022-10-13,2022-11-03,2022-10-18,Resolved,,23623
10818,2023-10-18,2023-11-02,,On Hold,Backorder — ship when available.,24330
10819,2024-11-08,2024-11-23,,On Hold,International shipment — customs docs needed.,20593
10820,2023-09-15,2023-09-26,,In Process,Replacement for damaged order.,24368
10821,2024-12-17,2025-01-01,2024-12-19,Shipped,,24865
10822,2024-11-16,2024-11-27,2024-11-21,Resolved,Call before delivery.,22227
10823,2025-03-29,2025-04-26,2025-04-05,Shipped,,22704
10824,2026-02-24,2026-03-18,,In Process,International shipment — customs docs needed.,20580
10825,2024-04-02,2024-04-09,2024-04-04,Resolved,Backorder — ship when available.,20201
10826,2026-01-31,2026-03-01,,On Hold,Backorder — ship when available.,20575
10827,2025-05-10,2025-05-18,2025-05-12,Resolved,,20124
10828,2022-05-07,2022-06-02,2022-05-08,Shipped,,21373
10829,2022-01-06,2022-01-23,2022-01-14,Resolved,Customer requested expedited shipping.,22990
10830,2023-06-02,2023-06-20,2023-06-04,Shipped,Replacement for damaged order.,21565
10831,2025-05-10,2025-05-26,2025-05-19,Shipped,,24073
10832,2025-12-30,2026-01-23,2026-01-09,Shipped,Check stock before processing.,24051
10833,2026-03-21,2026-04-16,2026-03-24,Shipped,Replacement for damaged order.,23618
10834,2026-03-21,2026-04-13,2026-03-27,Shipped,Special discount applied.,23341
10835,2022-02-03,2022-02-11,2022-02-11,Shipped,Check stock before processing.,23130
10836,2022-06-27,2022-07-11,2022-07-04,Shipped,Partial shipment approved by customer.,22361
10837,2024-07-19,2024-08-14,2024-07-28,Shipped,,24744
10838,2022-11-13,2022-11-20,2022-11-20,Shipped,Check stock before processing.,22640
10839,2023-07-28,2023-08-10,,On Hold,,20394
10840,2024-11-17,2024-11-30,2024-11-26,Shipped,Partial shipment approved by customer.,21123
10841,2022-11-28,2022-12-16,,In Process,Customer will pick up at warehouse.,24364
10842,2025-11-15,2025-11-23,2025-11-18,Shipped,,21886
10843,2023-01-22,2023-02-06,2023-01-30,Resolved,Priority customer — rush order.,22666
10844,2022-12-22,2023-01-17,2022-12-24,Shipped,,23200
10845,2025-07-27,2025-08-12,2025-08-02,Shipped,International shipment — customs docs needed.,21864
10846,2024-02-03,2024-02-19,2024-02-06,Shipped,Hold for customer confirmation.,23222
10847,2025-10-16,2025-10-24,,In Process,,20751
10848,2025-01-05,2025-01-23,,On Hold,,20122
10849,2025-12-30,2026-01-17,,In Process,,22839
10850,2026-02-05,2026-02-28,2026-02-11,Shipped,,23460
10851,2023-10-15,2023-10-22,2023-10-16,Shipped,,20154
10852,2022-03-18,2022-03-28,2022-03-28,Shipped,Please ship as soon as possible.,23788
10853,2023-04-13,2023-04-25,2023-04-21,Shipped,Gift wrapping requested.,23052
10854,2026-03-21,2026-03-31,2026-03-22,Shipped,Hold for customer confirmation.,20786
10855,2024-11-10,2024-12-06,2024-11-12,Shipped,Please ship as soon as possible.,23419
10856,2024-12-30,2025-01-28,2025-01-06,Shipped,,21720
10857,2022-08-06,2022-08-13,2022-08-09,Resolved,,24264
10858,2022-03-29,2022-04-16,,Cancelled,Fragile items — handle with care.,21481
10859,2023-07-09,2023-07-22,2023-07-16,Resolved,,23548
10860,2022-01-27,2022-02-05,,On Hold,,23693
10861,2026-06-17,2026-06-28,2026-06-21,Disputed,,23549
10862,2023-01-12,2023-02-10,2023-01-19,Shipped,Special discount applied.,23463
10863,2022-03-20,2022-04-11,,On Hold,,22223
10864,2022-04-23,2022-05-17,2022-04-29,Shipped,,20701
10865,2023-11-29,2023-12-07,2023-12-06,Shipped,Hold for customer confirmation.,21994
10866,2026-06-26,2026-07-22,,In Process,Replacement for damaged order.,21747
10867,2025-02-01,2025-03-02,2025-02-03,Shipped,,20651
10868,2022-06-29,2022-07-17,2022-06-30,Disputed,Backorder — ship when available.,22509
10869,2023-12-13,2023-12-29,,On Hold,,22597
10870,2026-07-16,2026-08-06,2026-07-20,Shipped,International shipment — customs docs needed.,22131
10871,2026-02-01,2026-02-16,,On Hold,Verified credit before processing.,23998
10872,2025-09-24,2025-10-06,,On Hold,,20351
10873,2023-11-28,2023-12-15,2023-12-07,Shipped,Priority customer — rush order.,24446
10874,2024-02-01,2024-02-14,2024-02-04,Disputed,Please ship as soon as possible.,20130
10875,2023-08-14,2023-09-06,,On Hold,Please ship as soon as possible.,22638
10876,2023-04-09,2023-04-21,,Cancelled,,24403
10877,2024-02-27,2024-03-05,2024-03-05,Disputed,Verified credit before processing.,22180
10878,2024-12-23,2025-01-04,2025-01-02,Resolved,,23417
10879,2024-12-21,2025-01-10,2024-12-24,Shipped,Customer will pick up at warehouse.,22531
10880,2026-04-19,2026-04-28,2026-04-29,Shipped,,20662
10881,2024-09-15,2024-10-09,2024-09-16,Shipped,Customer requested expedited shipping.,24414
10882,2024-12-15,2025-01-03,2024-12-22,Resolved,Gift wrapping requested.,24527
10883,2023-09-13,2023-09-30,,In Process,Replacement for damaged order.,20918
10884,2026-04-17,2026-05-01,,In Process,Customer requested expedited shipping.,22772
10885,2025-09-07,2025-09-15,,Cancelled,,20276
10886,2023-12-09,2024-01-03,2023-12-16,Shipped,Call before delivery.,22842
10887,2022-08-13,2022-09-11,2022-08-14,Shipped,Please ship as soon as possible.,21615
10888,2024-02-11,2024-02-23,2024-02-19,Shipped,,21881
10889,2024-06-28,2024-07-26,,In Process,,20571
10890,2025-04-20,2025-05-16,2025-04-30,Shipped,Replacement for damaged order.,22169
10891,2023-01-27,2023-02-22,2023-02-06,Shipped,Customer requested expedited shipping.,22614
10892,2026-03-08,2026-03-18,2026-03-15,Shipped,,22465
10893,2022-10-06,2022-10-29,2022-10-11,Shipped,,20324
10894,2023-09-08,2023-09-22,2023-09-16,Shipped,,23313
10895,2026-02-26,2026-03-10,2026-03-03,Shipped,,21518
10896,2022-04-16,2022-05-03,2022-04-25,Shipped,,23840
10897,2026-03-12,2026-03-31,,Cancelled,Fragile items — handle with care.,23236
10898,2024-09-19,2024-10-01,2024-09-24,Shipped,Customer will pick up at warehouse.,20030
10899,2026-06-22,2026-07-15,,In Process,Replacement for damaged order.,23129
10900,2022-02-28,2022-03-15,,On Hold,,20104
10901,2022-12-14,2023-01-11,,In Process,,22831
10902,2026-02-24,2026-03-26,2026-03-02,Shipped,Backorder — ship when available.,22142
10903,2025-03-29,2025-04-11,2025-04-07,Shipped,Check stock before processing.,22043
10904,2023-09-11,2023-09-21,2023-09-14,Resolved,Customer requested expedited shipping.,20894
10905,2024-08-17,2024-08-27,2024-08-18,Shipped,,20575
10906,2025-02-17,2025-03-11,,In Process,,21800
10907,2026-05-19,2026-06-10,2026-05-29,Shipped,Hold for customer confirmation.,24891
10908,2025-01-07,2025-01-18,2025-01-15,Shipped,,21067
10909,2022-12-11,2023-01-04,2022-12-18,Shipped,Priority customer — rush order.,24144
10910,2025-03-30,2025-04-29,,Cancelled,Call before delivery.,23698
10911,2023-07-02,2023-07-15,2023-07-03,Shipped,Gift wrapping requested.,21639
10912,2025-06-16,2025-07-06,2025-06-25,Shipped,Priority customer — rush order.,24833
10913,2025-01-25,2025-02-20,2025-02-01,Shipped,Fragile items — handle with care.,23723
10914,2023-07-14,2023-07-29,2023-07-16,Shipped,Fragile items — handle with care.,21801
10915,2024-01-08,2024-01-29,2024-01-12,Resolved,,20454
10916,2023-10-11,2023-10-27,,Cancelled,Call before delivery.,20244
10917,2026-03-29,2026-04-27,2026-04-01,Disputed,,24629
10918,2022-11-10,2022-12-08,,Cancelled,Partial shipment approved by customer.,24019
10919,2025-09-08,2025-09-27,2025-09-16,Shipped,Gift wrapping requested.,21609
10920,2025-03-19,2025-04-07,2025-03-21,Shipped,Special discount applied.,20183
10921,2025-08-19,2025-08-26,,On Hold,,21529
10922,2025-08-22,2025-09-15,2025-08-28,Shipped,,22854
10923,2023-05-09,2023-05-16,2023-05-12,Shipped,,23097
10924,2024-08-13,2024-09-03,2024-08-17,Shipped,Call before delivery.,24261
10925,2022-07-28,2022-08-11,2022-08-02,Shipped,,22870
10926,2025-08-27,2025-09-16,2025-09-04,Resolved,,21359
10927,2024-09-18,2024-10-13,2024-09-25,Shipped,Check stock before processing.,21589
10928,2022-10-18,2022-11-03,,On Hold,,20335
10929,2025-01-31,2025-03-01,2025-02-08,Shipped,Priority customer — rush order.,23917
10930,2024-02-12,2024-02-24,2024-02-13,Disputed,Hold for customer confirmation.,22044
10931,2025-11-16,2025-12-16,2025-11-19,Resolved,,24103
10932,2024-08-20,2024-09-14,2024-08-25,Shipped,,23334
10933,2022-04-27,2022-05-10,,In Process,Special discount applied.,22140
10934,2023-11-28,2023-12-06,2023-12-06,Shipped,,22242
10935,2024-09-20,2024-10-11,2024-09-22,Shipped,,22378
10936,2023-10-25,2023-11-02,,In Process,Special discount applied.,20569
10937,2023-07-06,2023-07-23,2023-07-10,Shipped,Verified credit before processing.,22374
10938,2025-08-17,2025-09-06,2025-08-20,Shipped,,23215
10939,2024-11-27,2024-12-23,2024-12-02,Shipped,Please ship as soon as possible.,21023
10940,2024-10-14,2024-10-31,,In Process,Hold for customer confirmation.,21285
10941,2025-04-15,2025-04-30,,On Hold,Fragile items — handle with care.,24267
10942,2024-08-24,2024-09-19,2024-08-28,Shipped,Partial shipment approved by customer.,23122
10943,2024-06-10,2024-07-03,,Cancelled,,22520
10944,2023-01-09,2023-02-04,2023-01-13,Shipped,Replacement for damaged order.,24791
10945,2024-09-11,2024-10-08,2024-09-13,Resolved,Please ship as soon as possible.,20868
10946,2024-01-01,2024-01-27,2024-01-09,Shipped,,20427
10947,2022-03-14,2022-03-27,2022-03-21,Disputed,International shipment — customs docs needed.,20475
10948,2025-06-02,2025-06-25,2025-06-06,Shipped,,24847
10949,2024-08-30,2024-09-14,2024-09-04,Shipped,Check stock before processing.,21110
10950,2024-06-09,2024-07-09,2024-06-10,Shipped,,24615
10951,2025-09-15,2025-10-08,2025-09-17,Resolved,Verified credit before processing.,22377
10952,2025-05-16,2025-06-10,,In Process,,20712
10953,2025-04-04,2025-04-30,,In Process,,23189
10954,2024-02-19,2024-03-15,2024-02-20,Shipped,Replacement for damaged order.,23820
10955,2025-09-20,2025-10-11,,On Hold,Backorder — ship when available.,21080
10956,2024-08-02,2024-08-29,2024-08-11,Resolved,Fragile items — handle with care.,24178
10957,2026-01-24,2026-02-12,2026-01-29,Shipped,,24326
10958,2023-11-02,2023-11-15,2023-11-06,Shipped,Customer requested expedited shipping.,23919
10959,2023-02-13,2023-03-06,2023-02-15,Shipped,,23343
10960,2023-02-23,2023-03-23,,On Hold,,21249
10961,2025-11-24,2025-12-06,2025-12-03,Shipped,Call before delivery.,22312
10962,2024-06-02,2024-06-11,2024-06-07,Resolved,International shipment — customs docs needed.,22238
10963,2022-05-31,2022-06-28,2022-06-06,Shipped,,24762
10964,2025-07-10,2025-08-03,2025-07-13,Shipped,Priority customer — rush order.,24638
10965,2026-05-09,2026-05-25,2026-05-17,Shipped,,21713
10966,2023-10-21,2023-10-28,2023-10-31,Shipped,,24018
10967,2023-09-29,2023-10-21,,Cancelled,Call before delivery.,24607
10968,2023-03-30,2023-04-18,2023-04-05,Disputed,,24906
10969,2025-09-26,2025-10-25,,In Process,Customer requested expedited shipping.,24482
10970,2024-09-01,2024-09-10,2024-09-08,Resolved,Customer requested expedited shipping.,20665
10971,2024-01-05,2024-01-16,,In Process,Replacement for damaged order.,24829
10972,2023-02-10,2023-03-12,2023-02-15,Shipped,Verified credit before processing.,22666
10973,2024-07-14,2024-07-24,2024-07-23,Disputed,,20557
10974,2023-03-24,2023-04-12,,On Hold,Backorder — ship when available.,22757
10975,2026-05-19,2026-06-08,2026-05-21,Shipped,Special discount applied.,21002
10976,2023-09-24,2023-10-13,2023-09-29,Shipped,Priority customer — rush order.,24073
10977,2025-08-23,2025-09-02,2025-08-28,Disputed,Call before delivery.,21132
10978,2022-12-10,2023-01-02,2022-12-11,Shipped,Backorder — ship when available.,23879
10979,2022-02-23,2022-03-06,2022-02-24,Shipped,Check stock before processing.,22375
10980,2022-07-11,2022-08-10,2022-07-12,Shipped,,24490
10981,2023-03-14,2023-04-05,,Cancelled,Customer requested expedited shipping.,21602
10982,2026-03-02,2026-04-01,2026-03-08,Shipped,,24146
10983,2025-07-17,2025-08-02,,In Process,Replacement for damaged order.,22265
10984,2026-07-04,2026-07-26,2026-07-13,Shipped,Customer requested expedited shipping.,24522
10985,2025-05-07,2025-05-14,,In Process,,20374
10986,2025-03-11,2025-03-25,2025-03-17,Disputed,Hold for customer confirmation.,20392
10987,2025-06-23,2025-07-18,2025-06-30,Shipped,Priority customer — rush order.,24261
10988,2024-09-13,2024-09-23,,On Hold,,21101
10989,2022-10-14,2022-10-23,2022-10-23,Shipped,,24999
10990,2024-05-30,2024-06-10,2024-06-08,Resolved,,24932
10991,2022-03-17,2022-04-01,,In Process,Customer will pick up at warehouse.,21145
10992,2024-01-01,2024-01-17,,On Hold,Backorder — ship when available.,23877
10993,2022-09-28,2022-10-11,2022-10-05,Shipped,Partial shipment approved by customer.,23087
10994,2022-08-20,2022-08-31,2022-08-22,Shipped,,23966
10995,2023-03-27,2023-04-14,2023-04-04,Shipped,Priority customer — rush order.,20431
10996,2023-04-06,2023-04-22,2023-04-12,Shipped,Verified credit before processing.,22430
10997,2026-05-06,2026-06-03,2026-05-16,Shipped,Special discount applied.,20629
10998,2025-07-07,2025-07-19,2025-07-17,Shipped,,23438
10999,2023-05-15,2023-05-29,2023-05-17,Resolved,,24098
11000,2026-05-26,2026-06-11,,On Hold,Backorder — ship when available.,21483
11001,2022-10-27,2022-11-19,2022-11-05,Shipped,,24531
11002,2023-01-09,2023-01-17,,Cancelled,Please ship as soon as possible.,24550
11003,2023-05-05,2023-05-25,,On Hold,Special discount applied.,24938
11004,2022-07-28,2022-08-14,,On Hold,,23578
11005,2024-07-23,2024-08-20,2024-07-31,Shipped,,24093
11006,2023-12-07,2024-01-06,,Cancelled,,23106
11007,2024-01-14,2024-01-26,,On Hold,Fragile items — handle with care.,22228
11008,2025-05-19,2025-06-11,2025-05-29,Shipped,Check stock before processing.,21837
11009,2026-01-28,2026-02-18,2026-02-07,Shipped,Verified credit before processing.,21603
11010,2023-04-08,2023-04-24,,On Hold,Please ship as soon as possible.,21105
11011,2023-02-06,2023-02-17,2023-02-11,Shipped,,21078
11012,2022-07-10,2022-08-06,2022-07-13,Shipped,Fragile items — handle with care.,21865
11013,2023-12-20,2024-01-15,2023-12-27,Shipped,Verified credit before processing.,24537
11014,2026-03-21,2026-04-02,,On Hold,Verified credit before processing.,20462
11015,2025-02-08,2025-02-22,,On Hold,Customer requested expedited shipping.,20952
11016,2024-12-15,2024-12-26,2024-12-20,Shipped,Check stock before processing.,20961
11017,2026-02-01,2026-02-22,2026-02-11,Disputed,,24778
11018,2023-10-17,2023-11-04,,On Hold,Call before delivery.,24518
11019,2022-06-17,2022-06-26,2022-06-22,Shipped,Hold for customer confirmation.,21704
11020,2023-02-21,2023-03-20,2023-02-28,Shipped,Special discount applied.,22510
11021,2025-06-04,2025-07-03,2025-06-09,Resolved,International shipment — customs docs needed.,21869
11022,2023-06-12,2023-07-11,2023-06-13,Shipped,International shipment — customs docs needed.,22694
11023,2022-07-14,2022-08-08,2022-07-19,Shipped,Backorder — ship when available.,22447
11024,2024-05-26,2024-06-17,2024-05-30,Shipped,Please ship as soon as possible.,21940
11025,2022-06-23,2022-07-20,2022-07-03,Shipped,Customer will pick up at warehouse.,24683
11026,2025-11-29,2025-12-07,2025-12-02,Resolved,Special discount applied.,22117
11027,2022-11-14,2022-12-06,,On Hold,Customer will pick up at warehouse.,23627
11028,2022-04-26,2022-05-13,,On Hold,Customer requested expedited shipping.,23660
11029,2026-06-25,2026-07-09,2026-06-29,Disputed,Hold for customer confirmation.,23625
11030,2024-07-19,2024-07-29,2024-07-26,Disputed,,22088
11031,2026-03-27,2026-04-05,,On Hold,,21416
11032,2022-12-14,2022-12-29,2022-12-17,Shipped,Special discount applied.,20375
11033,2022-01-22,2022-02-07,2022-01-23,Shipped,Hold for customer confirmation.,24013
11034,2022-10-30,2022-11-15,2022-11-04,Resolved,Hold for customer confirmation.,23269
11035,2026-03-06,2026-03-29,2026-03-15,Shipped,Partial shipment approved by customer.,24529
11036,2024-08-21,2024-09-17,2024-08-26,Shipped,,21719
11037,2025-11-04,2025-11-23,2025-11-06,Shipped,Call before delivery.,24108
11038,2022-11-22,2022-12-05,,Cancelled,,24023
11039,2026-02-24,2026-03-18,2026-02-26,Resolved,Call before delivery.,22815
11040,2024-12-27,2025-01-12,2025-01-05,Shipped,Backorder — ship when available.,21844
11041,2023-06-17,2023-07-05,,Cancelled,,21692
11042,2024-02-22,2024-03-18,2024-02-28,Disputed,Please ship as soon as possible.,24201
11043,2026-03-14,2026-04-11,2026-03-21,Shipped,,24942
11044,2022-12-16,2022-12-28,2022-12-20,Shipped,Verified credit before processing.,22448
11045,2026-03-17,2026-04-10,2026-03-25,Disputed,,23889
11046,2025-06-12,2025-07-10,2025-06-22,Disputed,Special discount applied.,22039
11047,2022-07-29,2022-08-11,2022-08-05,Shipped,Priority customer — rush order.,20498
11048,2023-01-29,2023-02-11,,On Hold,Customer will pick up at warehouse.,24687
11049,2022-12-18,2023-01-11,2022-12-19,Shipped,Replacement for damaged order.,22165
11050,2023-04-26,2023-05-04,,In Process,Gift wrapping requested.,22803
11051,2025-09-23,2025-10-16,2025-09-30,Shipped,,20131
11052,2025-08-12,2025-09-05,2025-08-16,Disputed,Partial shipment approved by customer.,23352
11053,2023-07-29,2023-08-24,,In Process,Priority customer — rush order.,24166
11054,2026-03-10,2026-03-24,2026-03-15,Shipped,,20133
11055,2025-05-08,2025-05-26,2025-05-12,Shipped,,20658
11056,2024-08-21,2024-09-08,2024-08-25,Shipped,International shipment — customs docs needed.,24375
11057,2022-07-02,2022-07-28,2022-07-04,Shipped,Special discount applied.,20069
11058,2026-02-03,2026-03-03,2026-02-08,Shipped,Hold for customer confirmation.,21293
11059,2022-07-22,2022-08-03,2022-07-24,Shipped,Replacement for damaged order.,23534
11060,2023-02-06,2023-02-20,2023-02-07,Shipped,Customer requested expedited shipping.,24629
11061,2025-12-26,2026-01-12,,In Process,,23495
11062,2025-05-01,2025-05-22,,On Hold,Priority customer — rush order.,20178
11063,2024-10-01,2024-10-12,2024-10-10,Disputed,Verified credit before processing.,24078
11064,2025-12-05,2025-12-20,2025-12-09,Shipped,Hold for customer confirmation.,24495
11065,2025-02-21,2025-03-16,,On Hold,,20020
11066,2023-07-07,2023-07-22,,On Hold,Check stock before processing.,23326
11067,2024-01-09,2024-01-26,2024-01-19,Shipped,,21072
11068,2025-06-02,2025-06-27,,In Process,Check stock before processing.,24837
11069,2022-09-11,2022-10-10,,On Hold,Backorder — ship when available.,24358
11070,2023-12-25,2024-01-12,2024-01-04,Shipped,,23243
11071,2026-06-02,2026-06-28,,In Process,,22970
11072,2024-06-07,2024-06-26,2024-06-17,Disputed,Check stock before processing.,24068
11073,2022-10-10,2022-11-04,,Cancelled,Gift wrapping requested.,21036
11074,2022-05-19,2022-06-04,,In Process,Verified credit before processing.,24157
11075,2022-01-25,2022-02-20,2022-01-28,Shipped,,22489
11076,2025-01-27,2025-02-20,2025-01-29,Shipped,Fragile items — handle with care.,24888
11077,2024-04-17,2024-04-24,2024-04-20,Shipped,Call before delivery.,22851
11078,2022-06-18,2022-07-12,2022-06-24,Disputed,Gift wrapping requested.,20916
11079,2025-08-13,2025-08-29,,On Hold,Partial shipment approved by customer.,21262
11080,2024-03-14,2024-03-29,2024-03-17,Shipped,Customer requested expedited shipping.,20192
11081,2025-04-29,2025-05-07,2025-04-30,Shipped,Partial shipment approved by customer.,22834
11082,2025-09-14,2025-10-10,,Cancelled,Partial shipment approved by customer.,23700
11083,2024-10-26,2024-11-06,2024-10-30,Disputed,,21530
11084,2024-07-24,2024-08-08,2024-07-26,Shipped,,24475
11085,2022-04-22,2022-05-17,2022-04-27,Shipped,Replacement for damaged order.,21195
11086,2024-03-19,2024-04-01,,On Hold,,20904
11087,2025-10-12,2025-11-04,2025-10-18,Shipped,Customer will pick up at warehouse.,22782
11088,2023-12-02,2023-12-21,2023-12-10,Shipped,,23107
11089,2022-07-08,2022-07-27,2022-07-14,Shipped,Fragile items — handle with care.,23979
11090,2024-03-22,2024-04-06,2024-03-25,Shipped,Call before delivery.,20401
11091,2025-03-06,2025-04-01,,On Hold,Backorder — ship when available.,22040
11092,2025-11-23,2025-12-05,2025-11-26,Shipped,,24916
11093,2022-09-22,2022-10-20,2022-10-02,Shipped,Hold for customer confirmation.,23530
11094,2023-01-23,2023-02-03,2023-01-31,Shipped,Check stock before processing.,22959
11095,2022-08-21,2022-09-15,,On Hold,International shipment — customs docs needed.,21835
11096,2024-03-19,2024-03-28,,On Hold,,24445
11097,2024-02-24,2024-03-02,,On Hold,Fragile items — handle with care.,24722
11098,2025-08-20,2025-09-19,,Cancelled,,20242
11099,2023-01-11,2023-02-05,2023-01-18,Shipped,Call before delivery.,20044
11100,2023-11-03,2023-11-30,,Cancelled,Hold for customer confirmation.,20996
11101,2023-02-17,2023-03-10,2023-02-19,Shipped,,22266
11102,2023-03-14,2023-04-11,2023-03-22,Shipped,,22435
11103,2024-08-24,2024-09-14,,On Hold,,22123
11104,2023-02-12,2023-03-02,2023-02-17,Disputed,Hold for customer confirmation.,24313
11105,2024-08-31,2024-09-30,2024-09-04,Shipped,Fragile items — handle with care.,20047
11106,2024-09-02,2024-09-20,2024-09-12,Shipped,,21898
11107,2026-05-30,2026-06-23,2026-06-06,Shipped,Replacement for damaged order.,21507
11108,2023-02-13,2023-03-14,,Cancelled,Fragile items — handle with care.,22408
11109,2026-03-17,2026-04-09,2026-03-26,Shipped,International shipment — customs docs needed.,24322
11110,2024-12-07,2024-12-16,,On Hold,,24948
11111,2023-08-16,2023-09-08,2023-08-25,Shipped,Please ship as soon as possible.,24755
11112,2025-02-06,2025-02-16,2025-02-16,Shipped,Special discount applied.,23152
11113,2022-04-23,2022-05-19,2022-04-28,Shipped,,24879
11114,2025-06-27,2025-07-21,2025-07-02,Shipped,,20128
11115,2024-06-16,2024-06-25,2024-06-24,Shipped,International shipment — customs docs needed.,20015
11116,2023-07-05,2023-08-01,,On Hold,,22978
11117,2024-09-08,2024-09-22,,On Hold,Replacement for damaged order.,21480
11118,2022-02-11,2022-03-05,,In Process,Call before delivery.,21174
11119,2023-07-24,2023-08-14,,On Hold,Replacement for damaged order.,23179
11120,2023-09-23,2023-10-12,,Cancelled,Backorder — ship when available.,21805
11121,2024-02-11,2024-02-26,2024-02-21,Shipped,Priority customer — rush order.,20040
11122,2024-11-11,2024-12-11,,In Process,Backorder — ship when available.,23212
11123,2026-04-23,2026-04-30,2026-04-27,Shipped,,20994
11124,2022-04-22,2022-05-12,2022-04-29,Shipped,,23862
11125,2023-09-07,2023-09-20,2023-09-09,Shipped,,22213
11126,2023-05-30,2023-06-20,2023-06-03,Shipped,,24870
11127,2025-12-07,2025-12-16,2025-12-17,Shipped,Please ship as soon as possible.,21348
11128,2023-01-19,2023-02-03,2023-01-28,Shipped,Special discount applied.,20653
11129,2022-11-01,2022-11-15,,Cancelled,Gift wrapping requested.,20732
11130,2023-12-19,2024-01-01,2023-12-20,Shipped,,20541
11131,2023-08-30,2023-09-25,2023-09-03,Disputed,Customer requested expedited shipping.,23737
11132,2024-05-22,2024-06-04,,In Process,,22853
11133,2026-04-14,2026-05-11,,Cancelled,Replacement for damaged order.,20987
11134,2023-12-15,2024-01-12,2023-12-23,Shipped,Customer requested expedited shipping.,23546
11135,2023-11-10,2023-11-24,2023-11-12,Shipped,International shipment — customs docs needed.,21807
11136,2023-07-31,2023-08-11,2023-08-04,Resolved,Gift wrapping requested.,21144
11137,2022-09-04,2022-09-19,2022-09-14,Disputed,Call before delivery.,22719
11138,2025-08-08,2025-08-26,2025-08-15,Shipped,Special discount applied.,23989
11139,2022-11-03,2022-11-30,2022-11-12,Shipped,Hold for customer confirmation.,21243
11140,2023-02-02,2023-02-14,2023-02-12,Shipped,Check stock before processing.,23607
11141,2022-10-14,2022-10-25,2022-10-24,Shipped,,22747
11142,2023-03-19,2023-04-04,,Cancelled,Gift wrapping requested.,24020
11143,2022-01-29,2022-02-18,2022-02-02,Shipped,,22915
11144,2022-06-25,2022-07-06,2022-07-04,Resolved,Customer requested expedited shipping.,21142
11145,2025-09-13,2025-09-26,,On Hold,Call before delivery.,23997
11146,2025-05-23,2025-06-21,2025-06-01,Shipped,Check stock before processing.,20058
11147,2022-07-04,2022-07-16,,Cancelled,,20803
11148,2025-02-20,2025-03-12,,On Hold,,22070
11149,2025-03-24,2025-04-11,2025-03-31,Disputed,Replacement for damaged order.,24911
11150,2024-03-11,2024-03-23,2024-03-18,Shipped,Customer requested expedited shipping.,24607
11151,2024-12-04,2024-12-16,2024-12-09,Shipped,,21003
11152,2022-09-26,2022-10-09,,Cancelled,Call before delivery.,20935
11153,2024-12-31,2025-01-19,2025-01-10,Disputed,Replacement for damaged order.,24705
11154,2022-11-11,2022-12-03,2022-11-21,Shipped,Backorder — ship when available.,23846
11155,2023-03-19,2023-04-17,2023-03-22,Shipped,Replacement for damaged order.,20006
11156,2024-01-28,2024-02-07,,In Process,,22463
11157,2024-07-16,2024-07-24,2024-07-25,Disputed,,23394
11158,2022-11-12,2022-12-02,,Cancelled,Special discount applied.,22266
11159,2023-02-20,2023-03-08,2023-02-26,Shipped,,22588
11160,2024-01-26,2024-02-03,2024-02-04,Shipped,Customer requested expedited shipping.,20956
11161,2023-07-20,2023-07-27,2023-07-29,Shipped,Priority customer — rush order.,23767
11162,2024-03-02,2024-03-11,,In Process,Replacement for damaged order.,22570
11163,2026-01-27,2026-02-06,2026-01-29,Disputed,Call before delivery.,21895
11164,2023-03-05,2023-04-01,,In Process,Call before delivery.,23956
11165,2023-10-26,2023-11-11,2023-11-02,Shipped,Customer will pick up at warehouse.,20182
11166,2022-06-25,2022-07-05,2022-07-05,Disputed,Gift wrapping requested.,24529
11167,2025-04-28,2025-05-16,2025-05-05,Shipped,Fragile items — handle with care.,22611
11168,2024-03-15,2024-04-07,2024-03-18,Shipped,Check stock before processing.,24805
11169,2024-01-14,2024-02-13,,Cancelled,Customer requested expedited shipping.,20492
11170,2022-05-04,2022-05-16,2022-05-09,Disputed,Special discount applied.,23581
11171,2023-11-23,2023-12-09,,On Hold,Customer requested expedited shipping.,24010
11172,2026-04-28,2026-05-10,2026-05-03,Shipped,Customer requested expedited shipping.,23145
11173,2022-07-13,2022-08-02,2022-07-17,Shipped,Special discount applied.,24226
11174,2025-07-24,2025-08-09,2025-07-28,Shipped,Priority customer — rush order.,22846
11175,2026-06-10,2026-06-28,,In Process,Backorder — ship when available.,20851
11176,2022-06-11,2022-07-06,2022-06-16,Resolved,Check stock before processing.,21343
11177,2024-01-18,2024-02-07,,On Hold,,23269
11178,2024-06-19,2024-07-14,2024-06-25,Shipped,International shipment — customs docs needed.,23398
11179,2025-07-01,2025-07-14,,In Process,Check stock before processing.,24778
11180,2023-01-24,2023-02-23,2023-01-27,Shipped,Special discount applied.,22019
11181,2023-02-24,2023-03-04,2023-02-25,Resolved,,24387
11182,2023-12-14,2023-12-27,2023-12-18,Shipped,Please ship as soon as possible.,21081
11183,2023-10-02,2023-10-12,2023-10-10,Shipped,Hold for customer confirmation.,20948
11184,2023-10-12,2023-11-10,2023-10-19,Disputed,Gift wrapping requested.,21375
11185,2023-02-17,2023-03-14,,In Process,Call before delivery.,23633
11186,2022-03-09,2022-04-08,,In Process,,21127
11187,2022-06-30,2022-07-16,2022-07-07,Shipped,Replacement for damaged order.,20416
11188,2023-10-14,2023-11-01,2023-10-17,Disputed,,22759
11189,2025-01-19,2025-02-12,,Cancelled,Hold for customer confirmation.,20074
11190,2025-12-20,2025-12-31,2025-12-30,Disputed,,24754
11191,2024-02-06,2024-03-06,2024-02-13,Shipped,Special discount applied.,24979
11192,2023-06-13,2023-06-28,,Cancelled,,22743
11193,2024-06-29,2024-07-07,2024-07-05,Shipped,Special discount applied.,23715
11194,2023-09-19,2023-10-01,2023-09-29,Shipped,Hold for customer confirmation.,23615
11195,2022-07-04,2022-07-16,2022-07-12,Disputed,Customer requested expedited shipping.,23525
11196,2024-06-05,2024-07-04,2024-06-07,Shipped,,22230
11197,2023-08-17,2023-08-30,2023-08-22,Disputed,Call before delivery.,22495
11198,2024-01-09,2024-01-27,,Cancelled,Customer will pick up at warehouse.,24964
11199,2024-08-16,2024-08-27,2024-08-24,Resolved,Check stock before processing.,24826
11200,2025-12-10,2025-12-22,,On Hold,,24590
11201,2022-12-17,2023-01-09,2022-12-22,Shipped,Gift wrapping requested.,20993
11202,2024-05-01,2024-05-31,2024-05-11,Disputed,Please ship as soon as possible.,21701
11203,2026-01-21,2026-02-04,2026-01-23,Shipped,,22434
11204,2023-09-19,2023-09-27,,In Process,,23496
11205,2025-04-17,2025-05-07,2025-04-20,Shipped,Priority customer — rush order.,23611
11206,2025-06-13,2025-06-23,2025-06-18,Resolved,Fragile items — handle with care.,21649
11207,2025-02-19,2025-02-28,2025-03-01,Shipped,Priority customer — rush order.,22522
11208,2025-07-16,2025-08-14,,On Hold,Backorder — ship when available.,23654
11209,2025-11-14,2025-12-01,2025-11-18,Shipped,Call before delivery.,24544
11210,2024-06-24,2024-07-22,2024-07-02,Shipped,,20057
11211,2025-08-22,2025-09-03,2025-08-24,Resolved,Hold for customer confirmation.,20305
11212,2023-04-20,2023-05-08,2023-04-29,Shipped,Special discount applied.,22374
11213,2024-03-21,2024-04-15,2024-03-22,Shipped,Gift wrapping requested.,22590
11214,2022-09-29,2022-10-15,2022-09-30,Disputed,Call before delivery.,21526
11215,2025-05-26,2025-06-14,,On Hold,Hold for customer confirmation.,23868
11216,2023-11-27,2023-12-23,2023-12-04,Shipped,,20782
11217,2025-05-15,2025-06-03,2025-05-25,Shipped,,20202
11218,2022-09-30,2022-10-19,2022-10-01,Shipped,International shipment — customs docs needed.,22093
11219,2025-06-15,2025-06-29,2025-06-19,Shipped,International shipment — customs docs needed.,20112
11220,2024-06-23,2024-07-08,,Cancelled,,24853
11221,2023-01-12,2023-02-03,,Cancelled,,20025
11222,2022-08-19,2022-09-02,2022-08-27,Shipped,Priority customer — rush order.,21669
11223,2025-05-20,2025-06-19,2025-05-26,Shipped,Backorder — ship when available.,23539
11224,2025-11-12,2025-12-09,2025-11-22,Shipped,International shipment — customs docs needed.,23014
11225,2025-04-21,2025-05-13,,In Process,International shipment — customs docs needed.,21752
11226,2024-09-16,2024-09-27,2024-09-20,Shipped,,23679
11227,2024-02-07,2024-03-04,2024-02-16,Shipped,Customer requested expedited shipping.,23937
11228,2025-08-04,2025-09-01,,In Process,Customer requested expedited shipping.,24623
11229,2025-08-23,2025-09-20,,In Process,Fragile items — handle with care.,24076
11230,2022-09-03,2022-09-14,2022-09-06,Shipped,Verified credit before processing.,23250
11231,2023-07-01,2023-07-18,2023-07-11,Shipped,Please ship as soon as possible.,21730
11232,2024-12-21,2025-01-19,,In Process,Partial shipment approved by customer.,24029
11233,2024-10-29,2024-11-05,,In Process,Call before delivery.,23356
11234,2022-08-14,2022-08-23,2022-08-24,Shipped,,20569
11235,2024-11-26,2024-12-18,2024-12-03,Disputed,Special discount applied.,24335
11236,2023-06-15,2023-07-07,,On Hold,Customer requested expedited shipping.,22403
11237,2023-08-08,2023-08-21,2023-08-17,Shipped,Hold for customer confirmation.,22532
11238,2022-11-26,2022-12-06,2022-12-03,Disputed,Special discount applied.,20912
11239,2023-12-11,2024-01-01,,In Process,,23715
11240,2024-01-28,2024-02-04,,Cancelled,Customer requested expedited shipping.,24943
11241,2025-11-09,2025-12-09,,On Hold,Fragile items — handle with care.,23082
11242,2024-06-18,2024-07-02,,In Process,International shipment — customs docs needed.,20609
11243,2023-10-28,2023-11-07,,On Hold,Partial shipment approved by customer.,23648
11244,2026-07-10,2026-08-02,,Cancelled,,21991
11245,2022-09-20,2022-10-07,2022-09-30,Shipped,Call before delivery.,24615
11246,2025-12-30,2026-01-19,,On Hold,Hold for customer confirmation.,24590
11247,2023-03-02,2023-03-17,2023-03-07,Resolved,,23227
11248,2026-03-13,2026-03-27,2026-03-22,Disputed,,21035
11249,2022-06-28,2022-07-24,2022-07-02,Shipped,International shipment — customs docs needed.,22042
11250,2026-04-20,2026-04-27,2026-04-28,Shipped,Gift wrapping requested.,23075
11251,2022-06-13,2022-06-23,2022-06-23,Shipped,Special discount applied.,24808
11252,2022-10-23,2022-11-18,2022-10-30,Shipped,Backorder — ship when available.,23386
11253,2022-01-19,2022-02-06,2022-01-27,Shipped,Hold for customer confirmation.,22966
11254,2024-06-23,2024-07-21,2024-07-02,Shipped,Priority customer — rush order.,22188
11255,2022-06-08,2022-06-19,,Cancelled,,22184
11256,2023-05-14,2023-06-13,2023-05-20,Shipped,Fragile items — handle with care.,20850
11257,2024-06-27,2024-07-13,2024-07-04,Shipped,,24091
11258,2023-07-05,2023-07-21,2023-07-10,Shipped,Backorder — ship when available.,22444
11259,2025-02-21,2025-03-02,2025-03-03,Shipped,,22913
11260,2023-04-03,2023-04-18,2023-04-05,Disputed,,22202
11261,2022-08-22,2022-09-12,,On Hold,,22095
11262,2025-08-15,2025-08-22,2025-08-20,Shipped,Please ship as soon as possible.,21633
11263,2025-01-26,2025-02-23,2025-01-27,Shipped,Backorder — ship when available.,22544
11264,2023-05-02,2023-05-09,2023-05-10,Shipped,,24692
11265,2022-11-05,2022-12-04,2022-11-06,Disputed,Backorder — ship when available.,20040
11266,2022-01-31,2022-02-10,,Cancelled,Replacement for damaged order.,23783
11267,2026-05-21,2026-06-14,,On Hold,Partial shipment approved by customer.,21204
11268,2024-07-20,2024-08-12,2024-07-22,Disputed,Fragile items — handle with care.,21758
11269,2025-06-25,2025-07-10,2025-06-27,Resolved,,20054
11270,2023-02-28,2023-03-16,2023-03-04,Shipped,Special discount applied.,22529
11271,2025-05-28,2025-06-11,,Cancelled,Please ship as soon as possible.,23637
11272,2025-01-10,2025-02-02,2025-01-17,Resolved,Fragile items — handle with care.,20504
11273,2024-01-14,2024-01-23,2024-01-16,Shipped,,22780
11274,2026-03-05,2026-03-20,2026-03-08,Shipped,Hold for customer confirmation.,20467
11275,2024-07-11,2024-07-21,,On Hold,International shipment — customs docs needed.,24177
11276,2025-08-16,2025-08-31,2025-08-21,Shipped,Gift wrapping requested.,20602
11277,2026-05-10,2026-05-26,2026-05-11,Shipped,Check stock before processing.,22228
11278,2022-08-02,2022-08-19,,In Process,,20889
11279,2022-08-28,2022-09-22,2022-08-29,Shipped,,21120
11280,2022-10-28,2022-11-23,2022-11-02,Shipped,Check stock before processing.,21735
11281,2023-12-05,2023-12-28,2023-12-12,Shipped,Check stock before processing.,22674
11282,2025-07-28,2025-08-08,2025-08-07,Shipped,Fragile items — handle with care.,20924
11283,2023-11-26,2023-12-21,,In Process,Partial shipment approved by customer.,20166
11284,2025-03-14,2025-04-05,2025-03-23,Shipped,Replacement for damaged order.,21442
11285,2023-10-27,2023-11-03,2023-11-03,Shipped,Replacement for damaged order.,20168
11286,2023-02-05,2023-02-20,,On Hold,Call before delivery.,22667
11287,2026-04-05,2026-04-19,,On Hold,Fragile items — handle with care.,23234
11288,2024-12-21,2025-01-05,2024-12-22,Disputed,,23451
11289,2026-03-02,2026-03-25,,On Hold,Verified credit before processing.,21943
11290,2023-11-12,2023-11-20,2023-11-16,Disputed,Fragile items — handle with care.,24331
11291,2025-12-19,2026-01-17,2025-12-26,Shipped,Fragile items — handle with care.,24905
11292,2025-05-30,2025-06-26,,Cancelled,,22469
11293,2025-02-23,2025-03-15,,In Process,,21293
11294,2023-05-01,2023-05-26,,In Process,Check stock before processing.,20076
11295,2023-02-14,2023-02-24,2023-02-16,Resolved,Check stock before processing.,21547
11296,2025-12-03,2025-12-26,,In Process,Replacement for damaged order.,21824
11297,2022-02-25,2022-03-09,2022-03-02,Resolved,Priority customer — rush order.,20193
11298,2022-10-29,2022-11-28,2022-10-31,Shipped,Gift wrapping requested.,23511
11299,2024-11-21,2024-12-09,,Cancelled,Customer will pick up at warehouse.,21316
11300,2023-12-23,2024-01-05,2024-01-01,Resolved,Partial shipment approved by customer.,21405
11301,2023-12-10,2024-01-01,2023-12-18,Shipped,,21884
11302,2022-03-06,2022-04-01,2022-03-07,Resolved,Customer will pick up at warehouse.,21052
11303,2023-09-19,2023-10-16,2023-09-29,Shipped,,21449
11304,2025-07-20,2025-07-28,,Cancelled,,23055
11305,2026-02-22,2026-03-05,2026-02-28,Shipped,Verified credit before processing.,21873
11306,2022-10-12,2022-10-30,2022-10-16,Disputed,,20174
11307,2024-10-14,2024-11-05,2024-10-17,Shipped,,21107
11308,2026-03-15,2026-04-02,,Cancelled,Hold for customer confirmation.,22611
11309,2026-02-06,2026-02-19,2026-02-09,Shipped,Partial shipment approved by customer.,24970
11310,2022-09-21,2022-10-16,2022-09-28,Disputed,,22222
11311,2025-05-23,2025-06-21,2025-05-28,Resolved,,24223
11312,2025-10-25,2025-11-05,2025-10-27,Shipped,Special discount applied.,20730
11313,2022-08-01,2022-08-22,2022-08-11,Shipped,,21438
11314,2024-07-28,2024-08-05,2024-07-30,Shipped,Priority customer — rush order.,23207
11315,2022-05-04,2022-05-12,,On Hold,Call before delivery.,21623
11316,2026-05-21,2026-06-07,2026-05-25,Resolved,Replacement for damaged order.,20654
11317,2023-09-13,2023-09-30,,In Process,Please ship as soon as possible.,20667
11318,2023-10-12,2023-10-19,,Cancelled,,21345
11319,2024-11-03,2024-11-27,2024-11-06,Shipped,Please ship as soon as possible.,24796
11320,2024-11-23,2024-12-09,2024-11-29,Shipped,International shipment — customs docs needed.,24190
11321,2023-08-07,2023-08-21,2023-08-09,Shipped,Call before delivery.,23531
11322,2026-05-25,2026-06-08,2026-05-26,Shipped,,24532
11323,2023-07-05,2023-07-25,2023-07-12,Shipped,Hold for customer confirmation.,22988
11324,2023-05-28,2023-06-18,2023-06-07,Shipped,Partial shipment approved by customer.,24011
11325,2023-09-17,2023-10-11,,Cancelled,Customer will pick up at warehouse.,22245
11326,2025-06-14,2025-07-01,,In Process,,22413
11327,2024-10-01,2024-10-09,2024-10-07,Shipped,,23699
11328,2026-01-22,2026-02-02,,On Hold,,23106
11329,2024-03-10,2024-03-18,2024-03-19,Shipped,Partial shipment approved by customer.,21563
11330,2022-10-31,2022-11-07,2022-11-05,Shipped,,22856
11331,2023-03-07,2023-03-14,2023-03-12,Resolved,International shipment — customs docs needed.,21048
11332,2023-06-23,2023-07-15,,In Process,Customer will pick up at warehouse.,22996
11333,2025-05-24,2025-06-01,2025-05-25,Shipped,Replacement for damaged order.,20335
11334,2025-03-30,2025-04-09,2025-04-02,Disputed,Call before delivery.,24116
11335,2023-04-19,2023-05-18,2023-04-24,Shipped,Check stock before processing.,24015
11336,2023-04-27,2023-05-07,2023-05-07,Resolved,International shipment — customs docs needed.,21195
11337,2026-06-09,2026-06-21,2026-06-11,Resolved,,20629
11338,2023-03-18,2023-04-12,,Cancelled,Please ship as soon as possible.,22580
11339,2022-10-13,2022-10-28,2022-10-20,Shipped,Check stock before processing.,24277
11340,2022-03-11,2022-04-04,2022-03-20,Shipped,Replacement for damaged order.,23141
11341,2025-06-25,2025-07-15,,On Hold,,21921
11342,2025-06-10,2025-06-28,2025-06-13,Shipped,,21223
11343,2026-06-24,2026-07-21,2026-07-02,Disputed,,21597
11344,2022-07-19,2022-08-17,2022-07-29,Shipped,Gift wrapping requested.,21600
11345,2024-11-23,2024-12-16,2024-12-03,Shipped,,20318
11346,2026-06-16,2026-07-01,2026-06-17,Shipped,Partial shipment approved by customer.,22170
11347,2022-07-05,2022-07-19,2022-07-12,Resolved,Backorder — ship when available.,21166
11348,2026-04-30,2026-05-28,2026-05-05,Shipped,,24497
11349,2023-02-20,2023-03-21,2023-02-23,Shipped,Partial shipment approved by customer.,22366
11350,2026-02-25,2026-03-13,2026-03-06,Shipped,Fragile items — handle with care.,21258
11351,2022-07-10,2022-07-23,2022-07-19,Shipped,Hold for customer confirmation.,24113
11352,2025-05-19,2025-06-04,2025-05-24,Shipped,Special discount applied.,20429
11353,2024-11-29,2024-12-06,2024-12-04,Disputed,Customer will pick up at warehouse.,23491
11354,2024-01-09,2024-01-19,,On Hold,Gift wrapping requested.,24403
11355,2022-05-02,2022-05-18,2022-05-09,Resolved,,24084
11356,2023-08-28,2023-09-23,2023-09-02,Shipped,Call before delivery.,22287
11357,2022-02-22,2022-03-18,,On Hold,Hold for customer confirmation.,24807
11358,2026-04-21,2026-05-20,2026-04-26,Shipped,,20893
11359,2022-03-07,2022-03-30,2022-03-10,Shipped,,21302
11360,2024-05-05,2024-05-23,2024-05-13,Disputed,,23110
11361,2025-08-16,2025-08-26,2025-08-25,Shipped,Partial shipment approved by customer.,20374
11362,2025-11-22,2025-12-17,2025-12-01,Shipped,Backorder — ship when available.,24767
11363,2024-11-12,2024-11-29,,Cancelled,,24499
11364,2022-01-01,2022-01-27,,On Hold,Hold for customer confirmation.,24792
11365,2026-06-05,2026-06-23,2026-06-11,Resolved,Verified credit before processing.,24111
11366,2024-03-17,2024-04-15,2024-03-20,Shipped,Verified credit before processing.,24657
11367,2025-07-11,2025-07-26,2025-07-16,Shipped,,23373
11368,2025-11-28,2025-12-12,2025-12-06,Shipped,Replacement for damaged order.,21689
11369,2023-01-17,2023-01-31,,In Process,,21727
11370,2025-07-18,2025-08-17,,Cancelled,,23274
11371,2026-03-22,2026-04-09,2026-03-28,Shipped,Customer requested expedited shipping.,24884
11372,2022-05-18,2022-05-31,2022-05-26,Shipped,,24546
11373,2022-04-06,2022-05-04,,Cancelled,,20603
11374,2024-12-28,2025-01-11,2024-12-30,Shipped,Replacement for damaged order.,24331
11375,2022-03-19,2022-04-14,,In Process,,22062
11376,2022-12-05,2022-12-20,2022-12-07,Shipped,International shipment — customs docs needed.,22232
11377,2023-09-06,2023-10-01,2023-09-09,Disputed,Gift wrapping requested.,22250
11378,2026-05-11,2026-05-27,2026-05-18,Shipped,,23263
11379,2022-09-06,2022-09-30,2022-09-07,Resolved,Partial shipment approved by customer.,23665
11380,2022-07-13,2022-08-10,2022-07-16,Disputed,,23129
11381,2026-03-04,2026-03-24,2026-03-12,Shipped,Check stock before processing.,22934
11382,2022-03-16,2022-04-04,2022-03-21,Resolved,,24702
11383,2025-06-22,2025-07-02,,Cancelled,Replacement for damaged order.,24860
11384,2023-02-21,2023-03-12,2023-02-26,Shipped,Priority customer — rush order.,21894
11385,2026-04-22,2026-05-19,,In Process,,20020
11386,2022-02-05,2022-02-19,2022-02-15,Shipped,Fragile items — handle with care.,21737
11387,2024-07-19,2024-08-09,2024-07-26,Shipped,International shipment — customs docs needed.,22132
11388,2023-02-11,2023-02-22,2023-02-20,Shipped,,22060
11389,2025-04-30,2025-05-17,2025-05-05,Disputed,,20615
11390,2026-03-28,2026-04-20,,Cancelled,Check stock before processing.,23040
11391,2024-08-03,2024-08-31,2024-08-11,Shipped,Verified credit before processing.,21647
11392,2024-03-21,2024-04-09,2024-03-23,Shipped,Verified credit before processing.,21843
11393,2024-08-18,2024-09-01,2024-08-24,Shipped,,23634
11394,2026-04-17,2026-05-01,2026-04-21,Disputed,,22283
11395,2022-12-02,2022-12-29,2022-12-07,Resolved,,21413
11396,2024-07-10,2024-08-07,2024-07-20,Shipped,Priority customer — rush order.,21434
11397,2026-06-20,2026-07-02,2026-06-27,Disputed,,21766
11398,2022-10-28,2022-11-07,2022-10-30,Disputed,Partial shipment approved by customer.,22048
11399,2022-08-24,2022-09-18,2022-09-02,Shipped,Priority customer — rush order.,22475
11400,2025-02-26,2025-03-11,,In Process,Replacement for damaged order.,20517
11401,2022-01-21,2022-02-05,,In Process,Backorder — ship when available.,21827
11402,2024-01-22,2024-02-09,2024-02-01,Shipped,Check stock before processing.,23544
11403,2022-10-22,2022-11-20,,Cancelled,Verified credit before processing.,21057
11404,2023-11-13,2023-12-06,2023-11-23,Shipped,Priority customer — rush order.,24777
11405,2024-10-15,2024-11-10,2024-10-24,Shipped,Verified credit before processing.,21274
11406,2024-07-17,2024-07-31,2024-07-26,Disputed,Verified credit before processing.,20743
11407,2024-11-20,2024-12-14,2024-11-23,Shipped,,23063
11408,2024-10-14,2024-10-22,2024-10-22,Shipped,,23061
11409,2023-01-22,2023-01-29,2023-02-01,Shipped,Hold for customer confirmation.,20563
11410,2025-05-03,2025-05-20,2025-05-09,Disputed,Hold for customer confirmation.,24068
11411,2025-01-28,2025-02-13,,In Process,,23811
11412,2022-07-01,2022-07-27,2022-07-11,Shipped,,21268
11413,2024-12-13,2024-12-23,2024-12-17,Shipped,Verified credit before processing.,22991
11414,2022-06-10,2022-07-03,,Cancelled,,24018
11415,2022-10-20,2022-11-07,2022-10-21,Shipped,,23972
11416,2025-04-13,2025-04-25,,In Process,Call before delivery.,22680
11417,2024-06-30,2024-07-17,2024-07-01,Shipped,,20326
11418,2023-02-09,2023-03-03,2023-02-19,Shipped,Special discount applied.,20165
11419,2025-12-29,2026-01-13,2026-01-03,Shipped,Gift wrapping requested.,23651
11420,2025-10-17,2025-10-25,2025-10-23,Shipped,,22351
11421,2022-03-29,2022-04-11,2022-04-06,Shipped,,23429
11422,2025-10-27,2025-11-05,2025-11-01,Shipped,Gift wrapping requested.,23357
11423,2023-08-25,2023-09-08,2023-09-02,Shipped,Fragile items — handle with care.,24185
11424,2023-12-06,2023-12-17,2023-12-11,Shipped,Replacement for damaged order.,21503
11425,2023-04-18,2023-05-09,2023-04-21,Disputed,Call before delivery.,23715
11426,2023-12-27,2024-01-08,2024-01-01,Shipped,,20117
11427,2022-03-19,2022-04-02,2022-03-28,Shipped,,23554
11428,2024-03-10,2024-03-29,,In Process,,23112
11429,2025-04-30,2025-05-27,2025-05-10,Shipped,Please ship as soon as possible.,24744
11430,2023-01-09,2023-01-25,,On Hold,,24161
11431,2026-03-03,2026-03-30,,On Hold,Customer requested expedited shipping.,22511
11432,2025-08-03,2025-08-18,2025-08-12,Shipped,Call before delivery.,21912
11433,2023-06-13,2023-06-26,2023-06-21,Resolved,Customer will pick up at warehouse.,20522
11434,2022-05-24,2022-06-11,,In Process,Priority customer — rush order.,23876
11435,2025-06-26,2025-07-26,,Cancelled,Customer will pick up at warehouse.,21459
11436,2022-11-22,2022-12-01,2022-11-30,Shipped,Hold for customer confirmation.,23133
11437,2026-01-28,2026-02-21,2026-02-05,Shipped,Hold for customer confirmation.,23809
11438,2026-06-02,2026-06-23,2026-06-03,Shipped,Replacement for damaged order.,21362
11439,2023-10-23,2023-11-08,2023-10-29,Shipped,Partial shipment approved by customer.,20847
11440,2023-10-11,2023-11-08,,Cancelled,,20920
11441,2023-05-14,2023-05-26,2023-05-20,Disputed,Check stock before processing.,21278
11442,2022-06-29,2022-07-24,2022-07-04,Shipped,Replacement for damaged order.,21502
11443,2026-04-15,2026-05-07,2026-04-22,Shipped,Priority customer — rush order.,21175
11444,2023-08-19,2023-09-07,2023-08-23,Shipped,,21745
11445,2026-01-03,2026-02-01,2026-01-13,Shipped,Customer requested expedited shipping.,22052
11446,2025-05-25,2025-06-04,2025-05-28,Shipped,,22593
11447,2022-07-17,2022-08-08,2022-07-19,Shipped,Verified credit before processing.,22843
11448,2024-07-05,2024-08-02,2024-07-11,Resolved,,22674
11449,2022-03-24,2022-04-13,2022-03-30,Disputed,,21127
11450,2026-01-11,2026-01-30,,In Process,Please ship as soon as possible.,21553
11451,2022-11-18,2022-12-04,2022-11-23,Shipped,Customer requested expedited shipping.,20523
11452,2025-09-02,2025-09-16,2025-09-12,Shipped,,22952
11453,2023-08-07,2023-08-21,2023-08-10,Shipped,Fragile items — handle with care.,22260
11454,2025-04-26,2025-05-03,2025-04-28,Resolved,,22581
11455,2025-10-09,2025-10-30,,Cancelled,Priority customer — rush order.,22432
11456,2023-08-23,2023-09-07,,In Process,Verified credit before processing.,20830
11457,2022-06-11,2022-07-05,,In Process,,22544
11458,2024-01-23,2024-01-31,2024-02-01,Shipped,Partial shipment approved by customer.,20954
11459,2023-10-05,2023-10-21,2023-10-12,Shipped,Special discount applied.,20640
11460,2025-06-04,2025-06-27,2025-06-10,Shipped,,22095
11461,2025-08-18,2025-09-16,2025-08-28,Disputed,,24687
11462,2025-05-17,2025-06-16,2025-05-22,Shipped,Customer requested expedited shipping.,20057
11463,2024-01-12,2024-02-02,,Cancelled,Call before delivery.,21511
11464,2022-04-08,2022-04-21,2022-04-09,Shipped,,23712
11465,2024-04-24,2024-05-17,,In Process,Customer requested expedited shipping.,23448
11466,2025-01-11,2025-02-07,2025-01-12,Shipped,Special discount applied.,23194
11467,2024-04-16,2024-05-04,2024-04-18,Disputed,Partial shipment approved by customer.,21222
11468,2022-04-06,2022-04-24,2022-04-12,Shipped,Fragile items — handle with care.,22990
11469,2023-06-08,2023-07-06,2023-06-18,Shipped,,24255
11470,2022-09-26,2022-10-09,2022-10-06,Shipped,,21317
11471,2025-03-09,2025-04-03,,In Process,Hold for customer confirmation.,21583
11472,2025-12-03,2025-12-27,2025-12-12,Shipped,,21953
11473,2022-04-23,2022-05-04,2022-04-29,Shipped,Backorder — ship when available.,23565
11474,2022-08-10,2022-09-06,2022-08-11,Shipped,Customer will pick up at warehouse.,23970
11475,2024-07-29,2024-08-05,2024-08-04,Shipped,Replacement for damaged order.,21652
11476,2024-01-01,2024-01-12,2024-01-04,Disputed,Check stock before processing.,22410
11477,2022-02-19,2022-03-20,,In Process,Call before delivery.,24979
11478,2023-08-06,2023-08-15,2023-08-13,Shipped,Call before delivery.,23581
11479,2024-10-10,2024-11-03,2024-10-15,Shipped,,23119
11480,2023-01-04,2023-02-01,,In Process,,22493
11481,2025-11-24,2025-12-20,,In Process,Customer will pick up at warehouse.,23418
11482,2025-03-21,2025-03-29,2025-03-22,Shipped,Replacement for damaged order.,22581
11483,2025-08-29,2025-09-06,2025-09-07,Disputed,Replacement for damaged order.,21885
11484,2023-04-24,2023-05-04,2023-05-04,Shipped,International shipment — customs docs needed.,20871
11485,2023-07-28,2023-08-23,,On Hold,,23777
11486,2025-01-22,2025-02-05,,Cancelled,Please ship as soon as possible.,24717
11487,2023-06-01,2023-06-27,2023-06-03,Disputed,Please ship as soon as possible.,22257
11488,2023-06-17,2023-07-13,2023-06-25,Shipped,Replacement for damaged order.,24315
11489,2025-10-09,2025-11-06,2025-10-11,Shipped,International shipment — customs docs needed.,21384
11490,2022-09-22,2022-10-11,2022-09-30,Shipped,Gift wrapping requested.,23582
11491,2023-05-12,2023-05-23,,On Hold,International shipment — customs docs needed.,24911
11492,2023-01-19,2023-02-01,2023-01-24,Shipped,Hold for customer confirmation.,21212
11493,2025-12-05,2026-01-02,2025-12-12,Disputed,Please ship as soon as possible.,20965
11494,2022-01-18,2022-01-29,2022-01-26,Shipped,,22087
11495,2024-02-10,2024-02-22,,On Hold,International shipment — customs docs needed.,21440
11496,2022-09-13,2022-10-10,2022-09-18,Shipped,Verified credit before processing.,24211
11497,2023-08-14,2023-09-04,2023-08-17,Shipped,,21673
11498,2023-07-14,2023-08-08,2023-07-19,Shipped,,24833
11499,2026-06-02,2026-06-19,2026-06-12,Shipped,Call before delivery.,24129
11500,2024-12-25,2025-01-17,,In Process,Gift wrapping requested.,24258
11501,2024-10-03,2024-10-16,2024-10-05,Shipped,Please ship as soon as possible.,22685
11502,2022-12-17,2023-01-12,2022-12-18,Shipped,,24711
11503,2025-10-30,2025-11-29,2025-11-08,Shipped,Special discount applied.,22658
11504,2023-10-12,2023-10-23,2023-10-18,Shipped,,20530
11505,2022-01-09,2022-01-25,2022-01-11,Shipped,Customer requested expedited shipping.,23734
11506,2023-12-29,2024-01-11,2024-01-03,Shipped,Gift wrapping requested.,23762
11507,2025-01-10,2025-01-22,2025-01-19,Shipped,,23834
11508,2025-04-29,2025-05-21,2025-05-05,Shipped,Gift wrapping requested.,21117
11509,2023-11-20,2023-12-07,2023-11-29,Resolved,Partial shipment approved by customer.,22280
11510,2022-03-03,2022-03-18,2022-03-11,Shipped,,23563
11511,2024-04-22,2024-05-18,2024-04-25,Shipped,Fragile items — handle with care.,21811
11512,2026-06-25,2026-07-14,2026-06-28,Shipped,Please ship as soon as possible.,24286
11513,2022-10-17,2022-10-30,2022-10-19,Disputed,,21747
11514,2024-06-25,2024-07-03,2024-07-02,Shipped,,21894
11515,2023-11-26,2023-12-18,2023-11-27,Disputed,Call before delivery.,22243
11516,2025-01-15,2025-02-08,2025-01-16,Shipped,Fragile items — handle with care.,23919
11517,2023-05-30,2023-06-17,,In Process,Verified credit before processing.,22721
11518,2026-06-11,2026-07-03,,In Process,Hold for customer confirmation.,22103
11519,2024-02-28,2024-03-26,2024-03-04,Resolved,,21767
11520,2026-05-15,2026-06-11,2026-05-23,Shipped,,20838
11521,2024-03-04,2024-04-01,2024-03-05,Disputed,,20558
11522,2026-02-16,2026-02-24,2026-02-25,Shipped,Partial shipment approved by customer.,23782
11523,2024-06-26,2024-07-21,2024-07-05,Resolved,Fragile items — handle with care.,20244
11524,2024-08-13,2024-08-23,2024-08-19,Resolved,,22825
11525,2023-02-06,2023-02-26,2023-02-15,Shipped,Hold for customer confirmation.,22408
11526,2022-09-16,2022-09-26,2022-09-24,Resolved,Hold for customer confirmation.,20673
11527,2025-06-19,2025-07-06,2025-06-22,Resolved,Call before delivery.,24348
11528,2024-05-01,2024-05-21,2024-05-07,Shipped,,24658
11529,2023-03-10,2023-03-23,2023-03-19,Shipped,Partial shipment approved by customer.,20788
11530,2025-03-27,2025-04-20,,Cancelled,,20624
11531,2024-05-26,2024-06-11,2024-05-31,Shipped,,24335
11532,2022-12-14,2022-12-27,2022-12-18,Shipped,Please ship as soon as possible.,24177
11533,2023-08-28,2023-09-13,2023-09-05,Resolved,Gift wrapping requested.,21917
11534,2022-11-18,2022-11-28,2022-11-27,Shipped,,20254
11535,2025-05-19,2025-06-01,,Cancelled,Partial shipment approved by customer.,20962
11536,2025-03-05,2025-03-19,,Cancelled,International shipment — customs docs needed.,21841
11537,2023-09-12,2023-09-20,,In Process,Priority customer — rush order.,22241
11538,2025-12-24,2026-01-04,2025-12-27,Shipped,Verified credit before processing.,22110
11539,2025-06-30,2025-07-13,,On Hold,Please ship as soon as possible.,21584
11540,2022-03-21,2022-04-04,,On Hold,Verified credit before processing.,22463
11541,2024-06-29,2024-07-11,2024-07-01,Shipped,Special discount applied.,23091
11542,2023-03-03,2023-03-20,2023-03-11,Shipped,Customer requested expedited shipping.,23022
11543,2025-09-02,2025-09-24,2025-09-11,Shipped,Customer will pick up at warehouse.,21161
11544,2026-04-24,2026-05-22,,Cancelled,Call before delivery.,21972
11545,2025-01-19,2025-02-11,2025-01-23,Shipped,Verified credit before processing.,21196
11546,2024-05-08,2024-05-20,2024-05-09,Shipped,,22264
11547,2025-07-21,2025-08-11,2025-07-27,Resolved,Please ship as soon as possible.,22868
11548,2025-01-23,2025-02-12,2025-01-28,Shipped,,23316
11549,2025-01-28,2025-02-25,,In Process,Check stock before processing.,20814
11550,2024-12-31,2025-01-23,2025-01-10,Shipped,Hold for customer confirmation.,22917
11551,2023-10-22,2023-11-11,2023-11-01,Shipped,Customer will pick up at warehouse.,20643
11552,2024-11-22,2024-12-10,2024-11-28,Shipped,,21254
11553,2022-07-14,2022-07-28,,On Hold,Special discount applied.,21566
11554,2025-03-28,2025-04-21,2025-04-01,Resolved,,21326
11555,2023-05-28,2023-06-19,2023-06-02,Resolved,Hold for customer confirmation.,22333
11556,2024-04-12,2024-05-11,,Cancelled,Hold for customer confirmation.,23058
11557,2022-04-23,2022-05-12,,On Hold,Backorder — ship when available.,22247
11558,2023-06-03,2023-07-03,2023-06-04,Shipped,Customer will pick up at warehouse.,24647
11559,2024-06-23,2024-07-04,2024-06-30,Shipped,Partial shipment approved by customer.,21523
11560,2023-11-08,2023-11-28,2023-11-14,Shipped,International shipment — customs docs needed.,24281
11561,2024-02-08,2024-03-04,,In Process,Special discount applied.,22843
11562,2025-09-14,2025-09-29,2025-09-15,Shipped,Verified credit before processing.,21913
11563,2024-06-21,2024-07-06,2024-06-24,Shipped,Call before delivery.,20971
11564,2025-09-06,2025-09-20,,Cancelled,Gift wrapping requested.,23084
11565,2022-10-20,2022-11-02,2022-10-21,Shipped,,22419
11566,2023-09-15,2023-10-07,2023-09-25,Shipped,International shipment — customs docs needed.,21350
11567,2023-05-14,2023-05-26,2023-05-22,Shipped,Call before delivery.,24821
11568,2025-02-03,2025-03-02,2025-02-04,Disputed,,24214
11569,2025-06-14,2025-06-21,2025-06-18,Shipped,Hold for customer confirmation.,22726
11570,2024-11-21,2024-11-30,2024-11-27,Shipped,Priority customer — rush order.,20482
11571,2025-09-07,2025-09-27,2025-09-11,Shipped,International shipment — customs docs needed.,20018
11572,2025-02-13,2025-02-25,2025-02-17,Resolved,Please ship as soon as possible.,23359
11573,2023-01-14,2023-02-09,2023-01-16,Shipped,Replacement for damaged order.,20384
11574,2023-03-31,2023-04-12,2023-04-04,Shipped,Special discount applied.,20676
11575,2022-08-11,2022-09-08,,Cancelled,Check stock before processing.,21482
11576,2026-06-20,2026-07-06,,On Hold,Verified credit before processing.,24381
11577,2022-01-24,2022-02-12,2022-02-02,Resolved,Gift wrapping requested.,21048
11578,2023-03-21,2023-04-15,2023-03-30,Shipped,Backorder — ship when available.,24246
11579,2023-12-28,2024-01-21,2023-12-29,Shipped,Priority customer — rush order.,20976
11580,2026-04-15,2026-05-08,2026-04-24,Shipped,Customer requested expedited shipping.,21484
11581,2025-09-02,2025-09-13,2025-09-07,Resolved,,23569
11582,2023-04-18,2023-05-15,2023-04-26,Shipped,Partial shipment approved by customer.,23842
11583,2023-05-28,2023-06-24,2023-06-07,Shipped,,24103
11584,2024-08-13,2024-09-03,2024-08-21,Resolved,Special discount applied.,20522
11585,2026-01-01,2026-01-14,,Cancelled,Gift wrapping requested.,21419
11586,2022-12-28,2023-01-24,2022-12-30,Shipped,,21611
11587,2026-02-08,2026-02-25,,Cancelled,Fragile items — handle with care.,20692
11588,2022-08-23,2022-09-03,2022-08-28,Shipped,International shipment — customs docs needed.,20200
11589,2023-03-23,2023-04-12,,Cancelled,International shipment — customs docs needed.,22368
11590,2022-03-26,2022-04-23,2022-03-27,Resolved,,23261
11591,2024-04-27,2024-05-09,2024-05-02,Shipped,International shipment — customs docs needed.,22382
11592,2022-02-11,2022-02-20,2022-02-17,Shipped,,23025
11593,2026-04-29,2026-05-17,2026-05-05,Resolved,Special discount applied.,23379
11594,2026-04-09,2026-04-29,2026-04-12,Shipped,Check stock before processing.,24279
11595,2023-01-09,2023-01-23,2023-01-13,Shipped,Hold for customer confirmation.,21464
11596,2026-04-19,2026-04-27,2026-04-26,Shipped,Please ship as soon as possible.,21695
11597,2024-09-21,2024-10-09,,Cancelled,,20596
11598,2026-03-09,2026-03-23,2026-03-19,Shipped,Check stock before processing.,21570
11599,2026-07-03,2026-07-18,2026-07-09,Shipped,Customer will pick up at warehouse.,21447
11600,2025-02-27,2025-03-15,2025-03-08,Disputed,Gift wrapping requested.,21174
11601,2023-02-18,2023-03-02,2023-02-19,Shipped,,22445
11602,2022-04-29,2022-05-06,,On Hold,,23515
11603,2025-02-01,2025-03-01,,Cancelled,Please ship as soon as possible.,22722
11604,2022-02-10,2022-03-06,,Cancelled,Fragile items — handle with care.,24142
11605,2024-04-17,2024-05-15,,Cancelled,International shipment — customs docs needed.,23925
11606,2022-11-03,2022-12-03,,In Process,,24653
11607,2026-05-30,2026-06-07,2026-06-03,Resolved,International shipment — customs docs needed.,22941
11608,2022-01-04,2022-01-14,2022-01-05,Shipped,,22071
11609,2026-02-20,2026-03-13,2026-02-27,Resolved,,21915
11610,2022-01-26,2022-02-21,2022-01-30,Shipped,,24988
11611,2024-11-10,2024-11-24,2024-11-20,Shipped,Partial shipment approved by customer.,21952
11612,2023-11-26,2023-12-18,,Cancelled,Fragile items — handle with care.,24485
11613,2024-06-28,2024-07-08,,Cancelled,Priority customer — rush order.,20577
11614,2025-05-10,2025-06-03,,In Process,,21711
11615,2022-01-24,2022-02-11,2022-01-28,Shipped,Call before delivery.,22110
11616,2023-08-17,2023-09-01,2023-08-25,Disputed,Customer will pick up at warehouse.,23845
11617,2023-09-08,2023-09-17,2023-09-17,Shipped,,22472
11618,2023-09-17,2023-10-11,2023-09-19,Shipped,,24383
11619,2024-04-11,2024-04-26,,On Hold,International shipment — customs docs needed.,24387
11620,2023-11-05,2023-11-12,2023-11-09,Shipped,Please ship as soon as possible.,24204
11621,2022-10-04,2022-10-17,2022-10-05,Shipped,Hold for customer confirmation.,24701
11622,2022-11-22,2022-11-29,,Cancelled,Special discount applied.,22359
11623,2022-08-01,2022-08-29,2022-08-03,Shipped,,24889
11624,2023-07-05,2023-07-28,2023-07-10,Shipped,Customer will pick up at warehouse.,20061
11625,2023-05-11,2023-05-20,,In Process,Please ship as soon as possible.,21382
11626,2023-01-20,2023-02-07,2023-01-24,Resolved,Check stock before processing.,20271
11627,2024-12-09,2024-12-16,2024-12-17,Shipped,,20369
11628,2024-08-31,2024-09-12,2024-09-05,Shipped,,22653
11629,2023-06-10,2023-06-28,,Cancelled,Hold for customer confirmation.,20389
11630,2023-02-18,2023-03-17,,On Hold,,23064
11631,2023-02-28,2023-03-21,2023-03-07,Shipped,Backorder — ship when available.,20422
11632,2023-04-10,2023-04-26,2023-04-13,Resolved,,20531
11633,2026-07-04,2026-08-01,2026-07-10,Shipped,,22518
11634,2026-06-09,2026-07-06,,Cancelled,,22415
11635,2026-02-01,2026-02-08,,In Process,Partial shipment approved by customer.,20226
11636,2025-01-10,2025-01-22,2025-01-16,Disputed,Replacement for damaged order.,21875
11637,2024-02-08,2024-02-19,2024-02-16,Shipped,Call before delivery.,21638
11638,2023-05-26,2023-06-25,,On Hold,,24609
11639,2023-06-19,2023-07-18,,On Hold,Customer will pick up at warehouse.,24656
11640,2024-06-30,2024-07-19,2024-07-08,Shipped,Hold for customer confirmation.,22057
11641,2025-07-13,2025-07-26,2025-07-21,Shipped,,22071
11642,2024-10-05,2024-10-21,2024-10-12,Shipped,International shipment — customs docs needed.,22079
11643,2022-06-21,2022-07-18,,In Process,Call before delivery.,20059
11644,2023-03-16,2023-04-13,,Cancelled,Please ship as soon as possible.,23642
11645,2023-12-15,2024-01-08,,In Process,Verified credit before processing.,23210
11646,2022-03-26,2022-04-08,2022-03-31,Disputed,Hold for customer confirmation.,21704
11647,2023-10-25,2023-11-01,2023-11-02,Resolved,Replacement for damaged order.,20209
11648,2026-04-27,2026-05-21,2026-05-07,Shipped,Verified credit before processing.,22496
11649,2025-08-02,2025-08-11,2025-08-03,Shipped,,22921
11650,2025-01-18,2025-02-04,2025-01-26,Shipped,,24494
11651,2025-01-15,2025-02-05,2025-01-19,Disputed,,23459
11652,2024-03-10,2024-03-21,2024-03-11,Shipped,,24520
11653,2022-10-24,2022-11-10,2022-10-29,Resolved,Gift wrapping requested.,20639
11654,2025-02-27,2025-03-13,2025-03-08,Shipped,Special discount applied.,21965
11655,2024-02-20,2024-03-20,,On Hold,Please ship as soon as possible.,24501
11656,2025-05-19,2025-06-04,2025-05-26,Shipped,,22145
11657,2023-12-16,2024-01-07,2023-12-26,Shipped,,20174
11658,2022-04-24,2022-05-20,,Cancelled,Priority customer — rush order.,21136
11659,2023-07-15,2023-08-03,2023-07-18,Resolved,,23845
11660,2022-07-27,2022-08-08,2022-08-06,Shipped,,21229
11661,2024-08-15,2024-09-01,2024-08-24,Shipped,,20797
11662,2022-11-16,2022-11-28,2022-11-20,Shipped,Hold for customer confirmation.,23177
11663,2025-08-01,2025-08-28,2025-08-03,Resolved,Backorder — ship when available.,20520
11664,2023-03-11,2023-04-05,2023-03-21,Shipped,Backorder — ship when available.,24160
11665,2022-11-28,2022-12-18,2022-12-05,Shipped,,20317
11666,2022-06-25,2022-07-04,2022-07-01,Shipped,Verified credit before processing.,24650
11667,2025-05-20,2025-05-27,2025-05-24,Shipped,Gift wrapping requested.,24896
11668,2023-07-28,2023-08-14,2023-08-06,Shipped,,21236
11669,2023-06-04,2023-06-13,2023-06-07,Shipped,Hold for customer confirmation.,24611
11670,2025-05-02,2025-05-25,,On Hold,,22248
11671,2023-07-01,2023-07-18,2023-07-11,Shipped,Check stock before processing.,20057
11672,2025-09-08,2025-10-06,2025-09-15,Shipped,,20287
11673,2025-11-12,2025-12-05,2025-11-13,Disputed,,23750
11674,2023-07-09,2023-07-28,2023-07-16,Shipped,,21868
11675,2022-03-15,2022-04-12,2022-03-16,Shipped,,23994
11676,2025-06-28,2025-07-25,,On Hold,Priority customer — rush order.,21651
11677,2022-08-31,2022-09-13,2022-09-10,Shipped,Replacement for damaged order.,22032
11678,2026-03-31,2026-04-15,2026-04-07,Shipped,,20584
11679,2024-06-12,2024-06-21,2024-06-21,Shipped,Gift wrapping requested.,22271
11680,2024-05-17,2024-06-14,2024-05-27,Shipped,,20060
11681,2022-06-01,2022-06-22,2022-06-11,Shipped,,22796
11682,2025-10-20,2025-11-06,,Cancelled,Replacement for damaged order.,20533
11683,2025-05-23,2025-06-07,2025-05-24,Shipped,Replacement for damaged order.,21582
11684,2025-10-07,2025-10-17,2025-10-15,Disputed,,23146
11685,2023-08-13,2023-08-26,,On Hold,,24943
11686,2022-07-02,2022-07-22,2022-07-12,Shipped,Hold for customer confirmation.,22411
11687,2026-03-09,2026-03-18,,On Hold,Priority customer — rush order.,22833
11688,2022-10-19,2022-10-27,2022-10-23,Shipped,,22360
11689,2023-07-02,2023-07-26,2023-07-10,Shipped,,22723
11690,2022-05-23,2022-06-15,2022-05-28,Shipped,,20016
11691,2023-11-30,2023-12-16,2023-12-02,Disputed,,21856
11692,2024-07-14,2024-08-03,2024-07-21,Shipped,Please ship as soon as possible.,24035
11693,2023-08-05,2023-08-29,2023-08-14,Shipped,Verified credit before processing.,21858
11694,2025-06-23,2025-07-12,2025-07-01,Shipped,Verified credit before processing.,22594
11695,2025-11-25,2025-12-14,,In Process,Gift wrapping requested.,20193
11696,2025-03-08,2025-04-03,2025-03-13,Shipped,Check stock before processing.,24992
11697,2022-10-14,2022-10-25,,Cancelled,Backorder — ship when available.,22507
11698,2022-04-17,2022-05-05,,Cancelled,,22171
11699,2024-09-17,2024-10-14,2024-09-20,Shipped,,24299
11700,2026-07-17,2026-07-28,,Cancelled,Special discount applied.,23504
11701,2022-07-07,2022-08-04,2022-07-15,Shipped,Verified credit before processing.,24123
11702,2024-06-08,2024-06-26,2024-06-13,Shipped,Partial shipment approved by customer.,23166
11703,2023-05-23,2023-06-03,,Cancelled,Customer requested expedited shipping.,21155
11704,2025-03-05,2025-03-18,,Cancelled,,20497
11705,2022-06-11,2022-07-11,2022-06-20,Shipped,Hold for customer confirmation.,23508
11706,2022-02-14,2022-03-14,,Cancelled,Customer requested expedited shipping.,22455
11707,2025-06-16,2025-07-15,2025-06-25,Shipped,Verified credit before processing.,24666
11708,2023-07-07,2023-07-25,2023-07-12,Shipped,Partial shipment approved by customer.,22092
11709,2024-08-26,2024-09-20,2024-08-27,Shipped,,22566
11710,2024-01-11,2024-01-25,2024-01-19,Shipped,,20303
11711,2022-11-20,2022-12-06,2022-11-26,Shipped,Hold for customer confirmation.,22305
11712,2025-09-23,2025-10-10,2025-09-25,Shipped,Gift wrapping requested.,24461
11713,2023-04-26,2023-05-10,2023-04-29,Disputed,,22671
11714,2024-05-16,2024-06-10,2024-05-20,Shipped,Check stock before processing.,22800
11715,2023-09-29,2023-10-11,2023-10-07,Shipped,Customer requested expedited shipping.,22575
11716,2022-03-28,2022-04-17,2022-04-04,Disputed,,24150
11717,2026-04-19,2026-04-26,2026-04-29,Disputed,Partial shipment approved by customer.,23888
11718,2025-03-16,2025-03-23,2025-03-25,Shipped,,21418
11719,2026-06-14,2026-06-27,,Cancelled,,21722
11720,2023-03-17,2023-03-28,2023-03-25,Resolved,,20638
11721,2022-12-29,2023-01-28,2023-01-06,Resolved,,24601
11722,2024-07-20,2024-08-10,2024-07-28,Shipped,Check stock before processing.,22893
11723,2022-01-20,2022-02-08,2022-01-23,Shipped,Fragile items — handle with care.,22221
11724,2022-04-16,2022-05-02,,In Process,,20720
11725,2024-10-28,2024-11-14,2024-11-01,Disputed,Fragile items — handle with care.,21059
11726,2026-04-11,2026-04-29,2026-04-13,Resolved,Gift wrapping requested.,22564
11727,2022-07-20,2022-08-05,2022-07-25,Shipped,Gift wrapping requested.,21551
11728,2025-04-13,2025-04-25,,On Hold,,23073
11729,2022-07-08,2022-07-23,,Cancelled,,21267
11730,2025-12-27,2026-01-13,,On Hold,Replacement for damaged order.,23222
11731,2026-07-07,2026-07-24,2026-07-13,Shipped,Hold for customer confirmation.,23216
11732,2024-10-19,2024-10-30,,Cancelled,,22175
11733,2022-02-11,2022-03-10,2022-02-12,Shipped,Replacement for damaged order.,24810
11734,2023-07-24,2023-08-15,,On Hold,International shipment — customs docs needed.,24910
11735,2025-04-03,2025-04-25,,In Process,Special discount applied.,22382
11736,2022-02-07,2022-02-26,2022-02-17,Shipped,,22536
11737,2025-11-11,2025-12-05,2025-11-12,Shipped,Customer requested expedited shipping.,20964
11738,2025-02-25,2025-03-12,2025-02-28,Shipped,Check stock before processing.,23635
11739,2026-02-01,2026-02-16,2026-02-03,Disputed,,21938
11740,2025-01-19,2025-02-18,2025-01-22,Disputed,Priority customer — rush order.,23607
11741,2022-02-14,2022-03-14,2022-02-22,Shipped,Backorder — ship when available.,23738
11742,2026-05-17,2026-06-02,,In Process,,24294
11743,2024-11-02,2024-11-19,2024-11-08,Shipped,Hold for customer confirmation.,24352
11744,2025-09-21,2025-10-06,2025-09-28,Shipped,,20525
11745,2025-02-17,2025-03-05,,In Process,Partial shipment approved by customer.,24785
11746,2024-01-31,2024-02-22,,On Hold,Hold for customer confirmation.,22546
11747,2022-12-20,2023-01-06,2022-12-21,Resolved,Verified credit before processing.,22403
11748,2025-02-08,2025-03-09,2025-02-14,Shipped,Hold for customer confirmation.,21050
11749,2023-07-08,2023-07-21,2023-07-17,Shipped,Customer will pick up at warehouse.,23983
11750,2024-08-23,2024-09-01,,In Process,Partial shipment approved by customer.,21728
11751,2025-03-16,2025-03-24,2025-03-17,Shipped,Please ship as soon as possible.,21488
11752,2022-09-29,2022-10-20,2022-10-02,Shipped,Fragile items — handle with care.,23527
11753,2024-04-28,2024-05-19,2024-04-29,Shipped,Customer will pick up at warehouse.,22543
11754,2025-04-30,2025-05-22,2025-05-08,Shipped,Gift wrapping requested.,24889
11755,2025-06-07,2025-07-04,2025-06-09,Shipped,Check stock before processing.,20823
11756,2026-01-14,2026-01-27,2026-01-18,Shipped,Partial shipment approved by customer.,23702
11757,2024-06-27,2024-07-27,,On Hold,Fragile items — handle with care.,23971
11758,2023-01-29,2023-02-10,,In Process,Hold for customer confirmation.,23677
11759,2022-04-08,2022-04-24,2022-04-13,Shipped,Fragile items — handle with care.,22422
11760,2022-02-18,2022-03-15,2022-02-21,Shipped,Backorder — ship when available.,23225
11761,2024-05-10,2024-05-24,2024-05-18,Shipped,,23496
11762,2024-08-12,2024-09-06,2024-08-19,Shipped,,22718
11763,2024-06-30,2024-07-19,2024-07-05,Disputed,Call before delivery.,24768
11764,2024-03-06,2024-03-15,2024-03-09,Shipped,Priority customer — rush order.,21374
11765,2022-11-10,2022-11-24,2022-11-14,Shipped,Backorder — ship when available.,21003
11766,2024-01-22,2024-02-14,2024-02-01,Shipped,Special discount applied.,22675
11767,2024-01-09,2024-02-08,2024-01-13,Shipped,,22932
11768,2024-09-01,2024-09-09,2024-09-08,Shipped,,23297
11769,2026-05-21,2026-06-05,,On Hold,Customer requested expedited shipping.,20932
11770,2022-06-19,2022-07-16,2022-06-26,Disputed,,21124
11771,2023-03-08,2023-04-07,2023-03-16,Resolved,,24134
11772,2023-02-23,2023-03-18,,In Process,,21248
11773,2022-11-28,2022-12-05,,Cancelled,Special discount applied.,21827
11774,2023-06-18,2023-06-26,2023-06-20,Shipped,Gift wrapping requested.,20188
11775,2022-02-07,2022-03-02,,On Hold,Call before delivery.,20827
11776,2025-11-06,2025-11-25,2025-11-07,Resolved,Call before delivery.,23309
11777,2025-01-15,2025-02-03,,Cancelled,Special discount applied.,22230
11778,2024-03-29,2024-04-13,,Cancelled,Call before delivery.,23004
11779,2022-10-18,2022-11-07,2022-10-26,Shipped,,20138
11780,2024-10-09,2024-10-16,,Cancelled,Check stock before processing.,21743
11781,2025-04-13,2025-04-24,2025-04-20,Shipped,Hold for customer confirmation.,20376
11782,2022-04-28,2022-05-22,2022-05-02,Shipped,International shipment — customs docs needed.,22840
11783,2022-11-23,2022-12-16,2022-11-27,Shipped,Backorder — ship when available.,20087
11784,2023-06-27,2023-07-25,2023-07-07,Disputed,Priority customer — rush order.,21089
11785,2026-06-21,2026-07-03,2026-06-25,Disputed,,20298
11786,2023-11-07,2023-12-01,2023-11-14,Shipped,Replacement for damaged order.,21454
11787,2025-06-13,2025-07-01,2025-06-22,Shipped,Check stock before processing.,23072
11788,2024-08-27,2024-09-22,2024-09-05,Disputed,,22338
11789,2022-11-02,2022-11-12,,Cancelled,Verified credit before processing.,24845
11790,2025-03-04,2025-03-26,2025-03-08,Resolved,Customer will pick up at warehouse.,20362
11791,2024-07-27,2024-08-23,2024-08-05,Shipped,Gift wrapping requested.,20879
11792,2023-04-15,2023-04-27,,Cancelled,,20603
11793,2023-02-25,2023-03-13,,Cancelled,Fragile items — handle with care.,23324
11794,2025-12-31,2026-01-20,2026-01-09,Shipped,,20272
11795,2023-05-21,2023-06-06,2023-05-30,Shipped,Fragile items — handle with care.,21706
11796,2026-02-25,2026-03-19,2026-02-28,Shipped,Check stock before processing.,23985
11797,2022-11-12,2022-11-26,2022-11-20,Shipped,,21730
11798,2024-11-28,2024-12-11,2024-12-01,Resolved,Priority customer — rush order.,22129
11799,2024-10-11,2024-11-08,2024-10-12,Shipped,Backorder — ship when available.,24727
11800,2025-07-31,2025-08-14,,On Hold,,23384
11801,2025-02-22,2025-03-11,2025-03-02,Shipped,Priority customer — rush order.,20012
11802,2024-04-23,2024-05-10,,Cancelled,,21742
11803,2023-05-09,2023-06-04,,Cancelled,,20692
11804,2026-06-20,2026-06-30,2026-06-30,Shipped,,24219
11805,2025-10-20,2025-11-15,2025-10-24,Shipped,,24695
11806,2026-06-22,2026-07-03,2026-06-28,Shipped,,23980
11807,2022-12-30,2023-01-28,2023-01-03,Disputed,,24250
11808,2025-06-29,2025-07-09,,In Process,,23444
11809,2026-04-08,2026-04-30,2026-04-17,Disputed,Customer requested expedited shipping.,21404
11810,2022-07-21,2022-08-06,,On Hold,,24236
11811,2024-04-30,2024-05-21,2024-05-03,Shipped,,23113
11812,2024-03-02,2024-03-21,2024-03-11,Shipped,Gift wrapping requested.,21338
11813,2026-07-04,2026-07-31,2026-07-05,Disputed,Replacement for damaged order.,22417
11814,2022-02-07,2022-03-03,2022-02-11,Shipped,,24035
11815,2024-06-24,2024-07-14,2024-06-27,Shipped,Special discount applied.,24991
11816,2023-06-02,2023-06-11,,On Hold,,21581
11817,2023-10-19,2023-11-09,,Cancelled,,20184
11818,2022-11-28,2022-12-28,2022-12-06,Shipped,Verified credit before processing.,23294
11819,2025-12-27,2026-01-21,2025-12-30,Shipped,,21255
11820,2023-02-24,2023-03-17,,Cancelled,Customer requested expedited shipping.,23482
11821,2025-06-01,2025-06-29,2025-06-11,Shipped,Gift wrapping requested.,20171
11822,2023-11-22,2023-12-02,,In Process,Please ship as soon as possible.,21647
11823,2025-02-23,2025-03-04,,On Hold,Customer requested expedited shipping.,21150
11824,2023-05-28,2023-06-10,2023-06-02,Resolved,Replacement for damaged order.,20024
11825,2024-10-25,2024-11-18,2024-10-28,Shipped,,22466
11826,2023-05-24,2023-06-12,2023-05-25,Shipped,Customer will pick up at warehouse.,23976
11827,2026-06-21,2026-06-29,2026-06-29,Resolved,Please ship as soon as possible.,21950
11828,2024-09-19,2024-10-13,2024-09-21,Shipped,Partial shipment approved by customer.,21040
11829,2025-03-11,2025-04-03,,Cancelled,,24484
11830,2025-07-18,2025-08-01,2025-07-22,Shipped,,23999
11831,2022-03-09,2022-03-23,2022-03-10,Disputed,,22819
11832,2026-01-28,2026-02-21,2026-02-02,Shipped,Gift wrapping requested.,20074
11833,2025-05-10,2025-06-09,2025-05-17,Shipped,,23945
11834,2025-11-15,2025-12-07,2025-11-22,Shipped,,23153
11835,2023-03-20,2023-03-30,2023-03-28,Shipped,,24725
11836,2023-06-03,2023-06-18,2023-06-10,Disputed,,23154
11837,2025-09-28,2025-10-27,2025-10-03,Shipped,,24332
11838,2026-01-25,2026-02-24,2026-01-26,Resolved,,23677
11839,2022-03-11,2022-03-24,,Cancelled,,20148
11840,2025-11-25,2025-12-23,2025-12-01,Shipped,,22373
11841,2022-11-16,2022-12-05,,In Process,Gift wrapping requested.,20976
11842,2022-10-29,2022-11-21,,In Process,Customer requested expedited shipping.,22898
11843,2025-10-22,2025-11-13,,On Hold,Customer will pick up at warehouse.,23046
11844,2022-08-19,2022-09-04,,Cancelled,Replacement for damaged order.,24941
11845,2025-11-05,2025-12-03,2025-11-11,Disputed,Backorder — ship when available.,22274
11846,2023-10-21,2023-11-03,,Cancelled,Replacement for damaged order.,23732
11847,2024-09-06,2024-09-21,2024-09-12,Shipped,Customer will pick up at warehouse.,20937
11848,2024-11-08,2024-12-05,,On Hold,Gift wrapping requested.,21125
11849,2023-10-05,2023-10-24,2023-10-08,Resolved,,24748
11850,2024-03-04,2024-04-03,2024-03-13,Shipped,Replacement for damaged order.,24236
11851,2022-11-09,2022-11-26,,Cancelled,Check stock before processing.,24354
11852,2025-09-05,2025-09-12,,In Process,International shipment — customs docs needed.,24052
11853,2024-11-24,2024-12-02,,Cancelled,Customer will pick up at warehouse.,24085
11854,2024-10-28,2024-11-16,2024-11-03,Shipped,Gift wrapping requested.,23798
11855,2025-08-09,2025-08-30,,In Process,Call before delivery.,23973
11856,2025-09-03,2025-09-13,,On Hold,Verified credit before processing.,21692
11857,2025-06-04,2025-07-04,,In Process,,21623
11858,2025-07-02,2025-07-28,2025-07-05,Resolved,Hold for customer confirmation.,20907
11859,2024-01-05,2024-02-01,2024-01-11,Shipped,,24467
11860,2022-06-09,2022-06-20,2022-06-18,Shipped,Gift wrapping requested.,22086
11861,2026-03-23,2026-03-30,2026-03-25,Disputed,Please ship as soon as possible.,22703
11862,2024-12-02,2024-12-09,2024-12-03,Shipped,,22775
11863,2025-03-08,2025-03-18,2025-03-12,Disputed,,20250
11864,2025-12-24,2025-12-31,2026-01-01,Disputed,International shipment — customs docs needed.,22900
11865,2022-05-15,2022-06-07,,Cancelled,Special discount applied.,21398
11866,2023-03-23,2023-04-18,2023-03-25,Shipped,International shipment — customs docs needed.,24961
11867,2025-10-28,2025-11-10,2025-11-04,Shipped,Verified credit before processing.,21228
11868,2026-07-03,2026-07-23,,Cancelled,Call before delivery.,21873
11869,2023-03-02,2023-03-30,2023-03-08,Shipped,,22397
11870,2025-03-14,2025-03-30,,Cancelled,Hold for customer confirmation.,21239
11871,2024-04-04,2024-04-21,,Cancelled,Please ship as soon as possible.,22548
11872,2024-07-21,2024-08-17,2024-07-23,Shipped,Replacement for damaged order.,20508
11873,2023-10-12,2023-10-29,,On Hold,,24415
11874,2026-07-20,2026-08-16,2026-07-20,Disputed,,22273
11875,2026-02-23,2026-03-06,2026-03-02,Disputed,Please ship as soon as possible.,21087
11876,2026-05-14,2026-05-22,2026-05-19,Shipped,,24185
11877,2026-04-12,2026-05-11,2026-04-15,Shipped,Hold for customer confirmation.,24859
11878,2022-01-31,2022-02-16,,On Hold,Gift wrapping requested.,24138
11879,2023-02-18,2023-03-19,2023-02-21,Disputed,,24505
11880,2024-10-03,2024-10-18,2024-10-08,Resolved,Check stock before processing.,21768
11881,2024-10-13,2024-10-31,2024-10-22,Shipped,Gift wrapping requested.,20532
11882,2022-03-26,2022-04-23,,On Hold,,24782
11883,2024-02-24,2024-03-17,2024-02-28,Shipped,Call before delivery.,21899
11884,2022-08-21,2022-09-12,2022-08-31,Disputed,,24084
11885,2025-06-02,2025-06-12,,Cancelled,,24957
11886,2025-04-13,2025-05-04,2025-04-20,Shipped,,21763
11887,2024-03-28,2024-04-20,2024-03-31,Shipped,Check stock before processing.,22975
11888,2025-02-16,2025-02-23,2025-02-23,Shipped,Partial shipment approved by customer.,20005
11889,2025-03-09,2025-03-20,,Cancelled,Call before delivery.,22092
11890,2024-03-03,2024-03-10,,On Hold,,22275
11891,2025-12-12,2026-01-05,2025-12-21,Shipped,Please ship as soon as possible.,22012
11892,2023-03-12,2023-03-31,,On Hold,,20398
11893,2025-10-04,2025-10-20,,On Hold,Partial shipment approved by customer.,22022
11894,2026-03-13,2026-03-20,,Cancelled,International shipment — customs docs needed.,22203
11895,2025-07-28,2025-08-20,,On Hold,,23290
11896,2023-07-02,2023-07-16,2023-07-05,Shipped,,23110
11897,2023-03-18,2023-04-05,2023-03-20,Resolved,Customer requested expedited shipping.,23132
11898,2024-06-19,2024-07-17,,On Hold,,21920
11899,2025-06-16,2025-07-12,2025-06-23,Shipped,Please ship as soon as possible.,20816
11900,2023-07-31,2023-08-27,2023-08-09,Shipped,Check stock before processing.,24784
11901,2022-02-19,2022-02-26,2022-02-26,Shipped,,21092
11902,2023-06-01,2023-06-27,,In Process,Call before delivery.,22376
11903,2025-01-16,2025-02-14,,On Hold,Priority customer — rush order.,20663
11904,2024-12-25,2025-01-16,2025-01-02,Shipped,International shipment — customs docs needed.,24214
11905,2023-07-05,2023-07-18,,On Hold,,23566
11906,2024-09-12,2024-09-22,,In Process,,23887
11907,2022-05-09,2022-06-01,2022-05-14,Shipped,Hold for customer confirmation.,24730
11908,2023-07-10,2023-08-07,2023-07-17,Shipped,Partial shipment approved by customer.,23497
11909,2025-09-24,2025-10-16,,In Process,Partial shipment approved by customer.,22906
11910,2024-05-21,2024-06-06,2024-05-22,Resolved,Partial shipment approved by customer.,23333
11911,2023-08-06,2023-09-03,2023-08-16,Resolved,,20434
11912,2023-01-14,2023-02-04,2023-01-16,Shipped,Partial shipment approved by customer.,22065
11913,2025-12-15,2026-01-05,2025-12-23,Shipped,Special discount applied.,22720
11914,2026-06-22,2026-07-22,2026-06-30,Shipped,Customer requested expedited shipping.,22546
11915,2022-03-14,2022-03-21,,In Process,Please ship as soon as possible.,22808
11916,2024-10-17,2024-11-04,2024-10-27,Shipped,,20588
11917,2023-12-29,2024-01-10,2024-01-01,Shipped,Please ship as soon as possible.,23520
11918,2024-08-26,2024-09-03,,Cancelled,,22420
11919,2025-03-05,2025-04-02,,Cancelled,Gift wrapping requested.,23378
11920,2025-09-20,2025-10-15,2025-09-26,Shipped,Special discount applied.,21944
11921,2024-06-23,2024-07-22,,In Process,Call before delivery.,24992
11922,2023-07-19,2023-08-02,2023-07-26,Shipped,Replacement for damaged order.,20886
11923,2026-05-01,2026-05-29,,Cancelled,Replacement for damaged order.,23561
11924,2025-06-08,2025-06-27,2025-06-11,Shipped,Partial shipment approved by customer.,24166
11925,2025-07-19,2025-08-07,,In Process,,21985
11926,2024-02-19,2024-03-17,2024-02-28,Resolved,Fragile items — handle with care.,21877
11927,2022-01-24,2022-02-22,2022-01-25,Shipped,Priority customer — rush order.,24288
11928,2023-11-09,2023-12-08,2023-11-12,Shipped,Priority customer — rush order.,20772
11929,2024-06-10,2024-06-17,2024-06-12,Shipped,Please ship as soon as possible.,24327
11930,2024-09-16,2024-10-14,2024-09-19,Shipped,Fragile items — handle with care.,24429
11931,2022-10-18,2022-11-06,,On Hold,Customer requested expedited shipping.,22412
11932,2025-09-17,2025-09-28,2025-09-24,Resolved,Please ship as soon as possible.,24855
11933,2024-01-10,2024-01-22,2024-01-19,Shipped,,21099
11934,2026-07-18,2026-08-02,2026-07-20,Shipped,,23892
11935,2023-10-29,2023-11-15,2023-11-06,Shipped,Partial shipment approved by customer.,24471
11936,2025-01-09,2025-02-02,2025-01-19,Shipped,,21823
11937,2026-06-20,2026-06-30,2026-06-22,Shipped,Replacement for damaged order.,20700
11938,2024-09-26,2024-10-25,2024-09-30,Resolved,,20363
11939,2025-11-29,2025-12-13,2025-12-03,Shipped,International shipment — customs docs needed.,20583
11940,2024-11-16,2024-11-24,2024-11-21,Shipped,Replacement for damaged order.,23780
11941,2025-08-27,2025-09-18,,Cancelled,Check stock before processing.,24360
11942,2024-04-07,2024-04-24,2024-04-13,Disputed,,23730
11943,2024-05-15,2024-06-05,2024-05-21,Shipped,Special discount applied.,21764
11944,2022-01-09,2022-02-06,2022-01-15,Resolved,,20018
11945,2026-05-03,2026-06-01,,In Process,Customer will pick up at warehouse.,20841
11946,2022-03-03,2022-03-15,2022-03-05,Shipped,,24930
11947,2026-06-03,2026-06-23,,Cancelled,International shipment — customs docs needed.,21308
11948,2024-07-23,2024-08-05,2024-08-01,Shipped,Partial shipment approved by customer.,24546
11949,2024-07-11,2024-07-26,,Cancelled,Check stock before processing.,21325
11950,2024-04-13,2024-05-08,2024-04-22,Disputed,,24491
11951,2022-04-25,2022-05-11,,In Process,Call before delivery.,23494
11952,2025-04-10,2025-05-01,,On Hold,Partial shipment approved by customer.,24202
11953,2023-06-09,2023-06-20,2023-06-10,Shipped,International shipment — customs docs needed.,21500
11954,2023-01-16,2023-02-07,2023-01-22,Shipped,Priority customer — rush order.,24815
11955,2024-11-16,2024-11-25,,In Process,Priority customer — rush order.,23314
11956,2023-08-20,2023-09-06,2023-08-29,Shipped,,20621
11957,2022-10-20,2022-11-03,,On Hold,Priority customer — rush order.,22371
11958,2025-11-09,2025-11-17,,In Process,Customer will pick up at warehouse.,24209
11959,2026-05-26,2026-06-14,,Cancelled,Customer requested expedited shipping.,22509
11960,2022-11-16,2022-11-26,2022-11-21,Shipped,Check stock before processing.,20913
11961,2025-02-24,2025-03-18,2025-02-25,Shipped,Replacement for damaged order.,20646
11962,2025-06-08,2025-06-16,2025-06-12,Shipped,Fragile items — handle with care.,20807
11963,2025-03-21,2025-04-06,,In Process,,23961
11964,2024-08-29,2024-09-27,2024-09-08,Shipped,,21700
11965,2025-08-04,2025-08-24,2025-08-07,Shipped,Call before delivery.,20083
11966,2024-02-18,2024-03-02,2024-02-27,Shipped,Gift wrapping requested.,20845
11967,2026-01-04,2026-01-13,2026-01-06,Shipped,,20613
11968,2025-01-27,2025-02-11,2025-02-04,Shipped,Hold for customer confirmation.,21381
11969,2022-09-07,2022-09-17,2022-09-17,Shipped,,21871
11970,2022-11-07,2022-11-29,2022-11-14,Disputed,Verified credit before processing.,23651
11971,2025-02-15,2025-02-25,,On Hold,Please ship as soon as possible.,22290
11972,2022-01-25,2022-02-02,2022-01-30,Shipped,,20214
11973,2022-05-23,2022-06-10,2022-05-25,Shipped,,22177
11974,2022-06-14,2022-06-23,2022-06-22,Shipped,Partial shipment approved by customer.,24979
11975,2022-03-25,2022-04-02,,Cancelled,Replacement for damaged order.,21792
11976,2026-07-16,2026-08-05,2026-07-20,Shipped,,20719
11977,2022-07-22,2022-08-12,2022-07-31,Disputed,Customer requested expedited shipping.,24492
11978,2023-03-11,2023-04-07,,On Hold,,21952
11979,2025-01-03,2025-02-02,2025-01-05,Shipped,Special discount applied.,24736
11980,2024-07-17,2024-08-12,,Cancelled,,21360
11981,2023-12-07,2023-12-17,2023-12-09,Shipped,Check stock before processing.,21429
11982,2026-03-04,2026-03-27,2026-03-09,Shipped,Replacement for damaged order.,23117
11983,2025-11-25,2025-12-23,2025-11-28,Resolved,Call before delivery.,20953
11984,2022-06-15,2022-07-11,2022-06-19,Shipped,Gift wrapping requested.,20985
11985,2025-10-31,2025-11-16,2025-11-04,Shipped,Hold for customer confirmation.,21355
11986,2025-10-08,2025-10-31,2025-10-09,Shipped,Special discount applied.,24898
11987,2024-02-19,2024-02-27,2024-02-23,Resolved,Verified credit before processing.,24987
11988,2025-06-12,2025-07-02,2025-06-21,Shipped,Check stock before processing.,20159
11989,2025-03-02,2025-03-30,2025-03-06,Shipped,Replacement for damaged order.,23597
11990,2025-01-29,2025-02-20,2025-02-03,Shipped,,22350
11991,2025-10-03,2025-10-20,2025-10-13,Shipped,,20313
11992,2023-05-02,2023-05-17,2023-05-06,Resolved,Fragile items — handle with care.,24682
11993,2025-01-27,2025-02-24,2025-02-04,Disputed,Replacement for damaged order.,23547
11994,2022-09-21,2022-10-02,2022-09-29,Resolved,,20023
11995,2024-03-07,2024-03-20,2024-03-17,Shipped,Priority customer — rush order.,20644
11996,2022-08-30,2022-09-08,,On Hold,Backorder — ship when available.,24229
11997,2022-05-30,2022-06-22,2022-06-08,Shipped,Please ship as soon as possible.,20732
11998,2024-04-25,2024-05-06,2024-05-03,Shipped,,22064
11999,2024-10-29,2024-11-05,,Cancelled,Backorder — ship when available.,21320
12000,2022-01-01,2022-01-29,2022-01-03,Shipped,,21658
12001,2024-03-24,2024-04-18,2024-03-29,Shipped,,22522
12002,2023-11-14,2023-12-04,2023-11-18,Shipped,Fragile items — handle with care.,23057
12003,2023-01-30,2023-02-27,2023-02-06,Shipped,Please ship as soon as possible.,21404
12004,2025-11-12,2025-12-09,2025-11-22,Resolved,Gift wrapping requested.,22286
12005,2023-07-26,2023-08-13,2023-08-03,Shipped,Partial shipment approved by customer.,20152
12006,2024-12-07,2024-12-21,,In Process,International shipment — customs docs needed.,21524
12007,2024-05-08,2024-05-25,,Cancelled,,24753
12008,2025-04-16,2025-05-06,2025-04-26,Resolved,,20138
12009,2022-10-19,2022-11-08,2022-10-29,Shipped,,22582
12010,2023-07-19,2023-07-26,,Cancelled,Priority customer — rush order.,24502
12011,2024-01-03,2024-01-24,2024-01-10,Shipped,Backorder — ship when available.,23284
12012,2024-05-21,2024-06-02,2024-05-27,Shipped,Customer requested expedited shipping.,23783
12013,2024-01-25,2024-02-22,2024-02-03,Disputed,International shipment — customs docs needed.,24351
12014,2023-09-10,2023-10-10,,Cancelled,Customer requested expedited shipping.,21046
12015,2026-02-23,2026-03-06,,In Process,Call before delivery.,22265
12016,2025-02-23,2025-03-14,2025-02-27,Resolved,,23556
12017,2022-07-22,2022-08-19,,Cancelled,Customer requested expedited shipping.,23447
12018,2026-04-03,2026-05-01,2026-04-13,Shipped,,21349
12019,2023-11-14,2023-12-03,2023-11-24,Shipped,International shipment — customs docs needed.,22241
12020,2026-05-02,2026-05-27,2026-05-08,Shipped,,22940
12021,2025-07-18,2025-08-06,2025-07-22,Shipped,,20941
12022,2022-04-14,2022-05-11,2022-04-19,Shipped,International shipment — customs docs needed.,20673
12023,2022-09-04,2022-10-02,,On Hold,,22805
12024,2022-02-05,2022-02-27,,On Hold,Fragile items — handle with care.,22968
12025,2022-06-29,2022-07-10,2022-07-01,Disputed,,22033
12026,2023-04-26,2023-05-20,2023-05-06,Resolved,,20234
12027,2026-03-30,2026-04-18,2026-04-09,Shipped,Check stock before processing.,20892
12028,2023-03-15,2023-03-23,,On Hold,,20289
12029,2025-08-29,2025-09-05,2025-09-03,Shipped,International shipment — customs docs needed.,23332
12030,2022-07-11,2022-07-20,2022-07-19,Shipped,Gift wrapping requested.,23591
12031,2025-08-11,2025-08-18,,In Process,Gift wrapping requested.,24040
12032,2022-03-22,2022-04-03,2022-03-31,Disputed,Replacement for damaged order.,20716
12033,2023-03-02,2023-03-13,2023-03-04,Shipped,,20564
12034,2024-03-15,2024-04-14,2024-03-25,Disputed,,21169
12035,2024-05-25,2024-06-06,,Cancelled,Priority customer — rush order.,21284
12036,2022-04-18,2022-05-12,2022-04-21,Shipped,,23772
12037,2024-06-08,2024-07-07,2024-06-16,Shipped,Gift wrapping requested.,22875
12038,2025-06-17,2025-06-27,2025-06-21,Shipped,,21500
12039,2023-05-24,2023-06-11,2023-05-25,Shipped,Customer requested expedited shipping.,24001
12040,2022-02-06,2022-02-18,2022-02-13,Shipped,Hold for customer confirmation.,20814
12041,2023-03-13,2023-03-24,2023-03-15,Disputed,Fragile items — handle with care.,22175
12042,2025-07-31,2025-08-29,2025-08-01,Shipped,,24306
12043,2023-01-07,2023-02-04,2023-01-12,Shipped,Partial shipment approved by customer.,24174
12044,2022-12-25,2023-01-21,2022-12-28,Shipped,,24876
12045,2025-11-24,2025-12-04,2025-12-01,Shipped,International shipment — customs docs needed.,24131
12046,2025-12-04,2026-01-02,,In Process,,21310
12047,2026-04-13,2026-05-04,2026-04-17,Shipped,Replacement for damaged order.,20285
12048,2024-11-13,2024-12-07,2024-11-21,Shipped,Gift wrapping requested.,24959
12049,2024-06-16,2024-06-27,,In Process,,22080
12050,2023-06-16,2023-07-13,2023-06-17,Resolved,,21128
12051,2023-05-11,2023-06-02,,In Process,Fragile items — handle with care.,20970
12052,2024-02-20,2024-03-18,,Cancelled,,23086
12053,2022-06-21,2022-07-15,2022-07-01,Disputed,,24057
12054,2023-02-20,2023-03-22,2023-03-02,Shipped,Check stock before processing.,22565
12055,2026-02-12,2026-03-07,,In Process,International shipment — customs docs needed.,23246
12056,2025-03-11,2025-04-02,2025-03-14,Shipped,,21395
12057,2024-07-15,2024-07-27,,Cancelled,Fragile items — handle with care.,24646
12058,2025-01-24,2025-02-15,2025-02-02,Disputed,Call before delivery.,20953
12059,2026-03-26,2026-04-09,,Cancelled,,23834
12060,2024-08-18,2024-09-06,,On Hold,Check stock before processing.,24417
12061,2024-10-05,2024-10-19,,On Hold,Priority customer — rush order.,21197
12062,2024-12-09,2024-12-29,2024-12-10,Shipped,Partial shipment approved by customer.,20041
12063,2024-11-24,2024-12-06,2024-12-01,Shipped,Gift wrapping requested.,24861
12064,2022-03-03,2022-03-26,,On Hold,,23567
12065,2022-02-10,2022-03-07,2022-02-17,Shipped,Hold for customer confirmation.,21288
12066,2023-08-06,2023-08-31,2023-08-12,Shipped,,20084
12067,2025-12-19,2026-01-10,,In Process,Call before delivery.,24960
12068,2022-04-05,2022-04-17,2022-04-12,Shipped,Call before delivery.,24509
12069,2022-03-28,2022-04-05,,Cancelled,Fragile items — handle with care.,21029
12070,2025-02-04,2025-02-26,2025-02-13,Shipped,,22723
12071,2023-11-30,2023-12-26,2023-12-08,Resolved,Please ship as soon as possible.,23645
12072,2024-10-04,2024-10-25,2024-10-14,Shipped,Hold for customer confirmation.,23622
12073,2023-06-23,2023-07-02,2023-06-26,Resolved,,23819
12074,2022-12-10,2022-12-17,2022-12-15,Shipped,Customer requested expedited shipping.,24352
12075,2023-08-22,2023-09-13,2023-08-26,Disputed,,20137
12076,2024-05-30,2024-06-21,,Cancelled,,21425
12077,2022-01-03,2022-01-19,2022-01-09,Shipped,Call before delivery.,22412
12078,2024-07-15,2024-08-06,,On Hold,,20382
12079,2025-01-19,2025-02-05,2025-01-27,Disputed,,23681
12080,2023-02-12,2023-03-05,2023-02-15,Disputed,,23305
12081,2026-06-03,2026-06-13,2026-06-11,Shipped,Fragile items — handle with care.,22976
12082,2022-05-28,2022-06-06,2022-06-03,Shipped,,20275
12083,2025-05-29,2025-06-10,,On Hold,Priority customer — rush order.,23694
12084,2025-09-08,2025-09-22,2025-09-14,Disputed,Priority customer — rush order.,21701
12085,2025-11-05,2025-11-27,2025-11-15,Shipped,,24801
12086,2025-11-06,2025-11-14,2025-11-14,Resolved,,24963
12087,2022-04-19,2022-05-03,,On Hold,,22200
12088,2023-07-28,2023-08-16,2023-08-07,Shipped,Hold for customer confirmation.,21533
12089,2023-04-26,2023-05-09,2023-05-05,Shipped,,22542
12090,2025-09-19,2025-09-30,2025-09-26,Shipped,Call before delivery.,23878
12091,2025-07-11,2025-08-06,,In Process,Verified credit before processing.,22145
12092,2023-03-31,2023-04-10,,On Hold,,24756
12093,2023-05-04,2023-05-12,,In Process,Priority customer — rush order.,21739
12094,2024-08-07,2024-08-21,,In Process,,23478
12095,2025-10-25,2025-11-19,,On Hold,,23619
12096,2025-02-12,2025-03-01,2025-02-13,Resolved,,22356
12097,2023-04-10,2023-04-27,,On Hold,,21845
12098,2022-06-30,2022-07-24,,Cancelled,,23409
12099,2024-05-25,2024-06-02,2024-06-04,Shipped,Check stock before processing.,21094
12100,2026-06-10,2026-07-04,2026-06-19,Shipped,International shipment — customs docs needed.,24638
12101,2023-03-27,2023-04-03,,Cancelled,,24617
12102,2023-02-16,2023-03-16,2023-02-23,Disputed,,20085
12103,2024-01-09,2024-02-07,2024-01-12,Shipped,International shipment — customs docs needed.,22051
12104,2022-09-14,2022-10-11,2022-09-18,Shipped,Call before delivery.,22202
12105,2025-01-08,2025-01-17,2025-01-11,Shipped,,22202
12106,2023-07-23,2023-08-22,2023-07-27,Shipped,Customer will pick up at warehouse.,23984
12107,2026-04-01,2026-04-16,,On Hold,Replacement for damaged order.,21466
12108,2022-05-27,2022-06-05,2022-05-31,Shipped,,24467
12109,2026-02-17,2026-03-14,2026-02-23,Shipped,,22551
12110,2025-11-05,2025-11-25,2025-11-14,Resolved,,23860
12111,2023-01-22,2023-02-01,2023-01-29,Shipped,Hold for customer confirmation.,23710
12112,2022-01-02,2022-01-18,2022-01-07,Shipped,Call before delivery.,23931
12113,2025-09-01,2025-09-27,2025-09-02,Shipped,Customer requested expedited shipping.,23261
12114,2025-03-24,2025-04-03,,On Hold,International shipment — customs docs needed.,23254
12115,2025-04-24,2025-05-20,2025-04-25,Shipped,Priority customer — rush order.,21085
12116,2024-03-17,2024-03-28,2024-03-22,Shipped,Backorder — ship when available.,24316
12117,2022-03-18,2022-04-15,2022-03-23,Shipped,,21989
12118,2024-07-01,2024-07-15,2024-07-04,Shipped,Please ship as soon as possible.,24764
12119,2025-01-23,2025-02-05,2025-01-27,Resolved,Partial shipment approved by customer.,22152
12120,2022-12-20,2023-01-17,2022-12-28,Shipped,Replacement for damaged order.,20993
12121,2022-03-23,2022-04-14,2022-03-24,Disputed,,21652
12122,2023-07-23,2023-08-17,,Cancelled,Verified credit before processing.,22746
12123,2025-03-19,2025-04-06,2025-03-27,Disputed,Backorder — ship when available.,22707
12124,2022-03-11,2022-03-24,,In Process,,20326
12125,2025-11-12,2025-12-08,,Cancelled,Call before delivery.,20135
12126,2026-06-28,2026-07-08,,In Process,Backorder — ship when available.,23880
12127,2026-06-07,2026-06-20,2026-06-12,Shipped,,24615
12128,2026-01-01,2026-01-10,2026-01-11,Disputed,,22047
12129,2024-05-23,2024-06-03,2024-06-01,Shipped,,23532
12130,2025-05-23,2025-06-19,2025-05-25,Resolved,Fragile items — handle with care.,23135
12131,2022-12-06,2022-12-13,2022-12-11,Shipped,Verified credit before processing.,23713
12132,2023-05-15,2023-06-03,2023-05-24,Resolved,Special discount applied.,24596
12133,2022-03-07,2022-04-04,2022-03-16,Shipped,,21108
12134,2025-08-16,2025-08-23,,Cancelled,,24060
12135,2023-07-30,2023-08-29,,Cancelled,,21138
12136,2023-09-12,2023-10-12,2023-09-21,Shipped,Verified credit before processing.,21101
12137,2023-06-16,2023-07-16,2023-06-23,Shipped,Replacement for damaged order.,23786
12138,2024-04-21,2024-05-09,2024-04-29,Shipped,,24651
12139,2023-06-30,2023-07-17,2023-07-04,Shipped,Hold for customer confirmation.,20949
12140,2023-09-26,2023-10-23,2023-10-05,Shipped,,21936
12141,2022-11-05,2022-12-05,2022-11-07,Shipped,Priority customer — rush order.,22510
12142,2026-05-02,2026-05-30,2026-05-05,Shipped,Backorder — ship when available.,21779
12143,2023-11-20,2023-12-08,2023-11-28,Shipped,,22740
12144,2026-01-09,2026-02-08,,In Process,,24709
12145,2024-08-05,2024-09-03,2024-08-06,Shipped,Backorder — ship when available.,24098
12146,2022-05-17,2022-06-04,,Cancelled,Partial shipment approved by customer.,24199
12147,2025-10-11,2025-11-09,2025-10-20,Resolved,,24472
12148,2024-04-19,2024-05-02,2024-04-20,Shipped,Fragile items — handle with care.,20417
12149,2026-01-04,2026-01-19,,On Hold,,23279
12150,2025-04-02,2025-04-15,,On Hold,Check stock before processing.,23316
12151,2025-08-14,2025-09-07,2025-08-23,Shipped,Call before delivery.,22692
12152,2025-01-24,2025-02-10,,In Process,Gift wrapping requested.,21567
12153,2024-04-07,2024-05-07,,Cancelled,Customer will pick up at warehouse.,24718
12154,2025-03-24,2025-04-19,2025-03-31,Resolved,Backorder — ship when available.,24301
12155,2025-09-03,2025-09-15,2025-09-06,Shipped,,22171
12156,2024-01-09,2024-01-18,,On Hold,,24559
12157,2024-01-22,2024-01-30,2024-01-28,Shipped,International shipment — customs docs needed.,21655
12158,2023-02-17,2023-03-10,2023-02-27,Shipped,Customer requested expedited shipping.,24413
12159,2024-01-27,2024-02-07,2024-01-29,Resolved,,24465
12160,2026-07-01,2026-07-09,2026-07-02,Shipped,,23480
12161,2024-12-18,2025-01-07,,Cancelled,,23823
12162,2022-08-17,2022-09-04,2022-08-24,Shipped,Special discount applied.,20107
12163,2024-09-04,2024-09-28,,In Process,,21654
12164,2022-10-27,2022-11-06,2022-10-30,Shipped,,23967
12165,2022-10-25,2022-11-10,2022-10-29,Shipped,,24142
12166,2022-06-24,2022-07-09,2022-06-27,Shipped,Special discount applied.,20897
12167,2022-01-31,2022-02-14,2022-02-08,Shipped,,24442
12168,2022-12-18,2023-01-05,,In Process,Call before delivery.,24654
12169,2022-04-02,2022-04-12,2022-04-03,Shipped,Customer will pick up at warehouse.,23465
12170,2024-09-18,2024-10-04,2024-09-27,Shipped,,20675
12171,2025-12-04,2025-12-25,2025-12-09,Shipped,,24799
12172,2025-04-23,2025-05-16,2025-04-25,Shipped,,24616
12173,2026-07-14,2026-07-22,2026-07-17,Shipped,Gift wrapping requested.,24619
12174,2023-09-11,2023-10-04,2023-09-18,Resolved,Verified credit before processing.,24434
12175,2023-06-30,2023-07-20,2023-07-01,Shipped,Customer requested expedited shipping.,22903
12176,2022-04-05,2022-04-26,2022-04-09,Shipped,International shipment — customs docs needed.,22903
12177,2026-05-22,2026-06-03,2026-05-23,Resolved,Call before delivery.,20089
12178,2022-09-23,2022-10-23,,Cancelled,,24056
12179,2024-03-24,2024-04-19,,On Hold,Backorder — ship when available.,23911
12180,2023-07-18,2023-08-02,,Cancelled,Check stock before processing.,21349
12181,2023-12-23,2024-01-20,2023-12-29,Shipped,International shipment — customs docs needed.,24955
12182,2025-07-29,2025-08-19,,On Hold,Backorder — ship when available.,24676
12183,2022-10-15,2022-10-24,,Cancelled,,23757
12184,2022-08-14,2022-08-21,2022-08-22,Shipped,,20561
12185,2022-11-29,2022-12-12,,On Hold,Call before delivery.,24500
12186,2022-09-06,2022-09-28,2022-09-12,Shipped,Priority customer — rush order.,20719
12187,2022-01-05,2022-01-17,2022-01-06,Resolved,Gift wrapping requested.,20471
12188,2023-11-28,2023-12-16,2023-12-04,Shipped,International shipment — customs docs needed.,23184
12189,2022-02-08,2022-02-21,,On Hold,Special discount applied.,20899
12190,2024-02-06,2024-02-17,2024-02-13,Shipped,International shipment — customs docs needed.,21472
12191,2025-03-01,2025-03-13,2025-03-09,Disputed,,22386
12192,2025-10-03,2025-10-10,2025-10-05,Disputed,,24841
12193,2026-06-25,2026-07-07,,Cancelled,,21083
12194,2022-02-18,2022-03-06,2022-02-24,Shipped,,24284
12195,2023-07-04,2023-07-30,2023-07-09,Shipped,Replacement for damaged order.,20221
12196,2022-04-11,2022-04-20,,Cancelled,,21430
12197,2024-01-05,2024-02-02,2024-01-12,Resolved,,24164
12198,2026-02-14,2026-02-26,2026-02-23,Resolved,Customer requested expedited shipping.,22659
12199,2026-05-03,2026-05-26,,Cancelled,Backorder — ship when available.,22186
12200,2024-03-28,2024-04-06,2024-04-07,Shipped,Priority customer — rush order.,23572
12201,2024-07-30,2024-08-21,,Cancelled,Replacement for damaged order.,22092
12202,2023-08-28,2023-09-06,2023-09-06,Shipped,Check stock before processing.,21316
12203,2022-02-24,2022-03-15,2022-02-28,Shipped,Customer will pick up at warehouse.,22369
12204,2022-01-20,2022-01-28,2022-01-27,Shipped,,24133
12205,2025-03-22,2025-04-02,2025-03-31,Shipped,Priority customer — rush order.,20923
12206,2023-07-11,2023-07-27,2023-07-20,Shipped,Hold for customer confirmation.,24114
12207,2022-05-17,2022-06-16,2022-05-21,Resolved,Special discount applied.,23633
12208,2022-04-17,2022-05-05,2022-04-23,Resolved,,20549
12209,2025-12-15,2025-12-30,,On Hold,Check stock before processing.,22936
12210,2024-01-30,2024-02-06,2024-02-07,Shipped,,21329
12211,2024-02-02,2024-02-26,2024-02-05,Disputed,Customer will pick up at warehouse.,20910
12212,2024-02-18,2024-03-07,,In Process,,23163
12213,2025-01-31,2025-02-17,2025-02-10,Shipped,Fragile items — handle with care.,22310
12214,2026-02-16,2026-03-02,2026-02-21,Resolved,,20700
12215,2025-07-23,2025-08-13,2025-07-27,Resolved,,24937
12216,2023-04-25,2023-05-08,2023-05-01,Resolved,Check stock before processing.,23119
12217,2022-11-16,2022-12-03,,On Hold,Gift wrapping requested.,22831
12218,2023-11-01,2023-11-27,2023-11-04,Resolved,Fragile items — handle with care.,21211
12219,2023-12-31,2024-01-20,2024-01-10,Shipped,Fragile items — handle with care.,22473
12220,2023-09-17,2023-10-11,2023-09-27,Shipped,,24752
12221,2025-12-09,2026-01-08,2025-12-14,Shipped,,21576
12222,2024-09-30,2024-10-15,,In Process,Special discount applied.,22100
12223,2025-01-09,2025-01-22,,On Hold,,24955
12224,2026-01-17,2026-02-05,2026-01-23,Disputed,,21379
12225,2022-12-16,2022-12-23,2022-12-19,Resolved,,21230
12226,2023-09-09,2023-09-17,2023-09-18,Shipped,,24222
12227,2023-09-04,2023-09-29,,On Hold,Replacement for damaged order.,21052
12228,2022-03-10,2022-04-07,2022-03-20,Shipped,Special discount applied.,20220
12229,2022-01-17,2022-01-24,2022-01-19,Shipped,Call before delivery.,21457
12230,2023-04-11,2023-04-30,,On Hold,Backorder — ship when available.,23071
12231,2025-12-22,2026-01-13,2025-12-29,Resolved,Check stock before processing.,23779
12232,2026-01-03,2026-01-23,,In Process,Hold for customer confirmation.,20843
12233,2022-02-12,2022-02-28,2022-02-16,Disputed,,23291
12234,2025-03-29,2025-04-10,,On Hold,,22099
12235,2025-03-15,2025-04-12,,On Hold,Backorder — ship when available.,24881
12236,2022-11-11,2022-11-25,,On Hold,,23009
12237,2023-03-04,2023-03-15,2023-03-07,Disputed,Customer requested expedited shipping.,24335
12238,2022-02-12,2022-03-06,,On Hold,International shipment — customs docs needed.,22708
12239,2025-09-24,2025-10-03,,Cancelled,Call before delivery.,22396
12240,2022-11-20,2022-12-09,,In Process,,21667
12241,2024-06-29,2024-07-08,2024-07-06,Shipped,Customer will pick up at warehouse.,23375
12242,2024-04-24,2024-05-01,,Cancelled,Gift wrapping requested.,23850
12243,2024-02-08,2024-02-15,2024-02-15,Shipped,Check stock before processing.,24890
12244,2026-04-11,2026-04-25,2026-04-21,Shipped,Gift wrapping requested.,23338
12245,2023-07-20,2023-08-01,2023-07-27,Shipped,Priority customer — rush order.,21180
12246,2022-01-13,2022-01-20,2022-01-23,Disputed,Check stock before processing.,20390
12247,2024-11-10,2024-11-22,,Cancelled,Please ship as soon as possible.,20461
12248,2026-01-05,2026-01-18,2026-01-10,Resolved,Gift wrapping requested.,21851
12249,2025-02-13,2025-02-28,2025-02-15,Shipped,,24604
12250,2022-11-25,2022-12-13,2022-12-04,Shipped,Backorder — ship when available.,23280
12251,2022-09-08,2022-09-23,,In Process,Priority customer — rush order.,20302
12252,2025-05-24,2025-06-07,2025-06-01,Resolved,Call before delivery.,22733
12253,2023-08-12,2023-09-09,,Cancelled,Please ship as soon as possible.,24119
12254,2023-09-06,2023-09-26,2023-09-16,Resolved,Gift wrapping requested.,20813
12255,2024-10-09,2024-11-08,2024-10-12,Shipped,Gift wrapping requested.,21406
12256,2022-07-23,2022-08-13,2022-07-31,Shipped,,21653
12257,2025-07-01,2025-07-30,2025-07-03,Shipped,Verified credit before processing.,22485
12258,2026-02-15,2026-03-04,,Cancelled,,21963
12259,2024-08-02,2024-08-13,2024-08-08,Shipped,,21060
12260,2025-08-02,2025-08-19,2025-08-03,Resolved,,22122
12261,2023-06-01,2023-06-18,2023-06-10,Shipped,Replacement for damaged order.,24482
12262,2024-06-01,2024-06-17,2024-06-08,Shipped,,20016
12263,2026-04-16,2026-04-23,2026-04-25,Shipped,Hold for customer confirmation.,22345
12264,2024-09-25,2024-10-11,2024-10-01,Shipped,Hold for customer confirmation.,20260
12265,2024-07-27,2024-08-26,2024-08-05,Shipped,Partial shipment approved by customer.,23977
12266,2023-08-08,2023-08-25,2023-08-15,Disputed,,20635
12267,2025-01-31,2025-02-09,2025-02-05,Shipped,Customer requested expedited shipping.,22169
12268,2025-08-12,2025-09-09,,On Hold,Hold for customer confirmation.,23372
12269,2024-02-25,2024-03-07,2024-02-28,Shipped,,20368
12270,2023-01-10,2023-02-07,2023-01-15,Shipped,Check stock before processing.,22358
12271,2022-02-10,2022-02-23,2022-02-18,Disputed,Backorder — ship when available.,24700
12272,2022-09-19,2022-10-05,2022-09-20,Shipped,,21530
12273,2022-03-23,2022-04-14,,On Hold,Replacement for damaged order.,22919
12274,2022-04-24,2022-05-13,2022-05-03,Shipped,,23501
12275,2023-02-14,2023-03-12,,On Hold,International shipment — customs docs needed.,23029
12276,2022-09-26,2022-10-07,2022-10-02,Shipped,Partial shipment approved by customer.,23522
12277,2023-02-10,2023-02-26,2023-02-17,Shipped,Replacement for damaged order.,21271
12278,2025-06-05,2025-06-30,,In Process,Gift wrapping requested.,21810
12279,2023-07-20,2023-08-02,,Cancelled,,22910
12280,2023-08-06,2023-08-31,,On Hold,Check stock before processing.,24024
12281,2023-10-22,2023-11-08,,Cancelled,Please ship as soon as possible.,23106
12282,2023-02-07,2023-02-24,,In Process,Special discount applied.,22567
12283,2022-04-12,2022-05-12,,Cancelled,Backorder — ship when available.,22688
12284,2025-07-19,2025-07-28,,Cancelled,Backorder — ship when available.,23375
12285,2025-01-25,2025-02-01,2025-01-26,Shipped,,23580
12286,2026-05-13,2026-06-10,2026-05-15,Shipped,Gift wrapping requested.,20740
12287,2025-05-10,2025-06-01,2025-05-13,Shipped,Special discount applied.,22233
12288,2025-06-22,2025-07-08,2025-06-29,Shipped,Partial shipment approved by customer.,24146
12289,2023-10-17,2023-10-27,2023-10-24,Shipped,Partial shipment approved by customer.,21224
12290,2024-12-30,2025-01-18,2025-01-05,Shipped,,23827
12291,2025-11-11,2025-12-11,2025-11-21,Shipped,,23789
12292,2025-06-19,2025-07-05,2025-06-24,Shipped,Check stock before processing.,23768
12293,2023-07-16,2023-08-09,2023-07-18,Resolved,Partial shipment approved by customer.,23259
12294,2024-06-21,2024-07-19,,In Process,Please ship as soon as possible.,23953
12295,2024-06-23,2024-07-19,2024-06-27,Resolved,Hold for customer confirmation.,22895
12296,2023-12-18,2024-01-09,2023-12-20,Shipped,Check stock before processing.,20350
12297,2024-07-05,2024-07-23,2024-07-14,Shipped,,23900
12298,2022-09-17,2022-10-07,,On Hold,,20530
12299,2026-05-05,2026-06-04,2026-05-10,Disputed,Call before delivery.,20681
12300,2023-01-18,2023-01-26,2023-01-24,Shipped,Please ship as soon as possible.,23724
12301,2026-06-26,2026-07-05,2026-07-03,Resolved,International shipment — customs docs needed.,22055
12302,2022-06-17,2022-06-30,2022-06-20,Shipped,,20813
12303,2025-06-15,2025-06-25,2025-06-19,Shipped,Special discount applied.,23682
12304,2023-03-26,2023-04-24,2023-03-31,Shipped,Gift wrapping requested.,21028
12305,2026-05-11,2026-06-10,,Cancelled,Replacement for damaged order.,23111
12306,2023-09-10,2023-09-30,,In Process,International shipment — customs docs needed.,24077
12307,2025-02-07,2025-02-28,2025-02-13,Shipped,Backorder — ship when available.,24757
12308,2025-12-09,2026-01-04,2025-12-12,Shipped,Verified credit before processing.,23198
12309,2022-04-06,2022-04-27,2022-04-16,Shipped,Verified credit before processing.,24289
12310,2024-03-06,2024-03-13,,Cancelled,Backorder — ship when available.,20217
12311,2026-07-09,2026-07-23,2026-07-12,Shipped,Please ship as soon as possible.,20700
12312,2022-07-30,2022-08-06,,Cancelled,,21798
12313,2023-03-18,2023-04-08,,In Process,,22118
12314,2025-07-11,2025-07-20,2025-07-16,Shipped,International shipment — customs docs needed.,24997
12315,2022-04-11,2022-04-29,,In Process,,23632
12316,2024-12-29,2025-01-15,2025-01-03,Shipped,Check stock before processing.,22865
12317,2024-01-05,2024-01-25,2024-01-11,Shipped,,21196
12318,2025-06-11,2025-07-10,,Cancelled,Call before delivery.,22383
12319,2022-08-25,2022-09-09,2022-08-29,Disputed,Verified credit before processing.,22264
12320,2022-09-07,2022-09-23,2022-09-10,Shipped,,22815
12321,2026-01-23,2026-02-02,2026-01-24,Shipped,,21374
12322,2022-07-23,2022-08-20,2022-07-28,Shipped,,22475
12323,2023-04-10,2023-05-01,2023-04-16,Disputed,Customer requested expedited shipping.,23282
12324,2024-05-28,2024-06-27,2024-06-07,Disputed,Customer will pick up at warehouse.,22986
12325,2024-10-14,2024-10-22,2024-10-20,Shipped,Call before delivery.,24792
12326,2025-02-14,2025-02-25,,Cancelled,Fragile items — handle with care.,22025
12327,2022-12-14,2023-01-02,,In Process,Call before delivery.,23227
12328,2022-02-10,2022-02-28,2022-02-11,Shipped,,23970
12329,2023-01-24,2023-02-14,2023-01-29,Shipped,International shipment — customs docs needed.,23674
12330,2024-12-07,2024-12-26,2024-12-11,Shipped,Gift wrapping requested.,20008
12331,2024-07-24,2024-08-19,2024-07-31,Disputed,Customer will pick up at warehouse.,21396
12332,2022-07-22,2022-08-09,2022-07-29,Resolved,,23917
12333,2023-12-12,2023-12-29,2023-12-16,Resolved,Backorder — ship when available.,20102
12334,2022-09-02,2022-09-23,2022-09-08,Shipped,Hold for customer confirmation.,21448
12335,2024-07-26,2024-08-10,2024-07-29,Shipped,Customer requested expedited shipping.,23162
12336,2025-08-20,2025-08-29,2025-08-27,Shipped,Priority customer — rush order.,21717
12337,2022-03-22,2022-04-15,2022-03-28,Shipped,Fragile items — handle with care.,24855
12338,2023-04-11,2023-04-18,2023-04-20,Shipped,International shipment — customs docs needed.,23415
12339,2022-08-10,2022-08-28,2022-08-15,Resolved,Fragile items — handle with care.,20513
12340,2023-10-13,2023-11-12,2023-10-18,Resolved,International shipment — customs docs needed.,21145
12341,2024-12-24,2025-01-20,2024-12-28,Shipped,Hold for customer confirmation.,21653
12342,2022-02-15,2022-03-08,,Cancelled,,22987
12343,2026-06-20,2026-06-29,2026-06-26,Shipped,Check stock before processing.,21109
12344,2023-08-04,2023-08-22,2023-08-07,Shipped,,22812
12345,2022-10-15,2022-11-06,2022-10-23,Shipped,Fragile items — handle with care.,20498
12346,2023-05-20,2023-05-29,2023-05-27,Disputed,,20688
12347,2025-08-22,2025-09-10,2025-09-01,Shipped,,20994
12348,2026-05-27,2026-06-05,2026-05-28,Disputed,Hold for customer confirmation.,22399
12349,2024-04-17,2024-05-17,2024-04-21,Resolved,,23794
12350,2024-03-07,2024-03-15,2024-03-14,Disputed,Replacement for damaged order.,22149
12351,2025-06-02,2025-06-28,2025-06-09,Shipped,Call before delivery.,24267
12352,2026-04-04,2026-04-15,,Cancelled,International shipment — customs docs needed.,24416
12353,2022-06-17,2022-06-28,2022-06-27,Shipped,,24850
12354,2025-10-06,2025-10-31,2025-10-09,Shipped,Fragile items — handle with care.,24464
12355,2023-09-07,2023-09-15,,Cancelled,Check stock before processing.,23688
12356,2024-12-05,2024-12-20,2024-12-07,Shipped,,21188
12357,2023-12-08,2023-12-19,2023-12-13,Resolved,Check stock before processing.,22776
12358,2024-08-28,2024-09-16,2024-08-29,Shipped,Call before delivery.,21139
12359,2022-05-19,2022-05-28,2022-05-25,Shipped,Customer requested expedited shipping.,24141
12360,2022-08-13,2022-09-11,2022-08-17,Shipped,,24586
12361,2022-08-19,2022-09-14,2022-08-21,Shipped,Check stock before processing.,21234
12362,2025-11-28,2025-12-23,2025-12-08,Shipped,,23372
12363,2025-04-17,2025-04-25,2025-04-23,Shipped,Hold for customer confirmation.,21244
12364,2023-07-04,2023-07-28,2023-07-13,Disputed,,24588
12365,2025-02-03,2025-02-13,2025-02-06,Shipped,Verified credit before processing.,24735
12366,2026-04-05,2026-05-01,2026-04-15,Disputed,Partial shipment approved by customer.,24572
12367,2026-06-11,2026-06-18,2026-06-18,Shipped,Check stock before processing.,24439
12368,2022-03-30,2022-04-18,2022-04-07,Disputed,,22839
12369,2022-09-10,2022-09-21,2022-09-18,Shipped,,22774
12370,2022-10-18,2022-10-30,2022-10-24,Shipped,Special discount applied.,22427
12371,2024-07-11,2024-07-21,2024-07-18,Disputed,Hold for customer confirmation.,20983
12372,2022-12-12,2023-01-02,,In Process,Backorder — ship when available.,21841
12373,2025-07-20,2025-07-31,,In Process,Check stock before processing.,24708
12374,2024-06-11,2024-07-08,,On Hold,,23694
12375,2023-01-06,2023-01-16,2023-01-07,Shipped,,21316
12376,2026-04-06,2026-04-16,2026-04-14,Shipped,Fragile items — handle with care.,22985
12377,2022-07-04,2022-07-23,,Cancelled,Check stock before processing.,21278
12378,2023-10-27,2023-11-17,2023-10-28,Shipped,Call before delivery.,24724
12379,2022-10-19,2022-11-01,2022-10-20,Shipped,,20962
12380,2023-12-14,2023-12-22,2023-12-17,Shipped,,21200
12381,2026-04-05,2026-04-29,2026-04-15,Shipped,Customer requested expedited shipping.,24243
12382,2025-07-24,2025-08-04,,Cancelled,Priority customer — rush order.,21960
12383,2023-09-02,2023-09-17,,In Process,Replacement for damaged order.,23888
12384,2025-05-04,2025-06-02,2025-05-08,Shipped,Verified credit before processing.,20172
12385,2022-08-13,2022-09-09,,Cancelled,Verified credit before processing.,20920
12386,2024-11-22,2024-12-11,,Cancelled,Fragile items — handle with care.,24595
12387,2023-08-30,2023-09-08,2023-09-07,Shipped,,23059
12388,2026-05-14,2026-05-29,2026-05-24,Shipped,,23782
12389,2024-06-14,2024-07-03,,In Process,Priority customer — rush order.,24345
12390,2023-06-12,2023-07-09,2023-06-15,Shipped,Verified credit before processing.,22001
12391,2022-08-28,2022-09-22,2022-09-01,Shipped,Gift wrapping requested.,21311
12392,2024-09-06,2024-09-17,,Cancelled,,22287
12393,2024-12-10,2025-01-05,,On Hold,,22982
12394,2022-01-13,2022-02-11,2022-01-22,Resolved,Fragile items — handle with care.,24789
12395,2026-07-01,2026-07-20,2026-07-02,Shipped,Replacement for damaged order.,20901
12396,2024-12-12,2024-12-29,,In Process,,20580
12397,2026-06-14,2026-07-12,2026-06-22,Shipped,Fragile items — handle with care.,20279
12398,2025-04-16,2025-05-16,2025-04-22,Shipped,,21849
12399,2022-04-18,2022-04-26,,In Process,Partial shipment approved by customer.,22545
12400,2023-07-08,2023-07-20,2023-07-14,Shipped,International shipment — customs docs needed.,20632
12401,2026-04-18,2026-05-05,2026-04-21,Disputed,Verified credit before processing.,24802
12402,2025-01-08,2025-01-28,,In Process,,22584
12403,2026-06-23,2026-07-09,2026-06-29,Disputed,,22246
12404,2023-05-02,2023-05-24,2023-05-12,Resolved,,24511
12405,2024-11-27,2024-12-12,2024-12-05,Shipped,Hold for customer confirmation.,23948
12406,2024-01-14,2024-01-27,2024-01-23,Shipped,Customer will pick up at warehouse.,22934
12407,2025-11-01,2025-11-24,2025-11-05,Shipped,Call before delivery.,21216
12408,2026-06-25,2026-07-02,2026-06-30,Shipped,Hold for customer confirmation.,20123
12409,2026-07-12,2026-08-03,,In Process,Check stock before processing.,24337
12410,2022-12-18,2023-01-15,,On Hold,,23789
12411,2023-05-11,2023-05-29,2023-05-20,Disputed,Priority customer — rush order.,24732
12412,2026-02-08,2026-02-22,2026-02-14,Shipped,Special discount applied.,22833
12413,2023-02-26,2023-03-10,2023-02-28,Disputed,,23856
12414,2024-04-29,2024-05-11,2024-05-06,Shipped,Special discount applied.,24795
12415,2022-11-19,2022-11-29,,Cancelled,Customer will pick up at warehouse.,24341
12416,2022-11-03,2022-11-27,,On Hold,,20617
12417,2023-02-08,2023-03-02,2023-02-18,Shipped,Special discount applied.,23469
12418,2022-02-06,2022-02-24,,Cancelled,Special discount applied.,20053
12419,2022-08-31,2022-09-09,2022-09-06,Shipped,Customer will pick up at warehouse.,24397
12420,2022-11-09,2022-11-28,2022-11-14,Shipped,,20906
12421,2023-01-17,2023-02-15,2023-01-25,Resolved,Special discount applied.,20103
12422,2022-01-18,2022-02-04,2022-01-27,Disputed,International shipment — customs docs needed.,20155
12423,2023-08-29,2023-09-09,,In Process,Check stock before processing.,20914
12424,2022-04-12,2022-04-30,2022-04-15,Disputed,Special discount applied.,24110
12425,2022-09-13,2022-09-28,2022-09-16,Resolved,Customer requested expedited shipping.,20327
12426,2022-07-03,2022-07-18,2022-07-05,Shipped,Call before delivery.,20930
12427,2026-01-20,2026-02-08,2026-01-28,Shipped,Replacement for damaged order.,22132
12428,2022-04-26,2022-05-14,2022-05-04,Shipped,Gift wrapping requested.,22836
12429,2023-12-19,2024-01-12,2023-12-29,Disputed,,23961
12430,2022-09-17,2022-10-08,2022-09-23,Disputed,,21156
12431,2023-04-03,2023-04-11,2023-04-05,Shipped,Customer will pick up at warehouse.,24310
12432,2023-12-09,2024-01-06,,In Process,Special discount applied.,23357
12433,2022-07-27,2022-08-23,2022-08-06,Resolved,Fragile items — handle with care.,20381
12434,2025-08-20,2025-08-27,2025-08-21,Disputed,Backorder — ship when available.,20798
12435,2024-01-05,2024-01-29,2024-01-14,Shipped,,22542
12436,2025-10-18,2025-10-30,2025-10-27,Disputed,Hold for customer confirmation.,20199
12437,2022-01-25,2022-02-23,2022-01-30,Shipped,Backorder — ship when available.,24453
12438,2022-12-15,2022-12-30,2022-12-25,Shipped,Replacement for damaged order.,22275
12439,2023-09-29,2023-10-23,2023-10-07,Resolved,Special discount applied.,21826
12440,2026-04-25,2026-05-13,2026-05-03,Shipped,Hold for customer confirmation.,24497
12441,2024-01-05,2024-01-25,2024-01-10,Shipped,Backorder — ship when available.,22925
12442,2024-07-31,2024-08-15,,Cancelled,Verified credit before processing.,20309
12443,2024-01-22,2024-02-21,2024-01-29,Disputed,Check stock before processing.,22174
12444,2022-03-13,2022-04-08,2022-03-22,Shipped,,23573
12445,2024-08-30,2024-09-28,,In Process,Special discount applied.,23267
12446,2022-11-11,2022-11-30,2022-11-18,Resolved,Gift wrapping requested.,23515
12447,2022-01-02,2022-01-11,,On Hold,Call before delivery.,22600
12448,2025-05-11,2025-05-21,2025-05-17,Disputed,Priority customer — rush order.,24444
12449,2023-08-03,2023-08-24,2023-08-05,Shipped,Check stock before processing.,22273
12450,2023-02-27,2023-03-14,2023-03-07,Resolved,,24245
12451,2026-07-09,2026-08-05,2026-07-10,Shipped,Priority customer — rush order.,21590
12452,2022-04-05,2022-04-26,2022-04-07,Shipped,,21843
12453,2024-08-30,2024-09-24,2024-09-08,Shipped,Call before delivery.,21104
12454,2023-02-01,2023-02-16,2023-02-10,Disputed,Partial shipment approved by customer.,23803
12455,2023-04-12,2023-04-20,2023-04-22,Shipped,,21552
12456,2024-06-18,2024-07-10,2024-06-19,Disputed,Please ship as soon as possible.,23921
12457,2022-07-17,2022-08-07,2022-07-21,Disputed,Special discount applied.,22837
12458,2026-05-07,2026-05-24,2026-05-14,Shipped,Partial shipment approved by customer.,23412
12459,2023-01-15,2023-01-25,,Cancelled,,22684
12460,2026-07-07,2026-07-14,,On Hold,Check stock before processing.,21468
12461,2023-08-10,2023-08-30,2023-08-11,Shipped,,24548
12462,2024-10-06,2024-10-22,2024-10-08,Shipped,Verified credit before processing.,24674
12463,2023-07-08,2023-07-22,,In Process,,22267
12464,2026-03-17,2026-04-03,2026-03-25,Shipped,Backorder — ship when available.,24708
12465,2026-06-13,2026-07-11,2026-06-14,Disputed,,21478
12466,2026-07-05,2026-07-17,,Cancelled,Special discount applied.,20557
12467,2025-12-10,2025-12-27,2025-12-12,Resolved,,20916
12468,2022-07-04,2022-07-17,,In Process,Gift wrapping requested.,24720
12469,2026-05-13,2026-05-23,2026-05-21,Disputed,Special discount applied.,21179
12470,2022-04-19,2022-05-17,2022-04-21,Shipped,,20903
12471,2024-07-28,2024-08-14,2024-08-07,Shipped,Hold for customer confirmation.,24766
12472,2022-05-21,2022-06-20,2022-05-30,Shipped,Customer will pick up at warehouse.,24803
12473,2024-02-29,2024-03-16,2024-03-07,Shipped,,23709
12474,2025-07-24,2025-08-16,,In Process,Fragile items — handle with care.,22181
12475,2026-06-04,2026-06-30,2026-06-13,Shipped,Please ship as soon as possible.,23198
12476,2022-01-11,2022-01-24,2022-01-13,Resolved,,20648
12477,2025-03-14,2025-04-06,2025-03-17,Shipped,Call before delivery.,22427
12478,2022-01-24,2022-02-03,2022-01-29,Shipped,Special discount applied.,21051
12479,2025-08-11,2025-08-25,2025-08-18,Disputed,,21283
12480,2023-12-11,2023-12-30,2023-12-15,Shipped,Hold for customer confirmation.,24769
12481,2026-06-03,2026-06-24,2026-06-05,Shipped,Please ship as soon as possible.,20165
12482,2025-09-02,2025-09-11,2025-09-03,Shipped,Fragile items — handle with care.,24233
12483,2025-11-13,2025-12-06,,In Process,Fragile items — handle with care.,24142
12484,2024-03-22,2024-04-02,2024-03-28,Shipped,Partial shipment approved by customer.,21093
12485,2026-06-20,2026-07-15,2026-06-27,Shipped,Verified credit before processing.,20472
12486,2023-07-23,2023-08-18,,On Hold,Call before delivery.,24842
12487,2022-04-14,2022-05-06,2022-04-15,Disputed,,22693
12488,2023-05-25,2023-06-17,2023-05-31,Shipped,International shipment — customs docs needed.,24003
12489,2023-07-26,2023-08-18,,In Process,,23732
12490,2025-11-14,2025-11-21,,In Process,Replacement for damaged order.,20191
12491,2022-07-12,2022-07-20,2022-07-22,Shipped,,23130
12492,2024-11-05,2024-11-14,2024-11-12,Disputed,Verified credit before processing.,23129
12493,2023-04-07,2023-04-23,2023-04-08,Disputed,Fragile items — handle with care.,20433
12494,2023-06-12,2023-07-01,2023-06-16,Resolved,,20773
12495,2024-03-19,2024-03-26,2024-03-24,Shipped,,22231
12496,2022-05-02,2022-05-24,,In Process,Gift wrapping requested.,21237
12497,2022-04-05,2022-04-14,,Cancelled,Call before delivery.,23134
12498,2022-12-17,2022-12-26,2022-12-27,Shipped,Partial shipment approved by customer.,21585
12499,2026-06-02,2026-06-23,2026-06-09,Disputed,Backorder — ship when available.,20370
12500,2024-11-12,2024-12-09,2024-11-13,Shipped,,20950
12501,2023-04-10,2023-04-26,,On Hold,,20113
12502,2026-03-23,2026-04-15,2026-03-29,Resolved,Priority customer — rush order.,22149
12503,2024-07-23,2024-08-16,,Cancelled,,21190
12504,2024-08-17,2024-09-16,,In Process,Fragile items — handle with care.,22382
12505,2023-02-24,2023-03-25,2023-03-04,Resolved,Call before delivery.,20472
12506,2023-10-25,2023-11-17,2023-10-26,Shipped,International shipment — customs docs needed.,21165
12507,2024-01-29,2024-02-05,2024-02-02,Shipped,Customer requested expedited shipping.,22112
12508,2023-01-16,2023-02-14,2023-01-22,Shipped,,22806
12509,2022-12-02,2022-12-11,2022-12-11,Shipped,,23420
12510,2022-10-04,2022-10-17,,In Process,Call before delivery.,23425
12511,2023-07-16,2023-07-26,,Cancelled,Partial shipment approved by customer.,24423
12512,2023-03-16,2023-04-04,2023-03-17,Shipped,Priority customer — rush order.,24167
12513,2023-05-19,2023-06-14,2023-05-27,Shipped,Partial shipment approved by customer.,24052
12514,2024-06-08,2024-06-23,2024-06-15,Shipped,Call before delivery.,21339
12515,2023-08-08,2023-08-27,2023-08-14,Disputed,Customer requested expedited shipping.,23294
12516,2025-11-01,2025-11-16,2025-11-04,Shipped,Hold for customer confirmation.,22903
12517,2024-07-14,2024-08-10,,On Hold,Fragile items — handle with care.,23896
12518,2025-08-17,2025-08-26,,On Hold,,20604
12519,2025-03-09,2025-03-18,2025-03-11,Resolved,,24130
12520,2023-09-11,2023-09-28,2023-09-15,Shipped,,21410
12521,2026-06-29,2026-07-07,,Cancelled,,22814
12522,2025-06-18,2025-06-26,2025-06-28,Resolved,,21126
12523,2023-08-18,2023-09-05,2023-08-21,Disputed,Gift wrapping requested.,23251
12524,2023-02-18,2023-03-01,2023-02-21,Shipped,,20043
12525,2026-03-15,2026-04-02,2026-03-17,Shipped,Check stock before processing.,24027
12526,2025-10-07,2025-10-30,2025-10-09,Shipped,,22028
12527,2022-10-04,2022-10-23,2022-10-05,Disputed,Fragile items — handle with care.,23557
12528,2025-01-23,2025-02-02,2025-01-24,Shipped,,23085
12529,2024-10-02,2024-10-20,2024-10-05,Shipped,,24449
12530,2023-09-08,2023-10-06,2023-09-16,Resolved,Call before delivery.,21685
12531,2023-03-27,2023-04-12,,In Process,,21779
12532,2022-08-09,2022-09-01,2022-08-15,Disputed,Check stock before processing.,20291
12533,2023-01-02,2023-02-01,2023-01-10,Resolved,Please ship as soon as possible.,22866
12534,2023-04-06,2023-04-26,2023-04-07,Shipped,,23402
12535,2024-03-17,2024-04-16,2024-03-25,Resolved,,22738
12536,2022-10-23,2022-11-13,2022-10-25,Shipped,,24867
12537,2026-06-14,2026-07-03,2026-06-17,Shipped,,21234
12538,2022-09-14,2022-10-05,2022-09-18,Shipped,Backorder — ship when available.,23363
12539,2022-05-14,2022-06-11,,Cancelled,Partial shipment approved by customer.,22566
12540,2022-06-09,2022-07-08,2022-06-15,Shipped,,21003
12541,2022-01-07,2022-01-22,2022-01-10,Shipped,Verified credit before processing.,23258
12542,2024-07-11,2024-07-25,2024-07-14,Shipped,Customer will pick up at warehouse.,23365
12543,2023-02-03,2023-02-14,2023-02-09,Shipped,Replacement for damaged order.,24137
12544,2024-04-27,2024-05-23,2024-05-04,Shipped,Fragile items — handle with care.,21576
12545,2022-06-18,2022-07-13,,In Process,Hold for customer confirmation.,24869
12546,2022-01-07,2022-01-17,,On Hold,Hold for customer confirmation.,20798
12547,2026-07-07,2026-07-31,2026-07-11,Shipped,,21259
12548,2022-06-27,2022-07-23,2022-07-05,Shipped,Customer requested expedited shipping.,23020
12549,2024-09-16,2024-10-15,,On Hold,Hold for customer confirmation.,21604
12550,2023-03-01,2023-03-31,2023-03-09,Resolved,Fragile items — handle with care.,23406
12551,2023-08-16,2023-09-01,2023-08-21,Shipped,Special discount applied.,21487
12552,2025-10-06,2025-10-29,2025-10-14,Shipped,Backorder — ship when available.,22817
12553,2024-06-03,2024-06-28,2024-06-07,Shipped,Partial shipment approved by customer.,24664
12554,2023-09-11,2023-10-08,,Cancelled,,24269
12555,2023-07-20,2023-08-19,2023-07-28,Shipped,International shipment — customs docs needed.,23051
12556,2025-08-20,2025-09-11,,On Hold,Please ship as soon as possible.,20104
12557,2025-10-11,2025-10-31,2025-10-21,Shipped,,22700
12558,2025-02-26,2025-03-09,,On Hold,International shipment — customs docs needed.,21512
12559,2025-08-03,2025-08-23,,In Process,,24654
12560,2022-04-26,2022-05-21,,On Hold,,23358
12561,2024-09-24,2024-10-12,2024-09-26,Disputed,Verified credit before processing.,23680
12562,2025-12-19,2026-01-04,2025-12-23,Shipped,Priority customer — rush order.,21420
12563,2022-02-13,2022-03-02,2022-02-19,Resolved,,20465
12564,2024-06-07,2024-06-30,,Cancelled,Backorder — ship when available.,21385
12565,2025-12-22,2026-01-06,,In Process,,20605
12566,2025-07-05,2025-07-28,2025-07-09,Shipped,Replacement for damaged order.,21377
12567,2023-05-01,2023-05-25,2023-05-06,Shipped,Backorder — ship when available.,22165
12568,2023-01-29,2023-02-08,2023-02-04,Shipped,,20442
12569,2024-10-13,2024-10-31,,On Hold,International shipment — customs docs needed.,24464
12570,2023-09-04,2023-10-03,2023-09-06,Shipped,Customer will pick up at warehouse.,20898
12571,2024-12-21,2025-01-11,2024-12-27,Shipped,,22777
12572,2022-09-21,2022-10-18,2022-09-24,Shipped,Customer requested expedited shipping.,23383
12573,2025-04-11,2025-04-23,,On Hold,,20556
12574,2025-11-17,2025-12-04,2025-11-26,Disputed,Special discount applied.,20647
12575,2022-02-16,2022-03-01,2022-02-20,Resolved,Call before delivery.,22451
12576,2025-05-27,2025-06-06,2025-06-01,Resolved,,22416
12577,2025-05-11,2025-05-30,2025-05-13,Resolved,,23854
12578,2026-02-20,2026-02-27,2026-03-01,Shipped,Replacement for damaged order.,22626
12579,2023-10-21,2023-11-01,2023-10-23,Resolved,Please ship as soon as possible.,20297
12580,2026-02-24,2026-03-18,,On Hold,Please ship as soon as possible.,21831
12581,2023-12-02,2023-12-11,2023-12-09,Shipped,,23287
12582,2024-11-04,2024-11-16,2024-11-11,Shipped,,22007
12583,2026-05-03,2026-05-26,2026-05-13,Shipped,Call before delivery.,21657
12584,2022-08-04,2022-08-17,,Cancelled,Fragile items — handle with care.,20725
12585,2024-08-23,2024-09-10,2024-09-02,Shipped,,24475
12586,2023-06-17,2023-07-05,,In Process,Backorder — ship when available.,20848
12587,2022-03-02,2022-03-23,2022-03-05,Shipped,,22995
12588,2022-01-02,2022-01-16,2022-01-09,Shipped,,21648
12589,2023-01-10,2023-02-04,2023-01-14,Shipped,,22362
12590,2023-04-10,2023-04-17,2023-04-17,Shipped,Hold for customer confirmation.,21497
12591,2025-07-22,2025-08-19,,In Process,Backorder — ship when available.,21170
12592,2022-10-16,2022-10-30,2022-10-22,Shipped,Hold for customer confirmation.,23976
12593,2023-06-10,2023-06-28,2023-06-13,Disputed,,22986
12594,2025-03-17,2025-04-01,2025-03-26,Shipped,Customer requested expedited shipping.,21164
12595,2022-06-27,2022-07-24,2022-07-07,Shipped,Customer requested expedited shipping.,22924
12596,2023-09-14,2023-09-26,2023-09-23,Shipped,Fragile items — handle with care.,20698
12597,2023-06-27,2023-07-18,,On Hold,,23021
12598,2023-06-28,2023-07-06,,In Process,,23393
12599,2023-09-11,2023-10-06,,In Process,Partial shipment approved by customer.,21382
12600,2026-03-03,2026-03-19,2026-03-10,Resolved,,21510
12601,2025-11-27,2025-12-20,,On Hold,,22879
12602,2024-05-28,2024-06-17,2024-05-29,Shipped,Gift wrapping requested.,21937
12603,2023-03-04,2023-04-02,,On Hold,International shipment — customs docs needed.,24279
12604,2025-02-24,2025-03-13,2025-03-02,Shipped,Check stock before processing.,22506
12605,2022-04-15,2022-05-09,,On Hold,,24746
12606,2025-11-03,2025-11-12,,In Process,Check stock before processing.,20860
12607,2024-10-28,2024-11-05,2024-11-06,Disputed,Customer will pick up at warehouse.,22450
12608,2024-05-06,2024-05-29,2024-05-16,Resolved,,23269
12609,2024-11-08,2024-11-16,2024-11-13,Shipped,Priority customer — rush order.,21704
12610,2024-02-11,2024-02-27,2024-02-19,Shipped,,21419
12611,2024-04-30,2024-05-12,2024-05-05,Shipped,Fragile items — handle with care.,21313
12612,2026-02-24,2026-03-21,,On Hold,,23976
12613,2023-10-28,2023-11-17,,In Process,Verified credit before processing.,23318
12614,2023-01-02,2023-01-22,2023-01-06,Shipped,,24250
12615,2022-03-16,2022-04-07,2022-03-17,Shipped,Customer will pick up at warehouse.,21979
12616,2025-04-12,2025-05-02,2025-04-17,Resolved,,20363
12617,2023-02-16,2023-03-14,2023-02-19,Shipped,Call before delivery.,22001
12618,2023-10-28,2023-11-17,2023-10-31,Shipped,Hold for customer confirmation.,22870
12619,2025-01-02,2025-01-31,2025-01-04,Disputed,,20774
12620,2024-11-15,2024-11-28,2024-11-18,Shipped,Customer requested expedited shipping.,22953
12621,2023-11-20,2023-12-16,2023-11-25,Shipped,Fragile items — handle with care.,21263
12622,2025-05-01,2025-05-17,,On Hold,,22566
12623,2025-02-06,2025-03-05,,On Hold,Check stock before processing.,20970
12624,2024-10-21,2024-10-31,,In Process,Call before delivery.,23452
12625,2026-02-16,2026-03-08,2026-02-23,Shipped,Gift wrapping requested.,21132
12626,2024-08-30,2024-09-08,2024-09-05,Shipped,,23870
12627,2022-01-10,2022-02-07,,In Process,,24653
12628,2026-07-12,2026-07-26,2026-07-13,Disputed,Partial shipment approved by customer.,23990
12629,2025-10-01,2025-10-31,,On Hold,,21402
12630,2024-08-28,2024-09-05,2024-09-06,Disputed,International shipment — customs docs needed.,22401
12631,2024-02-26,2024-03-09,,Cancelled,Gift wrapping requested.,23363
12632,2022-05-24,2022-06-01,,In Process,Call before delivery.,22876
12633,2025-12-03,2025-12-30,,In Process,Hold for customer confirmation.,21751
12634,2023-04-02,2023-04-09,2023-04-03,Shipped,Partial shipment approved by customer.,24340
12635,2023-01-31,2023-02-28,2023-02-03,Shipped,,20018
12636,2025-07-31,2025-08-25,2025-08-06,Shipped,Hold for customer confirmation.,20714
12637,2023-11-16,2023-12-15,2023-11-17,Shipped,Hold for customer confirmation.,22630
12638,2024-08-12,2024-09-08,2024-08-19,Shipped,Gift wrapping requested.,22281
12639,2022-10-01,2022-10-31,,Cancelled,,20953
12640,2026-05-12,2026-06-09,2026-05-14,Shipped,,20331
12641,2025-06-04,2025-06-29,2025-06-06,Shipped,International shipment — customs docs needed.,23258
12642,2024-01-06,2024-02-03,,Cancelled,Customer will pick up at warehouse.,22847
12643,2023-01-20,2023-01-28,2023-01-26,Shipped,,24253
12644,2024-04-16,2024-05-12,,Cancelled,,23533
12645,2022-03-11,2022-03-23,2022-03-14,Disputed,,21944
12646,2024-08-24,2024-09-01,2024-08-28,Shipped,Please ship as soon as possible.,23147
12647,2022-05-10,2022-05-19,,In Process,Verified credit before processing.,20555
12648,2022-05-04,2022-05-12,2022-05-12,Disputed,,20301
12649,2023-01-16,2023-02-04,2023-01-19,Shipped,,22267
12650,2025-12-15,2026-01-07,2025-12-17,Shipped,Partial shipment approved by customer.,22766
12651,2023-01-11,2023-01-24,,On Hold,Hold for customer confirmation.,24245
12652,2025-01-30,2025-02-08,2025-02-07,Shipped,,23919
12653,2023-06-12,2023-06-20,,On Hold,,23233
12654,2024-11-16,2024-11-25,,Cancelled,Special discount applied.,22716
12655,2022-12-20,2023-01-05,2022-12-27,Shipped,Partial shipment approved by customer.,23417
12656,2024-04-06,2024-05-02,,Cancelled,,21841
12657,2022-09-27,2022-10-23,,Cancelled,,24595
12658,2025-05-11,2025-05-31,2025-05-14,Disputed,Verified credit before processing.,21471
12659,2023-09-16,2023-10-13,,On Hold,Fragile items — handle with care.,22265
12660,2024-06-27,2024-07-19,2024-06-28,Shipped,Replacement for damaged order.,21588
12661,2022-06-28,2022-07-25,,In Process,,20863
12662,2026-04-06,2026-04-15,2026-04-07,Shipped,Partial shipment approved by customer.,22187
12663,2025-03-12,2025-04-07,2025-03-22,Disputed,Partial shipment approved by customer.,20511
12664,2024-11-14,2024-11-22,,In Process,Hold for customer confirmation.,24864
12665,2022-08-04,2022-08-28,,Cancelled,Partial shipment approved by customer.,20465
12666,2022-09-12,2022-09-29,2022-09-14,Shipped,Call before delivery.,23811
12667,2022-06-04,2022-07-04,2022-06-14,Shipped,,21408
12668,2023-02-12,2023-03-01,,Cancelled,,23192
12669,2023-09-22,2023-10-03,,Cancelled,Customer requested expedited shipping.,22295
12670,2025-10-09,2025-10-30,2025-10-10,Disputed,Please ship as soon as possible.,20283
12671,2026-06-17,2026-06-25,2026-06-21,Shipped,,22487
12672,2023-02-02,2023-02-18,2023-02-08,Disputed,Verified credit before processing.,22354
12673,2025-10-12,2025-11-05,,Cancelled,Call before delivery.,21559
12674,2024-04-17,2024-05-08,2024-04-25,Shipped,,22932
12675,2025-05-29,2025-06-17,,In Process,,24272
12676,2023-09-28,2023-10-19,2023-09-29,Shipped,Gift wrapping requested.,23647
12677,2024-03-21,2024-04-01,2024-03-27,Shipped,Hold for customer confirmation.,21960
12678,2022-06-17,2022-06-29,2022-06-24,Disputed,,24214
12679,2023-04-20,2023-05-07,2023-04-25,Shipped,,24622
12680,2025-01-11,2025-02-04,,In Process,Partial shipment approved by customer.,20677
12681,2024-12-07,2024-12-18,2024-12-13,Shipped,Priority customer — rush order.,21753
12682,2025-08-23,2025-09-08,2025-08-27,Shipped,,20475
12683,2023-11-10,2023-12-10,2023-11-15,Shipped,Hold for customer confirmation.,22253
12684,2022-09-21,2022-10-07,,Cancelled,,20062
12685,2022-05-10,2022-06-05,2022-05-19,Shipped,Call before delivery.,24061
12686,2023-06-13,2023-06-24,,In Process,Gift wrapping requested.,20343
12687,2023-10-31,2023-11-19,2023-11-08,Disputed,,20453
12688,2025-12-02,2025-12-10,2025-12-05,Shipped,Fragile items — handle with care.,22779
12689,2024-01-12,2024-02-05,2024-01-16,Shipped,,23026
12690,2025-01-11,2025-02-08,2025-01-20,Shipped,,24441
12691,2024-07-23,2024-07-31,,On Hold,Gift wrapping requested.,21724
12692,2025-08-14,2025-09-03,2025-08-19,Shipped,International shipment — customs docs needed.,24982
12693,2023-06-02,2023-06-18,2023-06-03,Shipped,Replacement for damaged order.,22067
12694,2025-01-07,2025-01-20,,On Hold,Please ship as soon as possible.,20290
12695,2024-10-25,2024-11-24,,Cancelled,Please ship as soon as possible.,22110
12696,2024-06-24,2024-07-02,2024-07-03,Resolved,,23956
12697,2025-05-09,2025-05-23,,On Hold,,21521
12698,2025-07-11,2025-07-20,2025-07-19,Shipped,Hold for customer confirmation.,20074
12699,2024-03-26,2024-04-06,,On Hold,,23702
12700,2022-05-19,2022-06-02,2022-05-22,Shipped,Customer will pick up at warehouse.,23207
12701,2022-10-18,2022-11-06,2022-10-27,Shipped,Verified credit before processing.,21076
12702,2024-08-26,2024-09-05,2024-09-02,Resolved,Hold for customer confirmation.,22922
12703,2024-10-10,2024-10-27,2024-10-20,Shipped,Check stock before processing.,21231
12704,2023-08-27,2023-09-09,2023-09-01,Shipped,,20427
12705,2026-02-22,2026-03-17,2026-02-23,Shipped,Please ship as soon as possible.,22517
12706,2025-07-28,2025-08-04,2025-08-04,Disputed,,24032
12707,2025-02-18,2025-02-26,2025-02-21,Disputed,Priority customer — rush order.,23076
12708,2023-02-04,2023-03-03,2023-02-06,Shipped,,22671
12709,2023-03-30,2023-04-13,,In Process,Priority customer — rush order.,22271
12710,2023-12-06,2023-12-15,,On Hold,Special discount applied.,24720
12711,2024-11-05,2024-11-19,2024-11-09,Shipped,,21732
12712,2026-05-16,2026-05-25,2026-05-17,Shipped,,21655
12713,2024-09-14,2024-10-02,2024-09-16,Shipped,Please ship as soon as possible.,20599
12714,2023-05-27,2023-06-23,2023-06-04,Disputed,,22088
12715,2022-12-27,2023-01-04,2023-01-05,Disputed,International shipment — customs docs needed.,22650
12716,2023-03-17,2023-03-30,,On Hold,Customer will pick up at warehouse.,22766
12717,2024-07-12,2024-07-23,2024-07-15,Shipped,Partial shipment approved by customer.,23720
12718,2022-09-23,2022-10-05,2022-09-28,Disputed,,22465
12719,2023-03-22,2023-04-02,2023-04-01,Disputed,,20294
12720,2022-03-24,2022-04-13,2022-03-27,Shipped,Customer will pick up at warehouse.,24107
12721,2026-05-10,2026-05-18,2026-05-14,Resolved,Partial shipment approved by customer.,24917
12722,2026-01-21,2026-02-04,2026-01-29,Shipped,,21047
12723,2023-08-19,2023-09-15,2023-08-25,Shipped,Customer will pick up at warehouse.,24007
12724,2024-08-11,2024-09-04,,On Hold,Partial shipment approved by customer.,20459
12725,2026-04-07,2026-04-17,,On Hold,,20512
12726,2022-02-11,2022-02-22,,On Hold,,24653
12727,2022-04-05,2022-05-05,2022-04-08,Shipped,International shipment — customs docs needed.,22702
12728,2025-08-12,2025-09-02,2025-08-18,Disputed,,20293
12729,2023-11-20,2023-12-08,,On Hold,Priority customer — rush order.,22138
12730,2022-09-03,2022-09-13,,Cancelled,Check stock before processing.,20180
12731,2022-11-09,2022-11-29,2022-11-18,Shipped,Check stock before processing.,24216
12732,2023-05-17,2023-06-16,2023-05-26,Shipped,,23075
12733,2025-10-24,2025-11-03,,Cancelled,,22024
12734,2023-12-07,2023-12-29,,In Process,,23689
12735,2026-03-09,2026-04-02,2026-03-17,Shipped,,22217
12736,2024-08-03,2024-08-19,2024-08-13,Shipped,Please ship as soon as possible.,22878
12737,2025-01-04,2025-01-31,,Cancelled,Customer requested expedited shipping.,20562
12738,2023-10-08,2023-11-01,2023-10-14,Shipped,Partial shipment approved by customer.,20144
12739,2023-07-23,2023-08-16,,On Hold,International shipment — customs docs needed.,24807
12740,2024-10-26,2024-11-23,2024-10-27,Resolved,Verified credit before processing.,20292
12741,2025-06-27,2025-07-12,2025-07-07,Disputed,,21183
12742,2023-03-19,2023-04-04,2023-03-26,Shipped,Please ship as soon as possible.,23669
12743,2025-06-15,2025-07-06,,Cancelled,,20902
12744,2024-09-02,2024-09-22,2024-09-03,Shipped,Verified credit before processing.,21325
12745,2026-04-14,2026-05-10,,On Hold,,24408
12746,2024-05-18,2024-06-04,2024-05-20,Resolved,,20315
12747,2024-12-03,2024-12-27,,On Hold,Backorder — ship when available.,24225
12748,2024-02-08,2024-03-09,2024-02-12,Disputed,,21636
12749,2025-05-05,2025-06-01,,Cancelled,Customer will pick up at warehouse.,21741
12750,2022-05-14,2022-06-02,,In Process,,23761
12751,2025-07-22,2025-08-21,2025-07-31,Disputed,Please ship as soon as possible.,21191
12752,2022-10-26,2022-11-24,2022-11-02,Shipped,Customer requested expedited shipping.,21937
12753,2023-09-16,2023-10-16,2023-09-18,Shipped,Call before delivery.,20166
12754,2023-10-30,2023-11-19,,In Process,,21808
12755,2026-06-27,2026-07-27,,On Hold,Please ship as soon as possible.,22050
12756,2023-09-03,2023-09-22,2023-09-08,Shipped,Priority customer — rush order.,24298
12757,2025-06-13,2025-07-07,,In Process,Customer will pick up at warehouse.,20260
12758,2025-02-22,2025-03-03,2025-03-01,Shipped,Check stock before processing.,23659
12759,2022-05-19,2022-06-01,2022-05-24,Shipped,,23437
12760,2023-03-24,2023-04-11,,On Hold,Fragile items — handle with care.,20429
12761,2026-01-24,2026-02-23,2026-01-30,Resolved,Gift wrapping requested.,23173
12762,2022-04-23,2022-05-12,,Cancelled,Backorder — ship when available.,24993
12763,2024-08-06,2024-08-31,2024-08-07,Shipped,,24925
12764,2025-07-07,2025-07-26,2025-07-11,Disputed,Priority customer — rush order.,24069
12765,2024-02-20,2024-03-02,2024-02-22,Shipped,Check stock before processing.,23624
12766,2022-06-17,2022-07-10,2022-06-27,Disputed,Partial shipment approved by customer.,21855
12767,2024-11-09,2024-12-06,2024-11-12,Disputed,,23023
12768,2023-11-08,2023-11-28,2023-11-15,Shipped,Gift wrapping requested.,21905
12769,2023-08-06,2023-09-03,2023-08-09,Shipped,Customer requested expedited shipping.,24337
12770,2023-11-27,2023-12-11,2023-11-29,Shipped,,20436
12771,2024-02-23,2024-03-21,2024-03-02,Shipped,,24208
12772,2026-05-27,2026-06-11,,Cancelled,Call before delivery.,23722
12773,2023-09-10,2023-09-18,2023-09-11,Shipped,Gift wrapping requested.,21543
12774,2022-01-18,2022-01-26,2022-01-28,Shipped,Please ship as soon as possible.,20552
12775,2023-12-11,2023-12-21,,On Hold,Verified credit before processing.,21514
12776,2024-11-09,2024-11-22,2024-11-19,Resolved,Partial shipment approved by customer.,22740
12777,2024-10-31,2024-11-16,2024-11-06,Shipped,Gift wrapping requested.,20573
12778,2026-06-08,2026-06-25,2026-06-15,Disputed,Priority customer — rush order.,20717
12779,2025-09-29,2025-10-26,2025-10-01,Shipped,Please ship as soon as possible.,20060
12780,2026-04-10,2026-05-01,2026-04-18,Disputed,,20082
12781,2022-06-28,2022-07-10,2022-06-29,Shipped,Priority customer — rush order.,20114
12782,2026-02-28,2026-03-28,,In Process,,23433
12783,2023-12-29,2024-01-05,2024-01-03,Resolved,,23443
12784,2025-09-20,2025-10-07,,In Process,Please ship as soon as possible.,21917
12785,2024-12-08,2024-12-23,2024-12-16,Resolved,Gift wrapping requested.,22064
12786,2022-08-11,2022-09-03,,On Hold,,21734
12787,2024-04-21,2024-05-21,2024-04-26,Shipped,,22953
12788,2025-03-30,2025-04-15,,In Process,Hold for customer confirmation.,20423
12789,2023-12-19,2023-12-29,2023-12-26,Shipped,,23340
12790,2026-03-24,2026-04-21,,In Process,,20353
12791,2022-09-22,2022-10-15,2022-09-24,Resolved,Hold for customer confirmation.,23420
12792,2023-10-28,2023-11-15,2023-10-30,Shipped,Please ship as soon as possible.,24905
12793,2024-10-17,2024-11-15,2024-10-27,Shipped,Backorder — ship when available.,24914
12794,2024-02-17,2024-03-03,2024-02-18,Shipped,Partial shipment approved by customer.,20372
12795,2024-07-09,2024-07-31,2024-07-17,Shipped,Fragile items — handle with care.,23341
12796,2022-03-24,2022-04-05,2022-04-03,Shipped,,21528
12797,2025-07-29,2025-08-06,,In Process,Priority customer — rush order.,21889
12798,2024-04-09,2024-05-03,2024-04-11,Shipped,Please ship as soon as possible.,23226
12799,2025-05-24,2025-06-14,,In Process,,24953
12800,2023-08-24,2023-09-14,,In Process,Partial shipment approved by customer.,23873
12801,2024-03-23,2024-04-08,,Cancelled,Please ship as soon as possible.,21861
12802,2025-07-19,2025-08-01,2025-07-21,Shipped,,20957
12803,2026-05-19,2026-06-14,2026-05-22,Shipped,Verified credit before processing.,21079
12804,2022-03-22,2022-04-15,,Cancelled,Check stock before processing.,23750
12805,2025-11-28,2025-12-08,2025-12-02,Shipped,,22566
12806,2023-06-19,2023-07-07,2023-06-20,Shipped,,23101
12807,2022-03-09,2022-04-02,,Cancelled,Call before delivery.,22866
12808,2025-10-12,2025-10-24,2025-10-19,Shipped,Partial shipment approved by customer.,22768
12809,2025-02-17,2025-03-06,,Cancelled,Check stock before processing.,24743
12810,2023-11-29,2023-12-23,2023-12-05,Resolved,Replacement for damaged order.,23509
12811,2023-04-13,2023-05-10,2023-04-16,Shipped,Backorder — ship when available.,24509
12812,2022-04-13,2022-04-29,2022-04-14,Shipped,Customer will pick up at warehouse.,21595
12813,2025-01-22,2025-02-17,,In Process,Priority customer — rush order.,22375
12814,2023-11-21,2023-12-19,,In Process,,20764
12815,2022-07-31,2022-08-17,2022-08-08,Disputed,,20670
12816,2024-12-25,2025-01-06,2024-12-28,Resolved,,22754
12817,2026-04-08,2026-04-27,2026-04-09,Shipped,,23487
12818,2022-05-04,2022-05-24,,In Process,Check stock before processing.,24069
12819,2026-04-09,2026-04-23,2026-04-11,Disputed,Please ship as soon as possible.,22791
12820,2023-06-24,2023-07-04,2023-07-02,Disputed,Backorder — ship when available.,21529
12821,2023-03-05,2023-03-21,2023-03-13,Shipped,Replacement for damaged order.,20712
12822,2023-05-03,2023-05-23,2023-05-05,Disputed,Please ship as soon as possible.,23519
12823,2023-04-18,2023-05-16,,On Hold,International shipment — customs docs needed.,21838
12824,2025-12-13,2026-01-02,2025-12-20,Shipped,Customer will pick up at warehouse.,22306
12825,2022-05-30,2022-06-24,2022-06-05,Shipped,Call before delivery.,21768
12826,2026-04-18,2026-05-10,2026-04-27,Shipped,,21401
12827,2022-09-27,2022-10-24,2022-09-28,Resolved,,20766
12828,2025-11-23,2025-12-12,2025-11-24,Shipped,Customer requested expedited shipping.,24208
12829,2024-05-28,2024-06-09,2024-05-30,Shipped,,24521
12830,2024-09-02,2024-09-10,2024-09-05,Shipped,,24535
12831,2023-10-29,2023-11-26,2023-11-01,Resolved,Priority customer — rush order.,20786
12832,2024-04-15,2024-04-22,2024-04-19,Shipped,,22654
12833,2022-01-21,2022-01-30,2022-01-28,Shipped,Partial shipment approved by customer.,24897
12834,2024-12-07,2024-12-15,,Cancelled,,23388
12835,2024-05-16,2024-05-28,,In Process,,22021
12836,2024-10-29,2024-11-08,2024-11-07,Shipped,Call before delivery.,22349
12837,2026-07-16,2026-08-04,2026-07-20,Shipped,,23358
12838,2024-12-06,2025-01-04,2024-12-12,Disputed,,23828
12839,2026-04-07,2026-05-01,,On Hold,Backorder — ship when available.,22118
12840,2023-10-05,2023-10-21,,In Process,Hold for customer confirmation.,21969
12841,2022-02-21,2022-03-05,,Cancelled,,24694
12842,2022-03-28,2022-04-27,2022-04-04,Resolved,,20306
12843,2022-03-17,2022-03-25,2022-03-19,Shipped,Replacement for damaged order.,24515
12844,2026-04-29,2026-05-10,2026-05-02,Shipped,,23142
12845,2022-05-08,2022-05-30,2022-05-14,Shipped,,24508
12846,2023-10-04,2023-11-02,,Cancelled,Call before delivery.,20748
12847,2024-08-22,2024-09-03,2024-08-30,Shipped,,22515
12848,2024-05-03,2024-05-10,,In Process,,23641
12849,2024-02-05,2024-02-25,2024-02-15,Shipped,Verified credit before processing.,24829
12850,2023-09-07,2023-10-04,,Cancelled,Gift wrapping requested.,24643
12851,2022-01-13,2022-01-30,2022-01-18,Disputed,Special discount applied.,23617
12852,2023-11-24,2023-12-04,,On Hold,,24045
12853,2025-07-31,2025-08-10,2025-08-03,Shipped,,24147
12854,2024-05-27,2024-06-06,2024-06-03,Shipped,,20850
12855,2024-12-23,2025-01-03,2024-12-27,Shipped,,20599
12856,2026-02-26,2026-03-24,2026-03-08,Shipped,Gift wrapping requested.,24872
12857,2026-05-09,2026-05-22,2026-05-19,Shipped,Verified credit before processing.,24106
12858,2022-09-23,2022-10-03,,On Hold,,21353
12859,2023-02-24,2023-03-20,,On Hold,Verified credit before processing.,24631
12860,2024-11-02,2024-11-10,2024-11-10,Shipped,Hold for customer confirmation.,24443
12861,2023-08-16,2023-08-27,,In Process,Backorder — ship when available.,23562
12862,2025-07-02,2025-07-27,2025-07-03,Shipped,Call before delivery.,20703
12863,2024-05-22,2024-06-08,,On Hold,,20058
12864,2022-11-17,2022-11-29,,In Process,Verified credit before processing.,22279
12865,2024-12-29,2025-01-15,2025-01-07,Shipped,Backorder — ship when available.,20073
12866,2023-01-26,2023-02-12,2023-02-03,Disputed,,24827
12867,2025-10-11,2025-11-09,2025-10-20,Shipped,,24952
12868,2026-01-25,2026-02-19,,On Hold,Please ship as soon as possible.,20650
12869,2025-02-06,2025-02-23,2025-02-14,Shipped,,20321
12870,2022-01-02,2022-02-01,2022-01-11,Shipped,Verified credit before processing.,21012
12871,2026-05-19,2026-06-09,2026-05-26,Shipped,Customer requested expedited shipping.,22505
12872,2025-11-30,2025-12-07,2025-12-08,Shipped,Check stock before processing.,24001
12873,2024-12-22,2025-01-16,2024-12-27,Disputed,Hold for customer confirmation.,22867
12874,2022-01-08,2022-01-16,2022-01-17,Shipped,Priority customer — rush order.,24839
12875,2025-03-12,2025-03-31,2025-03-21,Disputed,Hold for customer confirmation.,20635
12876,2023-02-23,2023-03-21,2023-03-04,Resolved,Call before delivery.,24461
12877,2025-10-26,2025-11-04,2025-10-30,Shipped,,21726
12878,2024-04-03,2024-04-24,2024-04-04,Shipped,Call before delivery.,20237
12879,2022-07-09,2022-08-08,,On Hold,Backorder — ship when available.,22440
12880,2022-01-12,2022-01-23,2022-01-15,Shipped,Fragile items — handle with care.,24217
12881,2022-11-23,2022-12-15,,On Hold,Priority customer — rush order.,24935
12882,2026-03-27,2026-04-26,2026-03-30,Resolved,Customer will pick up at warehouse.,23194
12883,2024-03-19,2024-04-02,,Cancelled,Check stock before processing.,22368
12884,2022-01-02,2022-02-01,2022-01-07,Shipped,Please ship as soon as possible.,24954
12885,2025-02-16,2025-03-06,2025-02-19,Disputed,Replacement for damaged order.,24974
12886,2022-02-10,2022-02-21,,Cancelled,Check stock before processing.,24072
12887,2026-02-24,2026-03-23,2026-03-05,Resolved,,20769
12888,2022-05-17,2022-06-03,2022-05-26,Shipped,Partial shipment approved by customer.,24034
12889,2024-04-15,2024-04-26,2024-04-23,Shipped,Special discount applied.,20864
12890,2024-03-03,2024-03-16,,Cancelled,Check stock before processing.,22203
12891,2026-07-12,2026-07-21,2026-07-16,Shipped,,23077
12892,2023-08-26,2023-09-11,2023-08-31,Disputed,Verified credit before processing.,20175
12893,2022-03-21,2022-04-10,,On Hold,Hold for customer confirmation.,22556
12894,2025-01-14,2025-01-28,2025-01-20,Shipped,Verified credit before processing.,22617
12895,2025-09-06,2025-09-23,2025-09-07,Shipped,Verified credit before processing.,21663
12896,2023-01-07,2023-01-28,2023-01-09,Disputed,Check stock before processing.,20192
12897,2023-02-03,2023-02-22,,On Hold,Special discount applied.,20017
12898,2024-12-09,2025-01-03,,On Hold,,20242
12899,2026-07-03,2026-07-15,,Cancelled,,24339
12900,2024-04-17,2024-04-25,,Cancelled,Backorder — ship when available.,24112
12901,2025-05-05,2025-05-22,2025-05-12,Shipped,Check stock before processing.,20187
12902,2024-10-05,2024-10-25,,Cancelled,Please ship as soon as possible.,22942
12903,2022-11-22,2022-12-13,2022-11-24,Shipped,,22930
12904,2024-10-08,2024-10-23,2024-10-18,Resolved,Hold for customer confirmation.,23064
12905,2023-02-09,2023-02-26,2023-02-14,Shipped,Partial shipment approved by customer.,24075
12906,2022-02-08,2022-02-28,,In Process,Verified credit before processing.,23804
12907,2025-06-01,2025-06-21,2025-06-03,Shipped,,23366
12908,2024-07-16,2024-07-25,,On Hold,,24511
12909,2024-09-08,2024-09-19,2024-09-09,Shipped,Check stock before processing.,21239
12910,2024-01-23,2024-02-11,2024-01-26,Shipped,Gift wrapping requested.,21167
12911,2022-09-26,2022-10-19,2022-10-04,Resolved,International shipment — customs docs needed.,24353
12912,2023-02-01,2023-02-24,2023-02-06,Resolved,Partial shipment approved by customer.,24134
12913,2022-04-03,2022-04-16,2022-04-08,Shipped,,20708
12914,2024-11-03,2024-11-27,2024-11-08,Shipped,,21310
12915,2022-12-29,2023-01-10,,Cancelled,Call before delivery.,20572
12916,2022-05-08,2022-06-02,2022-05-11,Shipped,,22895
12917,2026-01-11,2026-01-22,2026-01-18,Shipped,Partial shipment approved by customer.,22782
12918,2022-10-15,2022-10-25,2022-10-23,Shipped,Please ship as soon as possible.,21370
12919,2023-09-28,2023-10-08,,In Process,,20153
12920,2024-11-30,2024-12-16,2024-12-06,Disputed,,20407
12921,2022-01-19,2022-02-11,2022-01-22,Shipped,Replacement for damaged order.,20325
12922,2025-04-05,2025-05-03,2025-04-13,Shipped,Special discount applied.,23535
12923,2024-03-13,2024-03-26,2024-03-16,Shipped,,23705
12924,2025-07-27,2025-08-07,2025-08-03,Disputed,,21500
12925,2024-12-28,2025-01-22,2025-01-02,Shipped,Check stock before processing.,23728
12926,2022-06-17,2022-07-07,2022-06-19,Shipped,International shipment — customs docs needed.,23865
12927,2023-07-25,2023-08-15,,Cancelled,,23271
12928,2023-11-28,2023-12-23,2023-11-29,Shipped,Customer requested expedited shipping.,21573
12929,2025-11-09,2025-12-09,2025-11-12,Shipped,Customer requested expedited shipping.,22294
12930,2024-08-20,2024-09-16,2024-08-26,Disputed,Replacement for damaged order.,20544
12931,2023-07-11,2023-08-07,2023-07-14,Shipped,Special discount applied.,24788
12932,2023-06-02,2023-06-11,,In Process,Gift wrapping requested.,24892
12933,2023-09-15,2023-10-13,,Cancelled,Check stock before processing.,23466
12934,2023-11-24,2023-12-02,2023-12-01,Disputed,Please ship as soon as possible.,23203
12935,2022-11-17,2022-12-04,2022-11-20,Shipped,International shipment — customs docs needed.,21368
12936,2025-12-20,2026-01-09,2025-12-28,Shipped,Check stock before processing.,22300
12937,2026-05-24,2026-06-12,2026-05-30,Shipped,Hold for customer confirmation.,24333
12938,2024-09-03,2024-09-11,2024-09-06,Resolved,Replacement for damaged order.,22008
12939,2024-06-03,2024-06-22,,In Process,,20627
12940,2024-12-17,2025-01-12,,On Hold,,22701
12941,2022-03-05,2022-03-16,2022-03-06,Shipped,Hold for customer confirmation.,22709
12942,2026-03-12,2026-03-28,,Cancelled,,22333
12943,2024-03-10,2024-03-19,2024-03-15,Shipped,,24837
12944,2024-05-24,2024-06-15,2024-05-29,Resolved,Gift wrapping requested.,23122
12945,2023-10-14,2023-11-09,2023-10-17,Shipped,,22711
12946,2023-11-24,2023-12-11,2023-11-26,Shipped,Please ship as soon as possible.,21770
12947,2022-04-25,2022-05-10,,Cancelled,Please ship as soon as possible.,21306
12948,2024-08-21,2024-09-15,2024-08-29,Resolved,Please ship as soon as possible.,20679
12949,2022-07-26,2022-08-05,2022-07-27,Shipped,,23431
12950,2023-06-14,2023-06-23,2023-06-20,Shipped,,23918
12951,2023-07-25,2023-08-08,2023-08-03,Shipped,Fragile items — handle with care.,21230
12952,2023-05-05,2023-05-27,2023-05-08,Resolved,Check stock before processing.,24929
12953,2025-08-30,2025-09-17,,Cancelled,Customer will pick up at warehouse.,24319
12954,2025-02-04,2025-02-17,2025-02-13,Resolved,Fragile items — handle with care.,24806
12955,2025-03-12,2025-03-28,,On Hold,,23564
12956,2023-12-07,2023-12-18,,On Hold,Special discount applied.,21259
12957,2024-02-18,2024-03-15,2024-02-21,Shipped,,21405
12958,2026-03-09,2026-03-23,2026-03-18,Shipped,Please ship as soon as possible.,22957
12959,2024-05-14,2024-05-25,2024-05-18,Shipped,Priority customer — rush order.,24488
12960,2023-09-29,2023-10-15,,In Process,Please ship as soon as possible.,24812
12961,2022-08-26,2022-09-15,2022-08-31,Shipped,,23876
12962,2025-08-03,2025-08-20,2025-08-07,Shipped,,22670
12963,2025-01-13,2025-01-23,2025-01-17,Shipped,,20906
12964,2025-01-07,2025-01-26,,Cancelled,Check stock before processing.,23948
12965,2025-07-07,2025-08-03,2025-07-16,Shipped,,23821
12966,2025-12-31,2026-01-26,,In Process,Customer requested expedited shipping.,22871
12967,2022-08-28,2022-09-15,2022-08-30,Shipped,Customer will pick up at warehouse.,22601
12968,2022-08-19,2022-09-10,2022-08-26,Shipped,Backorder — ship when available.,21020
12969,2025-10-21,2025-10-30,2025-10-22,Resolved,Verified credit before processing.,24854
12970,2024-04-07,2024-05-05,2024-04-15,Disputed,,21176
12971,2024-09-21,2024-10-06,2024-09-30,Disputed,Verified credit before processing.,20387
12972,2022-11-26,2022-12-05,,In Process,,23082
12973,2024-12-01,2024-12-25,,Cancelled,,23109
12974,2026-05-15,2026-06-02,2026-05-18,Resolved,Replacement for damaged order.,20116
12975,2026-03-03,2026-03-27,,On Hold,International shipment — customs docs needed.,24520
12976,2026-02-22,2026-03-17,2026-02-23,Disputed,Customer will pick up at warehouse.,22554
12977,2023-11-24,2023-12-09,2023-11-28,Shipped,Call before delivery.,24869
12978,2025-03-17,2025-04-14,2025-03-19,Disputed,Priority customer — rush order.,20201
12979,2025-02-19,2025-03-07,2025-02-23,Shipped,,21734
12980,2022-04-23,2022-05-06,2022-04-30,Shipped,Hold for customer confirmation.,20342
12981,2024-12-30,2025-01-08,2025-01-05,Shipped,Priority customer — rush order.,21227
12982,2024-01-14,2024-01-27,2024-01-19,Shipped,,21274
12983,2024-03-13,2024-03-26,2024-03-21,Shipped,Hold for customer confirmation.,21598
12984,2024-12-07,2025-01-04,2024-12-16,Resolved,Gift wrapping requested.,24730
12985,2022-11-19,2022-11-27,2022-11-25,Shipped,Hold for customer confirmation.,24895
12986,2022-04-14,2022-05-09,,In Process,International shipment — customs docs needed.,24087
12987,2022-01-31,2022-02-19,,Cancelled,,20902
12988,2023-07-25,2023-08-06,2023-08-03,Shipped,,22367
12989,2024-04-23,2024-05-03,2024-04-29,Shipped,,21456
12990,2024-09-04,2024-09-27,,In Process,,24144
12991,2024-03-27,2024-04-19,2024-03-31,Disputed,Hold for customer confirmation.,20946
12992,2025-09-28,2025-10-08,2025-10-03,Disputed,,23504
12993,2025-01-15,2025-01-31,2025-01-16,Shipped,Backorder — ship when available.,20675
12994,2023-07-30,2023-08-19,,On Hold,Partial shipment approved by customer.,20113
12995,2024-12-11,2025-01-08,2024-12-12,Shipped,Verified credit before processing.,23954
12996,2025-12-07,2026-01-05,2025-12-16,Resolved,Backorder — ship when available.,20266
12997,2023-12-25,2024-01-13,,Cancelled,Replacement for damaged order.,21345
12998,2025-04-06,2025-04-28,2025-04-15,Disputed,,20881
12999,2022-12-06,2022-12-28,2022-12-13,Shipped,,23140
13000,2024-10-01,2024-10-22,2024-10-07,Shipped,Please ship as soon as possible.,24814
13001,2022-04-12,2022-04-24,2022-04-20,Shipped,Partial shipment approved by customer.,24060
13002,2025-03-15,2025-04-05,2025-03-17,Resolved,Hold for customer confirmation.,22484
13003,2023-09-17,2023-10-14,2023-09-21,Resolved,Special discount applied.,20546
13004,2022-04-20,2022-04-29,,Cancelled,Backorder — ship when available.,21761
13005,2024-02-22,2024-02-29,2024-02-27,Shipped,Hold for customer confirmation.,24956
13006,2023-12-14,2023-12-28,2023-12-16,Shipped,Check stock before processing.,22786
13007,2024-02-23,2024-03-18,2024-02-26,Shipped,Replacement for damaged order.,20320
13008,2022-06-28,2022-07-15,2022-07-08,Shipped,,22309
13009,2022-03-25,2022-04-17,,In Process,,23070
13010,2024-09-21,2024-10-04,,Cancelled,Check stock before processing.,20856
13011,2024-10-26,2024-11-03,2024-10-31,Shipped,Special discount applied.,21064
13012,2023-02-16,2023-03-08,,In Process,,23543
13013,2024-04-25,2024-05-03,2024-04-26,Shipped,Gift wrapping requested.,22754
13014,2024-07-18,2024-07-29,2024-07-24,Disputed,Customer will pick up at warehouse.,22779
13015,2024-07-17,2024-08-14,,Cancelled,,24445
13016,2024-11-15,2024-12-13,2024-11-21,Shipped,Partial shipment approved by customer.,23752
13017,2024-04-12,2024-04-25,2024-04-15,Shipped,Customer requested expedited shipping.,24719
13018,2023-11-16,2023-12-14,2023-11-24,Shipped,Verified credit before processing.,22775
13019,2026-05-15,2026-06-04,2026-05-21,Shipped,,24004
13020,2024-09-20,2024-10-06,2024-09-24,Shipped,Verified credit before processing.,22534
13021,2022-03-25,2022-04-03,,Cancelled,Customer requested expedited shipping.,23819
13022,2023-08-13,2023-08-23,2023-08-18,Shipped,Gift wrapping requested.,20176
13023,2025-06-01,2025-06-25,2025-06-04,Resolved,,20565
13024,2022-04-25,2022-05-12,,On Hold,Gift wrapping requested.,23416
13025,2024-04-06,2024-04-29,2024-04-10,Disputed,,22890
13026,2022-12-30,2023-01-22,2023-01-04,Shipped,,20085
13027,2026-01-09,2026-01-19,2026-01-11,Resolved,,22514
13028,2022-08-26,2022-09-02,2022-08-30,Shipped,Special discount applied.,24078
13029,2022-05-13,2022-06-11,2022-05-23,Shipped,Customer requested expedited shipping.,23960
13030,2024-12-12,2024-12-29,2024-12-17,Disputed,Check stock before processing.,23604
13031,2024-03-10,2024-03-18,,In Process,Backorder — ship when available.,23559
13032,2025-12-21,2026-01-08,2025-12-23,Shipped,,21242
13033,2024-11-01,2024-11-22,2024-11-05,Shipped,,22930
13034,2024-10-02,2024-10-22,2024-10-12,Shipped,Backorder — ship when available.,22788
13035,2022-04-02,2022-04-14,,On Hold,Customer requested expedited shipping.,22606
13036,2022-11-23,2022-12-01,2022-12-03,Shipped,,24157
13037,2024-05-23,2024-06-09,,Cancelled,,22256
13038,2022-07-03,2022-08-01,2022-07-06,Shipped,Fragile items — handle with care.,22987
13039,2025-05-20,2025-06-02,2025-05-24,Shipped,,20101
13040,2026-03-15,2026-04-04,,On Hold,,20858
13041,2024-11-01,2024-11-18,2024-11-09,Shipped,Special discount applied.,23105
13042,2025-06-10,2025-07-10,2025-06-16,Disputed,,23858
13043,2023-02-09,2023-03-06,,On Hold,Priority customer — rush order.,21490
13044,2025-12-10,2025-12-29,2025-12-13,Shipped,,23283
13045,2025-03-11,2025-04-10,,In Process,International shipment — customs docs needed.,21831
13046,2022-10-11,2022-10-22,2022-10-12,Disputed,Customer will pick up at warehouse.,22180
13047,2024-01-06,2024-02-05,2024-01-12,Shipped,Backorder — ship when available.,21803
13048,2024-10-15,2024-11-13,2024-10-16,Shipped,,20884
13049,2023-02-07,2023-02-23,2023-02-09,Shipped,Special discount applied.,21252
13050,2026-05-31,2026-06-13,,In Process,Check stock before processing.,22915
13051,2023-12-09,2024-01-07,2023-12-11,Shipped,Hold for customer confirmation.,21847
13052,2026-02-09,2026-03-05,2026-02-14,Shipped,Customer will pick up at warehouse.,23937
13053,2024-04-15,2024-05-04,2024-04-23,Disputed,Verified credit before processing.,24207
13054,2026-07-10,2026-07-18,,Cancelled,Hold for customer confirmation.,21279
13055,2022-12-31,2023-01-14,,In Process,International shipment — customs docs needed.,20290
13056,2022-06-29,2022-07-24,,In Process,Gift wrapping requested.,22773
13057,2023-10-29,2023-11-21,2023-10-31,Shipped,International shipment — customs docs needed.,22320
13058,2024-10-31,2024-11-26,,On Hold,,23609
13059,2023-02-07,2023-02-18,2023-02-12,Shipped,,20448
13060,2022-07-20,2022-08-05,,In Process,Fragile items — handle with care.,24148
13061,2025-06-04,2025-06-13,,On Hold,Call before delivery.,23029
13062,2022-09-15,2022-09-24,2022-09-18,Shipped,,22610
13063,2026-03-29,2026-04-26,2026-04-02,Resolved,,24294
13064,2024-11-16,2024-11-28,2024-11-18,Shipped,Backorder — ship when available.,24970
13065,2024-05-27,2024-06-07,2024-06-02,Shipped,Fragile items — handle with care.,22835
13066,2024-03-08,2024-04-01,,Cancelled,Check stock before processing.,22200
13067,2023-03-16,2023-04-03,2023-03-24,Shipped,Partial shipment approved by customer.,24378
13068,2025-07-04,2025-07-29,,On Hold,,23872
13069,2022-08-27,2022-09-05,,Cancelled,,24481
13070,2024-07-02,2024-07-29,,On Hold,,22030
13071,2025-06-21,2025-07-17,2025-06-29,Shipped,Special discount applied.,24962
13072,2025-09-29,2025-10-29,2025-10-08,Resolved,Priority customer — rush order.,23219
13073,2023-04-09,2023-04-28,2023-04-10,Disputed,Hold for customer confirmation.,21549
13074,2025-10-26,2025-11-05,,Cancelled,,21963
13075,2026-06-23,2026-07-01,2026-07-01,Disputed,,21842
13076,2025-07-27,2025-08-17,2025-07-30,Disputed,Verified credit before processing.,20406
13077,2025-01-07,2025-01-16,2025-01-09,Shipped,,20107
13078,2022-04-16,2022-05-09,2022-04-17,Resolved,,20846
13079,2026-01-28,2026-02-04,2026-02-02,Resolved,,20923
13080,2023-09-24,2023-10-24,2023-10-01,Shipped,Check stock before processing.,23361
13081,2023-02-06,2023-02-28,,In Process,Special discount applied.,24899
13082,2022-05-29,2022-06-05,2022-06-07,Disputed,International shipment — customs docs needed.,24908
13083,2024-11-08,2024-12-05,2024-11-18,Shipped,,22707
13084,2023-07-02,2023-07-11,2023-07-06,Shipped,,20835
13085,2024-01-22,2024-02-09,2024-01-30,Shipped,,20650
13086,2024-05-15,2024-05-29,,In Process,Hold for customer confirmation.,22838
13087,2024-04-22,2024-05-08,2024-04-25,Shipped,,20795
13088,2024-02-22,2024-03-03,2024-02-27,Shipped,Hold for customer confirmation.,21967
13089,2026-05-06,2026-05-28,2026-05-16,Shipped,Backorder — ship when available.,21884
13090,2024-12-14,2025-01-02,2024-12-15,Resolved,,24720
13091,2023-07-09,2023-07-24,2023-07-18,Resolved,Priority customer — rush order.,20836
13092,2022-06-21,2022-07-05,2022-07-01,Shipped,Check stock before processing.,22782
13093,2026-01-09,2026-01-29,2026-01-19,Shipped,,24017
13094,2025-11-24,2025-12-17,,In Process,Check stock before processing.,21062
13095,2026-03-18,2026-04-13,2026-03-19,Disputed,Fragile items — handle with care.,21238
13096,2022-06-16,2022-07-13,2022-06-23,Shipped,,23371
13097,2022-01-22,2022-02-01,2022-02-01,Resolved,,21661
13098,2025-08-24,2025-09-14,2025-08-30,Resolved,Special discount applied.,20686
13099,2026-03-25,2026-04-04,2026-03-26,Shipped,Customer will pick up at warehouse.,23829
13100,2022-05-27,2022-06-13,2022-05-28,Shipped,Please ship as soon as possible.,24232
13101,2023-06-17,2023-06-29,,Cancelled,Customer will pick up at warehouse.,23005
13102,2022-08-09,2022-08-26,,On Hold,Partial shipment approved by customer.,22872
13103,2024-05-13,2024-06-01,,Cancelled,Backorder — ship when available.,23359
13104,2022-07-03,2022-07-13,2022-07-04,Shipped,,24546
13105,2023-03-10,2023-03-22,2023-03-20,Shipped,,24042
13106,2024-12-27,2025-01-21,,Cancelled,Replacement for damaged order.,24867
13107,2025-05-27,2025-06-13,,In Process,,23461
13108,2022-11-11,2022-11-30,2022-11-16,Shipped,Check stock before processing.,23235
13109,2025-11-08,2025-11-19,2025-11-16,Shipped,Check stock before processing.,20920
13110,2023-09-19,2023-10-05,2023-09-25,Resolved,,24331
13111,2026-01-17,2026-01-24,2026-01-22,Shipped,,24880
13112,2025-11-02,2025-11-23,2025-11-04,Resolved,,21396
13113,2026-07-13,2026-07-24,2026-07-16,Shipped,Call before delivery.,23774
13114,2023-10-03,2023-10-14,2023-10-12,Shipped,Call before delivery.,24716
13115,2025-06-30,2025-07-20,,On Hold,,21366
13116,2026-06-26,2026-07-24,,Cancelled,Priority customer — rush order.,22356
13117,2025-11-29,2025-12-26,2025-12-05,Shipped,Priority customer — rush order.,21282
13118,2022-11-24,2022-12-16,2022-11-30,Shipped,Hold for customer confirmation.,22274
13119,2024-06-04,2024-06-21,2024-06-05,Shipped,International shipment — customs docs needed.,22837
13120,2024-06-17,2024-07-14,2024-06-23,Shipped,,24216
13121,2022-12-11,2023-01-09,2022-12-12,Disputed,Replacement for damaged order.,22634
13122,2024-09-11,2024-10-09,,In Process,,20618
13123,2023-12-20,2024-01-16,2023-12-25,Shipped,Replacement for damaged order.,24187
13124,2023-10-06,2023-10-18,2023-10-14,Shipped,Replacement for damaged order.,20474
13125,2022-06-30,2022-07-14,,On Hold,,22479
13126,2025-02-24,2025-03-22,,In Process,Customer requested expedited shipping.,22568
13127,2026-03-18,2026-03-31,2026-03-21,Resolved,Partial shipment approved by customer.,22849
13128,2023-09-13,2023-09-21,2023-09-18,Shipped,Partial shipment approved by customer.,23056
13129,2026-01-09,2026-01-23,,On Hold,Special discount applied.,24476
13130,2024-06-17,2024-07-07,2024-06-21,Resolved,,23204
13131,2023-07-01,2023-07-28,,In Process,Customer will pick up at warehouse.,24500
13132,2023-01-30,2023-02-14,,In Process,,20291
13133,2026-04-30,2026-05-22,2026-05-01,Shipped,Please ship as soon as possible.,23006
13134,2024-02-24,2024-03-22,2024-03-01,Resolved,,20143
13135,2025-07-23,2025-08-04,2025-07-31,Shipped,Backorder — ship when available.,20063
13136,2024-05-22,2024-06-08,2024-05-31,Shipped,,22938
13137,2025-06-07,2025-07-02,2025-06-11,Shipped,,20560
13138,2023-07-02,2023-07-21,2023-07-08,Shipped,Verified credit before processing.,24065
13139,2023-08-30,2023-09-19,2023-09-03,Shipped,International shipment — customs docs needed.,20551
13140,2022-09-27,2022-10-18,2022-10-06,Shipped,Backorder — ship when available.,23777
13141,2025-11-16,2025-12-09,2025-11-24,Shipped,Partial shipment approved by customer.,23211
13142,2023-06-30,2023-07-21,2023-07-01,Resolved,Check stock before processing.,24791
13143,2022-08-08,2022-08-26,,On Hold,Fragile items — handle with care.,20988
13144,2022-05-14,2022-06-04,2022-05-23,Shipped,,21673
13145,2025-08-29,2025-09-25,2025-09-04,Resolved,,20582
13146,2024-11-21,2024-12-03,,In Process,,21147
13147,2023-04-04,2023-04-20,2023-04-07,Shipped,Fragile items — handle with care.,23452
13148,2022-05-21,2022-06-10,2022-05-28,Shipped,,22865
13149,2026-05-16,2026-05-24,,On Hold,Hold for customer confirmation.,20573
13150,2023-08-23,2023-09-20,2023-08-25,Shipped,,22719
13151,2023-12-03,2023-12-16,2023-12-09,Shipped,Backorder — ship when available.,22550
13152,2022-05-25,2022-06-06,2022-05-28,Shipped,Gift wrapping requested.,24129
13153,2026-04-04,2026-04-11,2026-04-07,Resolved,,21744
13154,2023-02-03,2023-02-18,2023-02-09,Disputed,Check stock before processing.,20464
13155,2023-01-31,2023-02-08,,Cancelled,,24995
13156,2023-09-28,2023-10-15,2023-10-04,Shipped,,22838
13157,2024-11-21,2024-12-15,2024-11-24,Resolved,Customer will pick up at warehouse.,23430
13158,2022-07-04,2022-07-16,,Cancelled,,24236
13159,2022-11-19,2022-11-28,2022-11-22,Resolved,Hold for customer confirmation.,22813
13160,2022-12-14,2023-01-03,2022-12-15,Shipped,,23652
13161,2022-12-06,2022-12-19,2022-12-09,Disputed,Special discount applied.,23778
13162,2025-02-12,2025-03-04,,In Process,Hold for customer confirmation.,21240
13163,2022-04-24,2022-05-13,2022-04-29,Shipped,,23744
13164,2023-10-25,2023-11-05,,Cancelled,Please ship as soon as possible.,22906
13165,2024-01-14,2024-02-11,2024-01-19,Shipped,Backorder — ship when available.,21716
13166,2022-04-19,2022-05-06,,Cancelled,,20359
13167,2023-08-03,2023-08-28,2023-08-04,Shipped,,21848
13168,2025-01-15,2025-02-03,,In Process,Customer requested expedited shipping.,24513
13169,2023-06-14,2023-07-09,2023-06-24,Shipped,Customer requested expedited shipping.,24594
13170,2024-09-03,2024-09-16,2024-09-08,Shipped,Check stock before processing.,21548
13171,2025-03-31,2025-04-14,2025-04-03,Resolved,Customer requested expedited shipping.,20473
13172,2026-04-12,2026-05-08,2026-04-15,Resolved,Priority customer — rush order.,23683
13173,2026-02-07,2026-02-26,2026-02-08,Shipped,Call before delivery.,21120
13174,2023-03-08,2023-04-02,2023-03-13,Shipped,Backorder — ship when available.,22520
13175,2025-07-27,2025-08-23,2025-08-05,Shipped,Customer requested expedited shipping.,23838
13176,2024-11-01,2024-11-27,,In Process,,24259
13177,2023-02-18,2023-03-01,2023-02-20,Shipped,Call before delivery.,23882
13178,2025-03-29,2025-04-12,2025-04-06,Shipped,Check stock before processing.,22692
13179,2025-03-02,2025-03-28,2025-03-08,Shipped,Verified credit before processing.,20866
13180,2025-03-07,2025-03-16,2025-03-15,Shipped,Please ship as soon as possible.,21179
13181,2026-01-02,2026-01-20,2026-01-09,Shipped,Backorder — ship when available.,24736
13182,2022-02-09,2022-02-27,,On Hold,Customer requested expedited shipping.,22182
13183,2026-01-22,2026-02-09,2026-01-28,Shipped,,23276
13184,2023-03-21,2023-04-17,2023-03-29,Shipped,Gift wrapping requested.,24512
13185,2026-03-20,2026-04-07,,Cancelled,Backorder — ship when available.,21589
13186,2022-02-18,2022-03-06,2022-02-27,Shipped,,24430
13187,2024-04-10,2024-04-25,2024-04-19,Disputed,,21985
13188,2025-08-08,2025-09-06,2025-08-09,Resolved,,20848
13189,2023-01-06,2023-01-27,2023-01-14,Shipped,Check stock before processing.,21184
13190,2024-06-18,2024-07-15,2024-06-22,Shipped,,24235
13191,2026-02-16,2026-03-03,2026-02-18,Shipped,Hold for customer confirmation.,20435
13192,2022-07-26,2022-08-14,2022-08-05,Disputed,Customer requested expedited shipping.,23852
13193,2024-05-17,2024-06-13,,In Process,,23425
13194,2022-02-13,2022-03-12,2022-02-23,Shipped,Gift wrapping requested.,22869
13195,2024-07-05,2024-07-13,,In Process,Call before delivery.,24047
13196,2025-09-12,2025-09-25,2025-09-18,Shipped,,21794
13197,2025-01-29,2025-02-10,2025-02-03,Resolved,,21910
13198,2025-06-21,2025-07-19,,In Process,,20017
13199,2023-06-05,2023-06-18,2023-06-08,Disputed,,21266
13200,2025-07-09,2025-08-04,2025-07-19,Resolved,,21084
13201,2024-05-08,2024-06-05,,On Hold,International shipment — customs docs needed.,21531
13202,2022-09-15,2022-09-26,2022-09-23,Shipped,,20560
13203,2023-08-16,2023-09-15,2023-08-18,Disputed,,24726
13204,2024-01-12,2024-02-01,2024-01-15,Shipped,Call before delivery.,24318
13205,2025-09-27,2025-10-23,2025-10-01,Disputed,Replacement for damaged order.,20267
13206,2026-01-02,2026-01-21,,Cancelled,,24358
13207,2023-06-26,2023-07-05,2023-06-27,Resolved,Customer will pick up at warehouse.,20221
13208,2022-11-25,2022-12-06,,On Hold,Gift wrapping requested.,24607
13209,2022-03-20,2022-03-29,2022-03-21,Shipped,Backorder — ship when available.,23566
13210,2023-01-22,2023-02-01,2023-01-24,Disputed,,23042
13211,2023-11-12,2023-12-02,2023-11-22,Disputed,,22661
13212,2022-04-13,2022-04-28,2022-04-16,Shipped,,21787
13213,2025-08-30,2025-09-15,2025-09-08,Disputed,,24420
13214,2025-01-26,2025-02-07,2025-01-30,Shipped,,22343
13215,2024-10-01,2024-10-17,2024-10-06,Shipped,Verified credit before processing.,23727
13216,2023-01-17,2023-01-28,,Cancelled,,21498
13217,2022-08-01,2022-08-09,2022-08-06,Shipped,Special discount applied.,24154
13218,2023-09-09,2023-09-22,2023-09-14,Shipped,Replacement for damaged order.,24263
13219,2024-04-10,2024-05-06,,On Hold,,23288
13220,2026-07-01,2026-07-15,2026-07-07,Shipped,Call before delivery.,20862
13221,2025-10-13,2025-10-26,2025-10-17,Shipped,Customer will pick up at warehouse.,21822
13222,2026-03-09,2026-03-23,,On Hold,,23384
13223,2023-08-13,2023-09-08,2023-08-19,Shipped,Gift wrapping requested.,21053
13224,2023-06-23,2023-07-13,2023-06-30,Shipped,,22108
13225,2024-12-14,2024-12-24,2024-12-24,Shipped,Hold for customer confirmation.,22494
13226,2025-03-28,2025-04-23,2025-04-07,Resolved,International shipment — customs docs needed.,23650
13227,2025-12-25,2026-01-12,2025-12-29,Shipped,,20168
13228,2024-06-03,2024-06-20,2024-06-04,Shipped,Gift wrapping requested.,22497
13229,2025-09-06,2025-10-03,2025-09-12,Shipped,Gift wrapping requested.,24467
13230,2023-03-23,2023-04-08,2023-03-30,Shipped,Special discount applied.,20069
13231,2024-07-01,2024-07-27,2024-07-04,Shipped,Customer requested expedited shipping.,20777
13232,2025-08-20,2025-09-09,2025-08-30,Shipped,International shipment — customs docs needed.,20908
13233,2022-08-18,2022-09-17,2022-08-25,Shipped,Gift wrapping requested.,22010
13234,2023-07-17,2023-08-16,,In Process,Please ship as soon as possible.,24277
13235,2025-11-21,2025-12-21,2025-11-30,Shipped,Call before delivery.,20849
13236,2024-06-24,2024-07-20,2024-07-01,Shipped,Priority customer — rush order.,23007
13237,2024-12-29,2025-01-13,,In Process,Customer requested expedited shipping.,24574
13238,2023-02-06,2023-03-05,2023-02-16,Shipped,,24260
13239,2022-10-06,2022-11-03,2022-10-07,Shipped,Gift wrapping requested.,22028
13240,2023-04-17,2023-05-12,2023-04-26,Shipped,,23244
13241,2023-08-02,2023-08-11,,Cancelled,Please ship as soon as possible.,21769
13242,2026-01-07,2026-01-25,,On Hold,,20976
13243,2022-10-31,2022-11-15,,Cancelled,,23582
13244,2023-03-29,2023-04-13,,On Hold,International shipment — customs docs needed.,24072
13245,2023-05-12,2023-05-27,2023-05-13,Shipped,Call before delivery.,22077
13246,2022-11-24,2022-12-04,,On Hold,Customer will pick up at warehouse.,24860
13247,2024-06-01,2024-06-14,2024-06-02,Shipped,Customer will pick up at warehouse.,24300
13248,2025-01-21,2025-01-30,2025-01-30,Shipped,,24058
13249,2023-03-13,2023-04-12,2023-03-16,Disputed,Priority customer — rush order.,24409
13250,2026-07-01,2026-07-09,2026-07-02,Shipped,Priority customer — rush order.,22601
13251,2026-01-16,2026-02-10,2026-01-18,Disputed,,20645
13252,2026-03-08,2026-03-17,,Cancelled,Call before delivery.,22790
13253,2026-01-25,2026-02-23,2026-01-29,Shipped,,23988
13254,2024-12-15,2024-12-26,2024-12-23,Shipped,,22857
13255,2024-08-08,2024-09-01,2024-08-16,Shipped,,24165
13256,2023-03-24,2023-04-13,2023-03-25,Shipped,Gift wrapping requested.,20339
13257,2022-09-21,2022-10-05,2022-09-30,Resolved,,21016
13258,2022-03-13,2022-04-05,2022-03-20,Shipped,Partial shipment approved by customer.,22116
13259,2026-03-06,2026-03-21,2026-03-14,Resolved,Priority customer — rush order.,23638
13260,2025-12-10,2025-12-30,2025-12-19,Shipped,Customer will pick up at warehouse.,24394
13261,2025-05-12,2025-06-03,,Cancelled,Call before delivery.,22144
13262,2024-04-06,2024-05-03,2024-04-12,Shipped,Priority customer — rush order.,22771
13263,2022-03-06,2022-03-23,,In Process,Call before delivery.,24706
13264,2024-06-20,2024-06-27,,Cancelled,Replacement for damaged order.,24732
13265,2024-12-22,2025-01-12,,In Process,,21199
13266,2023-01-19,2023-01-30,2023-01-29,Shipped,,22340
13267,2026-03-25,2026-04-19,2026-04-03,Shipped,Customer requested expedited shipping.,23905
13268,2026-01-19,2026-02-05,2026-01-21,Shipped,,24555
13269,2024-03-27,2024-04-15,,Cancelled,Verified credit before processing.,20591
13270,2024-12-02,2024-12-27,2024-12-05,Shipped,Fragile items — handle with care.,24221
13271,2023-05-14,2023-05-30,2023-05-20,Shipped,Fragile items — handle with care.,24821
13272,2022-06-21,2022-07-12,,On Hold,Customer requested expedited shipping.,21904
13273,2026-03-02,2026-03-12,2026-03-11,Shipped,Special discount applied.,23058
13274,2022-04-03,2022-04-23,2022-04-12,Shipped,Check stock before processing.,23667
13275,2024-05-02,2024-05-18,2024-05-08,Shipped,Priority customer — rush order.,24033
13276,2025-07-15,2025-07-23,2025-07-24,Shipped,,21632
13277,2026-04-18,2026-05-17,,On Hold,,23635
13278,2024-03-29,2024-04-24,2024-03-30,Shipped,Special discount applied.,23946
13279,2023-12-01,2023-12-27,2023-12-11,Shipped,Hold for customer confirmation.,23574
13280,2022-06-25,2022-07-25,2022-07-01,Shipped,Special discount applied.,23435
13281,2024-12-05,2024-12-30,,On Hold,Priority customer — rush order.,24498
13282,2023-08-10,2023-08-18,2023-08-15,Shipped,Fragile items — handle with care.,20501
13283,2026-03-11,2026-04-06,2026-03-14,Shipped,Customer will pick up at warehouse.,20283
13284,2025-08-27,2025-09-09,,Cancelled,Fragile items — handle with care.,23466
13285,2023-02-21,2023-03-11,,On Hold,,24162
13286,2025-10-09,2025-10-18,2025-10-14,Shipped,Replacement for damaged order.,20534
13287,2023-05-21,2023-06-03,,Cancelled,Please ship as soon as possible.,24407
13288,2026-07-13,2026-07-26,2026-07-20,Shipped,,24176
13289,2023-04-20,2023-05-18,2023-04-26,Shipped,Gift wrapping requested.,20865
13290,2023-05-20,2023-06-17,2023-05-24,Shipped,,20718
13291,2025-05-04,2025-05-21,2025-05-09,Shipped,Please ship as soon as possible.,21491
13292,2022-02-28,2022-03-25,2022-03-07,Shipped,Customer requested expedited shipping.,24552
13293,2023-02-15,2023-03-15,2023-02-21,Shipped,Call before delivery.,21046
13294,2022-03-12,2022-04-03,,Cancelled,Verified credit before processing.,20364
13295,2023-04-08,2023-04-17,,Cancelled,Replacement for damaged order.,24347
13296,2025-05-19,2025-05-26,,Cancelled,International shipment — customs docs needed.,20711
13297,2023-02-11,2023-02-22,2023-02-17,Disputed,Check stock before processing.,23929
13298,2025-06-12,2025-06-23,2025-06-14,Shipped,Check stock before processing.,24303
13299,2026-06-02,2026-06-26,2026-06-09,Shipped,,20596
13300,2023-07-03,2023-07-13,2023-07-13,Shipped,Please ship as soon as possible.,20877
13301,2023-04-15,2023-05-08,2023-04-25,Resolved,,21026
13302,2025-09-12,2025-09-22,,On Hold,Priority customer — rush order.,24373
13303,2023-07-31,2023-08-15,,Cancelled,,22776
13304,2023-12-17,2024-01-15,,In Process,Gift wrapping requested.,21240
13305,2022-03-24,2022-04-11,2022-03-31,Disputed,,24379
13306,2025-11-26,2025-12-08,2025-12-04,Disputed,Customer requested expedited shipping.,24369
13307,2025-08-13,2025-09-07,2025-08-23,Shipped,,21900
13308,2025-02-06,2025-03-05,,In Process,,21253
13309,2025-12-27,2026-01-24,,On Hold,Priority customer — rush order.,20410
13310,2026-01-03,2026-01-18,,Cancelled,Special discount applied.,21099
13311,2025-12-30,2026-01-21,2026-01-08,Shipped,Replacement for damaged order.,21004
13312,2024-08-07,2024-08-21,2024-08-16,Shipped,Call before delivery.,22792
13313,2024-12-30,2025-01-24,,Cancelled,Customer requested expedited shipping.,22093
13314,2022-09-15,2022-10-12,,Cancelled,Please ship as soon as possible.,21285
13315,2025-01-01,2025-01-16,2025-01-05,Shipped,Priority customer — rush order.,24330
13316,2023-08-24,2023-09-04,,On Hold,International shipment — customs docs needed.,22733
13317,2024-07-17,2024-07-31,2024-07-26,Shipped,Backorder — ship when available.,20847
13318,2023-09-22,2023-09-30,2023-09-29,Shipped,,22284
13319,2024-08-08,2024-09-05,2024-08-09,Shipped,Customer will pick up at warehouse.,21770
13320,2025-05-04,2025-05-15,,On Hold,Check stock before processing.,22809
13321,2024-02-29,2024-03-25,2024-03-05,Shipped,,21056
13322,2023-08-24,2023-09-21,2023-08-31,Shipped,Verified credit before processing.,21733
13323,2023-12-19,2024-01-04,2023-12-24,Shipped,Backorder — ship when available.,24462
13324,2025-04-03,2025-04-28,2025-04-06,Disputed,Hold for customer confirmation.,23908
13325,2023-08-06,2023-08-25,2023-08-08,Shipped,,22623
13326,2022-08-12,2022-09-04,2022-08-21,Resolved,Customer requested expedited shipping.,23568
13327,2025-10-30,2025-11-09,2025-11-06,Shipped,Call before delivery.,20315
13328,2025-02-03,2025-02-26,2025-02-04,Shipped,Priority customer — rush order.,24832
13329,2025-03-08,2025-03-17,2025-03-14,Shipped,,21937
13330,2025-01-05,2025-01-18,2025-01-11,Shipped,Replacement for damaged order.,24309
13331,2025-11-21,2025-12-20,2025-11-23,Shipped,Call before delivery.,24288
13332,2022-03-15,2022-04-01,,Cancelled,Customer will pick up at warehouse.,21770
13333,2026-05-15,2026-05-25,,On Hold,,20097
13334,2023-10-13,2023-11-03,2023-10-14,Resolved,Please ship as soon as possible.,24857
13335,2023-05-16,2023-05-31,2023-05-26,Shipped,Verified credit before processing.,24538
13336,2025-10-04,2025-10-18,2025-10-11,Shipped,Fragile items — handle with care.,20770
13337,2022-01-26,2022-02-08,2022-02-01,Shipped,,21311
13338,2022-07-24,2022-08-05,,On Hold,,22344
13339,2023-07-06,2023-08-01,,In Process,,21404
13340,2024-02-22,2024-03-17,2024-03-03,Resolved,Replacement for damaged order.,23912
13341,2023-07-30,2023-08-17,2023-08-03,Shipped,,21689
13342,2022-05-19,2022-06-15,,Cancelled,Please ship as soon as possible.,21838
13343,2022-06-26,2022-07-08,,Cancelled,,20248
13344,2025-10-27,2025-11-10,,In Process,Please ship as soon as possible.,20779
13345,2022-03-14,2022-04-08,2022-03-16,Resolved,Verified credit before processing.,21329
13346,2023-09-04,2023-09-21,,On Hold,,23947
13347,2025-07-09,2025-08-08,,On Hold,Check stock before processing.,20484
13348,2022-05-10,2022-05-31,2022-05-13,Resolved,Verified credit before processing.,24136
13349,2024-01-29,2024-02-28,,On Hold,International shipment — customs docs needed.,23530
13350,2024-11-22,2024-12-13,,In Process,Call before delivery.,20943
13351,2024-01-24,2024-02-15,2024-01-25,Shipped,,20845
13352,2025-04-26,2025-05-11,,In Process,,24082
13353,2022-05-14,2022-05-30,,In Process,,20284
13354,2022-05-03,2022-05-25,2022-05-08,Shipped,Backorder — ship when available.,22826
13355,2025-07-13,2025-08-10,2025-07-18,Shipped,,24517
13356,2022-05-05,2022-05-25,,In Process,,20241
13357,2025-08-07,2025-09-04,2025-08-08,Shipped,Fragile items — handle with care.,24228
13358,2024-01-21,2024-01-31,2024-01-22,Disputed,Replacement for damaged order.,22217
13359,2022-07-03,2022-07-24,2022-07-04,Disputed,Customer will pick up at warehouse.,23389
13360,2026-02-15,2026-03-05,2026-02-18,Shipped,Fragile items — handle with care.,22835
13361,2024-12-31,2025-01-08,2025-01-01,Shipped,Customer will pick up at warehouse.,21027
13362,2024-07-26,2024-08-05,,Cancelled,Customer requested expedited shipping.,20067
13363,2025-09-09,2025-10-05,2025-09-18,Shipped,Verified credit before processing.,24403
13364,2024-07-29,2024-08-15,2024-08-08,Shipped,,21557
13365,2025-02-01,2025-02-17,2025-02-08,Shipped,Special discount applied.,22793
13366,2022-05-17,2022-06-11,2022-05-20,Resolved,Customer requested expedited shipping.,23207
13367,2026-04-07,2026-04-23,2026-04-16,Shipped,Verified credit before processing.,24833
13368,2023-05-24,2023-05-31,,Cancelled,Special discount applied.,20866
13369,2025-05-07,2025-05-17,2025-05-12,Shipped,,24392
13370,2022-01-01,2022-01-24,,Cancelled,,20963
13371,2024-10-24,2024-11-23,2024-11-01,Shipped,Partial shipment approved by customer.,22647
13372,2022-07-27,2022-08-12,,In Process,Fragile items — handle with care.,24818
13373,2023-10-19,2023-10-31,2023-10-22,Shipped,Replacement for damaged order.,20474
13374,2024-02-28,2024-03-28,2024-03-08,Shipped,,24234
13375,2025-02-11,2025-03-06,2025-02-17,Shipped,Check stock before processing.,22188
13376,2022-12-15,2023-01-06,,In Process,,20864
13377,2025-07-31,2025-08-15,2025-08-10,Shipped,,22087
13378,2023-10-17,2023-11-08,2023-10-22,Shipped,,24614
13379,2022-11-26,2022-12-13,,On Hold,,21195
13380,2023-07-28,2023-08-08,2023-08-07,Shipped,International shipment — customs docs needed.,21469
13381,2022-03-12,2022-03-23,2022-03-17,Shipped,,21490
13382,2023-08-15,2023-08-31,2023-08-24,Disputed,Special discount applied.,21838
13383,2024-01-11,2024-02-01,2024-01-13,Shipped,,24477
13384,2026-07-01,2026-07-24,2026-07-04,Shipped,Customer requested expedited shipping.,20227
13385,2023-03-05,2023-03-26,2023-03-07,Shipped,Call before delivery.,24314
13386,2024-10-13,2024-10-24,2024-10-15,Shipped,Customer requested expedited shipping.,21710
13387,2025-10-29,2025-11-23,2025-11-08,Shipped,Fragile items — handle with care.,23175
13388,2026-05-31,2026-06-12,2026-06-05,Resolved,Gift wrapping requested.,22201
13389,2023-08-21,2023-09-13,2023-08-29,Shipped,Fragile items — handle with care.,22481
13390,2022-03-13,2022-03-31,2022-03-22,Shipped,,22034
13391,2026-07-19,2026-08-13,,Cancelled,Special discount applied.,23329
13392,2024-10-02,2024-10-19,2024-10-07,Shipped,Hold for customer confirmation.,22828
13393,2024-12-29,2025-01-15,2025-01-07,Shipped,Fragile items — handle with care.,24414
13394,2025-05-03,2025-05-10,2025-05-04,Shipped,Gift wrapping requested.,24690
13395,2024-10-19,2024-11-07,2024-10-25,Shipped,,22884
13396,2024-04-30,2024-05-07,2024-05-01,Resolved,,24390
13397,2025-08-18,2025-09-05,,In Process,Customer requested expedited shipping.,20669
13398,2023-02-19,2023-02-28,,In Process,,21820
13399,2026-05-27,2026-06-07,2026-05-30,Shipped,Replacement for damaged order.,23856
13400,2022-04-24,2022-05-12,,On Hold,Verified credit before processing.,24667
13401,2024-12-28,2025-01-09,2025-01-04,Shipped,Gift wrapping requested.,24380
13402,2026-04-16,2026-05-09,2026-04-19,Shipped,Check stock before processing.,22243
13403,2024-12-07,2025-01-05,2024-12-14,Shipped,Special discount applied.,23656
13404,2023-04-07,2023-04-25,,In Process,Replacement for damaged order.,20995
13405,2023-10-10,2023-10-28,,Cancelled,,23960
13406,2022-07-05,2022-07-19,2022-07-11,Shipped,Fragile items — handle with care.,23837
13407,2025-10-31,2025-11-08,2025-11-05,Shipped,Fragile items — handle with care.,20280
13408,2025-07-13,2025-08-10,,In Process,,22199
13409,2025-12-07,2026-01-04,,On Hold,Call before delivery.,24227
13410,2023-11-02,2023-11-27,2023-11-11,Shipped,Gift wrapping requested.,24098
13411,2025-08-27,2025-09-04,2025-09-03,Shipped,,20593
13412,2022-04-12,2022-04-28,2022-04-15,Shipped,Call before delivery.,24202
13413,2026-04-29,2026-05-12,2026-05-01,Shipped,,23028
13414,2025-06-11,2025-07-07,2025-06-13,Disputed,,24162
13415,2023-03-02,2023-03-25,2023-03-04,Shipped,Customer requested expedited shipping.,23560
13416,2026-05-24,2026-06-18,2026-05-26,Disputed,Check stock before processing.,21748
13417,2024-10-21,2024-11-12,,Cancelled,Gift wrapping requested.,24304
13418,2025-08-19,2025-09-10,2025-08-28,Shipped,,21330
13419,2025-05-23,2025-06-01,,In Process,,24453
13420,2026-06-27,2026-07-19,2026-07-04,Disputed,Verified credit before processing.,22227
13421,2024-08-02,2024-08-10,2024-08-03,Shipped,Customer will pick up at warehouse.,23137
13422,2022-09-02,2022-09-29,,On Hold,Please ship as soon as possible.,22383
13423,2023-12-16,2024-01-03,2023-12-24,Disputed,,21097
13424,2023-05-07,2023-05-30,2023-05-14,Resolved,,24572
13425,2023-12-30,2024-01-09,2023-12-31,Shipped,,20759
13426,2024-01-12,2024-02-03,2024-01-17,Disputed,Check stock before processing.,23670
13427,2024-11-10,2024-11-28,2024-11-17,Shipped,Customer requested expedited shipping.,21320
13428,2023-09-20,2023-09-27,2023-09-22,Disputed,,21210
13429,2024-09-01,2024-09-11,2024-09-08,Shipped,Partial shipment approved by customer.,20687
13430,2023-07-14,2023-07-26,2023-07-15,Shipped,Customer will pick up at warehouse.,22750
13431,2024-03-26,2024-04-04,,In Process,Fragile items — handle with care.,24223
13432,2023-01-09,2023-01-16,2023-01-16,Resolved,Call before delivery.,20963
13433,2025-03-25,2025-04-10,2025-04-02,Shipped,,23085
13434,2022-11-02,2022-11-10,2022-11-12,Shipped,,20945
13435,2025-03-06,2025-03-20,2025-03-16,Resolved,Verified credit before processing.,24376
13436,2024-10-14,2024-11-06,,Cancelled,Verified credit before processing.,23932
13437,2023-04-02,2023-04-22,2023-04-12,Disputed,Backorder — ship when available.,20926
13438,2024-08-22,2024-08-30,,In Process,,21722
13439,2025-12-14,2026-01-06,2025-12-15,Disputed,Replacement for damaged order.,24437
13440,2023-05-09,2023-06-06,2023-05-11,Shipped,Check stock before processing.,24733
13441,2026-03-06,2026-03-20,,Cancelled,Hold for customer confirmation.,24057
13442,2023-08-24,2023-09-09,2023-08-26,Shipped,,23114
13443,2023-11-07,2023-11-21,,In Process,Customer will pick up at warehouse.,23579
13444,2022-03-23,2022-04-10,,In Process,,20589
13445,2026-02-23,2026-03-03,,Cancelled,,20411
13446,2025-12-05,2025-12-12,,Cancelled,,20371
13447,2022-04-17,2022-05-16,,On Hold,Call before delivery.,23819
13448,2026-03-04,2026-03-13,2026-03-13,Shipped,Backorder — ship when available.,20787
13449,2026-01-18,2026-02-01,,On Hold,Special discount applied.,22485
13450,2025-06-17,2025-07-11,,Cancelled,Verified credit before processing.,21104
13451,2022-03-02,2022-03-25,2022-03-12,Resolved,,22956
13452,2022-01-14,2022-01-22,2022-01-22,Disputed,,24314
13453,2025-01-10,2025-02-09,2025-01-20,Shipped,Customer will pick up at warehouse.,22328
13454,2025-03-17,2025-04-15,2025-03-27,Disputed,,22432
13455,2024-04-30,2024-05-08,2024-05-09,Resolved,,24329
13456,2022-06-20,2022-07-12,2022-06-23,Resolved,,24586
13457,2024-06-23,2024-07-09,2024-06-28,Resolved,Check stock before processing.,23030
13458,2023-04-02,2023-04-11,2023-04-03,Shipped,Customer requested expedited shipping.,21284
13459,2025-04-13,2025-05-09,2025-04-17,Shipped,,21625
13460,2023-03-09,2023-03-17,2023-03-17,Shipped,Please ship as soon as possible.,20666
13461,2023-06-26,2023-07-12,2023-06-29,Disputed,,24980
13462,2026-05-28,2026-06-13,2026-06-03,Shipped,Partial shipment approved by customer.,22947
13463,2023-07-23,2023-08-02,,In Process,Replacement for damaged order.,21817
13464,2023-03-21,2023-04-13,,Cancelled,,22810
13465,2026-01-20,2026-02-14,,On Hold,Customer will pick up at warehouse.,20475
13466,2024-06-27,2024-07-27,,In Process,International shipment — customs docs needed.,21817
13467,2025-10-08,2025-10-29,2025-10-10,Shipped,Customer requested expedited shipping.,24041
13468,2023-06-07,2023-06-15,2023-06-13,Shipped,Gift wrapping requested.,24074
13469,2023-03-05,2023-03-15,2023-03-13,Shipped,,22980
13470,2022-04-03,2022-04-20,,Cancelled,Priority customer — rush order.,23331
13471,2024-10-26,2024-11-07,2024-10-28,Shipped,Gift wrapping requested.,24868
13472,2025-03-15,2025-04-05,2025-03-22,Shipped,,23205
13473,2022-08-09,2022-08-17,2022-08-14,Disputed,Verified credit before processing.,23501
13474,2022-05-30,2022-06-28,,On Hold,Check stock before processing.,24214
13475,2022-09-15,2022-10-06,,On Hold,Please ship as soon as possible.,22374
13476,2024-03-21,2024-03-30,2024-03-29,Shipped,,20687
13477,2023-12-26,2024-01-22,,In Process,Call before delivery.,23384
13478,2025-03-14,2025-03-28,2025-03-21,Shipped,Gift wrapping requested.,24026
13479,2024-08-13,2024-09-05,,On Hold,,22719
13480,2022-07-05,2022-07-17,2022-07-12,Shipped,Gift wrapping requested.,22778
13481,2022-03-25,2022-04-12,2022-03-31,Shipped,,21231
13482,2022-12-12,2022-12-30,,Cancelled,Backorder — ship when available.,24669
13483,2023-02-26,2023-03-14,2023-03-03,Disputed,,23217
13484,2025-01-02,2025-01-22,2025-01-03,Disputed,,22962
13485,2022-03-27,2022-04-22,2022-04-06,Shipped,,22676
13486,2024-06-28,2024-07-15,2024-07-01,Disputed,Priority customer — rush order.,21536
13487,2022-07-01,2022-07-21,2022-07-09,Shipped,Verified credit before processing.,21665
13488,2026-07-19,2026-08-15,2026-07-20,Shipped,Backorder — ship when available.,24164
13489,2022-05-31,2022-06-22,2022-06-03,Shipped,Gift wrapping requested.,24107
13490,2024-08-04,2024-08-19,,Cancelled,,24845
13491,2025-10-24,2025-11-19,,In Process,Special discount applied.,22538
13492,2025-10-17,2025-11-09,2025-10-23,Resolved,Hold for customer confirmation.,20705
13493,2022-09-10,2022-09-27,2022-09-15,Shipped,Please ship as soon as possible.,23432
13494,2025-10-31,2025-11-23,2025-11-06,Resolved,,22681
13495,2025-10-12,2025-10-20,,In Process,International shipment — customs docs needed.,21418
13496,2025-07-27,2025-08-15,2025-07-31,Shipped,Customer requested expedited shipping.,21330
13497,2022-08-27,2022-09-07,,On Hold,,21112
13498,2023-12-01,2023-12-27,,Cancelled,Replacement for damaged order.,23606
13499,2022-09-17,2022-10-05,2022-09-25,Shipped,,21903
13500,2025-12-12,2025-12-19,,On Hold,,23237
13501,2024-01-29,2024-02-12,2024-02-06,Shipped,,20940
13502,2024-03-20,2024-04-16,2024-03-28,Disputed,Partial shipment approved by customer.,20907
13503,2025-05-13,2025-05-30,,On Hold,Call before delivery.,24126
13504,2023-04-07,2023-04-27,,On Hold,Customer will pick up at warehouse.,24293
13505,2024-12-07,2024-12-29,,Cancelled,,24313
13506,2023-03-28,2023-04-22,2023-04-07,Shipped,,20383
13507,2023-04-29,2023-05-10,2023-05-04,Shipped,Special discount applied.,21152
13508,2023-01-22,2023-02-02,2023-01-31,Resolved,Backorder — ship when available.,20443
13509,2024-05-12,2024-05-22,,In Process,Partial shipment approved by customer.,21430
13510,2022-11-19,2022-12-08,2022-11-25,Resolved,Fragile items — handle with care.,20757
13511,2024-11-24,2024-12-11,,Cancelled,,23692
13512,2024-12-10,2025-01-03,2024-12-13,Shipped,Replacement for damaged order.,22261
13513,2022-06-23,2022-07-19,2022-06-27,Shipped,Please ship as soon as possible.,24383
13514,2023-01-29,2023-02-21,2023-02-01,Disputed,,22162
13515,2024-09-27,2024-10-17,2024-10-07,Shipped,Fragile items — handle with care.,24234
13516,2024-01-06,2024-01-25,2024-01-15,Shipped,,22753
13517,2022-10-25,2022-11-18,2022-11-04,Shipped,Fragile items — handle with care.,23242
13518,2025-10-03,2025-10-14,2025-10-09,Resolved,,20191
13519,2023-12-03,2023-12-20,2023-12-10,Resolved,,21674
13520,2025-10-14,2025-10-31,2025-10-17,Resolved,Hold for customer confirmation.,22737
13521,2023-08-30,2023-09-29,2023-09-08,Resolved,,23396
13522,2026-01-19,2026-02-11,,Cancelled,Fragile items — handle with care.,20332
13523,2025-02-11,2025-02-25,2025-02-15,Shipped,,20737
13524,2023-04-25,2023-05-16,2023-04-30,Shipped,Fragile items — handle with care.,23841
13525,2026-02-06,2026-02-21,2026-02-11,Shipped,Fragile items — handle with care.,20068
13526,2022-09-21,2022-10-06,2022-09-26,Shipped,Priority customer — rush order.,23973
13527,2023-09-07,2023-09-29,2023-09-09,Resolved,Partial shipment approved by customer.,22347
13528,2023-12-09,2023-12-17,2023-12-14,Shipped,Fragile items — handle with care.,20488
13529,2025-10-08,2025-10-16,,On Hold,Backorder — ship when available.,21708
13530,2025-03-08,2025-03-19,2025-03-13,Shipped,Check stock before processing.,20651
13531,2022-10-27,2022-11-04,2022-11-04,Shipped,,22979
13532,2024-11-10,2024-11-25,2024-11-13,Shipped,Verified credit before processing.,24329
13533,2024-04-12,2024-05-12,2024-04-19,Shipped,,24761
13534,2022-09-03,2022-10-03,2022-09-10,Shipped,,24969
13535,2025-01-29,2025-02-12,2025-02-04,Shipped,,20739
13536,2025-05-17,2025-05-27,2025-05-19,Disputed,Priority customer — rush order.,23555
13537,2024-03-29,2024-04-28,2024-04-05,Resolved,Gift wrapping requested.,21112
13538,2026-07-15,2026-08-10,2026-07-20,Shipped,,22085
13539,2022-01-24,2022-02-19,,On Hold,,21051
13540,2024-08-18,2024-09-02,,Cancelled,Partial shipment approved by customer.,24582
13541,2022-02-12,2022-02-25,2022-02-20,Resolved,Special discount applied.,20418
13542,2024-11-20,2024-12-15,2024-11-30,Shipped,,22231
13543,2025-05-22,2025-06-01,,Cancelled,,21809
13544,2022-01-09,2022-01-16,2022-01-14,Shipped,Fragile items — handle with care.,21924
13545,2023-01-20,2023-02-09,,In Process,Partial shipment approved by customer.,20718
13546,2023-04-07,2023-05-07,2023-04-15,Shipped,Hold for customer confirmation.,24248
13547,2024-06-02,2024-06-24,2024-06-09,Shipped,Hold for customer confirmation.,20630
13548,2026-01-03,2026-01-13,2026-01-09,Shipped,,20316
13549,2025-08-13,2025-09-08,2025-08-15,Disputed,,21629
13550,2022-03-09,2022-03-23,,In Process,,23904
13551,2022-05-29,2022-06-05,2022-06-06,Shipped,,24716
13552,2022-03-16,2022-03-23,2022-03-21,Shipped,,23486
13553,2025-02-18,2025-03-05,2025-02-28,Resolved,Fragile items — handle with care.,24662
13554,2023-07-26,2023-08-18,2023-08-03,Shipped,Check stock before processing.,23679
13555,2022-04-27,2022-05-19,2022-05-04,Shipped,Special discount applied.,22045
13556,2024-04-09,2024-04-29,,Cancelled,,24633
13557,2022-10-29,2022-11-18,2022-11-02,Shipped,,23527
13558,2025-11-06,2025-11-20,2025-11-11,Shipped,,20610
13559,2022-02-11,2022-02-23,2022-02-13,Shipped,Verified credit before processing.,21978
13560,2026-07-14,2026-07-29,2026-07-20,Shipped,Special discount applied.,23519
13561,2023-10-31,2023-11-11,2023-11-01,Shipped,Backorder — ship when available.,24660
13562,2022-03-19,2022-03-27,,In Process,,23939
13563,2025-02-16,2025-03-01,,In Process,,20584
13564,2022-07-01,2022-07-31,,In Process,Check stock before processing.,24901
13565,2022-05-27,2022-06-21,,Cancelled,Call before delivery.,21248
13566,2023-08-25,2023-09-06,2023-08-30,Disputed,Customer requested expedited shipping.,23587
13567,2023-07-26,2023-08-06,2023-08-04,Shipped,Verified credit before processing.,22629
13568,2026-05-29,2026-06-10,2026-05-30,Shipped,Hold for customer confirmation.,20866
13569,2024-11-01,2024-11-18,2024-11-05,Shipped,,20449
13570,2023-03-15,2023-04-09,2023-03-16,Shipped,,22095
13571,2026-04-15,2026-04-26,2026-04-18,Shipped,Verified credit before processing.,24215
13572,2023-01-29,2023-02-07,,Cancelled,,24640
13573,2024-12-13,2024-12-21,,On Hold,Replacement for damaged order.,21066
13574,2026-04-16,2026-05-09,2026-04-26,Shipped,,23180
13575,2025-06-05,2025-06-30,2025-06-14,Shipped,Replacement for damaged order.,21194
13576,2022-06-22,2022-07-05,2022-06-26,Shipped,,23710
13577,2024-06-23,2024-07-15,2024-06-25,Shipped,Please ship as soon as possible.,22211
13578,2026-05-21,2026-06-12,,On Hold,Customer requested expedited shipping.,23312
13579,2023-08-20,2023-09-01,2023-08-30,Shipped,Check stock before processing.,23478
13580,2024-05-27,2024-06-23,2024-06-05,Shipped,Priority customer — rush order.,24435
13581,2026-01-18,2026-01-30,2026-01-22,Shipped,Customer requested expedited shipping.,23838
13582,2025-09-23,2025-10-21,2025-09-26,Resolved,,22180
13583,2023-06-20,2023-07-11,,Cancelled,Verified credit before processing.,22234
13584,2022-01-02,2022-01-15,2022-01-06,Shipped,,23683
13585,2022-11-04,2022-11-26,2022-11-13,Shipped,,22285
13586,2022-07-10,2022-08-01,2022-07-12,Disputed,,22461
13587,2026-07-09,2026-08-04,2026-07-16,Shipped,,21601
13588,2026-03-24,2026-04-14,2026-04-01,Shipped,Check stock before processing.,21099
13589,2025-11-25,2025-12-06,2025-11-28,Shipped,Customer requested expedited shipping.,20443
13590,2025-11-05,2025-11-17,2025-11-06,Shipped,International shipment — customs docs needed.,20268
13591,2023-07-23,2023-08-17,2023-07-24,Shipped,Gift wrapping requested.,24202
13592,2022-01-23,2022-02-08,2022-01-27,Shipped,Please ship as soon as possible.,24751
13593,2023-09-13,2023-10-06,2023-09-23,Resolved,,22867
13594,2022-04-30,2022-05-23,2022-05-03,Shipped,Hold for customer confirmation.,20150
13595,2022-07-18,2022-08-16,2022-07-28,Shipped,Verified credit before processing.,23489
13596,2025-04-11,2025-05-10,,In Process,Special discount applied.,20458
13597,2022-12-12,2023-01-10,2022-12-16,Disputed,Backorder — ship when available.,20225
13598,2025-10-10,2025-10-19,2025-10-14,Shipped,,24316
13599,2026-03-23,2026-04-04,2026-03-28,Shipped,,24745
13600,2024-03-07,2024-03-15,2024-03-15,Shipped,Special discount applied.,23514
13601,2023-12-01,2023-12-19,2023-12-08,Shipped,,20678
13602,2022-06-22,2022-07-09,2022-06-30,Shipped,Hold for customer confirmation.,20289
13603,2025-08-09,2025-08-27,2025-08-18,Shipped,Gift wrapping requested.,20081
13604,2023-01-01,2023-01-15,,In Process,,22609
13605,2022-06-16,2022-07-06,,Cancelled,,20007
13606,2022-01-14,2022-01-26,,In Process,Fragile items — handle with care.,23097
13607,2024-11-28,2024-12-28,,In Process,Customer requested expedited shipping.,24548
13608,2025-11-03,2025-11-22,2025-11-08,Shipped,Priority customer — rush order.,22363
13609,2026-05-18,2026-05-31,2026-05-26,Shipped,,20833
13610,2023-12-30,2024-01-19,,In Process,,21314
13611,2024-08-05,2024-08-15,2024-08-13,Shipped,Priority customer — rush order.,20229
13612,2025-06-29,2025-07-06,2025-06-30,Resolved,Partial shipment approved by customer.,24368
13613,2024-11-24,2024-12-23,,On Hold,,20913
13614,2023-08-25,2023-09-24,2023-08-28,Shipped,Customer will pick up at warehouse.,23166
13615,2024-08-18,2024-08-31,2024-08-27,Shipped,Replacement for damaged order.,20116
13616,2025-02-11,2025-03-01,2025-02-14,Shipped,Hold for customer confirmation.,23092
13617,2024-05-15,2024-06-03,2024-05-21,Shipped,Priority customer — rush order.,21716
13618,2025-03-22,2025-03-29,,Cancelled,,22918
13619,2026-02-26,2026-03-08,2026-03-06,Resolved,Partial shipment approved by customer.,24918
13620,2024-03-07,2024-03-17,2024-03-16,Shipped,Special discount applied.,21014
13621,2023-09-25,2023-10-15,2023-09-29,Disputed,,24078
13622,2024-03-04,2024-03-13,2024-03-07,Resolved,International shipment — customs docs needed.,24224
13623,2023-08-03,2023-08-12,2023-08-10,Shipped,,23120
13624,2024-08-12,2024-08-26,,On Hold,Priority customer — rush order.,24047
13625,2024-10-31,2024-11-08,2024-11-07,Disputed,Please ship as soon as possible.,21558
13626,2025-12-31,2026-01-30,2026-01-01,Shipped,,20662
13627,2022-03-01,2022-03-25,,Cancelled,Check stock before processing.,20227
13628,2024-08-11,2024-08-20,2024-08-13,Shipped,Customer requested expedited shipping.,24561
13629,2023-10-29,2023-11-27,2023-11-03,Shipped,,24061
13630,2026-07-12,2026-07-27,2026-07-18,Resolved,Customer will pick up at warehouse.,21063
13631,2024-02-05,2024-02-12,2024-02-14,Disputed,Verified credit before processing.,21152
13632,2024-04-25,2024-05-03,2024-04-28,Shipped,,21691
13633,2022-09-23,2022-10-13,,Cancelled,Customer requested expedited shipping.,23695
13634,2024-12-07,2024-12-20,2024-12-13,Shipped,,22272
13635,2025-07-19,2025-08-04,2025-07-27,Shipped,,23607
13636,2022-04-10,2022-05-01,2022-04-16,Shipped,Partial shipment approved by customer.,20629
13637,2023-06-27,2023-07-08,,Cancelled,Gift wrapping requested.,23907
13638,2023-09-21,2023-10-04,2023-09-30,Resolved,Fragile items — handle with care.,24248
13639,2023-12-21,2024-01-08,2023-12-26,Shipped,International shipment — customs docs needed.,23231
13640,2024-01-26,2024-02-22,2024-02-01,Shipped,Customer will pick up at warehouse.,24000
13641,2026-01-26,2026-02-10,2026-01-30,Resolved,,24762
13642,2022-02-08,2022-02-24,2022-02-09,Shipped,,20325
13643,2024-10-07,2024-10-19,,In Process,Special discount applied.,20944
13644,2024-02-20,2024-03-11,2024-02-26,Shipped,Gift wrapping requested.,20098
13645,2022-06-30,2022-07-18,,Cancelled,,24285
13646,2022-09-28,2022-10-14,2022-10-01,Shipped,Customer will pick up at warehouse.,22807
13647,2023-08-25,2023-09-07,,In Process,,21463
13648,2025-08-28,2025-09-24,,Cancelled,Partial shipment approved by customer.,21556
13649,2024-12-04,2024-12-18,2024-12-11,Shipped,,20779
13650,2022-04-12,2022-05-10,2022-04-22,Shipped,,23575
13651,2024-01-14,2024-01-21,,In Process,Customer will pick up at warehouse.,24488
13652,2026-06-04,2026-06-27,2026-06-09,Shipped,Replacement for damaged order.,23714
13653,2023-02-05,2023-02-21,2023-02-15,Shipped,Customer requested expedited shipping.,24269
13654,2023-11-26,2023-12-10,2023-12-02,Shipped,Verified credit before processing.,23485
13655,2023-06-04,2023-06-15,2023-06-13,Resolved,Fragile items — handle with care.,23775
13656,2022-02-24,2022-03-25,,Cancelled,,23387
13657,2024-05-03,2024-05-14,,Cancelled,,22285
13658,2024-01-03,2024-01-26,2024-01-12,Shipped,Partial shipment approved by customer.,21031
13659,2024-07-01,2024-07-16,2024-07-09,Disputed,Special discount applied.,20421
13660,2024-11-27,2024-12-18,,Cancelled,Please ship as soon as possible.,20333
13661,2025-11-16,2025-12-16,2025-11-19,Shipped,,24915
13662,2025-06-21,2025-07-20,2025-06-26,Resolved,Please ship as soon as possible.,22873
13663,2025-02-08,2025-03-04,2025-02-11,Shipped,,22067
13664,2022-05-09,2022-05-20,2022-05-18,Shipped,Backorder — ship when available.,21957
13665,2024-02-21,2024-03-20,,In Process,Check stock before processing.,21606
13666,2022-12-08,2022-12-29,2022-12-18,Shipped,,21930
13667,2022-05-07,2022-05-24,2022-05-14,Resolved,Please ship as soon as possible.,22599
13668,2025-09-07,2025-09-14,2025-09-17,Shipped,Priority customer — rush order.,23183
13669,2023-09-30,2023-10-29,2023-10-09,Shipped,,21719
13670,2022-08-05,2022-08-23,2022-08-07,Shipped,Replacement for damaged order.,24480
13671,2026-01-24,2026-02-09,,In Process,,22697
13672,2025-08-29,2025-09-22,2025-08-31,Resolved,,20031
13673,2023-08-08,2023-08-27,2023-08-16,Shipped,Backorder — ship when available.,21995
13674,2022-12-08,2022-12-22,2022-12-10,Disputed,Customer will pick up at warehouse.,20455
13675,2024-01-20,2024-02-02,,Cancelled,Gift wrapping requested.,22430
13676,2026-07-07,2026-07-21,2026-07-09,Shipped,,21489
13677,2023-05-28,2023-06-18,2023-06-03,Shipped,Replacement for damaged order.,23087
13678,2024-06-25,2024-07-07,2024-07-04,Shipped,,24947
13679,2022-11-02,2022-11-16,2022-11-05,Shipped,,22073
13680,2025-07-03,2025-07-18,2025-07-12,Shipped,Call before delivery.,24265
13681,2026-01-30,2026-02-27,2026-02-03,Shipped,Partial shipment approved by customer.,23069
13682,2026-02-28,2026-03-13,2026-03-07,Shipped,Priority customer — rush order.,24346
13683,2025-07-24,2025-08-03,2025-07-28,Shipped,Check stock before processing.,22662
13684,2025-01-09,2025-01-27,2025-01-18,Shipped,,20978
13685,2024-04-01,2024-04-12,2024-04-06,Shipped,Fragile items — handle with care.,24208
13686,2024-10-24,2024-11-12,,In Process,Hold for customer confirmation.,24762
13687,2025-01-30,2025-02-22,2025-02-02,Resolved,,23525
13688,2022-10-06,2022-11-03,2022-10-08,Shipped,Gift wrapping requested.,24377
13689,2026-06-21,2026-07-05,2026-07-01,Shipped,,20133
13690,2023-01-29,2023-02-08,2023-02-04,Resolved,Priority customer — rush order.,23607
13691,2026-03-17,2026-03-24,2026-03-18,Disputed,International shipment — customs docs needed.,24868
13692,2025-03-24,2025-04-06,2025-03-26,Disputed,,21226
13693,2023-05-16,2023-05-31,2023-05-21,Resolved,Check stock before processing.,21507
13694,2025-02-08,2025-03-07,,Cancelled,Partial shipment approved by customer.,22981
13695,2024-11-24,2024-12-18,,Cancelled,,24244
13696,2025-07-14,2025-07-28,2025-07-17,Shipped,Check stock before processing.,22141
13697,2024-06-19,2024-07-07,2024-06-27,Resolved,Partial shipment approved by customer.,20337
13698,2025-03-07,2025-03-18,2025-03-08,Shipped,Gift wrapping requested.,24805
13699,2022-02-26,2022-03-20,2022-03-04,Shipped,,20932
13700,2023-07-29,2023-08-16,,In Process,,23379
13701,2022-08-19,2022-08-28,,On Hold,Check stock before processing.,23642
13702,2022-07-30,2022-08-21,2022-08-01,Disputed,,20130
13703,2026-01-30,2026-02-20,,In Process,Fragile items — handle with care.,23939
13704,2023-10-18,2023-10-27,,Cancelled,,23576
13705,2022-12-15,2022-12-24,2022-12-17,Shipped,Customer will pick up at warehouse.,21137
13706,2023-07-27,2023-08-21,2023-07-31,Resolved,Special discount applied.,22366
13707,2022-01-19,2022-02-05,2022-01-20,Shipped,Priority customer — rush order.,23330
13708,2024-01-21,2024-01-28,2024-01-31,Shipped,Replacement for damaged order.,23264
13709,2025-06-22,2025-07-22,,On Hold,,23689
13710,2026-03-28,2026-04-18,,Cancelled,Customer will pick up at warehouse.,22299
13711,2025-04-22,2025-05-12,2025-05-02,Shipped,Partial shipment approved by customer.,23556
13712,2024-08-18,2024-09-13,,Cancelled,,21005
13713,2023-02-27,2023-03-16,2023-03-02,Shipped,Verified credit before processing.,21329
13714,2024-08-10,2024-08-28,2024-08-20,Shipped,,23144
13715,2022-01-08,2022-02-04,2022-01-09,Resolved,Customer requested expedited shipping.,20985
13716,2022-07-19,2022-08-10,2022-07-27,Shipped,Please ship as soon as possible.,23704
13717,2022-01-29,2022-02-09,2022-02-07,Shipped,Priority customer — rush order.,22792
13718,2025-05-05,2025-05-18,,On Hold,,22185
13719,2025-04-29,2025-05-13,2025-05-01,Resolved,Special discount applied.,23685
13720,2023-05-20,2023-06-08,2023-05-28,Shipped,Priority customer — rush order.,23339
13721,2022-04-20,2022-05-14,2022-04-29,Disputed,Special discount applied.,22906
13722,2025-07-18,2025-07-26,2025-07-22,Shipped,Check stock before processing.,22638
13723,2026-05-22,2026-06-07,2026-05-27,Shipped,Hold for customer confirmation.,21690
13724,2026-05-03,2026-05-11,2026-05-09,Resolved,,20034
13725,2024-10-08,2024-11-06,2024-10-12,Shipped,Please ship as soon as possible.,20258
13726,2025-06-24,2025-07-18,2025-06-30,Shipped,Call before delivery.,21400
13727,2022-12-02,2022-12-27,2022-12-04,Shipped,International shipment — customs docs needed.,20042
13728,2022-12-30,2023-01-22,,In Process,,20006
13729,2023-02-01,2023-02-09,2023-02-07,Shipped,,24588
13730,2023-04-25,2023-05-13,2023-05-02,Shipped,,20977
13731,2023-03-22,2023-04-14,,In Process,Check stock before processing.,22923
13732,2023-08-07,2023-09-03,,Cancelled,,22167
13733,2026-06-13,2026-06-20,2026-06-15,Shipped,Hold for customer confirmation.,23796
13734,2024-03-19,2024-03-31,2024-03-26,Shipped,,20655
13735,2025-09-18,2025-10-02,,Cancelled,Call before delivery.,21258
13736,2024-09-16,2024-10-07,,Cancelled,Customer will pick up at warehouse.,24709
13737,2022-10-28,2022-11-26,2022-10-31,Resolved,,21883
13738,2025-06-07,2025-07-03,2025-06-15,Shipped,Special discount applied.,23591
13739,2023-01-09,2023-01-23,,Cancelled,,20171
13740,2024-06-09,2024-07-09,,In Process,Call before delivery.,23360
13741,2025-02-18,2025-03-09,2025-02-20,Shipped,Customer will pick up at warehouse.,22971
13742,2026-03-22,2026-04-16,,Cancelled,,21033
13743,2025-03-18,2025-03-29,2025-03-24,Resolved,Check stock before processing.,22868
13744,2022-10-12,2022-11-07,2022-10-17,Resolved,Replacement for damaged order.,20759
13745,2025-09-04,2025-10-02,2025-09-08,Shipped,,24450
13746,2024-12-20,2025-01-10,2024-12-27,Shipped,,24951
13747,2024-05-01,2024-05-13,2024-05-08,Shipped,,24963
13748,2022-08-10,2022-08-19,2022-08-15,Disputed,Hold for customer confirmation.,24639
13749,2022-01-31,2022-02-20,2022-02-04,Shipped,Call before delivery.,20585
13750,2024-01-07,2024-02-04,,On Hold,Priority customer — rush order.,20578
13751,2026-02-21,2026-03-08,2026-02-27,Shipped,,21139
13752,2022-05-11,2022-05-27,2022-05-18,Shipped,,23248
13753,2023-10-09,2023-11-07,2023-10-10,Shipped,,20619
13754,2023-07-12,2023-07-27,2023-07-19,Shipped,Special discount applied.,23650
13755,2022-10-10,2022-10-31,,On Hold,,22823
13756,2026-03-26,2026-04-12,2026-03-27,Shipped,International shipment — customs docs needed.,24742
13757,2023-10-08,2023-11-07,2023-10-10,Resolved,Partial shipment approved by customer.,22643
13758,2023-06-19,2023-07-18,2023-06-21,Shipped,Check stock before processing.,24344
13759,2022-09-03,2022-09-28,2022-09-06,Shipped,Fragile items — handle with care.,21564
13760,2023-04-30,2023-05-13,2023-05-08,Disputed,Verified credit before processing.,24807
13761,2025-11-16,2025-12-02,,In Process,,20663
13762,2025-09-16,2025-10-10,,Cancelled,,20459
13763,2024-04-17,2024-05-14,2024-04-22,Shipped,Customer requested expedited shipping.,22900
13764,2024-09-29,2024-10-27,2024-10-04,Shipped,Check stock before processing.,20207
13765,2022-07-02,2022-07-09,2022-07-12,Shipped,,20477
13766,2025-11-01,2025-11-19,2025-11-11,Resolved,Priority customer — rush order.,22184
13767,2026-06-06,2026-07-02,,On Hold,,22471
13768,2023-04-11,2023-04-30,2023-04-18,Disputed,International shipment — customs docs needed.,24411
13769,2023-06-11,2023-07-07,,In Process,,24665
13770,2026-07-02,2026-07-26,2026-07-06,Shipped,Replacement for damaged order.,21666
13771,2024-02-25,2024-03-11,2024-02-26,Shipped,,20548
13772,2025-12-03,2025-12-24,2025-12-10,Shipped,,24076
13773,2026-07-02,2026-07-09,,Cancelled,International shipment — customs docs needed.,20453
13774,2025-03-27,2025-04-07,,Cancelled,Special discount applied.,20323
13775,2023-08-27,2023-09-16,2023-08-28,Shipped,Replacement for damaged order.,21686
13776,2022-09-07,2022-09-21,,Cancelled,,21272
13777,2024-01-27,2024-02-10,2024-02-03,Disputed,Priority customer — rush order.,20402
13778,2026-04-23,2026-05-20,2026-04-24,Shipped,Fragile items — handle with care.,22426
13779,2023-10-29,2023-11-27,2023-11-05,Disputed,Fragile items — handle with care.,20382
13780,2024-12-09,2024-12-25,2024-12-10,Shipped,Please ship as soon as possible.,23936
13781,2024-04-09,2024-05-01,2024-04-19,Shipped,Fragile items — handle with care.,23458
13782,2022-06-04,2022-06-13,2022-06-07,Disputed,Priority customer — rush order.,23924
13783,2022-05-13,2022-06-05,2022-05-20,Shipped,Verified credit before processing.,23512
13784,2022-04-04,2022-04-15,2022-04-07,Shipped,Priority customer — rush order.,23617
13785,2024-10-31,2024-11-14,,Cancelled,,22815
13786,2022-10-07,2022-10-25,2022-10-12,Shipped,Partial shipment approved by customer.,24798
13787,2025-12-04,2025-12-21,,Cancelled,Replacement for damaged order.,23775
13788,2023-11-24,2023-12-13,2023-12-02,Disputed,,22083
13789,2024-12-19,2024-12-26,2024-12-22,Resolved,Please ship as soon as possible.,22398
13790,2024-04-13,2024-04-27,2024-04-14,Shipped,Fragile items — handle with care.,21387
13791,2024-11-01,2024-11-22,2024-11-04,Shipped,Gift wrapping requested.,21835
13792,2023-04-01,2023-04-27,,On Hold,,20598
13793,2023-03-28,2023-04-05,2023-04-01,Shipped,Backorder — ship when available.,24600
13794,2024-08-16,2024-08-27,2024-08-21,Resolved,,21082
13795,2024-07-25,2024-08-04,,Cancelled,,21277
13796,2024-04-15,2024-05-11,2024-04-19,Shipped,Backorder — ship when available.,23345
13797,2022-03-21,2022-04-18,,On Hold,International shipment — customs docs needed.,22711
13798,2025-07-28,2025-08-10,2025-07-30,Shipped,Fragile items — handle with care.,23032
13799,2022-06-12,2022-06-28,2022-06-19,Disputed,,20269
13800,2022-09-01,2022-09-09,,On Hold,,22456
13801,2024-01-26,2024-02-05,,On Hold,Gift wrapping requested.,21187
13802,2024-06-01,2024-06-10,2024-06-10,Disputed,,22588
13803,2024-10-23,2024-11-17,2024-10-25,Shipped,Customer will pick up at warehouse.,23158
13804,2022-11-10,2022-11-22,,In Process,,23241
13805,2022-02-13,2022-03-06,2022-02-20,Disputed,,20140
13806,2025-11-10,2025-11-27,2025-11-12,Resolved,,21352
13807,2023-09-21,2023-10-17,2023-10-01,Shipped,Priority customer — rush order.,20057
13808,2023-09-14,2023-09-24,2023-09-22,Shipped,,20637
13809,2026-01-30,2026-02-18,2026-02-04,Disputed,,24363
13810,2024-12-31,2025-01-24,2025-01-10,Shipped,,21377
13811,2023-06-03,2023-06-21,2023-06-05,Shipped,International shipment — customs docs needed.,23526
13812,2026-04-07,2026-05-01,2026-04-15,Shipped,Customer will pick up at warehouse.,22670
13813,2023-08-23,2023-09-22,2023-08-26,Shipped,,20633
13814,2023-05-15,2023-06-07,,On Hold,,22605
13815,2023-09-10,2023-10-10,2023-09-18,Disputed,Backorder — ship when available.,22951
13816,2023-08-04,2023-08-27,,Cancelled,Special discount applied.,21612
13817,2022-07-27,2022-08-14,,Cancelled,,24398
13818,2024-09-09,2024-10-06,2024-09-15,Disputed,Partial shipment approved by customer.,22525
13819,2024-06-16,2024-07-09,,In Process,Customer requested expedited shipping.,24747
13820,2026-05-04,2026-05-31,2026-05-06,Resolved,,24158
13821,2024-06-11,2024-07-10,2024-06-15,Shipped,,20918
13822,2023-09-01,2023-09-22,,Cancelled,Customer will pick up at warehouse.,22027
13823,2024-11-13,2024-11-30,2024-11-20,Shipped,Special discount applied.,20761
13824,2024-11-10,2024-12-04,2024-11-16,Shipped,,22231
13825,2024-01-23,2024-02-16,,On Hold,,23685
13826,2023-01-19,2023-01-26,2023-01-26,Shipped,Verified credit before processing.,22817
13827,2026-06-16,2026-07-08,,Cancelled,,23070
13828,2025-02-03,2025-03-03,2025-02-08,Resolved,Priority customer — rush order.,22502
13829,2025-11-20,2025-12-10,,Cancelled,,22551
13830,2022-05-12,2022-05-29,2022-05-17,Shipped,,24742
13831,2023-05-25,2023-06-19,2023-05-29,Shipped,Partial shipment approved by customer.,22986
13832,2024-01-27,2024-02-08,2024-01-28,Disputed,,22620
13833,2023-03-27,2023-04-18,2023-04-02,Shipped,,22562
13834,2025-10-30,2025-11-23,2025-11-09,Disputed,Backorder — ship when available.,20905
13835,2025-08-03,2025-08-18,2025-08-07,Shipped,,21253
13836,2024-06-20,2024-06-28,,On Hold,Partial shipment approved by customer.,20319
13837,2023-08-01,2023-08-28,2023-08-07,Disputed,Priority customer — rush order.,23474
13838,2024-07-25,2024-08-23,2024-08-04,Shipped,Partial shipment approved by customer.,23543
13839,2022-09-17,2022-10-09,2022-09-20,Shipped,,21840
13840,2022-08-31,2022-09-16,,Cancelled,Partial shipment approved by customer.,22074
13841,2024-05-22,2024-06-03,2024-05-27,Shipped,Customer will pick up at warehouse.,24375
13842,2026-04-25,2026-05-16,2026-05-04,Disputed,Verified credit before processing.,22197
13843,2025-06-15,2025-07-14,2025-06-25,Shipped,Customer requested expedited shipping.,22492
13844,2022-06-19,2022-07-07,2022-06-24,Shipped,Call before delivery.,23198
13845,2023-08-05,2023-09-02,2023-08-11,Resolved,,24324
13846,2022-05-06,2022-06-05,2022-05-07,Shipped,,24385
13847,2024-07-16,2024-08-12,2024-07-19,Resolved,Verified credit before processing.,24834
13848,2024-02-16,2024-03-17,2024-02-21,Disputed,,23975
13849,2024-03-25,2024-04-19,2024-03-30,Shipped,,20965
13850,2022-04-06,2022-04-22,,On Hold,,21620
13851,2023-09-07,2023-09-27,2023-09-14,Shipped,,21328
13852,2025-07-06,2025-07-29,,Cancelled,,23025
13853,2026-06-25,2026-07-20,2026-06-27,Disputed,Partial shipment approved by customer.,20689
13854,2024-04-28,2024-05-08,2024-04-29,Disputed,Verified credit before processing.,23591
13855,2026-02-08,2026-02-25,2026-02-10,Shipped,Priority customer — rush order.,23272
13856,2025-09-11,2025-10-05,,On Hold,Call before delivery.,22346
13857,2025-06-07,2025-07-04,2025-06-17,Disputed,Fragile items — handle with care.,20978
13858,2024-11-24,2024-12-10,2024-12-02,Disputed,Special discount applied.,21041
13859,2024-09-29,2024-10-27,2024-10-05,Shipped,Verified credit before processing.,23346
13860,2024-10-08,2024-11-07,2024-10-11,Shipped,Priority customer — rush order.,21360
13861,2024-07-12,2024-07-21,,In Process,,22639
13862,2023-07-19,2023-07-30,2023-07-22,Shipped,Replacement for damaged order.,24186
13863,2026-03-25,2026-04-06,2026-04-02,Shipped,,22928
13864,2022-06-17,2022-06-30,2022-06-21,Shipped,,24925
13865,2022-03-12,2022-03-26,,Cancelled,,22247
13866,2024-11-28,2024-12-14,2024-12-01,Shipped,,22195
13867,2023-06-19,2023-07-11,,On Hold,Check stock before processing.,24343
13868,2024-10-16,2024-11-05,2024-10-25,Shipped,,24900
13869,2023-12-28,2024-01-08,2023-12-31,Shipped,International shipment — customs docs needed.,20183
13870,2024-12-08,2024-12-31,2024-12-10,Shipped,Verified credit before processing.,21885
13871,2025-11-29,2025-12-06,,In Process,Fragile items — handle with care.,24566
13872,2025-12-25,2026-01-15,2026-01-01,Shipped,Gift wrapping requested.,21763
13873,2023-03-03,2023-03-24,2023-03-09,Shipped,Please ship as soon as possible.,21948
13874,2026-03-13,2026-03-28,2026-03-22,Disputed,,21779
13875,2026-03-05,2026-03-24,2026-03-11,Shipped,Check stock before processing.,21492
13876,2024-06-06,2024-07-01,2024-06-16,Shipped,Replacement for damaged order.,22330
13877,2026-04-26,2026-05-21,2026-04-29,Shipped,Call before delivery.,23872
13878,2023-01-12,2023-02-06,2023-01-15,Shipped,,22778
13879,2025-09-15,2025-09-23,2025-09-18,Shipped,Please ship as soon as possible.,21859
13880,2024-01-03,2024-01-27,2024-01-12,Shipped,Special discount applied.,23735
13881,2023-10-19,2023-11-14,2023-10-20,Shipped,Replacement for damaged order.,23815
13882,2023-09-23,2023-10-20,,On Hold,Partial shipment approved by customer.,24659
13883,2025-02-08,2025-02-25,2025-02-11,Shipped,Call before delivery.,21457
13884,2022-07-25,2022-08-03,2022-07-28,Shipped,Call before delivery.,22939
13885,2025-05-06,2025-05-22,,On Hold,,23046
13886,2025-10-11,2025-10-29,2025-10-19,Shipped,Priority customer — rush order.,20588
13887,2022-05-18,2022-06-12,2022-05-19,Shipped,Gift wrapping requested.,20186
13888,2025-02-22,2025-03-23,2025-03-02,Shipped,Please ship as soon as possible.,23204
13889,2022-12-23,2023-01-16,2022-12-27,Shipped,Priority customer — rush order.,24972
13890,2026-05-05,2026-05-30,2026-05-13,Shipped,Customer requested expedited shipping.,20425
13891,2026-06-30,2026-07-21,,On Hold,,20216
13892,2025-03-05,2025-04-02,2025-03-12,Shipped,Verified credit before processing.,21661
13893,2025-09-22,2025-09-29,,On Hold,Backorder — ship when available.,20650
13894,2025-06-15,2025-07-10,2025-06-22,Resolved,Backorder — ship when available.,21119
13895,2025-05-01,2025-05-16,2025-05-06,Resolved,Replacement for damaged order.,23446
13896,2023-02-24,2023-03-25,2023-03-06,Shipped,,24563
13897,2024-01-22,2024-02-11,2024-01-28,Disputed,,23571
13898,2023-05-28,2023-06-20,2023-05-31,Shipped,Customer requested expedited shipping.,21774
13899,2024-04-19,2024-05-07,,On Hold,Special discount applied.,24180
13900,2024-06-22,2024-07-10,2024-06-24,Shipped,,22323
13901,2026-01-13,2026-01-26,,On Hold,Backorder — ship when available.,22003
13902,2022-04-04,2022-05-01,2022-04-09,Disputed,Fragile items — handle with care.,20955
13903,2024-07-07,2024-07-26,2024-07-09,Resolved,,21736
13904,2026-03-07,2026-03-24,2026-03-11,Shipped,Gift wrapping requested.,21662
13905,2024-11-26,2024-12-05,2024-11-27,Shipped,Verified credit before processing.,20890
13906,2026-06-14,2026-07-03,2026-06-20,Disputed,Replacement for damaged order.,24745
13907,2022-01-03,2022-01-30,2022-01-04,Shipped,,21800
13908,2025-08-28,2025-09-04,,In Process,International shipment — customs docs needed.,22516
13909,2024-08-15,2024-09-10,2024-08-24,Disputed,,20239
13910,2025-07-25,2025-08-01,2025-08-01,Resolved,,21879
13911,2023-12-20,2024-01-04,2023-12-27,Shipped,Fragile items — handle with care.,22025
13912,2022-12-10,2023-01-06,2022-12-19,Shipped,,20048
13913,2023-07-20,2023-08-18,2023-07-26,Shipped,Verified credit before processing.,22302
13914,2025-07-06,2025-07-23,,On Hold,Gift wrapping requested.,24053
13915,2025-08-17,2025-09-07,,Cancelled,Backorder — ship when available.,21555
13916,2025-08-04,2025-09-02,2025-08-12,Shipped,,21139
13917,2024-01-12,2024-01-31,2024-01-14,Shipped,Backorder — ship when available.,22284
13918,2024-07-14,2024-08-12,2024-07-16,Disputed,,21576
13919,2024-09-25,2024-10-24,2024-09-26,Shipped,Partial shipment approved by customer.,22961
13920,2023-10-25,2023-11-13,,In Process,Backorder — ship when available.,23889
13921,2022-02-10,2022-02-20,2022-02-16,Shipped,Partial shipment approved by customer.,20060
13922,2022-12-29,2023-01-25,2023-01-03,Shipped,Backorder — ship when available.,24576
13923,2024-07-13,2024-08-10,2024-07-21,Disputed,Fragile items — handle with care.,23739
13924,2025-09-08,2025-09-30,,In Process,International shipment — customs docs needed.,22507
13925,2024-06-05,2024-07-03,2024-06-08,Disputed,Please ship as soon as possible.,22288
13926,2022-07-19,2022-08-15,,On Hold,,24646
13927,2024-09-22,2024-09-29,2024-09-30,Shipped,International shipment — customs docs needed.,23062
13928,2026-03-02,2026-03-13,,On Hold,Customer will pick up at warehouse.,22872
13929,2023-07-14,2023-08-04,2023-07-21,Shipped,Customer will pick up at warehouse.,23618
13930,2023-03-05,2023-03-18,2023-03-15,Shipped,,23039
13931,2024-05-10,2024-06-03,2024-05-12,Disputed,Special discount applied.,24506
13932,2025-06-15,2025-07-05,2025-06-20,Shipped,Call before delivery.,24213
13933,2024-07-25,2024-08-23,2024-08-03,Resolved,International shipment — customs docs needed.,24994
13934,2024-10-05,2024-10-16,2024-10-06,Shipped,,24867
13935,2022-03-29,2022-04-27,2022-04-04,Shipped,Customer will pick up at warehouse.,20859
13936,2022-08-20,2022-09-15,,Cancelled,Customer requested expedited shipping.,20111
13937,2024-03-24,2024-04-23,2024-03-30,Shipped,Priority customer — rush order.,22757
13938,2025-08-20,2025-09-06,,On Hold,Verified credit before processing.,21056
13939,2026-05-15,2026-06-14,2026-05-21,Shipped,Check stock before processing.,24031
13940,2026-02-02,2026-02-22,2026-02-05,Shipped,,20354
13941,2025-10-03,2025-10-21,,On Hold,,22191
13942,2023-05-28,2023-06-22,,On Hold,International shipment — customs docs needed.,24676
13943,2025-07-05,2025-07-20,2025-07-15,Disputed,,21205
13944,2022-09-29,2022-10-06,2022-10-04,Shipped,,20037
13945,2023-06-07,2023-07-07,,On Hold,Gift wrapping requested.,20133
13946,2023-09-08,2023-09-16,,Cancelled,,20302
13947,2025-03-26,2025-04-10,2025-03-29,Disputed,,22269
13948,2023-02-12,2023-02-28,2023-02-20,Shipped,,23873
13949,2023-06-16,2023-07-15,2023-06-23,Shipped,Please ship as soon as possible.,22230
13950,2023-06-14,2023-06-25,2023-06-20,Shipped,Please ship as soon as possible.,22640
13951,2024-01-21,2024-01-28,,In Process,,20534
13952,2022-10-08,2022-10-19,2022-10-17,Shipped,Customer requested expedited shipping.,20032
13953,2025-03-12,2025-04-08,2025-03-20,Resolved,Replacement for damaged order.,23037
13954,2026-06-13,2026-06-21,2026-06-23,Shipped,Check stock before processing.,24478
13955,2023-01-31,2023-02-25,2023-02-01,Shipped,,23377
13956,2022-04-03,2022-04-23,2022-04-05,Shipped,,22387
13957,2025-10-30,2025-11-06,,In Process,,21906
13958,2026-07-06,2026-07-18,2026-07-15,Shipped,Replacement for damaged order.,20240
13959,2025-04-24,2025-05-07,2025-05-04,Shipped,Partial shipment approved by customer.,22726
13960,2024-08-09,2024-08-31,2024-08-10,Resolved,,24421
13961,2025-03-16,2025-04-06,2025-03-25,Resolved,,22102
13962,2024-02-26,2024-03-26,2024-02-29,Shipped,Please ship as soon as possible.,24122
13963,2024-09-30,2024-10-08,2024-10-05,Disputed,Hold for customer confirmation.,24821
13964,2024-06-24,2024-07-14,2024-07-04,Shipped,Call before delivery.,22251
13965,2022-10-22,2022-11-10,2022-10-23,Disputed,Replacement for damaged order.,21710
13966,2022-03-20,2022-04-03,2022-03-26,Shipped,Special discount applied.,20928
13967,2025-08-19,2025-09-10,,On Hold,Fragile items — handle with care.,23993
13968,2024-12-05,2025-01-04,,Cancelled,Call before delivery.,22012
13969,2024-11-09,2024-12-07,,Cancelled,Priority customer — rush order.,21390
13970,2022-10-19,2022-10-31,2022-10-25,Shipped,Hold for customer confirmation.,20706
13971,2024-05-26,2024-06-07,,In Process,Replacement for damaged order.,23656
13972,2022-08-30,2022-09-09,2022-09-02,Disputed,Customer will pick up at warehouse.,23730
13973,2022-03-29,2022-04-19,2022-04-03,Disputed,,20069
13974,2023-04-16,2023-05-04,,In Process,Backorder — ship when available.,22763
13975,2022-01-16,2022-01-27,2022-01-18,Shipped,Verified credit before processing.,22139
13976,2024-01-18,2024-02-10,,Cancelled,International shipment — customs docs needed.,20206
13977,2023-09-27,2023-10-19,2023-10-06,Shipped,,23828
13978,2022-09-01,2022-09-08,2022-09-04,Disputed,Hold for customer confirmation.,23473
13979,2023-07-13,2023-07-28,2023-07-14,Shipped,Fragile items — handle with care.,21070
13980,2024-02-16,2024-03-02,2024-02-25,Shipped,Replacement for damaged order.,22307
13981,2025-03-10,2025-04-01,2025-03-12,Shipped,Backorder — ship when available.,24083
13982,2025-11-26,2025-12-19,2025-11-28,Shipped,,23824
13983,2022-07-08,2022-07-28,,On Hold,Check stock before processing.,21133
13984,2023-05-01,2023-05-15,2023-05-11,Shipped,Gift wrapping requested.,21359
13985,2022-08-13,2022-08-28,,On Hold,,22155
13986,2023-12-24,2024-01-20,,On Hold,Customer requested expedited shipping.,20910
13987,2022-09-21,2022-09-29,,In Process,,24775
13988,2025-11-15,2025-12-11,2025-11-21,Disputed,Hold for customer confirmation.,23790
13989,2024-05-25,2024-06-22,,On Hold,,21821
13990,2023-01-16,2023-01-30,2023-01-21,Resolved,,24238
13991,2025-07-13,2025-08-05,2025-07-23,Shipped,,20582
13992,2022-05-20,2022-06-12,,In Process,,22567
13993,2024-01-20,2024-01-30,2024-01-28,Shipped,Call before delivery.,22331
13994,2025-10-01,2025-10-11,2025-10-11,Disputed,,20649
13995,2022-08-09,2022-08-29,2022-08-15,Shipped,Backorder — ship when available.,23972
13996,2026-04-07,2026-04-14,2026-04-14,Disputed,Call before delivery.,24884
13997,2024-04-01,2024-04-13,2024-04-08,Shipped,Check stock before processing.,20178
13998,2022-02-14,2022-02-26,,On Hold,Customer will pick up at warehouse.,22885
13999,2025-03-07,2025-03-27,2025-03-09,Shipped,,20256
14000,2025-11-14,2025-12-01,2025-11-24,Disputed,,22950
14001,2024-12-07,2024-12-14,,On Hold,Check stock before processing.,20026
14002,2022-11-23,2022-12-17,2022-11-26,Shipped,Hold for customer confirmation.,20927
14003,2025-10-19,2025-11-08,2025-10-29,Shipped,,22115
14004,2022-08-06,2022-08-20,,In Process,Partial shipment approved by customer.,23317
14005,2024-03-28,2024-04-09,2024-04-05,Shipped,,20184
14006,2023-08-08,2023-08-30,,In Process,Replacement for damaged order.,22317
14007,2023-05-31,2023-06-18,2023-06-01,Resolved,,22807
14008,2023-06-12,2023-07-06,,On Hold,Hold for customer confirmation.,20009
14009,2025-09-26,2025-10-22,2025-09-28,Shipped,Gift wrapping requested.,21614
14010,2023-09-10,2023-10-02,2023-09-15,Shipped,Gift wrapping requested.,21164
14011,2022-10-28,2022-11-11,2022-10-31,Disputed,Customer requested expedited shipping.,23622
14012,2022-01-22,2022-01-31,2022-01-31,Shipped,Customer requested expedited shipping.,24652
14013,2024-08-07,2024-08-15,2024-08-13,Shipped,Please ship as soon as possible.,22483
14014,2024-12-15,2024-12-31,2024-12-23,Shipped,,23756
14015,2022-07-19,2022-07-31,2022-07-23,Disputed,,23501
14016,2026-05-24,2026-06-03,2026-06-02,Shipped,International shipment — customs docs needed.,20099
14017,2025-08-14,2025-09-10,2025-08-15,Shipped,Special discount applied.,22347
14018,2024-10-26,2024-11-05,2024-10-29,Shipped,Backorder — ship when available.,24775
14019,2022-07-14,2022-08-11,2022-07-19,Shipped,Fragile items — handle with care.,20521
14020,2024-12-23,2025-01-07,,Cancelled,Check stock before processing.,23777
14021,2025-03-02,2025-03-12,2025-03-11,Shipped,Customer requested expedited shipping.,20756
14022,2024-03-27,2024-04-05,2024-03-30,Shipped,Call before delivery.,20571
14023,2024-04-26,2024-05-17,,On Hold,Check stock before processing.,23760
14024,2025-07-28,2025-08-07,2025-08-06,Shipped,Special discount applied.,22771
14025,2026-05-13,2026-06-04,2026-05-16,Shipped,,24771
14026,2025-04-25,2025-05-24,2025-05-04,Disputed,Priority customer — rush order.,24159
14027,2022-02-06,2022-03-05,2022-02-07,Disputed,,23832
14028,2026-07-11,2026-07-19,,On Hold,,21017
14029,2023-08-25,2023-09-20,2023-08-30,Shipped,Customer requested expedited shipping.,24853
14030,2025-08-16,2025-08-23,2025-08-26,Shipped,Please ship as soon as possible.,23628
14031,2025-03-23,2025-04-11,2025-04-02,Shipped,Gift wrapping requested.,24852
14032,2024-09-16,2024-09-23,2024-09-24,Shipped,Replacement for damaged order.,24382
14033,2023-02-11,2023-03-03,2023-02-20,Shipped,,21475
14034,2025-11-29,2025-12-24,2025-12-08,Shipped,,24399
14035,2024-02-01,2024-02-26,2024-02-10,Shipped,Backorder — ship when available.,20577
14036,2024-10-26,2024-11-20,2024-11-04,Shipped,Replacement for damaged order.,20836
14037,2022-07-14,2022-07-30,2022-07-19,Shipped,Gift wrapping requested.,23312
14038,2025-11-14,2025-12-04,2025-11-20,Resolved,Please ship as soon as possible.,21318
14039,2026-04-27,2026-05-27,,In Process,Check stock before processing.,21140
14040,2026-02-28,2026-03-26,,On Hold,,23362
14041,2025-01-10,2025-02-09,,On Hold,Priority customer — rush order.,20485
14042,2025-01-03,2025-02-01,,In Process,,22108
14043,2022-05-19,2022-06-03,2022-05-21,Shipped,Check stock before processing.,22631
14044,2024-02-03,2024-02-14,2024-02-04,Shipped,Customer will pick up at warehouse.,21201
14045,2022-10-31,2022-11-19,2022-11-02,Shipped,,22441
14046,2023-04-09,2023-04-16,2023-04-15,Shipped,Special discount applied.,24338
14047,2023-04-21,2023-05-01,2023-04-28,Resolved,Gift wrapping requested.,24606
14048,2024-06-29,2024-07-16,,Cancelled,Customer will pick up at warehouse.,22624
14049,2024-10-30,2024-11-24,2024-10-31,Shipped,Hold for customer confirmation.,22164
14050,2023-11-27,2023-12-12,2023-12-05,Shipped,Customer will pick up at warehouse.,21685
14051,2022-12-24,2023-01-05,2023-01-03,Shipped,,24154
14052,2026-05-18,2026-06-04,2026-05-26,Shipped,,20922
14053,2024-04-23,2024-05-16,2024-05-03,Shipped,Gift wrapping requested.,21058
14054,2024-10-10,2024-10-25,2024-10-17,Shipped,Replacement for damaged order.,20236
14055,2025-06-23,2025-07-12,2025-06-30,Resolved,Call before delivery.,20219
14056,2024-03-11,2024-04-05,2024-03-14,Shipped,Hold for customer confirmation.,24181
14057,2023-08-28,2023-09-23,2023-08-29,Disputed,Customer will pick up at warehouse.,23599
14058,2026-01-09,2026-01-23,,On Hold,Customer will pick up at warehouse.,21152
14059,2022-04-30,2022-05-26,,In Process,Please ship as soon as possible.,22015
14060,2022-06-05,2022-06-28,2022-06-06,Resolved,,20914
14061,2025-05-29,2025-06-28,2025-06-02,Shipped,Check stock before processing.,20950
14062,2025-05-23,2025-06-12,2025-05-31,Disputed,Fragile items — handle with care.,20071
14063,2023-11-26,2023-12-15,2023-11-28,Disputed,,22379
14064,2022-12-13,2023-01-10,2022-12-22,Shipped,Replacement for damaged order.,20946
14065,2024-01-25,2024-02-05,2024-01-30,Shipped,Check stock before processing.,21908
14066,2026-07-13,2026-08-08,,In Process,Replacement for damaged order.,23920
14067,2024-04-20,2024-04-27,,In Process,,21836
14068,2025-04-22,2025-05-14,2025-05-01,Shipped,Special discount applied.,21214
14069,2025-01-29,2025-02-05,2025-02-03,Shipped,Check stock before processing.,22325
14070,2022-02-28,2022-03-27,,On Hold,,21225
14071,2026-06-28,2026-07-12,2026-07-05,Shipped,Partial shipment approved by customer.,21410
14072,2024-07-18,2024-08-09,,On Hold,Partial shipment approved by customer.,24211
14073,2026-07-13,2026-08-03,2026-07-16,Disputed,Hold for customer confirmation.,21698
14074,2025-01-16,2025-01-25,2025-01-24,Resolved,Gift wrapping requested.,21978
14075,2023-09-12,2023-09-24,2023-09-13,Shipped,Customer requested expedited shipping.,23562
14076,2023-11-30,2023-12-08,2023-12-07,Shipped,,23294
14077,2023-05-05,2023-05-21,2023-05-11,Shipped,Fragile items — handle with care.,20407
14078,2022-05-30,2022-06-25,2022-06-03,Shipped,,22436
14079,2024-06-17,2024-07-06,2024-06-19,Shipped,Please ship as soon as possible.,22026
14080,2025-10-28,2025-11-08,2025-11-06,Shipped,,23869
14081,2026-06-21,2026-07-18,2026-06-26,Shipped,Verified credit before processing.,21829
14082,2023-09-16,2023-10-10,2023-09-26,Shipped,,24570
14083,2024-01-22,2024-02-05,2024-02-01,Shipped,Gift wrapping requested.,22989
14084,2025-10-31,2025-11-27,2025-11-02,Shipped,Call before delivery.,23041
14085,2023-08-03,2023-08-21,2023-08-06,Shipped,,24471
14086,2025-07-21,2025-08-06,2025-07-30,Shipped,International shipment — customs docs needed.,22590
14087,2024-04-02,2024-04-29,,Cancelled,Special discount applied.,24485
14088,2022-08-11,2022-08-20,2022-08-16,Shipped,Customer will pick up at warehouse.,24067
14089,2024-07-03,2024-07-24,,Cancelled,,22604
14090,2023-09-13,2023-09-24,2023-09-18,Shipped,Hold for customer confirmation.,23128
14091,2025-07-05,2025-07-29,2025-07-08,Shipped,,22621
14092,2024-04-19,2024-05-14,2024-04-25,Shipped,Fragile items — handle with care.,24992
14093,2022-04-20,2022-05-20,,Cancelled,Special discount applied.,21437
14094,2024-06-09,2024-06-23,2024-06-19,Disputed,,20413
14095,2023-03-02,2023-03-09,2023-03-04,Shipped,,21293
14096,2022-01-21,2022-01-29,,In Process,Call before delivery.,20195
14097,2023-10-07,2023-10-15,2023-10-17,Shipped,,24305
14098,2024-08-15,2024-09-11,,Cancelled,Fragile items — handle with care.,23351
14099,2026-06-26,2026-07-20,,In Process,,24357
14100,2025-09-14,2025-09-22,2025-09-20,Shipped,,24088
14101,2026-06-24,2026-07-08,2026-07-02,Shipped,,21342
14102,2022-04-01,2022-04-25,2022-04-03,Resolved,Backorder — ship when available.,24211
14103,2022-05-19,2022-06-10,,In Process,,24963
14104,2025-04-29,2025-05-25,2025-05-07,Disputed,,21788
14105,2024-06-11,2024-06-22,2024-06-20,Resolved,Customer requested expedited shipping.,21922
14106,2022-02-20,2022-03-06,2022-02-22,Disputed,Please ship as soon as possible.,24647
14107,2023-08-02,2023-08-10,,Cancelled,,23915
14108,2023-03-30,2023-04-26,2023-04-09,Shipped,,24808
14109,2024-06-29,2024-07-07,2024-07-08,Shipped,,21006
14110,2025-02-17,2025-03-06,2025-02-19,Shipped,,24486
14111,2024-03-03,2024-03-24,2024-03-07,Shipped,Partial shipment approved by customer.,22082
14112,2024-09-28,2024-10-08,2024-10-03,Shipped,,23956
14113,2025-07-19,2025-08-08,2025-07-20,Shipped,,24514
14114,2024-01-12,2024-01-25,2024-01-17,Shipped,Backorder — ship when available.,20392
14115,2022-08-07,2022-08-14,,On Hold,Check stock before processing.,24211
14116,2025-03-24,2025-04-01,,Cancelled,Please ship as soon as possible.,20313
14117,2025-02-07,2025-02-21,,Cancelled,,24817
14118,2023-08-28,2023-09-08,,In Process,Please ship as soon as possible.,23781
14119,2023-06-14,2023-07-12,2023-06-20,Disputed,Customer will pick up at warehouse.,21068
14120,2025-02-18,2025-03-19,2025-02-26,Shipped,Please ship as soon as possible.,21143
14121,2022-06-07,2022-06-24,2022-06-10,Shipped,,24991
14122,2025-04-06,2025-04-13,2025-04-13,Shipped,,22016
14123,2025-06-08,2025-06-27,2025-06-11,Shipped,Hold for customer confirmation.,22399
14124,2023-11-25,2023-12-14,2023-11-30,Resolved,Customer requested expedited shipping.,23800
14125,2025-05-20,2025-06-03,2025-05-22,Shipped,,21486
14126,2026-06-29,2026-07-13,,On Hold,,20337
14127,2023-10-23,2023-11-07,2023-10-25,Shipped,Fragile items — handle with care.,24991
14128,2024-06-08,2024-07-01,2024-06-12,Shipped,,24066
14129,2025-02-14,2025-03-09,2025-02-16,Resolved,,22961
14130,2023-12-22,2024-01-07,,Cancelled,,24895
14131,2026-06-20,2026-07-11,,Cancelled,,22889
14132,2022-07-02,2022-07-21,2022-07-09,Shipped,Gift wrapping requested.,23002
14133,2022-05-13,2022-06-09,2022-05-23,Shipped,,23828
14134,2023-08-29,2023-09-21,2023-09-02,Shipped,Fragile items — handle with care.,20230
14135,2024-12-17,2025-01-16,,On Hold,Fragile items — handle with care.,24613
14136,2025-01-03,2025-01-21,2025-01-08,Shipped,,23711
14137,2024-01-26,2024-02-07,2024-02-04,Shipped,Verified credit before processing.,20794
14138,2025-07-04,2025-07-22,2025-07-12,Shipped,,21708
14139,2026-01-03,2026-01-31,2026-01-11,Shipped,Call before delivery.,23455
14140,2025-03-12,2025-04-09,2025-03-21,Shipped,Customer will pick up at warehouse.,20027
14141,2025-10-20,2025-11-09,,In Process,Please ship as soon as possible.,22524
14142,2022-03-20,2022-04-09,2022-03-22,Shipped,Please ship as soon as possible.,22148
14143,2024-10-29,2024-11-05,2024-11-03,Shipped,Customer will pick up at warehouse.,24237
14144,2026-06-24,2026-07-08,,Cancelled,,24249
14145,2023-05-31,2023-06-23,,On Hold,,20936
14146,2022-05-04,2022-05-25,2022-05-14,Shipped,Call before delivery.,20661
14147,2022-11-30,2022-12-29,2022-12-04,Resolved,Replacement for damaged order.,21927
14148,2024-02-24,2024-03-15,2024-03-03,Resolved,,23370
14149,2022-08-18,2022-08-29,2022-08-25,Shipped,Backorder — ship when available.,24628
14150,2025-05-14,2025-05-26,2025-05-23,Shipped,Priority customer — rush order.,23143
14151,2023-11-15,2023-12-05,2023-11-25,Resolved,Please ship as soon as possible.,20823
14152,2022-05-12,2022-05-26,2022-05-19,Resolved,Special discount applied.,22802
14153,2026-04-28,2026-05-09,2026-05-02,Shipped,,22304
14154,2025-12-14,2025-12-26,2025-12-15,Disputed,Customer will pick up at warehouse.,21458
14155,2025-04-30,2025-05-18,2025-05-06,Shipped,,22234
14156,2023-09-09,2023-09-21,2023-09-16,Shipped,,24137
14157,2023-05-21,2023-06-12,2023-05-30,Shipped,Verified credit before processing.,24564
14158,2025-02-19,2025-02-26,,Cancelled,Backorder — ship when available.,22745
14159,2023-02-17,2023-03-17,2023-02-26,Shipped,Priority customer — rush order.,21430
14160,2023-02-06,2023-02-24,,On Hold,Backorder — ship when available.,22062
14161,2024-12-30,2025-01-26,2025-01-09,Resolved,Call before delivery.,24165
14162,2024-05-21,2024-06-20,2024-05-28,Resolved,Special discount applied.,22343
14163,2025-05-29,2025-06-18,2025-06-02,Shipped,Customer requested expedited shipping.,24959
14164,2022-11-19,2022-12-16,,In Process,,23993
14165,2025-11-03,2025-11-21,2025-11-04,Shipped,Check stock before processing.,21134
14166,2025-03-11,2025-04-01,2025-03-12,Disputed,Check stock before processing.,21403
14167,2024-07-16,2024-08-14,2024-07-18,Shipped,Fragile items — handle with care.,22795
14168,2023-11-10,2023-11-28,,In Process,International shipment — customs docs needed.,21768
14169,2026-04-01,2026-04-23,2026-04-09,Shipped,Backorder — ship when available.,23188
14170,2023-11-04,2023-12-01,2023-11-10,Disputed,Replacement for damaged order.,21981
14171,2022-09-03,2022-09-23,2022-09-13,Shipped,,24578
14172,2023-01-08,2023-02-05,,Cancelled,Hold for customer confirmation.,23151
14173,2026-03-30,2026-04-25,2026-04-01,Shipped,Replacement for damaged order.,21594
14174,2026-01-11,2026-02-06,2026-01-20,Shipped,Customer will pick up at warehouse.,20839
14175,2024-12-30,2025-01-21,2025-01-08,Shipped,Gift wrapping requested.,22789
14176,2022-07-10,2022-07-18,2022-07-16,Shipped,Hold for customer confirmation.,20574
14177,2025-04-11,2025-05-10,2025-04-18,Disputed,International shipment — customs docs needed.,21740
14178,2026-03-31,2026-04-24,2026-04-07,Shipped,Replacement for damaged order.,22579
14179,2022-10-21,2022-11-10,2022-10-29,Shipped,,22627
14180,2024-09-01,2024-09-16,2024-09-06,Shipped,Replacement for damaged order.,20127
14181,2024-12-30,2025-01-08,2025-01-02,Resolved,Gift wrapping requested.,20014
14182,2025-05-25,2025-06-01,,In Process,,22491
14183,2025-02-12,2025-03-10,2025-02-18,Shipped,International shipment — customs docs needed.,23754
14184,2024-03-21,2024-04-05,,In Process,,22040
14185,2026-02-14,2026-03-05,,Cancelled,Hold for customer confirmation.,20678
14186,2022-03-22,2022-04-09,,Cancelled,Special discount applied.,22161
14187,2026-04-10,2026-05-05,,Cancelled,Customer will pick up at warehouse.,22623
14188,2025-10-12,2025-10-23,2025-10-21,Shipped,,22105
14189,2024-09-24,2024-10-18,2024-09-26,Shipped,Verified credit before processing.,22604
14190,2024-09-02,2024-09-17,2024-09-05,Shipped,Fragile items — handle with care.,24475
14191,2023-06-06,2023-06-27,2023-06-07,Shipped,,22497
14192,2022-02-04,2022-02-25,2022-02-09,Shipped,,23196
14193,2023-09-12,2023-09-29,2023-09-18,Shipped,Replacement for damaged order.,20418
14194,2023-12-08,2023-12-20,,In Process,Customer requested expedited shipping.,24813
14195,2024-10-13,2024-11-09,2024-10-22,Shipped,Please ship as soon as possible.,20035
14196,2023-12-06,2023-12-24,2023-12-14,Disputed,,21461
14197,2023-01-11,2023-01-21,,On Hold,,24609
14198,2023-05-01,2023-05-14,2023-05-09,Shipped,Special discount applied.,24456
14199,2024-10-01,2024-10-27,2024-10-11,Shipped,Special discount applied.,23212
14200,2024-08-29,2024-09-18,2024-09-03,Shipped,,22508
14201,2023-06-21,2023-07-15,,On Hold,Check stock before processing.,24586
14202,2022-11-13,2022-12-10,2022-11-22,Disputed,Backorder — ship when available.,20972
14203,2022-07-19,2022-08-11,2022-07-22,Disputed,,23692
14204,2022-07-17,2022-08-13,2022-07-22,Resolved,Fragile items — handle with care.,21065
14205,2022-06-18,2022-07-09,,Cancelled,Call before delivery.,23874
14206,2023-01-16,2023-02-13,2023-01-24,Disputed,Hold for customer confirmation.,21372
14207,2025-05-15,2025-05-24,2025-05-17,Shipped,,21876
14208,2023-11-30,2023-12-07,,Cancelled,Fragile items — handle with care.,24936
14209,2025-03-11,2025-03-25,,Cancelled,Check stock before processing.,23926
14210,2024-11-21,2024-12-08,2024-11-25,Resolved,,20514
14211,2025-12-17,2025-12-26,2025-12-20,Shipped,Call before delivery.,24288
14212,2022-07-29,2022-08-07,2022-07-30,Shipped,Special discount applied.,23468
14213,2024-05-22,2024-06-13,,Cancelled,,21701
14214,2024-04-06,2024-04-16,2024-04-11,Shipped,Customer requested expedited shipping.,20221
14215,2024-11-04,2024-11-27,2024-11-07,Shipped,,22974
14216,2022-02-11,2022-03-11,2022-02-13,Shipped,Backorder — ship when available.,22711
14217,2022-06-29,2022-07-08,2022-07-03,Resolved,Fragile items — handle with care.,20746
14218,2026-02-06,2026-02-21,2026-02-16,Shipped,,23769
14219,2025-04-03,2025-05-03,2025-04-11,Shipped,Gift wrapping requested.,20715
14220,2024-12-05,2024-12-24,2024-12-15,Shipped,Call before delivery.,20367
14221,2023-12-19,2024-01-07,2023-12-22,Shipped,Gift wrapping requested.,23161
14222,2025-03-06,2025-03-20,,Cancelled,,21687
14223,2022-05-07,2022-05-20,2022-05-08,Shipped,,21362
14224,2024-09-06,2024-09-18,2024-09-09,Shipped,Call before delivery.,24588
14225,2022-09-15,2022-10-02,2022-09-16,Shipped,Partial shipment approved by customer.,20454
14226,2023-12-23,2024-01-01,,Cancelled,,20951
14227,2025-09-03,2025-09-25,,In Process,Please ship as soon as possible.,21828
14228,2023-01-30,2023-02-26,2023-02-01,Shipped,,22835
14229,2026-04-05,2026-05-02,2026-04-09,Shipped,Customer requested expedited shipping.,21540
14230,2025-12-09,2025-12-25,2025-12-18,Shipped,,22116
14231,2024-07-16,2024-08-04,,In Process,,21354
14232,2025-05-13,2025-05-21,,On Hold,,23776
14233,2025-05-07,2025-06-01,2025-05-17,Disputed,Hold for customer confirmation.,21246
14234,2024-07-25,2024-08-06,2024-07-31,Disputed,Please ship as soon as possible.,20510
14235,2026-02-21,2026-03-12,2026-03-01,Shipped,,21328
14236,2022-01-17,2022-01-29,2022-01-26,Shipped,,20901
14237,2024-09-24,2024-10-03,2024-09-29,Shipped,Hold for customer confirmation.,21821
14238,2022-10-13,2022-10-25,2022-10-15,Shipped,Verified credit before processing.,22303
14239,2024-12-03,2024-12-25,2024-12-10,Resolved,,24449
14240,2026-07-14,2026-07-23,2026-07-19,Shipped,Please ship as soon as possible.,20463
14241,2022-02-10,2022-02-18,,Cancelled,,22539
14242,2025-03-25,2025-04-01,2025-03-27,Shipped,International shipment — customs docs needed.,22466
14243,2024-03-28,2024-04-27,2024-03-31,Resolved,,24000
14244,2022-07-27,2022-08-07,2022-08-01,Shipped,Priority customer — rush order.,21945
14245,2026-01-23,2026-02-18,2026-01-24,Resolved,Please ship as soon as possible.,23591
14246,2022-04-13,2022-04-22,2022-04-22,Disputed,Special discount applied.,23328
14247,2022-10-05,2022-10-31,2022-10-06,Resolved,Customer requested expedited shipping.,21687
14248,2023-02-13,2023-03-09,2023-02-14,Shipped,Replacement for damaged order.,22175
14249,2024-06-24,2024-07-19,2024-07-04,Shipped,,21209
14250,2025-10-24,2025-11-14,,Cancelled,Backorder — ship when available.,21233
14251,2025-01-02,2025-01-22,2025-01-07,Shipped,Check stock before processing.,21771
14252,2024-05-23,2024-06-11,2024-05-30,Resolved,Check stock before processing.,23602
14253,2024-04-22,2024-05-05,2024-04-23,Shipped,Fragile items — handle with care.,23560
14254,2026-01-22,2026-02-17,2026-01-31,Disputed,,20694
14255,2026-01-02,2026-01-27,2026-01-09,Disputed,,22348
14256,2025-01-14,2025-02-03,2025-01-20,Disputed,Gift wrapping requested.,22688
14257,2024-10-03,2024-10-20,2024-10-08,Disputed,Customer will pick up at warehouse.,24995
14258,2023-02-16,2023-02-24,2023-02-20,Shipped,,24845
14259,2023-11-19,2023-12-15,2023-11-24,Shipped,,24247
14260,2024-01-16,2024-01-31,2024-01-19,Shipped,Partial shipment approved by customer.,21129
14261,2026-01-11,2026-02-02,,Cancelled,Hold for customer confirmation.,20794
14262,2023-03-18,2023-04-06,2023-03-28,Resolved,Special discount applied.,22452
14263,2024-07-21,2024-08-03,2024-07-22,Resolved,Partial shipment approved by customer.,24205
14264,2025-06-11,2025-06-29,,Cancelled,,22644
14265,2023-12-21,2024-01-15,2023-12-31,Resolved,Replacement for damaged order.,22998
14266,2024-03-02,2024-03-26,,On Hold,International shipment — customs docs needed.,21017
14267,2022-05-09,2022-05-31,2022-05-11,Shipped,International shipment — customs docs needed.,23792
14268,2025-09-05,2025-09-16,2025-09-07,Shipped,Hold for customer confirmation.,21611
14269,2026-04-19,2026-05-05,,Cancelled,Fragile items — handle with care.,20682
14270,2025-10-10,2025-10-31,2025-10-17,Shipped,Hold for customer confirmation.,23135
14271,2025-02-10,2025-03-03,2025-02-11,Shipped,,23195
14272,2022-12-29,2023-01-12,2023-01-04,Shipped,,22630
14273,2022-10-25,2022-11-18,2022-11-01,Shipped,Gift wrapping requested.,21071
14274,2022-06-26,2022-07-11,2022-07-03,Shipped,,23491
14275,2024-04-19,2024-05-17,,In Process,Partial shipment approved by customer.,24072
14276,2025-08-17,2025-09-01,2025-08-19,Disputed,Replacement for damaged order.,24623
14277,2025-03-16,2025-04-07,2025-03-26,Shipped,,20147
14278,2025-04-28,2025-05-13,,In Process,,24957
14279,2022-10-16,2022-10-24,2022-10-17,Shipped,Partial shipment approved by customer.,21773
14280,2025-11-04,2025-12-03,,Cancelled,Check stock before processing.,22154
14281,2026-02-14,2026-03-04,,On Hold,Hold for customer confirmation.,24173
14282,2026-03-06,2026-03-19,,Cancelled,,23523
14283,2022-06-11,2022-06-26,2022-06-21,Shipped,,22634
14284,2022-12-19,2023-01-18,2022-12-21,Shipped,Special discount applied.,22278
14285,2026-02-06,2026-02-13,2026-02-07,Shipped,Gift wrapping requested.,22458
14286,2022-01-07,2022-02-06,2022-01-11,Shipped,,22171
14287,2022-07-26,2022-08-19,2022-08-04,Shipped,Call before delivery.,24093
14288,2025-06-07,2025-06-20,2025-06-12,Shipped,Backorder — ship when available.,22616
14289,2022-04-04,2022-04-26,2022-04-13,Shipped,Priority customer — rush order.,23322
14290,2025-06-12,2025-07-04,2025-06-18,Disputed,Partial shipment approved by customer.,22592
14291,2025-08-28,2025-09-17,2025-08-31,Shipped,Customer requested expedited shipping.,23459
14292,2025-05-14,2025-05-21,2025-05-21,Shipped,Priority customer — rush order.,23782
14293,2024-11-29,2024-12-09,2024-12-02,Shipped,Call before delivery.,21944
14294,2026-02-21,2026-03-08,2026-02-25,Resolved,Backorder — ship when available.,21597
14295,2024-09-02,2024-09-15,,Cancelled,Fragile items — handle with care.,23082
14296,2024-11-03,2024-11-11,2024-11-07,Shipped,,22414
14297,2026-04-02,2026-04-25,2026-04-12,Shipped,,24958
14298,2022-04-16,2022-05-16,,Cancelled,,24188
14299,2023-11-19,2023-12-02,2023-11-27,Resolved,,24035
14300,2023-04-24,2023-05-03,2023-04-30,Shipped,,23487
14301,2026-03-08,2026-03-31,,In Process,,24597
14302,2022-01-14,2022-02-13,2022-01-22,Shipped,,22819
14303,2026-02-13,2026-03-13,2026-02-16,Shipped,Fragile items — handle with care.,22516
14304,2025-02-15,2025-02-23,2025-02-16,Shipped,Check stock before processing.,23433
14305,2025-03-20,2025-03-30,2025-03-30,Disputed,Fragile items — handle with care.,23464
14306,2025-12-10,2026-01-06,2025-12-13,Resolved,Verified credit before processing.,22012
14307,2022-11-26,2022-12-22,2022-11-29,Shipped,Fragile items — handle with care.,24793
14308,2024-12-29,2025-01-25,2025-01-07,Shipped,,24926
14309,2024-08-10,2024-09-01,2024-08-19,Shipped,Verified credit before processing.,22196
14310,2022-12-24,2023-01-23,2022-12-26,Disputed,Backorder — ship when available.,23986
14311,2023-05-01,2023-05-29,2023-05-07,Shipped,,22108
14312,2024-12-17,2025-01-07,2024-12-26,Disputed,Backorder — ship when available.,20457
14313,2025-12-27,2026-01-10,2026-01-05,Shipped,Please ship as soon as possible.,21480
14314,2024-04-10,2024-05-04,2024-04-11,Shipped,,23961
14315,2024-08-23,2024-09-06,2024-08-31,Shipped,Hold for customer confirmation.,24362
14316,2024-10-26,2024-11-06,2024-11-05,Shipped,Backorder — ship when available.,22403
14317,2023-09-03,2023-09-23,2023-09-05,Disputed,,20292
14318,2024-01-23,2024-02-19,2024-01-26,Shipped,Call before delivery.,21973
14319,2025-02-17,2025-03-01,2025-02-18,Disputed,,23863
14320,2025-09-01,2025-09-17,2025-09-11,Disputed,International shipment — customs docs needed.,23471
14321,2022-09-03,2022-10-03,2022-09-11,Shipped,,20768
14322,2025-08-30,2025-09-24,2025-09-07,Shipped,Priority customer — rush order.,22249
14323,2022-03-25,2022-04-21,2022-03-30,Shipped,,24803
14324,2024-11-07,2024-11-20,,Cancelled,Gift wrapping requested.,22391
14325,2026-04-07,2026-04-29,2026-04-12,Disputed,Customer requested expedited shipping.,24167
14326,2024-09-21,2024-10-18,2024-10-01,Resolved,Customer will pick up at warehouse.,21765
14327,2026-02-15,2026-03-15,2026-02-19,Shipped,Priority customer — rush order.,22704
14328,2023-06-20,2023-07-02,,Cancelled,,20554
14329,2023-09-08,2023-09-18,2023-09-14,Shipped,Partial shipment approved by customer.,20818
14330,2026-04-18,2026-04-28,,In Process,,23191
14331,2023-11-22,2023-12-08,2023-11-26,Shipped,Check stock before processing.,23415
14332,2023-09-28,2023-10-17,2023-10-08,Resolved,,23770
14333,2025-08-27,2025-09-06,2025-08-29,Shipped,International shipment — customs docs needed.,21220
14334,2025-08-18,2025-08-31,,Cancelled,,22029
14335,2022-09-11,2022-10-11,,In Process,Priority customer — rush order.,24842
14336,2022-10-31,2022-11-29,2022-11-07,Disputed,Please ship as soon as possible.,24342
14337,2026-04-15,2026-05-05,,Cancelled,Special discount applied.,23380
14338,2023-04-08,2023-04-22,2023-04-15,Shipped,Verified credit before processing.,24849
14339,2023-05-29,2023-06-17,2023-06-01,Shipped,Please ship as soon as possible.,21312
14340,2025-11-20,2025-12-18,2025-11-30,Shipped,International shipment — customs docs needed.,21917
14341,2022-04-13,2022-04-30,,On Hold,Partial shipment approved by customer.,23854
14342,2023-11-02,2023-11-21,,In Process,Call before delivery.,21587
14343,2023-12-17,2024-01-07,2023-12-23,Shipped,Hold for customer confirmation.,24815
14344,2026-05-03,2026-05-28,2026-05-05,Resolved,Check stock before processing.,24784
14345,2022-11-07,2022-12-03,2022-11-12,Resolved,Verified credit before processing.,24016
14346,2023-05-21,2023-06-17,2023-05-22,Disputed,,22796
14347,2022-03-28,2022-04-13,2022-04-02,Shipped,Call before delivery.,22065
14348,2023-04-11,2023-04-18,2023-04-15,Shipped,Partial shipment approved by customer.,22008
14349,2025-09-19,2025-10-09,2025-09-24,Shipped,Verified credit before processing.,21857
14350,2022-09-14,2022-10-10,,On Hold,Fragile items — handle with care.,23133
14351,2024-12-03,2024-12-29,,Cancelled,,22521
14352,2023-05-17,2023-06-14,2023-05-18,Shipped,Backorder — ship when available.,20158
14353,2025-03-12,2025-04-06,2025-03-17,Shipped,,22807
14354,2023-02-12,2023-03-02,2023-02-14,Shipped,Customer requested expedited shipping.,23043
14355,2024-10-10,2024-11-01,,On Hold,Priority customer — rush order.,24323
14356,2024-11-21,2024-12-06,,Cancelled,Check stock before processing.,24271
14357,2026-04-29,2026-05-09,2026-05-07,Shipped,,24086
14358,2025-11-22,2025-11-29,2025-12-02,Shipped,Please ship as soon as possible.,22678
14359,2024-02-08,2024-03-09,,In Process,,21812
14360,2022-06-07,2022-06-21,,On Hold,,22023
14361,2026-03-19,2026-04-10,,In Process,Special discount applied.,23991
14362,2025-07-07,2025-07-20,,Cancelled,Hold for customer confirmation.,22385
14363,2022-09-23,2022-10-10,,In Process,,20870
14364,2025-12-27,2026-01-08,2025-12-28,Shipped,,24421
14365,2023-06-07,2023-06-23,2023-06-12,Shipped,,22176
14366,2023-03-27,2023-04-07,2023-04-02,Shipped,,23299
14367,2022-09-01,2022-09-18,2022-09-06,Shipped,Please ship as soon as possible.,23364
14368,2023-12-18,2023-12-28,2023-12-26,Shipped,,23167
14369,2024-08-23,2024-09-19,2024-08-24,Shipped,Priority customer — rush order.,21951
14370,2025-06-24,2025-07-20,2025-07-01,Shipped,,24366
14371,2025-10-17,2025-10-26,,In Process,Special discount applied.,22155
14372,2023-03-14,2023-04-05,2023-03-23,Shipped,,20140
14373,2026-04-27,2026-05-23,,Cancelled,Call before delivery.,21415
14374,2024-12-08,2024-12-17,,Cancelled,Hold for customer confirmation.,20733
14375,2024-12-04,2024-12-20,2024-12-05,Resolved,,21381
14376,2023-12-18,2024-01-08,,Cancelled,Fragile items — handle with care.,20499
14377,2022-10-22,2022-10-29,2022-10-25,Shipped,,20284
14378,2022-01-17,2022-02-07,2022-01-26,Shipped,,23668
14379,2022-12-24,2023-01-04,2022-12-31,Shipped,Fragile items — handle with care.,23529
14380,2026-03-03,2026-03-14,2026-03-13,Shipped,Special discount applied.,24175
14381,2025-02-02,2025-02-15,2025-02-10,Shipped,,22713
14382,2023-07-08,2023-07-31,2023-07-17,Resolved,Hold for customer confirmation.,20625
14383,2025-05-07,2025-06-06,2025-05-11,Shipped,Special discount applied.,21631
14384,2024-02-24,2024-03-09,2024-02-25,Disputed,Customer requested expedited shipping.,23933
14385,2022-04-14,2022-04-28,2022-04-16,Shipped,,20273
14386,2024-04-28,2024-05-24,,In Process,,22224
14387,2025-08-06,2025-08-20,2025-08-16,Shipped,International shipment — customs docs needed.,24883
14388,2023-08-26,2023-09-06,2023-09-01,Shipped,,24602
14389,2023-12-23,2024-01-02,,On Hold,Priority customer — rush order.,21898
14390,2025-10-29,2025-11-13,2025-11-08,Shipped,Call before delivery.,23223
14391,2022-07-08,2022-08-05,2022-07-09,Shipped,,23857
14392,2025-01-07,2025-02-01,,In Process,Partial shipment approved by customer.,24618
14393,2024-09-30,2024-10-22,,Cancelled,Partial shipment approved by customer.,20652
14394,2023-03-20,2023-03-28,2023-03-30,Shipped,,20621
14395,2024-07-28,2024-08-22,,On Hold,Verified credit before processing.,24070
14396,2022-04-20,2022-05-07,,In Process,Special discount applied.,23940
14397,2026-04-25,2026-05-14,2026-04-30,Resolved,,22261
14398,2024-10-21,2024-11-02,2024-10-28,Shipped,Call before delivery.,22252
14399,2025-03-25,2025-04-09,2025-04-03,Shipped,,21206
14400,2022-08-07,2022-08-27,2022-08-12,Shipped,,22114
14401,2024-05-13,2024-06-12,,On Hold,Hold for customer confirmation.,21268
14402,2024-09-27,2024-10-18,2024-10-04,Resolved,International shipment — customs docs needed.,20623
14403,2026-05-14,2026-06-03,,On Hold,Partial shipment approved by customer.,20314
14404,2025-11-11,2025-11-21,2025-11-12,Resolved,Fragile items — handle with care.,23524
14405,2022-10-14,2022-11-11,2022-10-15,Shipped,,24562
14406,2024-03-16,2024-04-13,2024-03-23,Shipped,,22531
14407,2026-06-23,2026-07-01,2026-06-30,Shipped,,24824
14408,2022-12-06,2022-12-26,2022-12-15,Shipped,Please ship as soon as possible.,21959
14409,2022-08-20,2022-09-07,,In Process,Customer requested expedited shipping.,23691
14410,2024-08-26,2024-09-21,2024-09-05,Shipped,Special discount applied.,23545
14411,2024-04-25,2024-05-21,,On Hold,Replacement for damaged order.,21644
14412,2022-05-15,2022-06-08,2022-05-25,Disputed,Special discount applied.,22511
14413,2025-10-06,2025-10-15,2025-10-12,Shipped,Verified credit before processing.,20574
14414,2026-04-19,2026-05-15,2026-04-26,Shipped,,21031
14415,2022-05-28,2022-06-04,2022-06-07,Shipped,,22731
14416,2026-07-07,2026-07-20,2026-07-16,Shipped,Verified credit before processing.,20954
14417,2022-04-14,2022-05-14,2022-04-16,Shipped,,24613
14418,2026-02-10,2026-02-26,2026-02-19,Shipped,,23948
14419,2023-05-03,2023-05-26,2023-05-05,Shipped,,23157
14420,2023-12-16,2024-01-03,,Cancelled,Verified credit before processing.,20745
14421,2023-11-08,2023-11-28,2023-11-14,Resolved,Check stock before processing.,24750
14422,2022-01-02,2022-01-25,2022-01-07,Resolved,Replacement for damaged order.,22928
14423,2022-05-10,2022-05-31,2022-05-18,Disputed,Hold for customer confirmation.,24513
14424,2022-10-15,2022-11-04,2022-10-21,Shipped,Priority customer — rush order.,21258
14425,2026-04-06,2026-04-19,2026-04-13,Shipped,Verified credit before processing.,22209
14426,2023-07-13,2023-08-10,,In Process,Replacement for damaged order.,20823
14427,2024-04-10,2024-05-05,2024-04-13,Shipped,Special discount applied.,21559
14428,2026-04-29,2026-05-12,2026-05-03,Shipped,,22702
14429,2025-11-03,2025-12-03,2025-11-07,Disputed,Check stock before processing.,24981
14430,2024-09-14,2024-10-10,,In Process,Gift wrapping requested.,24121
14431,2023-04-26,2023-05-22,2023-04-29,Shipped,Gift wrapping requested.,22880
14432,2023-11-26,2023-12-09,2023-11-28,Shipped,,23157
14433,2024-10-20,2024-11-17,2024-10-28,Shipped,,21919
14434,2022-09-13,2022-10-13,2022-09-19,Shipped,Customer requested expedited shipping.,23392
14435,2024-03-03,2024-03-13,2024-03-07,Shipped,Replacement for damaged order.,20253
14436,2025-08-15,2025-09-06,2025-08-25,Resolved,Verified credit before processing.,24212
14437,2025-11-13,2025-12-02,,In Process,,21437
14438,2024-08-18,2024-09-17,2024-08-22,Shipped,,23024
14439,2023-05-06,2023-05-13,2023-05-12,Shipped,Priority customer — rush order.,21845
14440,2022-09-25,2022-10-06,,On Hold,,21160
14441,2024-01-21,2024-02-01,2024-01-25,Disputed,,23043
14442,2023-06-05,2023-06-27,2023-06-11,Disputed,Hold for customer confirmation.,23908
14443,2023-11-19,2023-11-30,2023-11-21,Shipped,Replacement for damaged order.,20948
14444,2023-12-08,2023-12-24,2023-12-09,Shipped,Backorder — ship when available.,23309
14445,2025-11-21,2025-12-19,,On Hold,,22121
14446,2025-12-29,2026-01-24,,Cancelled,,24152
14447,2024-11-03,2024-11-19,2024-11-13,Shipped,,22163
14448,2022-07-16,2022-07-28,2022-07-21,Shipped,Customer will pick up at warehouse.,20361
14449,2024-08-23,2024-09-10,,Cancelled,Verified credit before processing.,22917
14450,2025-07-24,2025-08-06,2025-08-03,Shipped,Hold for customer confirmation.,23891
14451,2022-04-02,2022-04-29,2022-04-08,Shipped,Check stock before processing.,21676
14452,2023-05-16,2023-06-03,,On Hold,International shipment — customs docs needed.,20508
14453,2025-09-10,2025-09-18,2025-09-12,Shipped,Customer will pick up at warehouse.,23003
14454,2023-08-01,2023-08-24,,In Process,Replacement for damaged order.,22479
14455,2025-01-07,2025-01-17,2025-01-12,Shipped,Gift wrapping requested.,23722
14456,2024-01-08,2024-02-03,2024-01-17,Resolved,Replacement for damaged order.,20805
14457,2022-03-12,2022-03-29,2022-03-14,Shipped,Verified credit before processing.,24106
14458,2026-05-05,2026-05-14,2026-05-13,Disputed,,22602
14459,2022-08-07,2022-08-22,,On Hold,,20325
14460,2023-06-21,2023-07-15,2023-06-30,Disputed,Check stock before processing.,22245
14461,2023-06-21,2023-07-21,,In Process,Verified credit before processing.,22501
14462,2022-08-29,2022-09-12,2022-09-02,Shipped,Gift wrapping requested.,20308
14463,2023-06-12,2023-06-26,2023-06-13,Shipped,,24152
14464,2025-10-04,2025-10-24,2025-10-09,Shipped,Gift wrapping requested.,20532
14465,2022-04-24,2022-05-03,2022-04-30,Shipped,,22047
14466,2024-07-27,2024-08-25,2024-08-03,Shipped,Gift wrapping requested.,21584
14467,2023-09-19,2023-10-18,2023-09-20,Shipped,Gift wrapping requested.,23077
14468,2026-07-11,2026-08-05,2026-07-20,Resolved,,23320
14469,2022-09-29,2022-10-29,,On Hold,,20773
14470,2024-03-24,2024-04-05,2024-03-29,Disputed,,22068
14471,2026-06-28,2026-07-15,2026-07-04,Shipped,Hold for customer confirmation.,22674
14472,2022-11-21,2022-12-11,2022-11-27,Resolved,Please ship as soon as possible.,23365
14473,2022-04-08,2022-04-27,2022-04-13,Shipped,Fragile items — handle with care.,24679
14474,2024-12-02,2024-12-10,2024-12-12,Resolved,,23465
14475,2024-11-19,2024-12-07,2024-11-25,Shipped,Special discount applied.,20378
14476,2022-01-18,2022-01-27,2022-01-23,Shipped,Gift wrapping requested.,21999
14477,2025-04-05,2025-05-03,2025-04-12,Shipped,,22875
14478,2024-11-29,2024-12-28,2024-12-05,Shipped,Verified credit before processing.,20362
14479,2024-04-28,2024-05-19,,On Hold,Verified credit before processing.,24762
14480,2022-04-26,2022-05-05,2022-05-04,Disputed,,22561
14481,2023-07-17,2023-08-15,2023-07-20,Shipped,Gift wrapping requested.,21606
14482,2025-08-28,2025-09-19,,On Hold,Replacement for damaged order.,20412
14483,2025-02-21,2025-02-28,2025-02-23,Shipped,,21409
14484,2023-11-13,2023-12-12,,On Hold,Check stock before processing.,22546
14485,2025-07-05,2025-08-02,,In Process,,22191
14486,2023-03-16,2023-04-10,,Cancelled,,23299
14487,2026-02-25,2026-03-24,2026-03-07,Resolved,Hold for customer confirmation.,23679
14488,2024-10-03,2024-10-11,2024-10-10,Shipped,Hold for customer confirmation.,21498
14489,2023-09-22,2023-10-03,2023-10-01,Disputed,,20488
14490,2023-08-30,2023-09-11,2023-09-02,Shipped,International shipment — customs docs needed.,20011
14491,2023-11-21,2023-12-04,,On Hold,Call before delivery.,20553
14492,2023-08-02,2023-08-23,2023-08-09,Shipped,Customer will pick up at warehouse.,21482
14493,2022-03-01,2022-03-10,2022-03-07,Disputed,,24111
14494,2023-05-27,2023-06-17,,Cancelled,International shipment — customs docs needed.,20210
14495,2026-07-16,2026-07-31,2026-07-17,Shipped,,20376
14496,2025-05-10,2025-05-17,2025-05-20,Resolved,International shipment — customs docs needed.,21424
14497,2023-11-18,2023-11-27,,In Process,Hold for customer confirmation.,24960
14498,2023-05-23,2023-05-31,,In Process,Priority customer — rush order.,21173
14499,2026-01-27,2026-02-24,2026-01-29,Shipped,Hold for customer confirmation.,22370
14500,2024-10-05,2024-10-28,2024-10-12,Disputed,Check stock before processing.,22145
14501,2026-04-05,2026-04-17,2026-04-06,Shipped,Gift wrapping requested.,24171
14502,2026-07-15,2026-08-10,2026-07-19,Shipped,Partial shipment approved by customer.,20538
14503,2025-10-14,2025-11-02,2025-10-24,Shipped,International shipment — customs docs needed.,24477
14504,2024-02-14,2024-03-14,2024-02-18,Shipped,Call before delivery.,21973
14505,2024-04-29,2024-05-29,,Cancelled,Partial shipment approved by customer.,21051
14506,2023-07-15,2023-07-24,,On Hold,International shipment — customs docs needed.,20273
14507,2025-03-27,2025-04-15,2025-04-06,Shipped,,20865
14508,2023-11-11,2023-11-18,,On Hold,Hold for customer confirmation.,23124
14509,2024-04-22,2024-05-02,,On Hold,,22376
14510,2022-12-18,2022-12-31,,Cancelled,,21455
14511,2022-08-15,2022-08-26,2022-08-18,Shipped,,21178
14512,2025-12-30,2026-01-27,2026-01-08,Disputed,Replacement for damaged order.,23152
14513,2024-08-11,2024-08-30,2024-08-17,Shipped,Backorder — ship when available.,23846
14514,2024-07-31,2024-08-15,2024-08-05,Shipped,Customer requested expedited shipping.,23706
14515,2026-07-09,2026-07-25,2026-07-14,Shipped,,22214
14516,2024-06-08,2024-06-16,2024-06-09,Resolved,Gift wrapping requested.,24206
14517,2026-03-16,2026-04-15,2026-03-26,Shipped,,20476
14518,2024-04-25,2024-05-08,2024-04-28,Disputed,,21603
14519,2024-06-07,2024-06-17,2024-06-14,Shipped,Customer requested expedited shipping.,20054
14520,2024-08-31,2024-09-27,,On Hold,Replacement for damaged order.,21091
14521,2026-07-11,2026-07-22,,On Hold,Customer requested expedited shipping.,24748
14522,2025-09-16,2025-10-03,2025-09-19,Disputed,Please ship as soon as possible.,20550
14523,2023-10-14,2023-11-07,2023-10-20,Shipped,Backorder — ship when available.,21774
14524,2025-06-10,2025-06-30,2025-06-13,Shipped,Fragile items — handle with care.,20311
14525,2024-10-20,2024-11-13,2024-10-24,Shipped,Verified credit before processing.,21330
14526,2024-02-28,2024-03-28,2024-03-05,Shipped,Hold for customer confirmation.,21980
14527,2023-07-17,2023-07-24,,Cancelled,Fragile items — handle with care.,24658
14528,2024-07-05,2024-08-03,,In Process,Fragile items — handle with care.,22218
14529,2023-03-16,2023-04-06,2023-03-17,Resolved,Priority customer — rush order.,22348
14530,2022-05-21,2022-05-31,2022-05-29,Shipped,,21961
14531,2025-02-15,2025-03-08,2025-02-23,Shipped,,21100
14532,2022-10-23,2022-11-22,2022-10-25,Shipped,Partial shipment approved by customer.,23714
14533,2022-10-15,2022-11-13,2022-10-21,Resolved,Partial shipment approved by customer.,21803
14534,2024-10-21,2024-10-31,2024-10-26,Shipped,Backorder — ship when available.,24967
14535,2024-01-04,2024-01-12,2024-01-07,Shipped,Customer will pick up at warehouse.,23605
14536,2025-08-27,2025-09-13,,In Process,Please ship as soon as possible.,20217
14537,2024-04-30,2024-05-18,2024-05-09,Shipped,Check stock before processing.,21817
14538,2022-03-20,2022-04-17,2022-03-30,Shipped,,21717
14539,2024-12-01,2024-12-12,2024-12-10,Shipped,,20387
14540,2024-04-06,2024-05-06,,In Process,Backorder — ship when available.,22899
14541,2024-06-29,2024-07-09,,In Process,Customer will pick up at warehouse.,22442
14542,2025-09-14,2025-09-27,2025-09-21,Disputed,,22096
14543,2024-03-12,2024-03-27,,Cancelled,Replacement for damaged order.,24793
14544,2024-06-21,2024-07-03,2024-06-30,Shipped,Gift wrapping requested.,21789
14545,2025-01-01,2025-01-20,,Cancelled,Replacement for damaged order.,22235
14546,2023-10-31,2023-11-24,2023-11-06,Shipped,,24955
14547,2025-04-24,2025-05-04,,In Process,Customer will pick up at warehouse.,22122
14548,2022-04-18,2022-05-08,,On Hold,Please ship as soon as possible.,24603
14549,2022-07-27,2022-08-21,,Cancelled,Priority customer — rush order.,20658
14550,2025-02-19,2025-03-16,2025-02-21,Disputed,Hold for customer confirmation.,20632
14551,2024-06-13,2024-06-21,2024-06-19,Shipped,Partial shipment approved by customer.,20050
14552,2024-07-06,2024-07-27,2024-07-14,Shipped,Call before delivery.,21962
14553,2023-05-29,2023-06-23,2023-06-05,Shipped,,22637
14554,2024-02-16,2024-03-07,,In Process,,23089
14555,2022-10-03,2022-10-12,2022-10-08,Resolved,,20076
14556,2026-04-04,2026-04-16,2026-04-06,Shipped,Replacement for damaged order.,21842
14557,2023-09-27,2023-10-20,2023-09-29,Shipped,Check stock before processing.,20653
14558,2026-06-08,2026-06-24,2026-06-15,Shipped,Please ship as soon as possible.,20532
14559,2025-02-11,2025-03-05,2025-02-21,Disputed,Verified credit before processing.,23422
14560,2023-06-17,2023-07-06,2023-06-25,Shipped,,23367
14561,2022-01-17,2022-01-31,,On Hold,Special discount applied.,22596
14562,2022-12-14,2023-01-12,2022-12-24,Shipped,,20108
14563,2026-03-24,2026-04-10,2026-03-25,Shipped,Customer will pick up at warehouse.,21402
14564,2024-12-13,2024-12-27,2024-12-15,Disputed,,23536
14565,2024-09-28,2024-10-06,2024-10-06,Disputed,Backorder — ship when available.,24250
14566,2024-07-06,2024-07-24,2024-07-09,Shipped,Gift wrapping requested.,20643
14567,2025-12-16,2025-12-28,,On Hold,Please ship as soon as possible.,22038
14568,2025-11-21,2025-12-03,2025-11-22,Resolved,,24643
14569,2026-05-13,2026-06-09,,In Process,,22557
14570,2024-11-02,2024-11-18,,On Hold,,21507
14571,2023-09-02,2023-09-11,2023-09-08,Disputed,Backorder — ship when available.,24589
14572,2025-01-13,2025-01-20,2025-01-16,Resolved,Partial shipment approved by customer.,21818
14573,2022-02-25,2022-03-15,2022-03-01,Shipped,Call before delivery.,20052
14574,2023-05-28,2023-06-24,2023-06-03,Shipped,,23109
14575,2023-07-07,2023-08-01,2023-07-08,Shipped,Backorder — ship when available.,20431
14576,2024-03-08,2024-03-21,,On Hold,,23674
14577,2024-02-10,2024-02-27,2024-02-20,Shipped,Fragile items — handle with care.,21846
14578,2025-03-14,2025-03-28,2025-03-16,Resolved,Customer will pick up at warehouse.,20281
14579,2026-07-19,2026-07-30,,On Hold,,20856
14580,2022-01-02,2022-01-26,2022-01-06,Shipped,,24396
14581,2024-12-09,2025-01-05,2024-12-11,Shipped,Verified credit before processing.,21311
14582,2026-02-18,2026-03-06,2026-02-24,Resolved,Customer will pick up at warehouse.,20842
14583,2023-02-18,2023-03-19,2023-02-26,Shipped,,23121
14584,2022-09-13,2022-09-22,,In Process,International shipment — customs docs needed.,20244
14585,2026-01-14,2026-02-05,,On Hold,,23026
14586,2024-08-16,2024-09-15,2024-08-25,Shipped,Customer requested expedited shipping.,20874
14587,2022-08-04,2022-08-26,2022-08-13,Resolved,,23078
14588,2025-08-10,2025-08-26,2025-08-15,Shipped,Call before delivery.,21565
14589,2024-03-16,2024-04-08,,Cancelled,Special discount applied.,24009
14590,2025-06-20,2025-07-01,2025-06-24,Resolved,Special discount applied.,20998
14591,2026-01-29,2026-02-15,2026-02-02,Shipped,Customer requested expedited shipping.,20326
14592,2023-04-14,2023-04-29,2023-04-19,Shipped,Verified credit before processing.,22288
14593,2025-09-06,2025-09-20,2025-09-09,Resolved,Hold for customer confirmation.,20422
14594,2023-02-01,2023-02-26,,Cancelled,Special discount applied.,22914
14595,2022-03-24,2022-04-13,2022-04-01,Resolved,,23731
14596,2025-08-08,2025-09-05,2025-08-10,Shipped,Replacement for damaged order.,23159
14597,2026-05-20,2026-06-19,,On Hold,Partial shipment approved by customer.,20793
14598,2025-12-29,2026-01-22,2025-12-31,Shipped,Check stock before processing.,22480
14599,2024-09-23,2024-10-14,2024-09-27,Disputed,Customer requested expedited shipping.,23537
14600,2023-01-12,2023-02-07,,Cancelled,,21165
14601,2025-05-10,2025-06-07,2025-05-14,Shipped,Gift wrapping requested.,21438
14602,2025-02-12,2025-03-03,,Cancelled,Call before delivery.,20144
14603,2026-04-19,2026-05-15,2026-04-28,Shipped,,20488
14604,2023-06-27,2023-07-14,,On Hold,,24921
14605,2024-04-21,2024-05-21,2024-04-24,Disputed,Backorder — ship when available.,20415
14606,2025-07-24,2025-08-18,2025-07-25,Shipped,Please ship as soon as possible.,24213
14607,2024-02-03,2024-02-27,2024-02-04,Shipped,,22672
14608,2026-04-03,2026-04-17,2026-04-13,Disputed,Backorder — ship when available.,20702
14609,2022-03-25,2022-04-11,,On Hold,Customer will pick up at warehouse.,24516
14610,2026-07-13,2026-07-21,2026-07-20,Resolved,,24210
14611,2025-10-23,2025-11-20,,Cancelled,Priority customer — rush order.,22679
14612,2025-08-09,2025-09-01,2025-08-17,Shipped,Customer will pick up at warehouse.,23124
14613,2022-09-01,2022-09-26,,On Hold,Fragile items — handle with care.,20242
14614,2025-06-24,2025-07-03,2025-06-28,Shipped,,20844
14615,2025-10-30,2025-11-13,2025-11-08,Resolved,Replacement for damaged order.,23439
14616,2024-12-25,2025-01-21,2024-12-29,Shipped,Backorder — ship when available.,21568
14617,2024-10-27,2024-11-15,2024-11-04,Shipped,Customer requested expedited shipping.,20045
14618,2023-04-05,2023-05-02,2023-04-09,Resolved,Backorder — ship when available.,23000
14619,2024-06-09,2024-06-19,,On Hold,,24466
14620,2024-08-30,2024-09-14,2024-09-06,Resolved,Gift wrapping requested.,24143
14621,2026-06-19,2026-07-08,2026-06-27,Shipped,,24125
14622,2023-02-26,2023-03-08,2023-03-01,Shipped,Check stock before processing.,21283
14623,2023-09-07,2023-09-28,2023-09-13,Shipped,Call before delivery.,21006
14624,2024-10-26,2024-11-15,,On Hold,,21325
14625,2023-06-14,2023-07-02,2023-06-23,Shipped,,20949
14626,2023-03-11,2023-04-07,,On Hold,,22414
14627,2022-09-15,2022-09-23,2022-09-21,Resolved,Backorder — ship when available.,24781
14628,2026-03-09,2026-03-26,2026-03-10,Shipped,Gift wrapping requested.,22577
14629,2023-01-04,2023-01-25,,Cancelled,Fragile items — handle with care.,21930
14630,2025-02-09,2025-02-22,2025-02-10,Shipped,Call before delivery.,20181
14631,2023-03-02,2023-04-01,2023-03-10,Shipped,Customer will pick up at warehouse.,23690
14632,2022-08-25,2022-09-22,2022-09-01,Shipped,,22281
14633,2024-10-21,2024-10-31,,Cancelled,,24501
14634,2025-12-18,2026-01-03,,Cancelled,International shipment — customs docs needed.,23085
14635,2026-02-02,2026-02-14,,On Hold,Please ship as soon as possible.,21888
14636,2022-08-22,2022-09-17,2022-08-27,Shipped,,21021
14637,2023-08-31,2023-09-24,2023-09-08,Shipped,,21389
14638,2026-06-15,2026-07-07,2026-06-18,Shipped,,24391
14639,2025-12-05,2025-12-28,2025-12-12,Shipped,,20270
14640,2022-04-08,2022-05-06,2022-04-09,Shipped,,24184
14641,2022-03-17,2022-04-02,,In Process,Hold for customer confirmation.,21404
14642,2022-01-05,2022-01-12,2022-01-11,Disputed,Please ship as soon as possible.,23068
14643,2023-06-20,2023-06-30,,On Hold,Customer requested expedited shipping.,20479
14644,2024-06-24,2024-07-12,2024-06-27,Shipped,,24644
14645,2024-01-13,2024-02-07,2024-01-18,Resolved,Gift wrapping requested.,24202
14646,2023-06-23,2023-07-23,,On Hold,,20709
14647,2023-07-04,2023-08-01,,In Process,Backorder — ship when available.,22255
14648,2026-03-16,2026-04-09,2026-03-26,Shipped,Partial shipment approved by customer.,24033
14649,2023-12-04,2023-12-23,2023-12-12,Shipped,Fragile items — handle with care.,24562
14650,2023-05-24,2023-06-14,,On Hold,,24556
14651,2023-03-05,2023-03-18,2023-03-13,Resolved,,21543
14652,2023-07-16,2023-07-27,,On Hold,Customer will pick up at warehouse.,21569
14653,2023-11-10,2023-12-03,2023-11-19,Shipped,Verified credit before processing.,24605
14654,2023-02-23,2023-03-10,2023-03-04,Shipped,,23838
14655,2022-06-28,2022-07-11,2022-07-06,Shipped,,22032
14656,2022-02-27,2022-03-19,2022-03-02,Shipped,,24243
14657,2025-02-28,2025-03-16,2025-03-02,Resolved,Partial shipment approved by customer.,22198
14658,2024-12-20,2025-01-12,2024-12-29,Shipped,Check stock before processing.,23721
14659,2024-05-09,2024-05-21,,Cancelled,Replacement for damaged order.,24476
14660,2026-03-09,2026-03-30,,On Hold,,21458
14661,2022-10-04,2022-11-01,2022-10-13,Resolved,Replacement for damaged order.,22549
14662,2023-06-03,2023-06-19,,In Process,Replacement for damaged order.,23457
14663,2025-04-17,2025-05-14,2025-04-18,Shipped,Customer will pick up at warehouse.,23862
14664,2025-05-03,2025-05-18,2025-05-07,Shipped,,24790
14665,2026-05-17,2026-06-11,2026-05-26,Shipped,Check stock before processing.,24418
14666,2025-04-21,2025-05-15,,In Process,,20489
14667,2024-04-02,2024-04-27,2024-04-04,Shipped,Verified credit before processing.,23470
14668,2022-12-12,2022-12-23,2022-12-17,Shipped,Customer requested expedited shipping.,22621
14669,2023-05-06,2023-05-27,2023-05-12,Shipped,,23689
14670,2022-07-11,2022-07-19,2022-07-18,Disputed,Call before delivery.,22677
14671,2025-05-28,2025-06-15,2025-06-07,Shipped,Call before delivery.,21134
14672,2022-08-01,2022-08-20,,Cancelled,Call before delivery.,21308
14673,2025-11-06,2025-11-30,,In Process,Priority customer — rush order.,24710
14674,2025-01-21,2025-02-15,2025-01-25,Shipped,,22438
14675,2023-08-28,2023-09-14,2023-09-06,Shipped,Call before delivery.,23181
14676,2026-07-18,2026-07-29,,In Process,Priority customer — rush order.,20557
14677,2022-01-03,2022-01-16,2022-01-07,Shipped,Hold for customer confirmation.,22170
14678,2022-05-18,2022-05-28,,On Hold,Partial shipment approved by customer.,23942
14679,2024-04-14,2024-04-21,2024-04-17,Shipped,,23652
14680,2025-03-05,2025-03-13,,In Process,Backorder — ship when available.,21891
14681,2022-08-11,2022-08-29,2022-08-16,Shipped,Hold for customer confirmation.,23314
14682,2025-04-09,2025-04-21,2025-04-18,Shipped,,21745
14683,2022-06-18,2022-06-30,2022-06-26,Shipped,International shipment — customs docs needed.,21941
14684,2025-06-19,2025-07-04,2025-06-29,Shipped,,22859
14685,2024-11-10,2024-12-05,,On Hold,Check stock before processing.,22226
14686,2026-02-10,2026-02-22,2026-02-19,Disputed,Customer requested expedited shipping.,24998
14687,2023-03-21,2023-04-11,2023-03-29,Resolved,Please ship as soon as possible.,23975
14688,2025-01-01,2025-01-10,2025-01-04,Shipped,Customer requested expedited shipping.,20211
14689,2024-03-23,2024-04-21,2024-04-02,Shipped,,24085
14690,2023-03-17,2023-04-12,2023-03-22,Shipped,Please ship as soon as possible.,20127
14691,2023-06-12,2023-07-06,,Cancelled,Priority customer — rush order.,24191
14692,2024-12-16,2024-12-31,2024-12-23,Shipped,,21266
14693,2026-02-16,2026-03-11,2026-02-19,Shipped,Verified credit before processing.,23731
14694,2026-02-05,2026-02-13,2026-02-10,Shipped,Customer will pick up at warehouse.,23906
14695,2026-07-09,2026-08-04,2026-07-11,Resolved,Check stock before processing.,22111
14696,2024-05-06,2024-06-02,2024-05-08,Shipped,,22762
14697,2023-07-15,2023-07-27,2023-07-23,Shipped,,24914
14698,2025-09-11,2025-10-08,2025-09-17,Shipped,Call before delivery.,21632
14699,2024-12-21,2025-01-17,2024-12-28,Shipped,Fragile items — handle with care.,24271
14700,2025-11-25,2025-12-06,2025-12-04,Shipped,Verified credit before processing.,22530
14701,2022-05-28,2022-06-22,2022-06-04,Shipped,Gift wrapping requested.,23161
14702,2025-10-24,2025-11-02,,On Hold,Backorder — ship when available.,20596
14703,2024-04-15,2024-05-01,2024-04-24,Disputed,,24726
14704,2022-01-06,2022-01-18,2022-01-10,Shipped,Customer will pick up at warehouse.,23008
14705,2023-02-01,2023-03-02,2023-02-06,Shipped,Check stock before processing.,24902
14706,2023-04-17,2023-05-05,2023-04-21,Shipped,,22881
14707,2024-11-27,2024-12-08,,In Process,Special discount applied.,20685
14708,2023-06-05,2023-06-27,2023-06-11,Resolved,,24230
14709,2025-06-25,2025-07-16,,In Process,Customer will pick up at warehouse.,21369
14710,2023-10-01,2023-10-12,2023-10-07,Shipped,Special discount applied.,21087
14711,2023-01-04,2023-02-01,2023-01-13,Shipped,Customer will pick up at warehouse.,23454
14712,2024-02-27,2024-03-15,2024-03-08,Disputed,,21827
14713,2024-03-10,2024-04-08,2024-03-15,Shipped,Customer requested expedited shipping.,24039
14714,2023-09-02,2023-09-15,2023-09-04,Shipped,Gift wrapping requested.,22203
14715,2022-03-10,2022-04-03,2022-03-11,Shipped,International shipment — customs docs needed.,24610
14716,2025-02-23,2025-03-20,,On Hold,Replacement for damaged order.,23885
14717,2024-12-15,2024-12-28,,On Hold,Priority customer — rush order.,22197
14718,2024-08-23,2024-09-17,2024-08-25,Resolved,Customer requested expedited shipping.,22971
14719,2022-10-07,2022-10-23,,Cancelled,Special discount applied.,20802
14720,2022-05-09,2022-06-01,2022-05-12,Shipped,,22856
14721,2022-07-13,2022-07-21,2022-07-20,Shipped,Priority customer — rush order.,24329
14722,2025-10-23,2025-10-30,2025-10-27,Shipped,Fragile items — handle with care.,22845
14723,2023-12-14,2024-01-06,2023-12-15,Shipped,International shipment — customs docs needed.,24868
14724,2022-02-23,2022-03-09,2022-02-26,Shipped,,22611
14725,2022-06-22,2022-06-29,,On Hold,Backorder — ship when available.,23881
14726,2022-05-29,2022-06-12,,On Hold,,20693
14727,2022-06-05,2022-06-25,2022-06-07,Shipped,,20419
14728,2022-03-11,2022-03-19,2022-03-12,Resolved,Special discount applied.,20587
14729,2024-10-15,2024-11-05,2024-10-25,Shipped,Hold for customer confirmation.,20598
14730,2026-02-08,2026-02-20,2026-02-16,Resolved,Call before delivery.,20138
14731,2024-03-07,2024-03-25,2024-03-09,Shipped,Customer will pick up at warehouse.,20675
14732,2022-01-17,2022-01-24,2022-01-19,Shipped,Replacement for damaged order.,20259
14733,2025-09-02,2025-09-13,2025-09-03,Shipped,Customer will pick up at warehouse.,21880
14734,2023-09-27,2023-10-14,2023-10-07,Shipped,,24063
14735,2025-11-10,2025-12-07,2025-11-20,Shipped,Backorder — ship when available.,20497
14736,2024-03-21,2024-03-30,,Cancelled,,21917
14737,2024-01-17,2024-02-05,2024-01-24,Shipped,Partial shipment approved by customer.,23237
14738,2023-12-23,2024-01-08,2023-12-27,Shipped,Replacement for damaged order.,23529
14739,2025-11-09,2025-11-19,,Cancelled,Verified credit before processing.,23294
14740,2022-10-09,2022-11-01,,Cancelled,Replacement for damaged order.,23225
14741,2025-08-22,2025-09-03,,In Process,,21355
14742,2023-07-31,2023-08-10,,In Process,International shipment — customs docs needed.,22149
14743,2026-07-20,2026-08-16,2026-07-20,Disputed,,20451
14744,2022-07-08,2022-08-07,2022-07-14,Shipped,Priority customer — rush order.,21791
14745,2023-12-13,2024-01-10,2023-12-18,Resolved,Check stock before processing.,22083
14746,2022-05-24,2022-06-18,2022-06-02,Shipped,Call before delivery.,20242
14747,2026-06-12,2026-07-10,2026-06-17,Shipped,Verified credit before processing.,20574
14748,2025-02-16,2025-02-27,2025-02-22,Shipped,,21884
14749,2026-01-15,2026-01-31,2026-01-24,Shipped,Call before delivery.,24428
14750,2022-02-23,2022-03-16,2022-03-01,Shipped,,22438
14751,2023-04-10,2023-04-29,,On Hold,,22373
14752,2026-07-14,2026-08-05,,In Process,International shipment — customs docs needed.,24880
14753,2024-12-12,2024-12-29,2024-12-18,Shipped,,24727
14754,2022-09-13,2022-09-29,2022-09-14,Disputed,Partial shipment approved by customer.,21889
14755,2024-10-11,2024-10-21,,In Process,,23673
14756,2023-09-05,2023-09-12,,Cancelled,,22215
14757,2022-04-06,2022-04-21,2022-04-15,Resolved,Partial shipment approved by customer.,21494
14758,2026-06-30,2026-07-08,2026-07-08,Shipped,,23095
14759,2025-04-20,2025-05-15,2025-04-24,Shipped,Check stock before processing.,20711
14760,2025-08-27,2025-09-22,2025-09-05,Shipped,Check stock before processing.,24723
14761,2025-06-27,2025-07-04,2025-07-01,Shipped,Priority customer — rush order.,23386
14762,2025-09-06,2025-09-20,2025-09-08,Shipped,Please ship as soon as possible.,23212
14763,2024-03-25,2024-04-17,2024-03-28,Resolved,,24891
14764,2022-01-03,2022-01-26,2022-01-09,Shipped,Check stock before processing.,24222
14765,2022-06-18,2022-07-03,2022-06-26,Shipped,Priority customer — rush order.,20364
14766,2026-05-02,2026-05-18,,On Hold,,23746
14767,2025-09-13,2025-09-24,,Cancelled,,24354
14768,2026-05-29,2026-06-10,2026-06-07,Shipped,Verified credit before processing.,23959
14769,2024-06-05,2024-06-27,2024-06-13,Shipped,Verified credit before processing.,22810
14770,2023-08-16,2023-09-14,2023-08-21,Shipped,Gift wrapping requested.,24166
14771,2026-03-06,2026-03-16,,In Process,Partial shipment approved by customer.,22400
14772,2025-11-03,2025-12-03,2025-11-06,Shipped,Backorder — ship when available.,21864
14773,2024-03-01,2024-03-18,2024-03-05,Shipped,Replacement for damaged order.,24272
14774,2026-07-20,2026-08-18,,Cancelled,Customer requested expedited shipping.,23326
14775,2024-07-10,2024-07-26,2024-07-11,Resolved,Replacement for damaged order.,21527
14776,2023-06-15,2023-07-09,2023-06-21,Shipped,Hold for customer confirmation.,24145
14777,2023-12-13,2024-01-09,2023-12-14,Shipped,,22628
14778,2023-04-18,2023-05-10,2023-04-27,Resolved,Please ship as soon as possible.,22236
14779,2022-05-27,2022-06-22,,Cancelled,Verified credit before processing.,21071
14780,2024-04-26,2024-05-13,,In Process,Special discount applied.,22799
14781,2025-05-31,2025-06-14,2025-06-03,Shipped,Hold for customer confirmation.,23708
14782,2022-10-04,2022-10-19,2022-10-07,Disputed,,22617
14783,2025-09-04,2025-09-11,2025-09-12,Shipped,,23060
14784,2022-10-21,2022-11-17,2022-10-27,Disputed,Special discount applied.,24898
14785,2022-03-29,2022-04-27,2022-03-30,Shipped,Partial shipment approved by customer.,21175
14786,2024-05-19,2024-06-04,2024-05-25,Shipped,Customer will pick up at warehouse.,22646
14787,2023-07-08,2023-07-17,2023-07-11,Shipped,Call before delivery.,23910
14788,2022-12-12,2023-01-09,2022-12-16,Shipped,,24011
14789,2025-09-11,2025-10-10,2025-09-21,Resolved,Backorder — ship when available.,20941
14790,2023-09-16,2023-09-29,,Cancelled,,23276
14791,2022-01-19,2022-01-26,,In Process,Check stock before processing.,21610
14792,2025-11-17,2025-11-26,2025-11-18,Resolved,International shipment — customs docs needed.,21550
14793,2026-03-27,2026-04-06,,Cancelled,,20252
14794,2025-05-18,2025-05-29,2025-05-23,Shipped,Hold for customer confirmation.,23822
14795,2025-10-17,2025-10-31,2025-10-18,Shipped,,20386
14796,2025-08-24,2025-09-13,2025-09-01,Shipped,Replacement for damaged order.,20878
14797,2024-03-30,2024-04-27,,In Process,Backorder — ship when available.,23360
14798,2026-01-26,2026-02-06,,On Hold,Call before delivery.,20386
14799,2023-08-01,2023-08-31,2023-08-05,Disputed,Customer requested expedited shipping.,23751
14800,2025-03-19,2025-04-10,2025-03-26,Shipped,Customer will pick up at warehouse.,20809
14801,2025-07-12,2025-07-24,2025-07-15,Resolved,Hold for customer confirmation.,20548
14802,2026-04-11,2026-04-26,2026-04-20,Disputed,Backorder — ship when available.,20249
14803,2026-03-12,2026-04-06,,Cancelled,,22359
14804,2025-10-29,2025-11-07,2025-11-03,Resolved,,21902
14805,2023-10-03,2023-10-28,2023-10-08,Shipped,Gift wrapping requested.,22855
14806,2025-10-01,2025-10-17,2025-10-06,Shipped,International shipment — customs docs needed.,20859
14807,2025-11-10,2025-12-02,2025-11-20,Shipped,Gift wrapping requested.,22694
14808,2023-01-30,2023-02-24,2023-02-05,Shipped,Partial shipment approved by customer.,21192
14809,2025-06-17,2025-07-16,2025-06-19,Shipped,,21453
14810,2024-01-12,2024-02-09,,On Hold,,24558
14811,2023-07-06,2023-07-15,,On Hold,,20666
14812,2022-09-15,2022-10-09,,On Hold,Gift wrapping requested.,21649
14813,2024-02-27,2024-03-10,2024-02-28,Shipped,,20326
14814,2024-02-05,2024-02-22,2024-02-07,Shipped,Please ship as soon as possible.,20608
14815,2023-06-25,2023-07-14,2023-06-26,Shipped,Please ship as soon as possible.,22663
14816,2023-04-24,2023-05-19,2023-05-04,Shipped,Replacement for damaged order.,22102
14817,2023-09-03,2023-09-28,2023-09-07,Resolved,Fragile items — handle with care.,24321
14818,2025-05-14,2025-06-01,,On Hold,,23245
14819,2024-08-07,2024-09-06,2024-08-14,Shipped,Replacement for damaged order.,22712
14820,2024-01-15,2024-02-14,,In Process,,20481
14821,2025-06-05,2025-06-14,2025-06-13,Shipped,Special discount applied.,23626
14822,2022-11-26,2022-12-04,,In Process,,22877
14823,2026-05-16,2026-06-13,2026-05-26,Resolved,,24421
14824,2025-02-18,2025-03-10,2025-02-27,Shipped,Please ship as soon as possible.,23927
14825,2023-11-15,2023-12-10,2023-11-23,Shipped,Gift wrapping requested.,23259
14826,2022-03-13,2022-04-04,2022-03-18,Shipped,Please ship as soon as possible.,22907
14827,2022-05-11,2022-05-21,2022-05-19,Shipped,Customer requested expedited shipping.,24987
14828,2025-02-23,2025-03-13,2025-02-26,Shipped,Call before delivery.,24905
14829,2022-08-10,2022-08-17,,On Hold,,24075
14830,2024-07-23,2024-08-07,,Cancelled,Partial shipment approved by customer.,24854
14831,2025-10-19,2025-10-29,,On Hold,Fragile items — handle with care.,22861
14832,2026-04-23,2026-05-15,,On Hold,Customer will pick up at warehouse.,24028
14833,2025-10-11,2025-10-18,2025-10-15,Resolved,,21757
14834,2023-04-30,2023-05-21,2023-05-02,Disputed,Please ship as soon as possible.,24829
14835,2025-07-12,2025-07-31,2025-07-22,Shipped,Check stock before processing.,20939
14836,2023-04-08,2023-04-16,2023-04-18,Shipped,,20336
14837,2023-11-17,2023-12-10,,Cancelled,,21415
14838,2024-05-27,2024-06-22,2024-06-03,Resolved,,22596
14839,2026-06-28,2026-07-12,2026-07-07,Shipped,International shipment — customs docs needed.,21931
14840,2025-11-01,2025-11-08,2025-11-04,Resolved,Replacement for damaged order.,24796
14841,2024-04-24,2024-05-09,2024-05-01,Disputed,Replacement for damaged order.,21298
14842,2023-07-08,2023-08-06,,In Process,Hold for customer confirmation.,21699
14843,2024-07-31,2024-08-11,2024-08-09,Shipped,Verified credit before processing.,21222
14844,2026-07-18,2026-07-29,,On Hold,Verified credit before processing.,24583
14845,2024-12-10,2024-12-17,2024-12-19,Shipped,,24885
14846,2025-07-26,2025-08-16,2025-08-01,Resolved,Hold for customer confirmation.,23192
14847,2023-11-20,2023-12-09,2023-11-26,Shipped,Replacement for damaged order.,21558
14848,2023-05-31,2023-06-08,2023-06-10,Resolved,Priority customer — rush order.,20471
14849,2025-02-07,2025-02-27,2025-02-14,Shipped,Partial shipment approved by customer.,24706
14850,2024-06-03,2024-07-03,2024-06-08,Shipped,Call before delivery.,22513
14851,2025-06-04,2025-07-04,,In Process,Customer requested expedited shipping.,22577
14852,2024-08-25,2024-09-11,,Cancelled,Hold for customer confirmation.,23230
14853,2023-01-22,2023-02-10,2023-02-01,Shipped,,23410
14854,2025-02-18,2025-02-28,2025-02-24,Disputed,Priority customer — rush order.,23308
14855,2025-11-03,2025-11-18,2025-11-06,Shipped,,20775
14856,2022-07-01,2022-07-16,2022-07-10,Shipped,,22267
14857,2022-03-26,2022-04-18,2022-03-30,Shipped,,23892
14858,2025-01-16,2025-01-28,2025-01-23,Shipped,Special discount applied.,24444
14859,2026-04-16,2026-05-08,2026-04-23,Shipped,,21001
14860,2022-07-08,2022-07-27,2022-07-18,Shipped,Special discount applied.,22768
14861,2022-01-02,2022-01-26,2022-01-10,Shipped,Customer requested expedited shipping.,20908
14862,2022-01-15,2022-02-04,2022-01-17,Shipped,Gift wrapping requested.,21499
14863,2024-06-24,2024-07-07,2024-06-26,Shipped,Gift wrapping requested.,23799
14864,2024-06-18,2024-06-28,2024-06-19,Disputed,,20720
14865,2024-08-20,2024-09-10,2024-08-28,Shipped,Gift wrapping requested.,22999
14866,2022-12-10,2023-01-09,2022-12-14,Shipped,,21391
14867,2024-07-18,2024-07-28,2024-07-23,Shipped,Partial shipment approved by customer.,20442
14868,2022-05-08,2022-05-25,,On Hold,Gift wrapping requested.,21932
14869,2023-01-05,2023-02-03,2023-01-06,Shipped,,22041
14870,2024-01-08,2024-01-31,,In Process,,24703
14871,2025-02-02,2025-03-02,2025-02-07,Shipped,Customer will pick up at warehouse.,20408
14872,2023-10-22,2023-11-12,2023-10-28,Shipped,Customer will pick up at warehouse.,20509
14873,2025-05-06,2025-06-01,2025-05-14,Disputed,Partial shipment approved by customer.,23068
14874,2022-04-11,2022-04-30,,In Process,Replacement for damaged order.,24212
14875,2022-09-08,2022-09-23,2022-09-17,Shipped,Check stock before processing.,22099
14876,2024-09-24,2024-10-08,2024-10-04,Shipped,,24704
14877,2023-10-06,2023-11-03,2023-10-07,Shipped,Hold for customer confirmation.,21436
14878,2024-02-20,2024-03-04,2024-02-28,Shipped,Check stock before processing.,21081
14879,2026-04-09,2026-04-17,,In Process,,23745
14880,2022-10-16,2022-11-05,,In Process,Special discount applied.,23721
14881,2026-01-13,2026-01-29,2026-01-21,Shipped,Verified credit before processing.,20790
14882,2024-03-04,2024-03-26,2024-03-09,Shipped,Replacement for damaged order.,23989
14883,2025-08-16,2025-09-10,,Cancelled,,23721
14884,2024-03-14,2024-04-02,2024-03-24,Shipped,,23197
14885,2025-04-22,2025-05-09,2025-04-27,Resolved,Special discount applied.,20106
14886,2026-02-02,2026-02-20,2026-02-03,Shipped,,20418
14887,2023-05-09,2023-05-24,2023-05-11,Shipped,International shipment — customs docs needed.,23584
14888,2025-01-04,2025-01-21,,Cancelled,Hold for customer confirmation.,21801
14889,2022-10-14,2022-11-03,2022-10-19,Disputed,,24822
14890,2022-04-14,2022-04-29,2022-04-19,Shipped,Backorder — ship when available.,22294
14891,2025-03-07,2025-03-24,2025-03-09,Shipped,,20004
14892,2024-04-04,2024-04-26,2024-04-12,Shipped,Verified credit before processing.,23498
14893,2024-08-04,2024-08-22,2024-08-08,Shipped,Replacement for damaged order.,21929
14894,2026-03-01,2026-03-20,,Cancelled,Customer requested expedited shipping.,20079
14895,2026-05-22,2026-06-04,,In Process,,24929
14896,2024-12-17,2024-12-27,,On Hold,Priority customer — rush order.,23609
14897,2024-01-18,2024-02-09,2024-01-22,Shipped,,24292
14898,2026-05-27,2026-06-04,2026-06-05,Shipped,,20295
14899,2026-04-28,2026-05-21,2026-05-03,Disputed,,21797
14900,2024-01-19,2024-02-09,2024-01-25,Shipped,Customer will pick up at warehouse.,20682
14901,2023-03-27,2023-04-06,2023-04-05,Shipped,,21897
14902,2023-12-05,2023-12-30,2023-12-11,Shipped,Special discount applied.,24821
14903,2024-06-21,2024-07-15,2024-06-28,Shipped,,22060
14904,2025-02-25,2025-03-21,,Cancelled,,22836
14905,2026-07-15,2026-07-23,2026-07-19,Shipped,Priority customer — rush order.,22475
14906,2022-11-09,2022-12-04,,On Hold,Please ship as soon as possible.,23807
14907,2023-08-16,2023-08-25,2023-08-22,Disputed,Fragile items — handle with care.,24688
14908,2025-02-22,2025-03-23,,On Hold,Hold for customer confirmation.,23876
14909,2023-01-10,2023-02-02,2023-01-16,Shipped,Priority customer — rush order.,20812
14910,2022-03-05,2022-03-31,2022-03-11,Shipped,,20798
14911,2022-06-12,2022-07-11,2022-06-14,Shipped,Hold for customer confirmation.,22829
14912,2026-07-09,2026-07-19,2026-07-15,Disputed,International shipment — customs docs needed.,21337
14913,2022-07-22,2022-08-06,2022-07-29,Shipped,Call before delivery.,24650
14914,2023-12-01,2023-12-21,2023-12-04,Shipped,,20046
14915,2024-09-08,2024-09-26,2024-09-18,Shipped,Customer will pick up at warehouse.,22649
14916,2025-08-18,2025-08-29,2025-08-23,Disputed,Gift wrapping requested.,23550
14917,2026-02-04,2026-02-15,,Cancelled,Fragile items — handle with care.,23232
14918,2024-06-03,2024-06-17,2024-06-11,Shipped,,24320
14919,2022-03-23,2022-04-17,2022-03-27,Resolved,Check stock before processing.,22733
14920,2022-02-02,2022-02-16,,In Process,Special discount applied.,22081
14921,2024-03-02,2024-03-10,2024-03-08,Shipped,Check stock before processing.,24271
14922,2026-03-05,2026-03-27,2026-03-14,Shipped,Backorder — ship when available.,21867
14923,2026-03-28,2026-04-09,2026-04-05,Disputed,,23064
14924,2025-06-26,2025-07-21,2025-07-03,Shipped,,23032
14925,2024-10-10,2024-10-19,2024-10-20,Shipped,Hold for customer confirmation.,23837
14926,2024-09-30,2024-10-10,2024-10-07,Shipped,,20325
14927,2024-05-24,2024-06-14,2024-06-02,Shipped,Special discount applied.,22834
14928,2024-11-27,2024-12-23,2024-12-02,Resolved,Backorder — ship when available.,23541
14929,2023-08-18,2023-08-31,2023-08-21,Shipped,Hold for customer confirmation.,20589
14930,2024-06-12,2024-06-24,2024-06-13,Shipped,Gift wrapping requested.,20994
14931,2025-12-07,2025-12-21,2025-12-08,Shipped,Replacement for damaged order.,23258
14932,2026-02-17,2026-03-10,2026-02-20,Shipped,Check stock before processing.,23941
14933,2022-01-29,2022-02-17,2022-02-05,Shipped,,24140
14934,2023-11-18,2023-12-02,2023-11-22,Shipped,,23072
14935,2025-01-17,2025-02-10,2025-01-26,Disputed,,23887
14936,2024-04-22,2024-05-19,2024-05-01,Shipped,Check stock before processing.,24130
14937,2025-09-28,2025-10-26,2025-10-02,Shipped,Priority customer — rush order.,20937
14938,2023-06-12,2023-06-26,2023-06-13,Disputed,,24610
14939,2025-07-25,2025-08-04,2025-07-29,Shipped,Partial shipment approved by customer.,23516
14940,2026-01-27,2026-02-18,2026-01-30,Disputed,,22793
14941,2025-02-15,2025-03-01,,On Hold,Customer requested expedited shipping.,21083
14942,2022-07-18,2022-08-12,,Cancelled,,24388
14943,2026-01-08,2026-01-29,,On Hold,Call before delivery.,24332
14944,2025-02-13,2025-03-09,2025-02-22,Resolved,Customer will pick up at warehouse.,22760
14945,2025-11-14,2025-12-14,,Cancelled,,23562
14946,2025-06-01,2025-06-18,2025-06-02,Shipped,,23738
14947,2024-04-19,2024-05-18,2024-04-29,Shipped,Customer requested expedited shipping.,21674
14948,2023-01-13,2023-02-12,2023-01-15,Shipped,,23556
14949,2023-05-28,2023-06-09,,Cancelled,,25000
14950,2023-01-20,2023-02-03,2023-01-22,Shipped,Priority customer — rush order.,20142
14951,2026-01-09,2026-02-03,2026-01-16,Resolved,Hold for customer confirmation.,21986
14952,2024-04-14,2024-04-29,2024-04-21,Shipped,,24886
14953,2026-04-24,2026-05-21,2026-05-04,Shipped,Backorder — ship when available.,24165
14954,2024-02-23,2024-03-16,2024-03-04,Shipped,Call before delivery.,21198
14955,2022-07-15,2022-08-03,2022-07-16,Shipped,Gift wrapping requested.,24120
14956,2023-01-26,2023-02-25,,On Hold,Hold for customer confirmation.,21086
14957,2022-03-12,2022-04-04,2022-03-19,Resolved,Hold for customer confirmation.,23526
14958,2025-06-24,2025-07-08,2025-06-28,Resolved,,23156
14959,2022-11-23,2022-12-14,2022-11-30,Resolved,International shipment — customs docs needed.,23199
14960,2024-06-12,2024-06-23,2024-06-20,Resolved,Customer will pick up at warehouse.,24373
14961,2025-04-18,2025-04-25,2025-04-22,Shipped,Check stock before processing.,20614
14962,2025-10-22,2025-11-05,2025-10-31,Shipped,Priority customer — rush order.,23530
14963,2022-10-29,2022-11-21,2022-11-01,Shipped,International shipment — customs docs needed.,23453
14964,2025-06-28,2025-07-20,2025-07-01,Disputed,Customer will pick up at warehouse.,21976
14965,2022-10-08,2022-10-22,2022-10-10,Shipped,,24320
14966,2026-05-06,2026-05-23,2026-05-15,Shipped,Verified credit before processing.,21434
14967,2026-01-16,2026-01-26,,On Hold,Backorder — ship when available.,21103
14968,2022-05-01,2022-05-28,2022-05-11,Shipped,Check stock before processing.,20657
14969,2024-12-02,2024-12-25,2024-12-04,Shipped,Priority customer — rush order.,21093
14970,2022-11-22,2022-12-21,2022-12-02,Shipped,International shipment — customs docs needed.,20640
14971,2026-05-08,2026-05-29,,In Process,Customer requested expedited shipping.,20865
14972,2025-04-06,2025-04-16,,Cancelled,Backorder — ship when available.,21034
14973,2022-08-29,2022-09-23,2022-09-01,Shipped,,24909
14974,2022-03-19,2022-03-26,2022-03-29,Shipped,Check stock before processing.,23778
14975,2024-06-26,2024-07-09,,In Process,International shipment — customs docs needed.,20364
14976,2023-01-05,2023-02-03,2023-01-06,Shipped,Call before delivery.,21279
14977,2023-11-18,2023-12-11,2023-11-19,Resolved,International shipment — customs docs needed.,23986
14978,2024-12-30,2025-01-27,2025-01-06,Disputed,,21745
14979,2026-01-06,2026-01-18,2026-01-13,Disputed,,24084
14980,2024-03-14,2024-03-24,,Cancelled,,20991
14981,2022-08-30,2022-09-14,2022-09-08,Shipped,Customer requested expedited shipping.,22370
14982,2024-12-18,2025-01-09,2024-12-25,Shipped,Customer will pick up at warehouse.,21601
14983,2022-04-24,2022-05-07,2022-05-01,Shipped,,22056
14984,2022-12-03,2022-12-20,2022-12-06,Shipped,Please ship as soon as possible.,22049
14985,2025-02-02,2025-03-03,2025-02-07,Shipped,Fragile items — handle with care.,22738
14986,2025-12-08,2026-01-03,2025-12-16,Shipped,Check stock before processing.,21037
14987,2024-07-03,2024-07-21,,On Hold,,22792
14988,2025-12-07,2025-12-23,,On Hold,Hold for customer confirmation.,21449
14989,2026-04-05,2026-04-22,2026-04-07,Shipped,,21408
14990,2026-03-31,2026-04-26,2026-04-04,Shipped,,21500
14991,2023-02-24,2023-03-04,,Cancelled,International shipment — customs docs needed.,22800
14992,2023-12-06,2023-12-13,2023-12-16,Shipped,,23022
14993,2022-12-04,2022-12-26,,On Hold,Check stock before processing.,22911
14994,2022-05-13,2022-05-30,2022-05-14,Shipped,Customer will pick up at warehouse.,22315
14995,2026-03-20,2026-03-31,,In Process,Backorder — ship when available.,20883
14996,2022-02-10,2022-02-19,2022-02-16,Resolved,,24510
14997,2025-12-11,2026-01-02,,On Hold,Gift wrapping requested.,22120
14998,2025-02-13,2025-03-02,2025-02-16,Shipped,Partial shipment approved by customer.,23513
14999,2025-02-03,2025-03-05,2025-02-10,Shipped,Hold for customer confirmation.,23747
15000,2026-01-10,2026-01-18,2026-01-15,Shipped,,22019
15001,2022-12-14,2023-01-07,2022-12-17,Shipped,Verified credit before processing.,22487
15002,2024-09-13,2024-10-03,2024-09-20,Shipped,,22724
15003,2022-10-02,2022-10-10,2022-10-12,Shipped,,24064
15004,2023-10-27,2023-11-06,,In Process,,20976
15005,2022-01-16,2022-02-11,,On Hold,Please ship as soon as possible.,24732
15006,2026-03-21,2026-04-14,,Cancelled,Verified credit before processing.,21655
15007,2022-10-19,2022-11-08,2022-10-20,Shipped,,22498
15008,2023-03-25,2023-04-10,2023-03-28,Shipped,Partial shipment approved by customer.,20476
15009,2024-05-03,2024-05-20,2024-05-07,Shipped,Priority customer — rush order.,21666
15010,2025-03-02,2025-03-11,2025-03-10,Shipped,,22875
15011,2024-10-20,2024-11-17,2024-10-27,Shipped,,21247
15012,2022-01-14,2022-01-30,2022-01-21,Shipped,Gift wrapping requested.,21054
15013,2024-01-16,2024-01-23,2024-01-22,Shipped,Check stock before processing.,21607
15014,2023-08-27,2023-09-26,2023-09-06,Shipped,Partial shipment approved by customer.,24820
15015,2026-04-07,2026-04-28,,On Hold,Replacement for damaged order.,24930
15016,2023-03-24,2023-04-21,2023-03-25,Shipped,Special discount applied.,24575
15017,2022-09-03,2022-09-20,2022-09-12,Shipped,,22041
15018,2023-05-12,2023-06-05,2023-05-13,Resolved,,23798
15019,2026-05-07,2026-05-30,2026-05-09,Shipped,Check stock before processing.,23422
15020,2024-12-06,2025-01-02,2024-12-12,Shipped,Customer requested expedited shipping.,20450
15021,2024-06-17,2024-07-14,2024-06-18,Disputed,,21174
15022,2024-09-15,2024-10-09,,On Hold,Partial shipment approved by customer.,20724
15023,2025-10-10,2025-10-31,,On Hold,Customer requested expedited shipping.,21181
15024,2023-08-19,2023-09-06,2023-08-25,Resolved,,21251
15025,2022-03-28,2022-04-17,2022-04-02,Shipped,,24243
15026,2023-01-28,2023-02-20,2023-02-06,Resolved,Hold for customer confirmation.,23725
15027,2025-08-27,2025-09-05,,In Process,Hold for customer confirmation.,22819
15028,2025-03-13,2025-03-28,2025-03-17,Disputed,Backorder — ship when available.,22409
15029,2024-02-06,2024-02-27,,Cancelled,Partial shipment approved by customer.,23081
15030,2022-10-10,2022-10-26,2022-10-18,Shipped,,20921
15031,2022-04-26,2022-05-10,2022-04-30,Disputed,Customer requested expedited shipping.,22583
15032,2025-11-18,2025-11-25,2025-11-20,Shipped,International shipment — customs docs needed.,22351
15033,2025-03-07,2025-03-28,2025-03-16,Shipped,Priority customer — rush order.,24678
15034,2024-12-20,2025-01-07,2024-12-30,Shipped,,22257
15035,2026-01-27,2026-02-20,,On Hold,,23190
15036,2025-01-07,2025-02-04,2025-01-14,Shipped,Fragile items — handle with care.,22258
15037,2024-02-07,2024-02-21,2024-02-10,Shipped,,23988
15038,2025-02-02,2025-02-17,2025-02-11,Shipped,Fragile items — handle with care.,21412
15039,2022-11-27,2022-12-14,2022-12-01,Disputed,,23026
15040,2023-04-02,2023-04-19,,On Hold,,22104
15041,2023-07-31,2023-08-18,2023-08-01,Shipped,,22342
15042,2023-04-16,2023-05-10,2023-04-21,Disputed,Fragile items — handle with care.,20029
15043,2022-05-23,2022-06-12,2022-05-28,Shipped,Verified credit before processing.,23661
15044,2024-06-21,2024-07-15,2024-06-26,Shipped,Fragile items — handle with care.,23962
15045,2026-05-24,2026-06-23,2026-06-03,Shipped,Check stock before processing.,20225
15046,2022-12-03,2022-12-23,2022-12-05,Shipped,Verified credit before processing.,21538
15047,2023-06-26,2023-07-05,2023-07-03,Shipped,Backorder — ship when available.,23538
15048,2026-03-05,2026-03-26,2026-03-13,Disputed,,22840
15049,2022-04-02,2022-04-25,2022-04-11,Shipped,Special discount applied.,20118
15050,2022-02-11,2022-02-21,2022-02-20,Shipped,,20713
15051,2022-02-25,2022-03-07,2022-03-06,Shipped,,21637
15052,2022-07-10,2022-07-22,,Cancelled,Gift wrapping requested.,20594
15053,2024-10-15,2024-10-27,2024-10-23,Shipped,Fragile items — handle with care.,22513
15054,2023-04-08,2023-05-06,,On Hold,,23990
15055,2022-12-18,2023-01-08,2022-12-19,Shipped,Replacement for damaged order.,22965
15056,2025-07-21,2025-08-09,2025-07-24,Shipped,Hold for customer confirmation.,22598
15057,2022-12-20,2023-01-07,2022-12-28,Disputed,Customer requested expedited shipping.,22572
15058,2023-12-23,2023-12-30,,Cancelled,Replacement for damaged order.,22242
15059,2025-03-11,2025-04-09,,On Hold,,21421
15060,2024-12-25,2025-01-18,,On Hold,,23977
15061,2024-06-03,2024-07-02,,In Process,Verified credit before processing.,20462
15062,2024-10-20,2024-11-08,2024-10-26,Shipped,,23173
15063,2022-07-25,2022-08-10,2022-07-28,Disputed,Gift wrapping requested.,23055
15064,2022-05-20,2022-06-14,2022-05-22,Shipped,,20954
15065,2024-10-27,2024-11-07,,On Hold,,24780
15066,2024-02-02,2024-02-24,2024-02-10,Shipped,Gift wrapping requested.,21803
15067,2025-07-03,2025-07-28,2025-07-09,Shipped,Please ship as soon as possible.,22649
15068,2022-01-24,2022-02-23,2022-01-26,Disputed,Gift wrapping requested.,24390
15069,2024-03-06,2024-03-14,2024-03-07,Shipped,Partial shipment approved by customer.,22037
15070,2022-11-10,2022-11-18,2022-11-12,Resolved,,23136
15071,2025-07-24,2025-08-13,2025-07-29,Shipped,Check stock before processing.,23785
15072,2024-10-28,2024-11-14,,In Process,Customer requested expedited shipping.,21475
15073,2022-06-21,2022-07-02,,On Hold,,23315
15074,2026-04-02,2026-04-27,,Cancelled,,22010
15075,2023-11-15,2023-12-09,,Cancelled,,21336
15076,2024-09-02,2024-09-25,2024-09-09,Shipped,,22972
15077,2025-09-23,2025-10-10,,On Hold,Please ship as soon as possible.,21514
15078,2024-05-28,2024-06-10,,In Process,,22174
15079,2025-07-13,2025-07-20,2025-07-14,Shipped,,21364
15080,2024-03-23,2024-04-02,2024-03-27,Shipped,Special discount applied.,20729
15081,2025-08-16,2025-09-13,,Cancelled,Replacement for damaged order.,20967
15082,2023-09-11,2023-09-27,2023-09-14,Resolved,Verified credit before processing.,20195
15083,2023-08-31,2023-09-16,,Cancelled,Gift wrapping requested.,24338
15084,2023-02-23,2023-03-06,2023-02-27,Shipped,,23764
15085,2023-07-20,2023-07-31,,Cancelled,,21024
15086,2022-10-13,2022-10-23,2022-10-20,Shipped,Fragile items — handle with care.,22481
15087,2024-12-11,2025-01-03,2024-12-13,Disputed,Customer will pick up at warehouse.,24778
15088,2026-06-05,2026-06-25,2026-06-15,Resolved,Call before delivery.,23557
15089,2022-02-03,2022-02-22,2022-02-09,Disputed,Call before delivery.,23043
15090,2025-02-27,2025-03-13,2025-03-07,Resolved,Verified credit before processing.,24790
15091,2026-07-03,2026-07-22,2026-07-10,Shipped,Partial shipment approved by customer.,20905
15092,2022-10-22,2022-11-08,2022-10-29,Disputed,Partial shipment approved by customer.,23797
15093,2023-01-08,2023-01-28,2023-01-11,Shipped,Partial shipment approved by customer.,21511
15094,2025-06-26,2025-07-04,,In Process,Gift wrapping requested.,23160
15095,2022-10-06,2022-10-25,,Cancelled,Backorder — ship when available.,22694
15096,2026-07-05,2026-07-15,2026-07-06,Shipped,,22422
15097,2025-05-29,2025-06-15,2025-06-08,Disputed,Verified credit before processing.,20958
15098,2024-06-09,2024-06-20,,On Hold,,20636
15099,2022-04-27,2022-05-05,2022-04-30,Shipped,,23066
15100,2025-08-02,2025-08-29,2025-08-10,Shipped,Check stock before processing.,22237
15101,2025-04-14,2025-05-14,,Cancelled,Partial shipment approved by customer.,21731
15102,2023-06-14,2023-06-29,2023-06-18,Shipped,,21888
15103,2023-10-21,2023-11-13,2023-10-28,Shipped,Fragile items — handle with care.,22848
15104,2025-04-17,2025-05-01,2025-04-20,Shipped,Fragile items — handle with care.,21347
15105,2025-05-05,2025-05-23,,Cancelled,Fragile items — handle with care.,20639
15106,2026-05-08,2026-05-22,,On Hold,,20800
15107,2022-11-04,2022-11-21,2022-11-14,Disputed,,22253
15108,2022-12-19,2023-01-11,,In Process,,23090
15109,2024-04-19,2024-04-30,2024-04-20,Shipped,,21634
15110,2025-08-18,2025-09-04,2025-08-23,Shipped,,24042
15111,2023-09-13,2023-10-05,2023-09-23,Resolved,Special discount applied.,21527
15112,2026-01-01,2026-01-09,2026-01-03,Shipped,Priority customer — rush order.,21230
15113,2022-08-18,2022-09-07,2022-08-27,Shipped,,24737
15114,2024-03-18,2024-04-13,2024-03-21,Shipped,,21998
15115,2023-02-09,2023-02-28,2023-02-16,Shipped,,21162
15116,2024-08-05,2024-08-13,,In Process,Verified credit before processing.,20006
15117,2022-10-13,2022-10-31,,Cancelled,Check stock before processing.,22972
15118,2023-10-03,2023-10-21,,In Process,,22783
15119,2025-09-06,2025-09-19,2025-09-14,Shipped,Partial shipment approved by customer.,22619
15120,2023-05-03,2023-05-12,2023-05-05,Resolved,Hold for customer confirmation.,24128
15121,2023-09-05,2023-10-04,2023-09-11,Shipped,,24628
15122,2023-01-22,2023-02-14,2023-01-31,Shipped,,24309
15123,2025-04-06,2025-04-16,,In Process,Fragile items — handle with care.,23967
15124,2026-06-22,2026-07-17,2026-06-30,Shipped,Customer will pick up at warehouse.,21743
15125,2022-09-06,2022-09-29,2022-09-12,Resolved,,21601
15126,2025-11-01,2025-11-13,,Cancelled,Customer requested expedited shipping.,22387
15127,2023-01-03,2023-01-15,2023-01-09,Resolved,,21643
15128,2026-01-19,2026-02-09,2026-01-28,Shipped,Call before delivery.,23247
15129,2026-04-28,2026-05-22,2026-05-08,Shipped,Gift wrapping requested.,24631
15130,2025-10-08,2025-10-25,,In Process,International shipment — customs docs needed.,24979
15131,2023-09-18,2023-10-08,2023-09-25,Disputed,,21256
15132,2025-04-05,2025-04-19,2025-04-08,Shipped,Gift wrapping requested.,22137
15133,2023-09-09,2023-09-21,,On Hold,,23138
15134,2023-05-16,2023-06-14,2023-05-23,Shipped,Priority customer — rush order.,20092
15135,2024-06-24,2024-07-13,,In Process,,23843
15136,2026-03-23,2026-04-10,2026-04-02,Shipped,Special discount applied.,22605
15137,2025-08-15,2025-09-06,2025-08-16,Shipped,Please ship as soon as possible.,22893
15138,2025-01-10,2025-01-23,,In Process,Call before delivery.,22994
15139,2022-02-18,2022-03-13,2022-02-25,Shipped,,23694
15140,2022-12-09,2022-12-23,,Cancelled,Check stock before processing.,20831
15141,2026-02-13,2026-02-23,2026-02-22,Shipped,,21389
15142,2025-08-31,2025-09-12,2025-09-09,Shipped,,22982
15143,2022-03-11,2022-03-24,2022-03-16,Shipped,,24539
15144,2026-02-23,2026-03-24,2026-03-03,Shipped,Customer will pick up at warehouse.,24738
15145,2026-01-02,2026-01-29,2026-01-06,Shipped,,22993
15146,2022-02-27,2022-03-29,2022-03-05,Shipped,,22609
15147,2024-09-05,2024-09-18,2024-09-08,Shipped,Hold for customer confirmation.,23676
15148,2026-02-04,2026-02-25,2026-02-08,Shipped,Customer will pick up at warehouse.,21038
15149,2024-09-29,2024-10-15,,In Process,,23593
15150,2024-03-07,2024-03-15,2024-03-17,Disputed,Gift wrapping requested.,24088
15151,2023-07-28,2023-08-12,,Cancelled,Call before delivery.,24671
15152,2025-05-28,2025-06-27,2025-05-31,Resolved,Call before delivery.,20462
15153,2022-03-31,2022-04-23,2022-04-06,Shipped,Call before delivery.,24146
15154,2025-03-24,2025-04-18,2025-04-02,Resolved,Replacement for damaged order.,21599
15155,2023-01-19,2023-02-09,,Cancelled,Check stock before processing.,23703
15156,2024-12-20,2025-01-19,2024-12-30,Disputed,Verified credit before processing.,22307
15157,2023-05-22,2023-06-19,2023-05-29,Shipped,Hold for customer confirmation.,22438
15158,2023-10-08,2023-11-02,2023-10-13,Shipped,Check stock before processing.,21436
15159,2024-10-09,2024-10-28,,In Process,,22726
15160,2022-03-12,2022-03-19,2022-03-13,Shipped,,21526
15161,2022-05-25,2022-06-06,2022-05-26,Resolved,Please ship as soon as possible.,21273
15162,2024-07-27,2024-08-20,2024-08-02,Shipped,,23148
15163,2023-10-30,2023-11-14,2023-11-02,Resolved,Fragile items — handle with care.,23022
15164,2026-04-02,2026-04-24,2026-04-04,Shipped,Customer requested expedited shipping.,21128
15165,2025-02-27,2025-03-27,,In Process,,21315
15166,2022-09-12,2022-09-22,,Cancelled,Check stock before processing.,20011
15167,2024-05-18,2024-06-17,2024-05-20,Shipped,,24527
15168,2024-02-15,2024-03-03,2024-02-25,Shipped,Partial shipment approved by customer.,20359
15169,2026-04-02,2026-04-21,,Cancelled,Backorder — ship when available.,21776
15170,2025-07-16,2025-08-07,2025-07-19,Disputed,Hold for customer confirmation.,20758
15171,2022-10-25,2022-11-05,2022-10-28,Resolved,Call before delivery.,20480
15172,2023-06-15,2023-07-07,,On Hold,International shipment — customs docs needed.,20876
15173,2025-10-24,2025-11-05,,In Process,Verified credit before processing.,23590
15174,2023-05-18,2023-06-16,2023-05-21,Resolved,Replacement for damaged order.,24713
15175,2025-03-02,2025-03-24,2025-03-04,Shipped,,22349
15176,2024-12-11,2025-01-09,2024-12-15,Shipped,Partial shipment approved by customer.,22283
15177,2025-03-27,2025-04-25,2025-03-28,Shipped,Backorder — ship when available.,23952
15178,2025-12-17,2025-12-31,2025-12-20,Shipped,Please ship as soon as possible.,20707
15179,2024-08-31,2024-09-13,2024-09-07,Shipped,,24165
15180,2022-04-07,2022-04-30,2022-04-10,Disputed,Fragile items — handle with care.,21171
15181,2023-06-13,2023-06-28,,In Process,,20684
15182,2022-08-20,2022-09-02,2022-08-23,Shipped,,23174
15183,2026-05-08,2026-06-07,2026-05-16,Disputed,,24008
15184,2023-03-03,2023-04-01,2023-03-04,Shipped,Check stock before processing.,20203
15185,2024-05-06,2024-06-03,2024-05-11,Disputed,Replacement for damaged order.,20175
15186,2022-04-01,2022-04-22,,On Hold,Check stock before processing.,21097
15187,2024-09-08,2024-09-25,,On Hold,,20299
15188,2024-03-02,2024-03-21,,Cancelled,,22185
15189,2023-06-10,2023-07-09,,Cancelled,Verified credit before processing.,20239
15190,2025-07-28,2025-08-06,2025-08-06,Shipped,,22499
15191,2024-04-19,2024-05-16,,On Hold,,24776
15192,2025-02-17,2025-02-28,,In Process,,24295
15193,2026-03-25,2026-04-23,,In Process,,24057
15194,2023-09-25,2023-10-05,2023-09-28,Resolved,Special discount applied.,22352
15195,2022-01-24,2022-02-10,2022-01-27,Disputed,Hold for customer confirmation.,24095
15196,2024-10-29,2024-11-18,2024-11-08,Shipped,Customer will pick up at warehouse.,22985
15197,2022-04-21,2022-05-02,2022-04-30,Shipped,Customer will pick up at warehouse.,20108
15198,2025-02-22,2025-03-22,,Cancelled,Fragile items — handle with care.,24129
15199,2024-09-18,2024-10-06,2024-09-23,Shipped,,23816
15200,2025-07-31,2025-08-23,2025-08-01,Shipped,,24552
15201,2025-02-19,2025-02-26,2025-02-21,Shipped,Check stock before processing.,22007
15202,2022-12-09,2022-12-24,2022-12-11,Shipped,,20479
15203,2024-09-06,2024-09-29,2024-09-08,Resolved,,22049
15204,2023-03-21,2023-04-17,2023-03-23,Shipped,Customer will pick up at warehouse.,23342
15205,2026-04-15,2026-05-14,,On Hold,Customer will pick up at warehouse.,23505
15206,2023-08-23,2023-09-06,2023-09-01,Shipped,,20251
15207,2022-08-29,2022-09-06,2022-09-02,Shipped,Hold for customer confirmation.,24290
15208,2022-04-14,2022-05-11,2022-04-16,Resolved,Hold for customer confirmation.,20681
15209,2025-02-23,2025-03-16,,In Process,Hold for customer confirmation.,24771
15210,2026-03-06,2026-03-16,,Cancelled,Replacement for damaged order.,21223
15211,2026-04-17,2026-04-24,2026-04-20,Shipped,Customer requested expedited shipping.,22293
15212,2026-02-01,2026-02-16,2026-02-11,Resolved,,20344
15213,2023-09-12,2023-10-09,,Cancelled,Partial shipment approved by customer.,21933
15214,2022-04-08,2022-05-05,2022-04-10,Shipped,,24191
15215,2024-09-11,2024-09-29,2024-09-13,Shipped,Customer will pick up at warehouse.,23585
15216,2022-06-05,2022-07-05,2022-06-13,Shipped,Replacement for damaged order.,22174
15217,2023-05-11,2023-05-24,2023-05-20,Shipped,,20945
15218,2022-09-21,2022-09-30,2022-09-27,Shipped,,20981
15219,2022-04-09,2022-05-02,,In Process,Hold for customer confirmation.,20090
15220,2026-03-22,2026-04-15,2026-03-27,Resolved,,22850
15221,2022-04-16,2022-05-06,2022-04-22,Shipped,Check stock before processing.,22393
15222,2023-06-28,2023-07-19,2023-07-02,Shipped,Special discount applied.,22150
15223,2025-04-21,2025-04-28,2025-04-30,Disputed,Partial shipment approved by customer.,21445
15224,2025-11-26,2025-12-14,,On Hold,Fragile items — handle with care.,21482
15225,2023-07-09,2023-07-18,2023-07-12,Shipped,Hold for customer confirmation.,21470
15226,2022-11-07,2022-11-20,2022-11-10,Shipped,Customer requested expedited shipping.,24190
15227,2026-07-10,2026-07-27,2026-07-17,Shipped,,23282
15228,2025-02-14,2025-03-12,2025-02-22,Resolved,Hold for customer confirmation.,22144
15229,2022-01-03,2022-01-13,,In Process,Check stock before processing.,21833
15230,2025-08-02,2025-08-22,,On Hold,Replacement for damaged order.,21688
15231,2025-01-28,2025-02-20,,Cancelled,,21857
15232,2022-11-04,2022-11-16,2022-11-14,Disputed,Fragile items — handle with care.,21232
15233,2023-06-22,2023-06-30,2023-06-24,Resolved,Special discount applied.,21857
15234,2024-08-22,2024-09-20,2024-08-28,Shipped,Hold for customer confirmation.,22625
15235,2023-08-01,2023-08-22,,In Process,Fragile items — handle with care.,22736
15236,2023-05-10,2023-05-23,,On Hold,,23449
15237,2022-10-19,2022-11-06,2022-10-23,Shipped,Special discount applied.,22023
15238,2025-01-16,2025-02-02,2025-01-17,Shipped,Verified credit before processing.,20992
15239,2024-08-16,2024-08-23,2024-08-20,Shipped,,22468
15240,2022-10-02,2022-10-19,,Cancelled,,22946
15241,2023-08-18,2023-09-09,,On Hold,Check stock before processing.,24092
15242,2023-11-17,2023-11-29,2023-11-26,Shipped,Verified credit before processing.,20232
15243,2023-12-06,2023-12-25,2023-12-09,Shipped,,20357
15244,2022-07-07,2022-07-19,2022-07-13,Resolved,Check stock before processing.,21925
15245,2022-07-19,2022-08-07,2022-07-21,Shipped,Partial shipment approved by customer.,24118
15246,2023-06-19,2023-07-14,2023-06-22,Shipped,Backorder — ship when available.,22593
15247,2024-04-12,2024-05-01,2024-04-22,Shipped,Hold for customer confirmation.,24665
15248,2023-02-26,2023-03-20,,Cancelled,Backorder — ship when available.,22639
15249,2022-10-14,2022-10-22,2022-10-15,Shipped,International shipment — customs docs needed.,24131
15250,2025-07-18,2025-08-16,2025-07-24,Shipped,Customer will pick up at warehouse.,24910
15251,2024-11-05,2024-12-04,2024-11-07,Shipped,Priority customer — rush order.,23999
15252,2022-05-05,2022-05-16,2022-05-11,Shipped,Backorder — ship when available.,23149
15253,2024-05-20,2024-06-18,2024-05-28,Resolved,Replacement for damaged order.,22997
15254,2024-06-17,2024-07-05,2024-06-25,Disputed,,20856
15255,2022-08-30,2022-09-13,,Cancelled,,21942
15256,2023-09-11,2023-09-18,2023-09-17,Shipped,,21222
15257,2022-11-02,2022-12-01,2022-11-03,Resolved,,21143
15258,2024-04-07,2024-04-15,2024-04-16,Shipped,Priority customer — rush order.,22135
15259,2023-07-04,2023-07-25,,On Hold,,24436
15260,2026-01-04,2026-01-20,2026-01-08,Shipped,,20576
15261,2024-05-24,2024-06-18,2024-05-30,Shipped,Replacement for damaged order.,21227
15262,2023-12-11,2024-01-05,,On Hold,,21714
15263,2025-07-30,2025-08-12,2025-08-06,Shipped,,21585
15264,2024-09-04,2024-09-25,2024-09-13,Shipped,,24972
15265,2024-06-12,2024-07-05,,Cancelled,Call before delivery.,24265
15266,2025-11-27,2025-12-21,2025-11-30,Disputed,,20604
15267,2024-08-09,2024-08-20,2024-08-11,Disputed,Priority customer — rush order.,20208
15268,2025-05-27,2025-06-19,2025-06-04,Shipped,,22567
15269,2023-03-21,2023-04-20,,In Process,,21429
15270,2023-06-16,2023-07-11,2023-06-26,Shipped,Gift wrapping requested.,24424
15271,2023-11-03,2023-11-16,,In Process,,24245
15272,2026-04-14,2026-05-13,2026-04-23,Shipped,,23664
15273,2026-05-14,2026-06-01,2026-05-21,Shipped,,24485
15274,2024-07-24,2024-08-02,2024-07-27,Disputed,Check stock before processing.,20738
15275,2024-11-16,2024-12-11,2024-11-20,Shipped,Verified credit before processing.,24795
15276,2026-06-28,2026-07-27,,In Process,Priority customer — rush order.,22831
15277,2023-06-14,2023-06-30,,On Hold,Priority customer — rush order.,23917
15278,2026-03-29,2026-04-27,2026-03-30,Shipped,Backorder — ship when available.,23228
15279,2022-10-06,2022-10-31,2022-10-08,Shipped,International shipment — customs docs needed.,24621
15280,2025-12-09,2026-01-04,2025-12-17,Shipped,,24914
15281,2023-02-28,2023-03-15,2023-03-09,Shipped,,24965
15282,2022-07-29,2022-08-27,2022-08-02,Shipped,Customer will pick up at warehouse.,21005
15283,2022-05-15,2022-05-28,2022-05-22,Shipped,Call before delivery.,22600
15284,2024-01-13,2024-02-07,2024-01-14,Shipped,Verified credit before processing.,24794
15285,2023-07-08,2023-08-06,,Cancelled,Partial shipment approved by customer.,23136
15286,2024-10-12,2024-10-25,2024-10-14,Resolved,,20049
15287,2023-09-07,2023-10-07,2023-09-15,Shipped,,23986
15288,2025-02-08,2025-02-19,2025-02-16,Shipped,Check stock before processing.,23397
15289,2024-12-18,2025-01-09,2024-12-27,Disputed,,21781
15290,2025-03-15,2025-03-28,,On Hold,Backorder — ship when available.,20215
15291,2024-06-03,2024-07-02,2024-06-08,Shipped,Hold for customer confirmation.,24446
15292,2023-09-22,2023-10-11,2023-09-28,Shipped,,24370
15293,2025-03-20,2025-04-13,2025-03-24,Shipped,Special discount applied.,20474
15294,2024-05-02,2024-05-12,2024-05-06,Disputed,Check stock before processing.,24298
15295,2022-08-27,2022-09-05,2022-09-06,Disputed,International shipment — customs docs needed.,20830
15296,2025-02-10,2025-02-18,2025-02-12,Shipped,Customer requested expedited shipping.,24976
15297,2026-03-16,2026-03-31,2026-03-24,Shipped,,22769
15298,2022-05-16,2022-05-29,,In Process,Customer requested expedited shipping.,22337
15299,2026-04-30,2026-05-16,2026-05-10,Shipped,Check stock before processing.,21142
15300,2022-05-29,2022-06-07,2022-06-08,Disputed,,22532
15301,2022-03-06,2022-03-20,2022-03-14,Shipped,,23487
15302,2022-09-02,2022-09-21,2022-09-11,Resolved,,24901
15303,2023-02-15,2023-03-12,2023-02-19,Shipped,,24186
15304,2026-03-17,2026-04-03,2026-03-24,Shipped,,23510
15305,2024-08-11,2024-08-26,2024-08-19,Shipped,Call before delivery.,24391
15306,2023-09-27,2023-10-05,,In Process,,20860
15307,2024-10-17,2024-11-05,2024-10-23,Shipped,Special discount applied.,23056
15308,2023-01-27,2023-02-16,,On Hold,,21330
15309,2023-11-04,2023-11-12,,Cancelled,Partial shipment approved by customer.,20147
15310,2023-02-15,2023-03-14,2023-02-25,Shipped,,20388
15311,2023-03-22,2023-04-05,2023-03-26,Shipped,Replacement for damaged order.,22820
15312,2022-01-18,2022-01-27,,Cancelled,Please ship as soon as possible.,24855
15313,2022-11-05,2022-11-18,2022-11-09,Shipped,Special discount applied.,22069
15314,2024-05-22,2024-06-01,2024-05-23,Shipped,,24279
15315,2023-09-21,2023-10-09,2023-09-24,Shipped,,23454
15316,2025-04-12,2025-04-29,2025-04-17,Disputed,,23478
15317,2023-05-15,2023-05-24,,On Hold,,23349
15318,2026-05-06,2026-05-21,,On Hold,Check stock before processing.,24781
15319,2022-03-25,2022-04-21,2022-03-31,Shipped,,22357
15320,2022-06-13,2022-07-12,,In Process,Call before delivery.,23737
15321,2025-06-04,2025-07-03,2025-06-10,Shipped,Call before delivery.,20763
15322,2026-03-03,2026-03-28,2026-03-08,Shipped,Customer requested expedited shipping.,22202
15323,2022-08-07,2022-09-05,2022-08-09,Shipped,Backorder — ship when available.,21244
15324,2023-07-31,2023-08-07,2023-08-09,Shipped,Partial shipment approved by customer.,24912
15325,2022-09-22,2022-10-06,2022-10-02,Shipped,,21659
15326,2023-12-04,2023-12-28,,In Process,,22606
15327,2026-07-13,2026-08-04,2026-07-17,Shipped,,22739
15328,2024-05-16,2024-06-15,2024-05-22,Shipped,,20852
15329,2023-07-22,2023-08-19,,In Process,,21266
15330,2023-10-31,2023-11-20,2023-11-08,Shipped,,22578
15331,2022-10-30,2022-11-16,2022-10-31,Shipped,,24227
15332,2024-12-29,2025-01-14,2025-01-03,Disputed,Call before delivery.,21596
15333,2022-03-30,2022-04-22,2022-04-09,Disputed,Call before delivery.,23301
15334,2022-03-16,2022-03-26,,On Hold,Please ship as soon as possible.,23062
15335,2022-05-17,2022-05-24,2022-05-25,Shipped,Check stock before processing.,24595
15336,2023-10-13,2023-10-22,2023-10-19,Shipped,Customer requested expedited shipping.,21938
15337,2024-05-23,2024-06-10,2024-05-30,Shipped,Fragile items — handle with care.,23595
15338,2023-04-03,2023-05-01,2023-04-09,Shipped,Call before delivery.,24270
15339,2025-08-06,2025-08-24,2025-08-15,Shipped,Customer will pick up at warehouse.,20190
15340,2022-10-03,2022-10-30,2022-10-05,Shipped,Hold for customer confirmation.,23516
15341,2025-08-13,2025-08-28,2025-08-19,Disputed,,20055
15342,2023-04-20,2023-05-11,2023-04-25,Shipped,,24973
15343,2025-05-20,2025-06-08,,Cancelled,Priority customer — rush order.,20922
15344,2024-02-20,2024-03-13,2024-02-25,Shipped,Customer will pick up at warehouse.,23050
15345,2023-06-03,2023-06-12,,In Process,,20749
15346,2025-03-18,2025-04-09,2025-03-26,Resolved,,24699
15347,2024-03-19,2024-04-10,2024-03-24,Resolved,Partial shipment approved by customer.,24463
15348,2025-06-27,2025-07-14,2025-07-06,Shipped,,21811
15349,2022-08-14,2022-09-09,,On Hold,,23121
15350,2024-02-12,2024-03-02,2024-02-18,Shipped,Hold for customer confirmation.,20013
15351,2025-06-05,2025-06-18,2025-06-12,Resolved,Customer requested expedited shipping.,21546
15352,2024-10-09,2024-10-23,,On Hold,,24316
15353,2023-05-17,2023-06-10,,Cancelled,Call before delivery.,20053
15354,2025-08-02,2025-08-10,2025-08-07,Shipped,Please ship as soon as possible.,23220
15355,2022-08-16,2022-09-05,2022-08-24,Shipped,,22487
15356,2025-09-27,2025-10-20,2025-10-04,Disputed,Check stock before processing.,24565
15357,2023-12-07,2024-01-05,2023-12-14,Shipped,Hold for customer confirmation.,23293
15358,2023-10-28,2023-11-16,2023-11-02,Shipped,Special discount applied.,24055
15359,2023-04-04,2023-04-20,2023-04-14,Shipped,Call before delivery.,21502
15360,2022-10-05,2022-10-25,2022-10-14,Resolved,Partial shipment approved by customer.,24357
15361,2025-09-28,2025-10-16,2025-09-29,Shipped,,23094
15362,2026-03-06,2026-04-01,2026-03-16,Shipped,Verified credit before processing.,23067
15363,2023-11-10,2023-11-27,2023-11-18,Shipped,Check stock before processing.,22589
15364,2022-01-13,2022-02-02,2022-01-19,Shipped,Fragile items — handle with care.,22301
15365,2024-11-23,2024-12-17,,In Process,Special discount applied.,20375
15366,2023-03-04,2023-03-13,2023-03-07,Shipped,,24263
15367,2023-08-22,2023-08-30,,Cancelled,Please ship as soon as possible.,20968
15368,2025-05-25,2025-06-10,,Cancelled,Gift wrapping requested.,22880
15369,2025-08-01,2025-08-26,2025-08-09,Shipped,Please ship as soon as possible.,23224
15370,2025-03-26,2025-04-12,2025-03-30,Shipped,Gift wrapping requested.,24534
15371,2023-10-15,2023-11-07,,On Hold,International shipment — customs docs needed.,21275
15372,2023-10-30,2023-11-28,,Cancelled,,23262
15373,2026-05-22,2026-06-02,2026-05-28,Resolved,Hold for customer confirmation.,22732
15374,2023-08-20,2023-09-12,2023-08-21,Resolved,Priority customer — rush order.,22340
15375,2023-07-18,2023-07-25,2023-07-27,Resolved,International shipment — customs docs needed.,22699
15376,2022-04-09,2022-04-16,2022-04-19,Resolved,Customer will pick up at warehouse.,23359
15377,2024-07-19,2024-08-11,,On Hold,,21499
15378,2022-06-25,2022-07-13,2022-07-01,Resolved,,20982
15379,2025-05-13,2025-05-31,,In Process,Customer requested expedited shipping.,22032
15380,2025-07-09,2025-07-16,2025-07-12,Shipped,,23735
15381,2024-12-29,2025-01-15,,On Hold,,21055
15382,2025-02-09,2025-02-19,,Cancelled,Call before delivery.,24174
15383,2024-03-13,2024-03-26,,On Hold,Verified credit before processing.,20193
15384,2025-11-02,2025-11-14,2025-11-07,Shipped,Customer requested expedited shipping.,24954
15385,2024-02-18,2024-03-14,2024-02-23,Shipped,Verified credit before processing.,21159
15386,2022-06-20,2022-07-14,2022-06-30,Shipped,,23181
15387,2022-01-20,2022-01-27,2022-01-29,Shipped,Please ship as soon as possible.,23954
15388,2025-07-12,2025-08-07,2025-07-13,Resolved,Call before delivery.,22717
15389,2023-01-19,2023-02-13,,In Process,Partial shipment approved by customer.,22659
15390,2022-05-25,2022-06-18,2022-05-29,Resolved,,20030
15391,2025-06-21,2025-07-12,2025-06-24,Shipped,,22708
15392,2024-09-12,2024-10-11,2024-09-20,Disputed,,21586
15393,2023-02-07,2023-02-26,2023-02-08,Shipped,Backorder — ship when available.,21875
15394,2023-10-19,2023-11-16,2023-10-28,Disputed,,23032
15395,2025-10-16,2025-11-11,2025-10-26,Disputed,,24776
15396,2025-08-01,2025-08-15,2025-08-03,Shipped,Gift wrapping requested.,21614
15397,2025-04-12,2025-04-25,2025-04-18,Disputed,Gift wrapping requested.,21697
15398,2023-04-11,2023-04-27,2023-04-17,Shipped,Customer will pick up at warehouse.,22145
15399,2025-04-08,2025-04-17,2025-04-14,Disputed,,22113
15400,2022-12-14,2023-01-11,2022-12-18,Shipped,Check stock before processing.,23115
15401,2026-02-28,2026-03-26,,On Hold,,22830
15402,2022-10-03,2022-10-13,2022-10-05,Shipped,,22185
15403,2022-11-06,2022-12-04,2022-11-11,Shipped,,24196
15404,2024-09-18,2024-10-01,,Cancelled,International shipment — customs docs needed.,21322
15405,2023-08-02,2023-08-17,2023-08-08,Shipped,Please ship as soon as possible.,24002
15406,2022-03-03,2022-04-02,2022-03-08,Shipped,,22689
15407,2024-04-30,2024-05-10,,Cancelled,Priority customer — rush order.,21218
15408,2024-05-15,2024-05-26,2024-05-23,Shipped,Customer requested expedited shipping.,24711
15409,2025-07-17,2025-08-09,2025-07-26,Shipped,Call before delivery.,22706
15410,2025-05-21,2025-06-05,,On Hold,Gift wrapping requested.,21129
15411,2022-06-06,2022-06-14,2022-06-15,Shipped,Customer requested expedited shipping.,20391
15412,2023-10-25,2023-11-04,,Cancelled,Priority customer — rush order.,22572
15413,2024-08-03,2024-08-19,2024-08-08,Disputed,Please ship as soon as possible.,22825
15414,2023-05-15,2023-05-27,2023-05-18,Resolved,,22294
15415,2023-11-11,2023-12-02,,Cancelled,Gift wrapping requested.,21290
15416,2022-06-13,2022-07-12,2022-06-21,Shipped,,20516
15417,2025-02-26,2025-03-28,,In Process,,20834
15418,2024-11-07,2024-12-07,2024-11-14,Resolved,,21982
15419,2024-11-11,2024-11-22,2024-11-20,Resolved,Priority customer — rush order.,20064
15420,2023-07-19,2023-08-01,,In Process,Hold for customer confirmation.,24428
15421,2022-06-18,2022-07-03,,Cancelled,Customer requested expedited shipping.,23944
15422,2025-09-08,2025-09-26,2025-09-10,Disputed,Verified credit before processing.,22541
15423,2026-02-05,2026-03-01,2026-02-07,Shipped,Customer will pick up at warehouse.,22969
15424,2023-01-19,2023-02-04,2023-01-21,Shipped,Backorder — ship when available.,24334
15425,2023-01-12,2023-02-03,2023-01-17,Shipped,,22670
15426,2026-05-11,2026-05-31,2026-05-17,Shipped,Customer will pick up at warehouse.,24268
15427,2022-01-16,2022-02-06,2022-01-24,Disputed,Priority customer — rush order.,24968
15428,2023-11-13,2023-12-10,2023-11-23,Shipped,Replacement for damaged order.,22227
15429,2022-11-09,2022-11-26,2022-11-17,Shipped,Check stock before processing.,21306
15430,2025-10-11,2025-11-03,2025-10-18,Shipped,Check stock before processing.,21845
15431,2026-02-25,2026-03-16,2026-02-26,Disputed,International shipment — customs docs needed.,20821
15432,2025-07-29,2025-08-12,2025-07-31,Disputed,Please ship as soon as possible.,24558
15433,2024-07-04,2024-07-12,,On Hold,Hold for customer confirmation.,24641
15434,2023-07-12,2023-08-10,2023-07-15,Shipped,Verified credit before processing.,23171
15435,2023-07-24,2023-08-01,2023-07-27,Resolved,Backorder — ship when available.,23540
15436,2023-11-27,2023-12-25,2023-12-02,Disputed,,20236
15437,2024-01-14,2024-02-04,2024-01-22,Shipped,,22146
15438,2022-11-21,2022-11-28,,On Hold,Gift wrapping requested.,23671
15439,2025-11-04,2025-12-02,2025-11-08,Shipped,,21783
15440,2025-07-10,2025-07-30,2025-07-18,Disputed,Customer requested expedited shipping.,21760
15441,2026-01-17,2026-01-28,2026-01-27,Shipped,Backorder — ship when available.,24222
15442,2022-05-05,2022-05-22,2022-05-07,Resolved,Call before delivery.,20213
15443,2026-01-03,2026-01-20,,In Process,Fragile items — handle with care.,22045
15444,2025-10-20,2025-11-02,2025-10-26,Shipped,Customer will pick up at warehouse.,22281
15445,2024-05-15,2024-05-30,,In Process,Priority customer — rush order.,21569
15446,2022-01-30,2022-02-14,2022-01-31,Shipped,,22057
15447,2022-03-30,2022-04-16,2022-04-03,Shipped,Backorder — ship when available.,23011
15448,2023-11-14,2023-11-27,2023-11-16,Shipped,Verified credit before processing.,22220
15449,2024-10-05,2024-10-25,2024-10-08,Shipped,,22135
15450,2025-10-01,2025-10-15,,In Process,,21623
15451,2026-06-03,2026-06-22,,In Process,Hold for customer confirmation.,20430
15452,2025-08-07,2025-08-27,,In Process,Gift wrapping requested.,20636
15453,2022-07-25,2022-08-22,2022-07-29,Shipped,,20803
15454,2024-02-08,2024-02-15,,In Process,Check stock before processing.,20633
15455,2025-11-28,2025-12-17,2025-12-04,Shipped,Gift wrapping requested.,23001
15456,2022-02-21,2022-03-22,,In Process,Replacement for damaged order.,23102
15457,2024-11-18,2024-12-08,2024-11-26,Shipped,,24072
15458,2023-07-12,2023-08-07,2023-07-19,Disputed,,23410
15459,2023-02-16,2023-02-26,2023-02-19,Shipped,Verified credit before processing.,21446
15460,2024-05-21,2024-06-01,,On Hold,,24841
15461,2025-11-21,2025-12-04,,Cancelled,Verified credit before processing.,24530
15462,2023-07-01,2023-07-13,2023-07-10,Shipped,,21129
15463,2024-05-27,2024-06-22,2024-05-29,Resolved,,22440
15464,2025-03-28,2025-04-05,2025-04-07,Shipped,Please ship as soon as possible.,21680
15465,2025-08-27,2025-09-25,2025-08-28,Shipped,,20642
15466,2022-03-08,2022-04-02,,On Hold,,22682
15467,2022-05-21,2022-06-10,2022-05-25,Shipped,,23225
15468,2023-12-08,2024-01-02,2023-12-11,Shipped,,20156
15469,2025-03-29,2025-04-21,2025-04-07,Shipped,International shipment — customs docs needed.,20744
15470,2022-09-08,2022-09-28,2022-09-09,Shipped,Backorder — ship when available.,24985
15471,2022-12-10,2022-12-30,,In Process,,22120
15472,2024-07-23,2024-08-09,2024-07-25,Shipped,Priority customer — rush order.,21218
15473,2025-10-18,2025-11-01,2025-10-24,Shipped,,22754
15474,2026-05-25,2026-06-22,2026-06-04,Shipped,International shipment — customs docs needed.,23901
15475,2025-11-04,2025-11-25,,Cancelled,,22798
15476,2023-02-27,2023-03-07,2023-03-06,Shipped,,22827
15477,2023-11-08,2023-11-21,,In Process,,24592
15478,2022-02-21,2022-03-11,2022-02-28,Shipped,,22118
15479,2023-02-23,2023-03-07,,In Process,,23795
15480,2026-01-03,2026-01-10,,In Process,Replacement for damaged order.,24469
15481,2024-08-05,2024-08-30,2024-08-14,Shipped,Hold for customer confirmation.,23323
15482,2024-10-31,2024-11-18,2024-11-01,Shipped,Fragile items — handle with care.,24169
15483,2025-12-04,2025-12-12,,Cancelled,,22151
15484,2022-11-26,2022-12-14,2022-11-29,Shipped,Customer will pick up at warehouse.,23352
15485,2025-06-09,2025-06-18,2025-06-19,Shipped,,21397
15486,2022-01-23,2022-02-17,2022-01-24,Shipped,Special discount applied.,20013
15487,2025-10-24,2025-11-19,2025-10-27,Shipped,Special discount applied.,22408
15488,2023-08-02,2023-08-26,,In Process,,21345
15489,2022-10-01,2022-10-22,2022-10-07,Disputed,Priority customer — rush order.,24459
15490,2025-08-17,2025-09-05,2025-08-20,Disputed,Verified credit before processing.,20033
15491,2026-05-08,2026-05-24,2026-05-09,Shipped,Customer will pick up at warehouse.,24721
15492,2025-08-10,2025-09-02,2025-08-14,Resolved,International shipment — customs docs needed.,20600
15493,2023-09-05,2023-09-27,2023-09-10,Shipped,,22933
15494,2025-12-14,2025-12-27,2025-12-23,Disputed,International shipment — customs docs needed.,20877
15495,2023-11-15,2023-12-06,2023-11-21,Disputed,Please ship as soon as possible.,24355
15496,2024-02-24,2024-03-10,,On Hold,Backorder — ship when available.,21344
15497,2024-06-21,2024-07-15,,Cancelled,,24697
15498,2023-02-14,2023-03-11,2023-02-21,Shipped,Replacement for damaged order.,23399
15499,2022-04-16,2022-05-01,2022-04-22,Shipped,Partial shipment approved by customer.,21829
15500,2022-04-26,2022-05-15,2022-04-29,Shipped,,22314
15501,2025-03-19,2025-03-28,,Cancelled,,20261
15502,2022-10-21,2022-11-19,2022-10-28,Shipped,,23771
15503,2024-12-17,2024-12-26,2024-12-23,Shipped,,24008
15504,2025-08-24,2025-09-15,,Cancelled,International shipment — customs docs needed.,21709
15505,2026-06-11,2026-07-07,,On Hold,Special discount applied.,22161
15506,2024-03-25,2024-04-03,2024-04-02,Disputed,Customer requested expedited shipping.,22142
15507,2025-08-15,2025-09-09,,Cancelled,Partial shipment approved by customer.,22986
15508,2025-11-05,2025-11-23,,On Hold,,21402
15509,2023-01-22,2023-02-06,2023-01-31,Shipped,International shipment — customs docs needed.,20297
15510,2026-02-05,2026-03-03,2026-02-07,Disputed,,21567
15511,2024-09-02,2024-10-02,2024-09-05,Shipped,Verified credit before processing.,22319
15512,2023-01-01,2023-01-21,2023-01-04,Shipped,Fragile items — handle with care.,21682
15513,2024-07-02,2024-07-21,,On Hold,Please ship as soon as possible.,22156
15514,2024-04-27,2024-05-24,2024-05-05,Shipped,Customer requested expedited shipping.,20219
15515,2024-04-04,2024-04-24,2024-04-09,Shipped,Call before delivery.,22514
15516,2024-12-25,2025-01-19,2025-01-01,Disputed,International shipment — customs docs needed.,20249
15517,2026-03-23,2026-04-06,2026-04-02,Shipped,International shipment — customs docs needed.,21975
15518,2024-02-29,2024-03-22,2024-03-03,Shipped,Customer requested expedited shipping.,23969
15519,2024-08-11,2024-09-07,,On Hold,Hold for customer confirmation.,23503
15520,2023-10-16,2023-10-31,,Cancelled,Fragile items — handle with care.,20095
15521,2022-12-15,2022-12-30,2022-12-22,Shipped,Special discount applied.,21612
15522,2022-06-25,2022-07-10,2022-06-28,Resolved,,22240
15523,2024-04-02,2024-04-19,2024-04-10,Resolved,Customer requested expedited shipping.,21256
15524,2025-09-24,2025-10-23,2025-10-02,Disputed,Priority customer — rush order.,21050
15525,2025-01-31,2025-02-14,2025-02-08,Shipped,,22419
15526,2022-03-29,2022-04-08,2022-04-06,Shipped,Partial shipment approved by customer.,23324
15527,2026-02-22,2026-03-16,,In Process,Verified credit before processing.,23810
15528,2025-06-09,2025-06-24,2025-06-14,Shipped,Customer requested expedited shipping.,23812
15529,2022-12-17,2023-01-03,,In Process,Customer will pick up at warehouse.,20386
15530,2025-07-06,2025-07-16,2025-07-08,Disputed,Customer requested expedited shipping.,20345
15531,2025-03-30,2025-04-11,2025-03-31,Resolved,,24933
15532,2024-02-23,2024-03-15,2024-02-28,Resolved,,23373
15533,2024-11-16,2024-11-27,2024-11-22,Shipped,Please ship as soon as possible.,21813
15534,2025-03-26,2025-04-08,,In Process,,22657
15535,2022-05-13,2022-05-31,2022-05-20,Shipped,Customer will pick up at warehouse.,20695
15536,2024-01-30,2024-02-24,2024-02-02,Shipped,Special discount applied.,24130
15537,2022-08-20,2022-09-06,2022-08-28,Shipped,Partial shipment approved by customer.,23431
15538,2025-12-21,2026-01-08,,In Process,,21887
15539,2025-12-12,2026-01-03,2025-12-18,Disputed,,21508
15540,2023-09-11,2023-09-30,,In Process,Customer requested expedited shipping.,23740
15541,2024-04-02,2024-04-30,2024-04-04,Shipped,Customer will pick up at warehouse.,21319
15542,2022-07-05,2022-07-23,2022-07-15,Shipped,Partial shipment approved by customer.,20700
15543,2026-03-18,2026-04-16,2026-03-28,Shipped,Call before delivery.,21297
15544,2025-09-21,2025-10-05,2025-09-29,Shipped,,24953
15545,2022-02-23,2022-03-20,,Cancelled,Customer requested expedited shipping.,20550
15546,2025-12-07,2025-12-28,,On Hold,Check stock before processing.,20978
15547,2026-05-06,2026-05-29,2026-05-11,Shipped,Backorder — ship when available.,21270
15548,2025-11-23,2025-12-12,2025-11-29,Resolved,Customer requested expedited shipping.,20139
15549,2026-05-31,2026-06-28,,In Process,International shipment — customs docs needed.,24276
15550,2024-10-06,2024-10-22,2024-10-09,Shipped,Replacement for damaged order.,20185
15551,2025-12-09,2026-01-08,2025-12-14,Shipped,Replacement for damaged order.,20805
15552,2023-11-20,2023-12-10,,Cancelled,Check stock before processing.,21796
15553,2022-06-30,2022-07-12,2022-07-09,Shipped,Backorder — ship when available.,20882
15554,2025-09-09,2025-09-20,2025-09-10,Shipped,International shipment — customs docs needed.,22362
15555,2022-10-15,2022-10-26,2022-10-17,Shipped,Customer will pick up at warehouse.,20577
15556,2024-02-22,2024-03-14,,In Process,Customer will pick up at warehouse.,23146
15557,2024-02-02,2024-03-01,,In Process,Gift wrapping requested.,20335
15558,2025-12-08,2025-12-17,2025-12-12,Disputed,Check stock before processing.,24311
15559,2025-03-06,2025-03-26,2025-03-16,Resolved,Gift wrapping requested.,21374
15560,2022-03-20,2022-04-11,2022-03-21,Shipped,Priority customer — rush order.,22086
15561,2025-08-29,2025-09-20,2025-09-01,Shipped,,20255
15562,2025-12-09,2026-01-04,2025-12-16,Shipped,Please ship as soon as possible.,20507
15563,2025-12-29,2026-01-24,,On Hold,,20150
15564,2026-01-10,2026-01-28,2026-01-19,Disputed,Check stock before processing.,20351
15565,2025-07-23,2025-08-18,2025-08-02,Shipped,Hold for customer confirmation.,24920
15566,2024-09-27,2024-10-23,,On Hold,Customer will pick up at warehouse.,20738
15567,2022-04-20,2022-05-17,2022-04-29,Shipped,,22177
15568,2026-07-20,2026-08-07,,On Hold,Please ship as soon as possible.,24102
15569,2026-05-18,2026-05-25,2026-05-22,Shipped,,23222
15570,2022-03-13,2022-04-05,2022-03-21,Shipped,,22806
15571,2025-06-03,2025-06-18,,Cancelled,Please ship as soon as possible.,24625
15572,2022-06-08,2022-06-26,2022-06-16,Disputed,Hold for customer confirmation.,21875
15573,2023-10-06,2023-10-21,2023-10-16,Shipped,Customer will pick up at warehouse.,23929
15574,2025-09-15,2025-09-26,2025-09-20,Shipped,Customer will pick up at warehouse.,23279
15575,2024-07-12,2024-07-27,,In Process,Customer will pick up at warehouse.,22035
15576,2026-06-19,2026-07-11,2026-06-21,Resolved,Special discount applied.,20026
15577,2022-08-16,2022-09-09,,On Hold,,23839
15578,2022-09-11,2022-10-08,2022-09-16,Resolved,Priority customer — rush order.,20691
15579,2024-07-28,2024-08-10,,Cancelled,,23854
15580,2025-12-15,2026-01-06,,Cancelled,Special discount applied.,21487
15581,2024-01-22,2024-02-03,2024-02-01,Disputed,,23729
15582,2022-09-28,2022-10-06,2022-10-02,Shipped,Hold for customer confirmation.,23719
15583,2024-02-27,2024-03-28,2024-03-04,Shipped,Verified credit before processing.,20400
15584,2025-04-04,2025-04-22,2025-04-14,Shipped,Customer requested expedited shipping.,23285
15585,2023-04-06,2023-04-20,2023-04-12,Shipped,,20290
15586,2025-05-27,2025-06-25,,Cancelled,,23764
15587,2023-04-10,2023-04-25,,On Hold,,24656
15588,2024-03-04,2024-03-19,2024-03-11,Shipped,Backorder — ship when available.,24116
15589,2025-02-03,2025-03-04,,On Hold,Priority customer — rush order.,23424
15590,2024-10-15,2024-10-31,2024-10-21,Shipped,International shipment — customs docs needed.,23923
15591,2025-06-21,2025-07-11,2025-06-25,Disputed,Backorder — ship when available.,24756
15592,2026-05-31,2026-06-22,,Cancelled,International shipment — customs docs needed.,24098
15593,2025-05-08,2025-05-29,2025-05-15,Shipped,,21516
15594,2025-12-14,2026-01-03,2025-12-23,Shipped,Gift wrapping requested.,23019
15595,2024-08-12,2024-08-31,,On Hold,Call before delivery.,21493
15596,2023-12-08,2023-12-28,2023-12-10,Shipped,Customer requested expedited shipping.,23486
15597,2024-07-26,2024-08-24,2024-08-03,Shipped,Check stock before processing.,23437
15598,2024-05-06,2024-05-15,2024-05-08,Shipped,,21854
15599,2025-06-05,2025-06-16,2025-06-15,Disputed,International shipment — customs docs needed.,21812
15600,2026-01-11,2026-02-04,2026-01-17,Shipped,,24431
15601,2023-01-08,2023-01-19,2023-01-11,Shipped,Check stock before processing.,24800
15602,2022-05-31,2022-06-08,2022-06-08,Shipped,,24585
15603,2022-03-20,2022-04-08,2022-03-25,Disputed,,22715
15604,2026-04-18,2026-04-26,2026-04-24,Resolved,,23907
15605,2025-04-08,2025-04-23,2025-04-16,Shipped,Gift wrapping requested.,22266
15606,2026-06-12,2026-06-27,2026-06-20,Resolved,,24283
15607,2023-03-21,2023-04-11,2023-03-23,Disputed,Partial shipment approved by customer.,22894
15608,2026-04-15,2026-05-11,2026-04-20,Shipped,Partial shipment approved by customer.,22530
15609,2025-12-25,2026-01-23,2026-01-04,Shipped,Replacement for damaged order.,20751
15610,2023-02-05,2023-02-19,2023-02-15,Resolved,Partial shipment approved by customer.,21765
15611,2023-08-11,2023-08-23,2023-08-13,Shipped,,22100
15612,2022-03-27,2022-04-07,2022-04-03,Shipped,Gift wrapping requested.,24883
15613,2025-08-17,2025-09-02,,Cancelled,International shipment — customs docs needed.,23349
15614,2025-09-22,2025-09-29,2025-09-28,Shipped,Call before delivery.,24234
15615,2023-02-13,2023-03-11,2023-02-23,Shipped,,24318
15616,2024-05-23,2024-06-08,,In Process,Partial shipment approved by customer.,23257
15617,2025-04-11,2025-04-29,2025-04-16,Shipped,Partial shipment approved by customer.,22658
15618,2023-08-13,2023-08-29,2023-08-18,Resolved,,23662
15619,2025-04-14,2025-04-29,2025-04-22,Disputed,,20162
15620,2022-09-02,2022-09-11,2022-09-10,Disputed,Fragile items — handle with care.,23949
15621,2025-01-25,2025-02-08,2025-02-01,Resolved,International shipment — customs docs needed.,22512
15622,2024-08-13,2024-08-30,2024-08-19,Shipped,Please ship as soon as possible.,21293
15623,2025-05-28,2025-06-05,2025-05-29,Shipped,Partial shipment approved by customer.,20884
15624,2023-10-26,2023-11-05,2023-11-02,Shipped,,23191
15625,2024-07-19,2024-08-03,2024-07-29,Shipped,Verified credit before processing.,23094
15626,2022-09-09,2022-10-01,2022-09-17,Shipped,Check stock before processing.,24742
15627,2023-12-18,2023-12-29,,Cancelled,International shipment — customs docs needed.,21495
15628,2025-09-02,2025-10-01,2025-09-06,Disputed,Partial shipment approved by customer.,20432
15629,2024-06-11,2024-07-06,,Cancelled,,21918
15630,2022-11-13,2022-11-25,2022-11-18,Resolved,,22655
15631,2026-04-27,2026-05-17,2026-05-07,Resolved,,21376
15632,2022-04-14,2022-05-02,2022-04-16,Shipped,Partial shipment approved by customer.,24106
15633,2026-02-27,2026-03-09,2026-03-03,Shipped,Call before delivery.,20400
15634,2024-05-16,2024-06-03,2024-05-21,Shipped,Priority customer — rush order.,20840
15635,2026-01-27,2026-02-11,,In Process,,23595
15636,2023-01-01,2023-01-29,2023-01-07,Shipped,,23913
15637,2026-06-13,2026-07-12,2026-06-20,Shipped,Special discount applied.,20091
15638,2025-12-26,2026-01-06,,On Hold,Special discount applied.,23342
15639,2023-02-06,2023-03-02,2023-02-15,Resolved,,23824
15640,2025-07-10,2025-07-21,,In Process,Priority customer — rush order.,21991
15641,2024-03-23,2024-04-05,2024-03-28,Shipped,,21452
15642,2023-09-12,2023-09-29,2023-09-15,Resolved,Priority customer — rush order.,21954
15643,2025-01-31,2025-03-02,2025-02-04,Shipped,Hold for customer confirmation.,20208
15644,2025-02-04,2025-02-11,2025-02-05,Shipped,,22964
15645,2025-11-03,2025-11-21,2025-11-07,Shipped,Priority customer — rush order.,21507
15646,2023-01-16,2023-01-30,,In Process,,24956
15647,2024-04-28,2024-05-06,2024-05-01,Shipped,Call before delivery.,23027
15648,2024-12-11,2024-12-23,2024-12-12,Shipped,,22352
15649,2026-01-24,2026-02-19,2026-01-30,Resolved,Customer requested expedited shipping.,22115
15650,2022-11-16,2022-12-01,2022-11-20,Disputed,Backorder — ship when available.,23131
15651,2023-03-14,2023-04-02,2023-03-19,Shipped,Verified credit before processing.,20103
15652,2023-09-25,2023-10-23,2023-10-01,Disputed,Customer will pick up at warehouse.,20670
15653,2022-01-19,2022-02-11,,On Hold,International shipment — customs docs needed.,20366
15654,2024-01-11,2024-01-23,2024-01-13,Shipped,,20013
15655,2025-09-05,2025-09-24,,On Hold,Priority customer — rush order.,24265
15656,2025-04-21,2025-05-16,2025-04-25,Shipped,Customer will pick up at warehouse.,23470
15657,2023-12-18,2024-01-15,,In Process,,24287
15658,2022-12-19,2022-12-26,2022-12-24,Disputed,Priority customer — rush order.,20086
15659,2025-09-22,2025-10-10,2025-09-25,Shipped,,24124
15660,2022-11-11,2022-11-19,2022-11-18,Disputed,Customer will pick up at warehouse.,24346
15661,2025-02-28,2025-03-13,2025-03-09,Shipped,,22177
15662,2024-10-16,2024-10-23,,In Process,International shipment — customs docs needed.,23668
15663,2025-05-13,2025-05-20,2025-05-14,Shipped,Partial shipment approved by customer.,22943
15664,2022-11-12,2022-11-20,,On Hold,,24427
15665,2022-11-22,2022-12-17,,Cancelled,Hold for customer confirmation.,21156
15666,2025-04-10,2025-04-25,2025-04-13,Shipped,,20286
15667,2024-12-05,2024-12-18,,Cancelled,Fragile items — handle with care.,22027
15668,2023-03-23,2023-04-10,2023-03-29,Shipped,,23823
15669,2024-02-16,2024-02-27,2024-02-20,Resolved,,21681
15670,2022-12-29,2023-01-09,,Cancelled,,21277
15671,2025-05-17,2025-06-10,2025-05-18,Shipped,,23472
15672,2024-01-10,2024-01-26,2024-01-19,Shipped,Priority customer — rush order.,21767
15673,2024-11-08,2024-11-25,2024-11-17,Resolved,Customer will pick up at warehouse.,24795
15674,2023-05-01,2023-05-21,2023-05-04,Disputed,,22215
15675,2024-08-13,2024-09-05,2024-08-23,Resolved,,20883
15676,2025-12-27,2026-01-21,,On Hold,,21217
15677,2022-07-05,2022-07-25,2022-07-12,Shipped,Check stock before processing.,24415
15678,2022-09-26,2022-10-25,2022-09-27,Shipped,Verified credit before processing.,20223
15679,2023-01-23,2023-02-04,,Cancelled,Hold for customer confirmation.,24217
15680,2025-09-21,2025-10-17,2025-09-30,Resolved,Check stock before processing.,23644
15681,2022-03-01,2022-03-13,2022-03-05,Shipped,Priority customer — rush order.,20054
15682,2024-09-06,2024-09-20,2024-09-15,Shipped,,24860
15683,2026-02-22,2026-03-04,2026-02-23,Disputed,Gift wrapping requested.,24571
15684,2022-01-20,2022-02-19,2022-01-25,Shipped,,23623
15685,2023-06-20,2023-07-15,2023-06-24,Shipped,,20753
15686,2024-08-04,2024-08-25,2024-08-11,Shipped,Verified credit before processing.,23947
15687,2024-06-29,2024-07-25,2024-07-09,Shipped,Hold for customer confirmation.,24472
15688,2022-01-12,2022-01-31,2022-01-13,Shipped,Priority customer — rush order.,23264
15689,2025-07-30,2025-08-19,2025-07-31,Resolved,Special discount applied.,20581
15690,2022-09-03,2022-09-25,,In Process,Check stock before processing.,22076
15691,2023-10-25,2023-11-11,2023-10-30,Resolved,Hold for customer confirmation.,22705
15692,2025-10-20,2025-11-17,,In Process,Backorder — ship when available.,21309
15693,2024-08-05,2024-08-13,2024-08-09,Shipped,,21080
15694,2024-07-20,2024-08-06,2024-07-29,Resolved,,23321
15695,2025-08-28,2025-09-13,,Cancelled,Partial shipment approved by customer.,24637
15696,2025-04-05,2025-04-27,,On Hold,Customer requested expedited shipping.,21177
15697,2024-11-06,2024-11-16,2024-11-16,Disputed,Verified credit before processing.,24660
15698,2022-06-27,2022-07-08,,On Hold,Fragile items — handle with care.,24328
15699,2026-03-21,2026-03-29,,In Process,Customer will pick up at warehouse.,21797
15700,2026-01-27,2026-02-07,,On Hold,,20782
15701,2022-10-13,2022-10-28,2022-10-16,Shipped,Verified credit before processing.,21394
15702,2023-07-27,2023-08-10,,On Hold,Check stock before processing.,24395
15703,2025-04-04,2025-04-17,2025-04-09,Shipped,,24142
15704,2025-06-08,2025-06-26,,Cancelled,Customer requested expedited shipping.,24238
15705,2024-10-21,2024-11-03,2024-10-24,Shipped,Partial shipment approved by customer.,23079
15706,2026-01-27,2026-02-07,2026-02-04,Shipped,Customer will pick up at warehouse.,22151
15707,2022-09-04,2022-09-25,2022-09-09,Disputed,Check stock before processing.,23524
15708,2025-08-11,2025-09-08,2025-08-16,Shipped,Replacement for damaged order.,21926
15709,2026-01-08,2026-01-16,,In Process,Partial shipment approved by customer.,21976
15710,2025-09-10,2025-10-07,,In Process,Customer requested expedited shipping.,24437
15711,2025-12-31,2026-01-07,2026-01-09,Shipped,,20262
15712,2024-06-18,2024-07-02,2024-06-19,Shipped,,21166
15713,2026-03-16,2026-04-14,2026-03-21,Shipped,,21246
15714,2024-09-17,2024-10-15,2024-09-23,Shipped,Fragile items — handle with care.,24235
15715,2022-06-25,2022-07-14,2022-06-26,Shipped,,24361
15716,2025-04-16,2025-05-15,2025-04-24,Resolved,Backorder — ship when available.,23277
15717,2025-06-21,2025-07-17,2025-06-22,Shipped,Backorder — ship when available.,24856
15718,2022-09-16,2022-09-24,,In Process,,23715
15719,2022-06-01,2022-06-29,2022-06-10,Shipped,Special discount applied.,21335
15720,2022-09-25,2022-10-22,2022-10-02,Shipped,Please ship as soon as possible.,22078
15721,2023-04-20,2023-05-06,2023-04-23,Shipped,Verified credit before processing.,24320
15722,2022-06-24,2022-07-20,2022-06-27,Shipped,Check stock before processing.,24428
15723,2022-06-27,2022-07-25,2022-07-04,Shipped,Check stock before processing.,23291
15724,2022-08-04,2022-09-02,2022-08-09,Shipped,Partial shipment approved by customer.,20837
15725,2022-03-12,2022-03-24,,On Hold,,24476
15726,2022-05-07,2022-05-25,2022-05-09,Shipped,Special discount applied.,21224
15727,2024-06-20,2024-06-30,2024-06-22,Shipped,Customer requested expedited shipping.,22227
15728,2024-10-04,2024-10-21,2024-10-06,Shipped,Gift wrapping requested.,22173
15729,2022-10-10,2022-10-20,2022-10-11,Shipped,Please ship as soon as possible.,22214
15730,2026-06-10,2026-06-24,,In Process,Check stock before processing.,23951
15731,2025-06-20,2025-07-13,2025-06-23,Shipped,Fragile items — handle with care.,20858
15732,2022-10-02,2022-10-11,2022-10-07,Shipped,,22751
15733,2026-01-29,2026-02-22,2026-02-07,Resolved,,22835
15734,2024-01-16,2024-01-31,,Cancelled,Customer requested expedited shipping.,23436
15735,2025-06-05,2025-06-21,,On Hold,Backorder — ship when available.,23082
15736,2026-05-20,2026-06-10,2026-05-29,Resolved,Gift wrapping requested.,21908
15737,2026-01-27,2026-02-21,2026-01-28,Shipped,Please ship as soon as possible.,21850
15738,2024-10-17,2024-10-29,2024-10-26,Shipped,Fragile items — handle with care.,20247
15739,2025-03-15,2025-04-11,2025-03-18,Shipped,International shipment — customs docs needed.,24252
15740,2022-10-16,2022-11-14,,Cancelled,Partial shipment approved by customer.,24702
15741,2022-02-27,2022-03-13,2022-03-03,Shipped,Replacement for damaged order.,22704
15742,2022-03-07,2022-03-25,2022-03-17,Shipped,,24404
15743,2024-01-09,2024-01-26,2024-01-13,Shipped,,24896
15744,2025-03-02,2025-03-30,2025-03-10,Shipped,Gift wrapping requested.,23950
15745,2025-04-05,2025-04-20,2025-04-15,Disputed,Verified credit before processing.,24883
15746,2026-07-16,2026-08-07,2026-07-20,Shipped,Call before delivery.,24498
15747,2024-06-20,2024-07-01,,In Process,Hold for customer confirmation.,24507
15748,2023-12-05,2023-12-22,2023-12-13,Shipped,International shipment — customs docs needed.,20434
15749,2025-07-22,2025-08-17,2025-07-31,Shipped,Replacement for damaged order.,24817
15750,2024-05-30,2024-06-08,2024-06-03,Shipped,,20161
15751,2024-06-18,2024-07-16,2024-06-19,Shipped,,24429
15752,2024-08-24,2024-09-14,,In Process,Fragile items — handle with care.,22575
15753,2024-12-04,2024-12-15,,In Process,Check stock before processing.,24156
15754,2023-12-13,2024-01-06,,In Process,Fragile items — handle with care.,20071
15755,2024-10-09,2024-10-18,,Cancelled,Please ship as soon as possible.,24164
15756,2024-11-15,2024-12-02,2024-11-18,Shipped,Replacement for damaged order.,21284
15757,2023-04-18,2023-05-02,2023-04-26,Shipped,Partial shipment approved by customer.,24252
15758,2022-12-13,2022-12-29,,In Process,Fragile items — handle with care.,23304
15759,2026-02-18,2026-02-26,2026-02-20,Shipped,Customer requested expedited shipping.,23794
15760,2026-01-02,2026-01-18,2026-01-05,Disputed,Gift wrapping requested.,23794
15761,2025-09-17,2025-10-03,2025-09-25,Disputed,,21069
15762,2026-02-15,2026-03-13,,In Process,Gift wrapping requested.,22888
15763,2022-12-31,2023-01-18,2023-01-01,Shipped,International shipment — customs docs needed.,22373
15764,2026-01-19,2026-02-15,2026-01-26,Shipped,Customer will pick up at warehouse.,20447
15765,2022-05-05,2022-06-01,,On Hold,Priority customer — rush order.,20915
15766,2023-04-04,2023-05-04,,On Hold,,23836
15767,2022-05-24,2022-06-20,,In Process,,22053
15768,2022-06-07,2022-06-24,,On Hold,Gift wrapping requested.,23346
15769,2024-08-12,2024-09-07,2024-08-15,Shipped,Check stock before processing.,23803
15770,2023-12-18,2023-12-30,2023-12-27,Disputed,Replacement for damaged order.,21575
15771,2026-01-16,2026-02-03,2026-01-23,Shipped,Backorder — ship when available.,24561
15772,2022-07-26,2022-08-20,2022-08-05,Shipped,,20803
15773,2023-01-11,2023-02-05,2023-01-18,Shipped,Backorder — ship when available.,23576
15774,2023-08-01,2023-08-11,2023-08-06,Shipped,,20460
15775,2022-04-24,2022-05-10,,In Process,,24380
15776,2024-07-27,2024-08-25,2024-07-31,Disputed,Verified credit before processing.,24636
15777,2023-10-01,2023-10-27,2023-10-03,Shipped,Verified credit before processing.,21115
15778,2024-12-06,2024-12-31,2024-12-12,Shipped,Special discount applied.,22406
15779,2026-04-03,2026-04-27,2026-04-07,Shipped,Verified credit before processing.,24662
15780,2023-06-10,2023-07-05,2023-06-16,Shipped,,21987
15781,2023-08-16,2023-09-10,2023-08-17,Shipped,Replacement for damaged order.,20319
15782,2022-06-29,2022-07-28,2022-07-02,Shipped,Verified credit before processing.,21288
15783,2024-04-01,2024-04-27,2024-04-06,Shipped,Priority customer — rush order.,22718
15784,2025-07-03,2025-07-27,,On Hold,Priority customer — rush order.,23381
15785,2022-10-09,2022-11-05,,In Process,Please ship as soon as possible.,23900
15786,2024-04-23,2024-05-18,,On Hold,Priority customer — rush order.,20885
15787,2023-02-03,2023-02-17,,On Hold,,21130
15788,2024-09-21,2024-10-19,2024-09-22,Shipped,Priority customer — rush order.,23583
15789,2026-04-18,2026-05-11,2026-04-28,Shipped,,21688
15790,2022-01-31,2022-02-17,2022-02-08,Resolved,Please ship as soon as possible.,22931
15791,2022-01-19,2022-01-28,2022-01-27,Resolved,,22014
15792,2025-09-25,2025-10-02,2025-09-27,Resolved,Replacement for damaged order.,22092
15793,2026-05-20,2026-06-16,2026-05-22,Resolved,Gift wrapping requested.,22734
15794,2024-04-22,2024-05-12,,On Hold,Verified credit before processing.,22252
15795,2023-03-04,2023-03-12,2023-03-11,Shipped,,21586
15796,2022-04-02,2022-04-18,2022-04-12,Shipped,,22274
15797,2023-04-09,2023-05-02,2023-04-15,Shipped,Call before delivery.,24317
15798,2023-02-23,2023-03-12,2023-03-04,Resolved,Fragile items — handle with care.,24671
15799,2024-09-12,2024-10-06,,On Hold,Gift wrapping requested.,23061
15800,2026-04-12,2026-04-30,,On Hold,Check stock before processing.,24630
15801,2026-06-11,2026-06-23,2026-06-17,Disputed,,24604
15802,2023-01-31,2023-02-21,2023-02-10,Shipped,Verified credit before processing.,23315
15803,2026-03-26,2026-04-19,,On Hold,Gift wrapping requested.,22748
15804,2022-08-03,2022-08-12,2022-08-05,Shipped,International shipment — customs docs needed.,22690
15805,2025-12-23,2026-01-17,,Cancelled,Customer requested expedited shipping.,24486
15806,2026-02-13,2026-03-09,2026-02-17,Shipped,,23322
15807,2025-07-23,2025-08-21,2025-07-30,Disputed,,23428
15808,2025-10-10,2025-10-29,,On Hold,Special discount applied.,24407
15809,2024-05-25,2024-06-08,2024-06-02,Disputed,Priority customer — rush order.,24927
15810,2022-01-18,2022-02-06,2022-01-21,Shipped,Please ship as soon as possible.,22559
15811,2025-02-14,2025-03-03,2025-02-21,Shipped,,22594
15812,2022-10-20,2022-11-14,2022-10-24,Shipped,Customer will pick up at warehouse.,22912
15813,2023-12-13,2024-01-05,,On Hold,,20929
15814,2022-01-03,2022-01-20,2022-01-13,Shipped,,21794
15815,2023-08-16,2023-09-12,2023-08-23,Disputed,Hold for customer confirmation.,22849
15816,2023-06-14,2023-06-22,2023-06-17,Shipped,Customer will pick up at warehouse.,22283
15817,2024-03-04,2024-03-26,2024-03-05,Shipped,,23791
15818,2022-01-10,2022-01-30,,In Process,,22627
15819,2023-05-04,2023-05-28,,On Hold,International shipment — customs docs needed.,21525
15820,2022-04-23,2022-05-14,2022-05-02,Shipped,Verified credit before processing.,24998
15821,2022-03-02,2022-03-26,2022-03-08,Resolved,Priority customer — rush order.,24921
15822,2025-05-23,2025-06-19,2025-05-30,Shipped,,22230
15823,2023-02-04,2023-02-13,2023-02-08,Shipped,Backorder — ship when available.,20067
15824,2022-07-20,2022-08-09,2022-07-27,Shipped,,22665
15825,2024-10-13,2024-10-30,2024-10-22,Shipped,,21031
15826,2023-07-23,2023-08-16,,On Hold,Replacement for damaged order.,23737
15827,2024-05-21,2024-06-03,2024-05-23,Resolved,Call before delivery.,20249
15828,2023-10-27,2023-11-08,,On Hold,Check stock before processing.,23806
15829,2026-01-04,2026-02-03,2026-01-08,Shipped,Priority customer — rush order.,21563
15830,2026-03-18,2026-04-03,2026-03-22,Shipped,Customer requested expedited shipping.,21367
15831,2023-05-13,2023-06-02,2023-05-17,Shipped,Special discount applied.,20573
15832,2025-12-02,2025-12-29,2025-12-08,Shipped,International shipment — customs docs needed.,21985
15833,2023-02-05,2023-02-22,2023-02-06,Disputed,,22650
15834,2024-10-25,2024-11-18,2024-11-01,Disputed,,21676
15835,2023-03-10,2023-03-23,2023-03-17,Resolved,Customer requested expedited shipping.,23310
15836,2024-11-17,2024-11-29,,On Hold,Customer requested expedited shipping.,24579
15837,2026-03-30,2026-04-24,,Cancelled,Priority customer — rush order.,23665
15838,2024-04-08,2024-05-02,,Cancelled,Replacement for damaged order.,20826
15839,2023-07-06,2023-08-05,2023-07-09,Shipped,Priority customer — rush order.,24111
15840,2024-10-12,2024-11-10,,On Hold,,20801
15841,2024-11-07,2024-11-14,2024-11-15,Shipped,Call before delivery.,22902
15842,2026-01-17,2026-02-12,,In Process,,22607
15843,2025-02-10,2025-02-18,,Cancelled,Fragile items — handle with care.,21295
15844,2023-05-30,2023-06-26,,On Hold,Priority customer — rush order.,20526
15845,2025-05-14,2025-06-09,2025-05-21,Shipped,Customer requested expedited shipping.,24871
15846,2023-03-31,2023-04-27,2023-04-03,Shipped,,22204
15847,2022-02-03,2022-02-27,2022-02-13,Disputed,,22624
15848,2026-02-03,2026-02-25,,In Process,Backorder — ship when available.,22998
15849,2026-07-16,2026-07-27,,On Hold,International shipment — customs docs needed.,21086
15850,2023-09-04,2023-09-29,,Cancelled,,20953
15851,2024-02-05,2024-02-17,,In Process,Check stock before processing.,24487
15852,2023-12-14,2024-01-11,,On Hold,,23036
15853,2022-09-25,2022-10-12,,Cancelled,Backorder — ship when available.,20783
15854,2026-06-15,2026-07-09,2026-06-24,Shipped,Gift wrapping requested.,22348
15855,2024-07-28,2024-08-19,2024-08-03,Disputed,,21886
15856,2023-12-27,2024-01-17,2024-01-03,Resolved,,22449
15857,2024-04-09,2024-04-21,2024-04-11,Shipped,Please ship as soon as possible.,24707
15858,2024-05-29,2024-06-09,2024-06-02,Shipped,Customer will pick up at warehouse.,20410
15859,2026-05-25,2026-06-18,2026-05-30,Shipped,Customer requested expedited shipping.,20997
15860,2023-04-13,2023-04-28,2023-04-17,Shipped,,20753
15861,2022-03-21,2022-03-31,2022-03-25,Disputed,Customer will pick up at warehouse.,24248
15862,2023-02-06,2023-03-07,2023-02-14,Shipped,Fragile items — handle with care.,20900
15863,2023-10-13,2023-11-08,2023-10-19,Shipped,,22770
15864,2025-03-11,2025-03-23,2025-03-14,Shipped,Fragile items — handle with care.,22979
15865,2025-11-06,2025-12-01,2025-11-10,Disputed,Verified credit before processing.,24939
15866,2025-11-18,2025-11-30,,On Hold,Verified credit before processing.,20161
15867,2025-09-23,2025-10-07,2025-09-24,Shipped,,20924
15868,2025-05-21,2025-06-11,2025-05-26,Shipped,Gift wrapping requested.,22085
15869,2025-06-10,2025-06-28,2025-06-17,Shipped,Fragile items — handle with care.,23027
15870,2023-05-09,2023-06-07,2023-05-11,Shipped,Please ship as soon as possible.,23636
15871,2025-03-16,2025-03-29,,On Hold,Partial shipment approved by customer.,23589
15872,2026-05-20,2026-05-27,2026-05-30,Shipped,Gift wrapping requested.,23517
15873,2022-09-07,2022-09-18,,On Hold,Gift wrapping requested.,23492
15874,2022-08-01,2022-08-13,,In Process,Verified credit before processing.,22311
15875,2025-01-08,2025-02-07,2025-01-18,Resolved,,22257
15876,2022-03-04,2022-03-19,2022-03-05,Disputed,,24548
15877,2022-10-31,2022-11-14,2022-11-05,Shipped,,22386
15878,2023-11-01,2023-11-30,2023-11-06,Shipped,Customer will pick up at warehouse.,20157
15879,2025-01-23,2025-02-05,,On Hold,,21394
15880,2023-10-10,2023-10-23,2023-10-12,Shipped,,22598
15881,2026-05-03,2026-05-24,2026-05-08,Shipped,Customer requested expedited shipping.,23476
15882,2025-11-12,2025-11-23,2025-11-16,Disputed,Priority customer — rush order.,23174
15883,2026-07-19,2026-08-17,,In Process,Hold for customer confirmation.,23464
15884,2023-09-03,2023-09-13,,Cancelled,Customer requested expedited shipping.,20136
15885,2022-04-07,2022-04-28,,On Hold,Fragile items — handle with care.,24015
15886,2024-02-09,2024-03-01,2024-02-13,Shipped,Customer will pick up at warehouse.,24282
15887,2022-09-06,2022-09-26,2022-09-09,Resolved,Replacement for damaged order.,24782
15888,2022-12-31,2023-01-10,,In Process,Customer requested expedited shipping.,20935
15889,2022-02-24,2022-03-18,,In Process,Customer requested expedited shipping.,24054
15890,2023-01-13,2023-01-21,2023-01-20,Disputed,,23958
15891,2022-11-03,2022-11-10,2022-11-09,Shipped,Special discount applied.,22386
15892,2026-07-08,2026-07-20,,In Process,Replacement for damaged order.,21596
15893,2026-01-11,2026-02-08,,Cancelled,Priority customer — rush order.,20861
15894,2025-01-14,2025-02-13,2025-01-20,Shipped,,24090
15895,2022-02-14,2022-03-16,2022-02-18,Shipped,Check stock before processing.,21632
15896,2022-11-06,2022-12-04,,In Process,Hold for customer confirmation.,20851
15897,2025-09-26,2025-10-06,2025-10-06,Shipped,Customer requested expedited shipping.,20528
15898,2022-06-25,2022-07-04,2022-07-02,Shipped,International shipment — customs docs needed.,22477
15899,2024-01-02,2024-01-09,,In Process,Check stock before processing.,21049
15900,2025-09-18,2025-10-14,,On Hold,Priority customer — rush order.,22018
15901,2023-09-28,2023-10-12,2023-10-08,Disputed,,22441
15902,2026-01-08,2026-01-15,,Cancelled,Customer requested expedited shipping.,22898
15903,2023-03-17,2023-04-14,2023-03-20,Resolved,,23142
15904,2024-07-06,2024-07-14,,In Process,Check stock before processing.,20740
15905,2023-01-02,2023-02-01,2023-01-08,Shipped,,20697
15906,2024-03-22,2024-04-06,2024-04-01,Shipped,Please ship as soon as possible.,23002
15907,2022-11-23,2022-12-15,2022-11-26,Shipped,Replacement for damaged order.,21631
15908,2025-09-13,2025-10-01,2025-09-23,Shipped,,22916
15909,2024-11-06,2024-11-22,,In Process,Please ship as soon as possible.,24455
15910,2023-10-06,2023-11-02,,In Process,,20195
15911,2023-01-15,2023-01-28,2023-01-18,Shipped,Fragile items — handle with care.,24012
15912,2022-12-02,2022-12-12,2022-12-12,Shipped,,20799
15913,2024-04-16,2024-05-14,2024-04-17,Shipped,Fragile items — handle with care.,24331
15914,2022-07-01,2022-07-23,,Cancelled,,21738
15915,2023-10-11,2023-10-24,2023-10-12,Resolved,Hold for customer confirmation.,22675
15916,2022-04-20,2022-05-04,,In Process,Priority customer — rush order.,22392
15917,2023-10-20,2023-11-19,2023-10-27,Resolved,,21641
15918,2023-06-09,2023-07-02,2023-06-13,Shipped,,23007
15919,2025-11-03,2025-11-21,2025-11-11,Shipped,,24566
15920,2025-01-21,2025-02-20,2025-01-22,Shipped,Gift wrapping requested.,23572
15921,2023-09-01,2023-09-20,,Cancelled,,21605
15922,2023-07-05,2023-07-25,2023-07-12,Disputed,Priority customer — rush order.,22487
15923,2022-01-26,2022-02-04,,In Process,Please ship as soon as possible.,24727
15924,2022-01-02,2022-01-22,2022-01-07,Shipped,Priority customer — rush order.,24513
15925,2022-01-24,2022-02-22,2022-02-03,Resolved,,24180
15926,2022-07-01,2022-07-12,2022-07-09,Shipped,Replacement for damaged order.,21754
15927,2023-05-27,2023-06-04,2023-06-04,Shipped,Please ship as soon as possible.,20224
15928,2026-04-16,2026-04-25,2026-04-17,Shipped,Check stock before processing.,20215
15929,2022-09-08,2022-09-16,2022-09-13,Shipped,Customer will pick up at warehouse.,23874
15930,2023-08-16,2023-09-01,,On Hold,,21392
15931,2025-12-18,2026-01-01,,Cancelled,Check stock before processing.,22696
15932,2023-08-05,2023-08-14,2023-08-07,Shipped,Verified credit before processing.,21715
15933,2024-07-14,2024-08-08,2024-07-16,Shipped,Call before delivery.,22972
15934,2022-07-02,2022-07-14,2022-07-04,Disputed,,23614
15935,2023-09-04,2023-09-12,2023-09-09,Shipped,,22958
15936,2022-07-25,2022-08-18,2022-07-26,Shipped,Fragile items — handle with care.,20114
15937,2022-04-21,2022-05-19,,In Process,International shipment — customs docs needed.,24609
15938,2025-04-19,2025-05-02,2025-04-26,Shipped,Please ship as soon as possible.,22555
15939,2022-08-13,2022-09-06,,On Hold,Fragile items — handle with care.,22683
15940,2024-11-23,2024-12-19,2024-11-28,Shipped,,20595
15941,2026-01-02,2026-01-15,2026-01-12,Disputed,Please ship as soon as possible.,21752
15942,2023-01-04,2023-01-14,2023-01-12,Shipped,,21165
15943,2023-06-28,2023-07-11,2023-07-04,Shipped,,21489
15944,2026-03-05,2026-03-29,2026-03-11,Shipped,Check stock before processing.,22697
15945,2025-09-01,2025-09-11,2025-09-02,Shipped,International shipment — customs docs needed.,24181
15946,2023-12-12,2023-12-26,,In Process,,22908
15947,2024-11-05,2024-12-01,2024-11-09,Shipped,,23381
15948,2024-01-29,2024-02-22,,On Hold,Partial shipment approved by customer.,24308
15949,2025-09-28,2025-10-07,2025-10-08,Resolved,,22203
15950,2024-06-11,2024-06-29,2024-06-19,Shipped,Partial shipment approved by customer.,23609
15951,2023-10-30,2023-11-19,2023-11-04,Disputed,Gift wrapping requested.,22440
15952,2025-03-01,2025-03-11,2025-03-06,Shipped,,21554
15953,2025-02-27,2025-03-24,2025-03-08,Shipped,Replacement for damaged order.,21565
15954,2022-08-18,2022-09-03,2022-08-28,Shipped,,21942
15955,2024-01-26,2024-02-03,2024-02-03,Shipped,Backorder — ship when available.,21688
15956,2025-03-13,2025-04-11,2025-03-23,Disputed,Verified credit before processing.,21246
15957,2023-05-19,2023-05-29,,Cancelled,,24865
15958,2023-03-28,2023-04-19,2023-03-29,Shipped,Gift wrapping requested.,24553
15959,2022-03-01,2022-03-18,2022-03-07,Disputed,,22725
15960,2026-01-22,2026-02-17,2026-01-31,Shipped,,24829
15961,2024-12-21,2025-01-20,2024-12-24,Shipped,,21614
15962,2022-11-18,2022-11-29,2022-11-26,Resolved,Customer will pick up at warehouse.,22804
15963,2024-07-23,2024-08-14,,Cancelled,Partial shipment approved by customer.,21526
15964,2023-01-02,2023-01-27,,On Hold,,24530
15965,2026-03-12,2026-03-19,2026-03-22,Shipped,Customer requested expedited shipping.,20857
15966,2023-09-21,2023-10-09,2023-10-01,Shipped,Verified credit before processing.,21234
15967,2025-11-14,2025-11-30,2025-11-20,Shipped,Fragile items — handle with care.,22004
15968,2022-02-16,2022-02-27,,Cancelled,Hold for customer confirmation.,22443
15969,2024-11-10,2024-11-25,,On Hold,Verified credit before processing.,20238
15970,2022-10-18,2022-11-02,,On Hold,Customer will pick up at warehouse.,23146
15971,2026-07-04,2026-07-24,,On Hold,,23289
15972,2022-06-02,2022-06-26,,In Process,Call before delivery.,24561
15973,2022-04-14,2022-05-13,2022-04-16,Resolved,,22956
15974,2025-08-27,2025-09-12,,Cancelled,Customer will pick up at warehouse.,24043
15975,2022-07-23,2022-08-17,,On Hold,Gift wrapping requested.,21505
15976,2024-10-31,2024-11-29,2024-11-05,Shipped,Backorder — ship when available.,23550
15977,2026-05-22,2026-06-21,,In Process,,21476
15978,2022-03-02,2022-03-09,2022-03-04,Shipped,Verified credit before processing.,20982
15979,2024-07-22,2024-08-15,2024-07-29,Disputed,Hold for customer confirmation.,22860
15980,2023-10-15,2023-10-23,,On Hold,Customer will pick up at warehouse.,20251
15981,2023-12-05,2023-12-16,2023-12-12,Shipped,,21643
15982,2022-06-07,2022-06-18,,On Hold,Replacement for damaged order.,20249
15983,2022-04-22,2022-05-22,2022-04-27,Shipped,,24296
15984,2024-02-22,2024-03-06,2024-02-23,Shipped,Customer requested expedited shipping.,21661
15985,2026-07-17,2026-08-15,,Cancelled,,22965
15986,2022-05-15,2022-06-07,2022-05-25,Disputed,International shipment — customs docs needed.,24177
15987,2024-03-09,2024-04-08,2024-03-16,Resolved,,23536
15988,2022-01-16,2022-01-30,2022-01-24,Shipped,Partial shipment approved by customer.,21968
15989,2022-12-20,2023-01-18,2022-12-25,Shipped,,24714
15990,2024-10-22,2024-11-10,2024-10-24,Disputed,Hold for customer confirmation.,21015
15991,2023-08-29,2023-09-23,,Cancelled,Partial shipment approved by customer.,24593
15992,2023-07-15,2023-07-29,2023-07-20,Shipped,Customer requested expedited shipping.,23176
15993,2026-02-20,2026-03-06,2026-03-01,Shipped,,24374
15994,2023-06-13,2023-06-27,2023-06-22,Shipped,Please ship as soon as possible.,20561
15995,2023-07-04,2023-07-19,2023-07-10,Resolved,Special discount applied.,24926
15996,2024-05-16,2024-06-04,2024-05-20,Disputed,,24345
15997,2022-07-05,2022-07-13,2022-07-11,Disputed,Backorder — ship when available.,22886
15998,2025-11-24,2025-12-06,2025-11-27,Shipped,,22435
15999,2025-12-27,2026-01-08,2026-01-03,Shipped,Fragile items — handle with care.,20271
16000,2025-04-15,2025-04-23,2025-04-24,Disputed,Backorder — ship when available.,23841
16001,2022-05-27,2022-06-22,2022-06-05,Shipped,Call before delivery.,20324
16002,2022-05-31,2022-06-24,2022-06-10,Shipped,Verified credit before processing.,20617
16003,2025-10-31,2025-11-09,2025-11-05,Shipped,,22127
16004,2022-11-03,2022-11-11,,Cancelled,Replacement for damaged order.,22544
16005,2022-11-02,2022-12-02,,In Process,,21053
16006,2024-05-13,2024-06-01,2024-05-23,Shipped,Check stock before processing.,23164
16007,2023-04-20,2023-05-17,2023-04-21,Disputed,Please ship as soon as possible.,21323
16008,2023-11-29,2023-12-28,2023-12-04,Shipped,,24011
16009,2024-12-26,2025-01-15,2025-01-01,Disputed,,24691
16010,2025-06-19,2025-06-29,,Cancelled,Customer requested expedited shipping.,22490
16011,2023-06-20,2023-07-17,,In Process,,20821
16012,2023-07-22,2023-08-19,2023-07-31,Disputed,,20632
16013,2023-03-03,2023-03-10,,In Process,,21145
16014,2023-07-24,2023-08-10,2023-07-26,Shipped,,23510
16015,2022-01-05,2022-01-25,2022-01-14,Shipped,,22237
16016,2022-08-17,2022-09-11,2022-08-22,Resolved,Gift wrapping requested.,22105
16017,2025-06-06,2025-06-22,2025-06-14,Shipped,,21364
16018,2024-04-29,2024-05-24,,On Hold,,24816
16019,2026-07-12,2026-07-23,2026-07-13,Shipped,Hold for customer confirmation.,22919
16020,2025-08-18,2025-09-12,2025-08-24,Shipped,,22353
16021,2023-02-09,2023-02-17,,Cancelled,Customer requested expedited shipping.,23053
16022,2024-11-05,2024-11-25,,In Process,Fragile items — handle with care.,21331
16023,2023-04-12,2023-04-27,2023-04-14,Shipped,,23012
16024,2024-04-10,2024-05-01,2024-04-11,Shipped,Priority customer — rush order.,22630
16025,2022-10-15,2022-11-07,2022-10-25,Shipped,,23855
16026,2022-12-02,2022-12-14,2022-12-12,Shipped,Priority customer — rush order.,20636
16027,2026-03-06,2026-03-16,2026-03-11,Shipped,,23950
16028,2025-11-23,2025-12-16,,Cancelled,,20930
16029,2022-09-03,2022-09-22,2022-09-04,Shipped,,21163
16030,2024-09-08,2024-10-06,,On Hold,Check stock before processing.,21714
16031,2022-04-06,2022-04-23,,On Hold,,22454
16032,2026-05-25,2026-06-20,,Cancelled,Verified credit before processing.,21933
16033,2022-12-12,2022-12-31,2022-12-21,Shipped,Please ship as soon as possible.,24231
16034,2024-01-29,2024-02-25,,Cancelled,Partial shipment approved by customer.,22384
16035,2026-04-21,2026-04-30,2026-04-28,Shipped,,24378
16036,2023-01-03,2023-01-11,2023-01-08,Shipped,Partial shipment approved by customer.,22439
16037,2025-04-30,2025-05-28,2025-05-03,Shipped,,24663
16038,2024-02-18,2024-02-29,2024-02-23,Resolved,International shipment — customs docs needed.,21548
16039,2022-07-18,2022-07-25,,Cancelled,Partial shipment approved by customer.,23496
16040,2022-09-10,2022-10-08,,Cancelled,Verified credit before processing.,24544
16041,2022-09-06,2022-09-21,2022-09-09,Shipped,,24559
16042,2026-03-24,2026-04-17,2026-03-25,Resolved,Partial shipment approved by customer.,24095
16043,2022-03-05,2022-03-28,,In Process,,21940
16044,2024-06-30,2024-07-24,2024-07-03,Shipped,,23043
16045,2024-04-02,2024-04-22,2024-04-09,Resolved,Please ship as soon as possible.,23393
16046,2022-04-09,2022-04-18,,Cancelled,Special discount applied.,22062
16047,2024-06-25,2024-07-03,2024-07-03,Resolved,Customer will pick up at warehouse.,23908
16048,2023-01-04,2023-01-24,2023-01-13,Shipped,,22444
16049,2025-01-20,2025-02-15,,In Process,Call before delivery.,20262
16050,2023-04-29,2023-05-07,,On Hold,,21693
16051,2025-11-15,2025-12-06,2025-11-24,Shipped,Call before delivery.,24033
16052,2024-03-13,2024-04-08,2024-03-15,Disputed,,20586
16053,2022-07-06,2022-07-28,2022-07-11,Shipped,Gift wrapping requested.,21153
16054,2023-09-17,2023-10-01,2023-09-22,Shipped,,23940
16055,2022-04-25,2022-05-12,2022-04-27,Shipped,,20542
16056,2024-03-11,2024-03-19,,On Hold,Priority customer — rush order.,22846
16057,2023-03-14,2023-03-24,2023-03-21,Resolved,Call before delivery.,21940
16058,2022-04-30,2022-05-19,2022-05-08,Shipped,Customer requested expedited shipping.,22892
16059,2026-07-16,2026-07-29,2026-07-20,Shipped,Customer requested expedited shipping.,21189
16060,2025-08-19,2025-09-04,2025-08-26,Shipped,Fragile items — handle with care.,22094
16061,2022-09-25,2022-10-03,2022-09-30,Shipped,Partial shipment approved by customer.,22747
16062,2026-01-19,2026-02-13,2026-01-26,Shipped,,20680
16063,2025-08-24,2025-09-13,2025-08-26,Shipped,Partial shipment approved by customer.,21208
16064,2023-09-21,2023-09-30,2023-09-26,Shipped,,22772
16065,2022-01-29,2022-02-09,2022-02-07,Disputed,Call before delivery.,20198
16066,2022-07-03,2022-07-15,,On Hold,Call before delivery.,24314
16067,2022-06-11,2022-06-18,2022-06-20,Disputed,Verified credit before processing.,20764
16068,2026-07-08,2026-08-01,,In Process,Customer requested expedited shipping.,22971
16069,2024-08-12,2024-08-30,,In Process,,20821
16070,2023-11-11,2023-11-22,2023-11-15,Shipped,Replacement for damaged order.,22890
16071,2022-01-13,2022-02-07,2022-01-16,Resolved,Special discount applied.,23602
16072,2022-06-04,2022-06-12,2022-06-07,Shipped,,22427
16073,2024-04-26,2024-05-07,2024-05-06,Shipped,,23550
16074,2025-07-21,2025-08-14,2025-07-30,Shipped,Customer requested expedited shipping.,23096
16075,2023-06-06,2023-06-21,2023-06-09,Shipped,,24395
16076,2023-08-23,2023-09-16,,On Hold,,22270
16077,2024-01-09,2024-01-22,,On Hold,Customer will pick up at warehouse.,21453
16078,2025-09-04,2025-09-14,2025-09-14,Shipped,Priority customer — rush order.,24545
16079,2022-06-26,2022-07-06,2022-07-06,Resolved,,20593
16080,2026-02-26,2026-03-07,2026-03-06,Shipped,Partial shipment approved by customer.,20208
16081,2024-08-09,2024-09-05,2024-08-19,Disputed,Hold for customer confirmation.,20984
16082,2023-07-21,2023-08-10,2023-07-29,Shipped,,20982
16083,2022-08-20,2022-08-27,,Cancelled,Call before delivery.,23672
16084,2025-02-15,2025-03-07,2025-02-18,Shipped,International shipment — customs docs needed.,23445
16085,2025-10-18,2025-10-25,2025-10-21,Disputed,,21921
16086,2022-02-11,2022-03-01,2022-02-20,Shipped,,23833
16087,2026-05-16,2026-06-03,2026-05-26,Shipped,Call before delivery.,21738
16088,2022-10-29,2022-11-10,2022-11-03,Shipped,,21891
16089,2022-09-26,2022-10-16,2022-10-01,Disputed,Backorder — ship when available.,24067
16090,2022-02-12,2022-02-27,2022-02-22,Shipped,Gift wrapping requested.,22933
16091,2024-07-19,2024-08-12,2024-07-29,Shipped,Fragile items — handle with care.,20805
16092,2022-06-24,2022-07-20,,Cancelled,,21598
16093,2022-08-25,2022-09-05,,On Hold,,22860
16094,2022-09-08,2022-09-25,2022-09-13,Shipped,International shipment — customs docs needed.,21726
16095,2024-02-05,2024-02-27,2024-02-06,Shipped,,21930
16096,2025-12-04,2025-12-18,,In Process,Customer will pick up at warehouse.,21645
16097,2025-11-07,2025-11-30,,On Hold,,20096
16098,2025-09-24,2025-10-09,,On Hold,Priority customer — rush order.,21232
16099,2023-06-17,2023-07-13,2023-06-25,Shipped,Gift wrapping requested.,23984
16100,2023-05-15,2023-06-04,2023-05-17,Shipped,Call before delivery.,23572
16101,2025-12-23,2026-01-07,,In Process,Call before delivery.,21030
16102,2022-07-27,2022-08-18,2022-08-01,Shipped,Priority customer — rush order.,21460
16103,2023-12-12,2024-01-10,2023-12-19,Shipped,,22822
16104,2025-05-08,2025-05-19,2025-05-10,Disputed,Customer will pick up at warehouse.,23726
16105,2022-06-18,2022-07-14,,In Process,International shipment — customs docs needed.,23278
16106,2025-08-21,2025-09-07,,In Process,Customer will pick up at warehouse.,24906
16107,2025-02-19,2025-03-21,2025-02-23,Resolved,,22583
16108,2025-02-19,2025-03-16,2025-02-26,Shipped,,23317
16109,2023-02-01,2023-03-02,2023-02-09,Shipped,Backorder — ship when available.,22439
16110,2024-04-03,2024-05-02,2024-04-08,Resolved,Priority customer — rush order.,22536
16111,2025-06-26,2025-07-04,2025-07-05,Resolved,,20353
16112,2024-09-04,2024-09-26,2024-09-13,Resolved,Call before delivery.,24322
16113,2023-09-25,2023-10-08,2023-10-02,Shipped,,20133
16114,2024-08-27,2024-09-16,2024-09-06,Shipped,Call before delivery.,22210
16115,2026-02-16,2026-03-01,,On Hold,,20370
16116,2023-05-25,2023-06-07,,In Process,,23481
16117,2022-01-09,2022-02-06,2022-01-15,Shipped,Customer requested expedited shipping.,23160
16118,2026-05-31,2026-06-09,2026-06-10,Shipped,,22622
16119,2025-02-27,2025-03-25,2025-02-28,Disputed,,24517
16120,2022-04-14,2022-04-21,2022-04-15,Shipped,Fragile items — handle with care.,22547
16121,2024-04-04,2024-04-16,,Cancelled,Customer requested expedited shipping.,22644
16122,2025-05-07,2025-05-20,2025-05-14,Shipped,Fragile items — handle with care.,23158
16123,2022-08-15,2022-09-09,2022-08-22,Shipped,Call before delivery.,20708
16124,2023-02-17,2023-03-04,,On Hold,,21749
16125,2024-09-09,2024-10-07,,In Process,Partial shipment approved by customer.,23662
16126,2025-09-14,2025-10-11,2025-09-21,Shipped,Priority customer — rush order.,20558
16127,2026-02-21,2026-03-08,2026-02-22,Shipped,International shipment — customs docs needed.,23580
16128,2022-07-04,2022-07-31,,Cancelled,Check stock before processing.,23897
16129,2025-09-24,2025-10-08,2025-09-26,Shipped,,20270
16130,2022-12-06,2023-01-02,2022-12-15,Shipped,,20921
16131,2022-04-11,2022-05-02,2022-04-21,Disputed,Check stock before processing.,22134
16132,2023-10-17,2023-11-14,,Cancelled,Replacement for damaged order.,24940
16133,2026-07-08,2026-07-15,2026-07-18,Shipped,Gift wrapping requested.,23298
16134,2025-01-27,2025-02-13,,In Process,,20652
16135,2024-09-12,2024-10-10,,In Process,Check stock before processing.,20879
16136,2025-10-16,2025-11-05,,Cancelled,,23851
16137,2026-07-01,2026-07-16,2026-07-09,Shipped,,23438
16138,2026-01-10,2026-02-08,2026-01-15,Shipped,,20589
16139,2026-01-24,2026-02-05,,In Process,Please ship as soon as possible.,21283
16140,2023-06-28,2023-07-12,2023-07-01,Resolved,,23104
16141,2025-08-31,2025-09-28,2025-09-01,Disputed,Special discount applied.,22977
16142,2025-10-16,2025-10-26,2025-10-20,Shipped,Check stock before processing.,24858
16143,2022-12-22,2022-12-30,2022-12-26,Shipped,Call before delivery.,24097
16144,2025-09-23,2025-10-05,,On Hold,Customer requested expedited shipping.,20025
16145,2022-09-27,2022-10-20,2022-09-28,Shipped,,24539
16146,2024-07-14,2024-07-22,,On Hold,Priority customer — rush order.,24036
16147,2024-11-10,2024-11-26,,In Process,Partial shipment approved by customer.,20321
16148,2025-10-16,2025-10-28,2025-10-23,Shipped,Priority customer — rush order.,21428
16149,2022-11-26,2022-12-25,2022-11-28,Shipped,,20839
16150,2025-10-13,2025-10-23,,In Process,Priority customer — rush order.,23982
16151,2025-02-05,2025-02-18,2025-02-15,Shipped,International shipment — customs docs needed.,21522
16152,2024-06-28,2024-07-23,2024-07-05,Shipped,,23214
16153,2024-01-09,2024-01-20,2024-01-18,Shipped,Check stock before processing.,22216
16154,2023-01-06,2023-01-25,2023-01-15,Shipped,Replacement for damaged order.,24310
16155,2025-10-17,2025-10-25,2025-10-18,Shipped,Please ship as soon as possible.,23925
16156,2025-04-21,2025-05-13,,In Process,International shipment — customs docs needed.,20328
16157,2025-04-01,2025-04-15,,Cancelled,Customer will pick up at warehouse.,22673
16158,2023-05-05,2023-05-27,2023-05-11,Shipped,Partial shipment approved by customer.,22419
16159,2026-04-29,2026-05-22,,On Hold,Replacement for damaged order.,24477
16160,2025-10-28,2025-11-27,2025-10-31,Disputed,,22962
16161,2025-02-21,2025-03-14,,Cancelled,Partial shipment approved by customer.,21081
16162,2024-01-05,2024-01-21,2024-01-13,Shipped,Customer requested expedited shipping.,23036
16163,2025-12-26,2026-01-09,2025-12-28,Resolved,,22066
16164,2024-04-08,2024-04-24,,On Hold,Fragile items — handle with care.,23759
16165,2026-02-13,2026-03-01,2026-02-15,Shipped,,21378
16166,2022-10-04,2022-10-22,2022-10-14,Shipped,Verified credit before processing.,22851
16167,2023-11-27,2023-12-08,,In Process,,20897
16168,2024-10-22,2024-11-12,2024-10-28,Shipped,Special discount applied.,21388
16169,2025-10-13,2025-10-20,,Cancelled,Replacement for damaged order.,23696
16170,2022-03-18,2022-03-26,2022-03-23,Resolved,,21410
16171,2025-11-01,2025-11-24,2025-11-07,Shipped,,21304
16172,2023-06-16,2023-07-11,2023-06-25,Shipped,,23581
16173,2024-05-04,2024-05-17,2024-05-08,Resolved,Call before delivery.,24100
16174,2026-04-09,2026-05-04,2026-04-12,Shipped,Gift wrapping requested.,21865
16175,2023-03-19,2023-04-05,2023-03-24,Shipped,Customer requested expedited shipping.,22669
16176,2022-01-25,2022-02-17,,In Process,,22229
16177,2023-07-14,2023-08-01,2023-07-20,Shipped,Fragile items — handle with care.,20497
16178,2024-09-09,2024-09-17,2024-09-17,Shipped,Check stock before processing.,24554
16179,2023-01-30,2023-02-25,,On Hold,Hold for customer confirmation.,22429
16180,2023-08-15,2023-09-08,2023-08-25,Disputed,,24662
16181,2022-05-16,2022-05-26,2022-05-22,Shipped,Verified credit before processing.,20754
16182,2025-09-03,2025-10-03,,On Hold,,20251
16183,2024-09-16,2024-09-30,2024-09-24,Shipped,,24471
16184,2025-12-12,2025-12-19,2025-12-15,Shipped,,21949
16185,2024-11-05,2024-11-22,2024-11-06,Shipped,Special discount applied.,20204
16186,2023-05-01,2023-05-16,2023-05-11,Shipped,,21777
16187,2023-04-18,2023-04-25,2023-04-21,Shipped,Partial shipment approved by customer.,24931
16188,2025-05-27,2025-06-20,2025-05-31,Shipped,Partial shipment approved by customer.,24509
16189,2023-06-04,2023-06-22,2023-06-08,Disputed,Backorder — ship when available.,22701
16190,2023-09-09,2023-09-20,,In Process,,20973
16191,2023-09-20,2023-10-18,,Cancelled,,21465
16192,2026-07-20,2026-08-12,,On Hold,Replacement for damaged order.,24918
16193,2023-04-04,2023-04-15,2023-04-12,Shipped,,23586
16194,2025-03-22,2025-04-11,2025-03-27,Shipped,Verified credit before processing.,20337
16195,2025-01-23,2025-02-11,,Cancelled,Please ship as soon as possible.,21625
16196,2023-04-02,2023-04-16,2023-04-03,Resolved,Fragile items — handle with care.,23690
16197,2023-08-16,2023-09-02,2023-08-26,Shipped,Replacement for damaged order.,20556
16198,2025-11-04,2025-12-04,,Cancelled,Customer requested expedited shipping.,24815
16199,2023-03-10,2023-03-31,2023-03-18,Disputed,,23408
16200,2024-08-19,2024-09-04,2024-08-27,Shipped,Customer will pick up at warehouse.,22416
16201,2022-04-26,2022-05-10,,Cancelled,Priority customer — rush order.,20391
16202,2022-09-18,2022-09-25,2022-09-21,Shipped,Customer requested expedited shipping.,21711
16203,2022-05-22,2022-06-17,2022-05-28,Disputed,Replacement for damaged order.,24168
16204,2022-02-09,2022-03-10,2022-02-12,Shipped,,22314
16205,2025-11-06,2025-11-17,2025-11-08,Shipped,Priority customer — rush order.,23227
16206,2026-04-23,2026-05-21,2026-04-25,Shipped,Special discount applied.,20553
16207,2023-04-09,2023-04-18,2023-04-16,Shipped,Replacement for damaged order.,23182
16208,2024-04-01,2024-04-25,,In Process,Please ship as soon as possible.,23093
16209,2023-01-14,2023-02-12,2023-01-24,Resolved,,23686
16210,2023-08-27,2023-09-03,2023-09-04,Shipped,Replacement for damaged order.,21715
16211,2024-05-15,2024-06-13,,In Process,,24212
16212,2025-10-01,2025-10-10,2025-10-02,Shipped,Backorder — ship when available.,21760
16213,2024-07-12,2024-07-29,2024-07-19,Shipped,Verified credit before processing.,24092
16214,2026-04-24,2026-05-16,2026-04-25,Shipped,,24450
16215,2022-07-28,2022-08-17,2022-08-02,Disputed,Gift wrapping requested.,21728
16216,2025-11-06,2025-11-20,,In Process,Fragile items — handle with care.,21083
16217,2023-08-02,2023-08-20,2023-08-11,Shipped,,20470
16218,2022-08-10,2022-08-20,,Cancelled,Gift wrapping requested.,21601
16219,2022-04-23,2022-05-06,,Cancelled,Priority customer — rush order.,21384
16220,2024-08-10,2024-08-18,2024-08-12,Resolved,Call before delivery.,23937
16221,2025-01-12,2025-02-03,2025-01-16,Shipped,Check stock before processing.,24977
16222,2025-09-15,2025-10-04,,In Process,Please ship as soon as possible.,23887
16223,2025-08-26,2025-09-05,2025-09-04,Shipped,Call before delivery.,24680
16224,2024-10-22,2024-11-04,,In Process,,21741
16225,2026-04-08,2026-05-03,2026-04-14,Shipped,,23295
16226,2023-05-06,2023-05-20,,In Process,,24225
16227,2023-07-15,2023-08-08,2023-07-17,Resolved,Verified credit before processing.,22061
16228,2024-01-28,2024-02-20,2024-02-04,Shipped,Gift wrapping requested.,20762
16229,2022-07-27,2022-08-26,2022-08-05,Shipped,,22156
16230,2025-05-03,2025-05-29,2025-05-05,Shipped,,24632
16231,2023-03-15,2023-04-11,,Cancelled,Customer will pick up at warehouse.,21740
16232,2024-05-02,2024-05-13,2024-05-09,Shipped,Call before delivery.,23285
16233,2026-01-05,2026-02-02,2026-01-11,Shipped,Fragile items — handle with care.,22091
16234,2023-03-22,2023-04-21,2023-03-30,Resolved,Customer requested expedited shipping.,21935
16235,2026-07-20,2026-08-01,,In Process,Hold for customer confirmation.,24033
16236,2024-12-14,2025-01-07,,In Process,,21160
16237,2023-11-09,2023-11-16,2023-11-15,Shipped,Customer will pick up at warehouse.,24628
16238,2025-03-10,2025-04-07,2025-03-12,Resolved,Call before delivery.,21164
16239,2025-08-20,2025-09-05,,In Process,Fragile items — handle with care.,23199
16240,2023-05-17,2023-05-27,2023-05-21,Shipped,,24639
16241,2025-06-17,2025-07-04,,Cancelled,Please ship as soon as possible.,21411
16242,2025-10-08,2025-10-17,,In Process,,24378
16243,2024-07-07,2024-08-05,2024-07-10,Disputed,,22381
16244,2023-09-28,2023-10-16,2023-10-05,Shipped,Customer will pick up at warehouse.,23994
16245,2023-03-02,2023-03-10,2023-03-07,Shipped,Special discount applied.,20379
16246,2022-12-24,2023-01-05,,In Process,,23881
16247,2022-06-16,2022-07-06,2022-06-19,Disputed,,22252
16248,2023-12-30,2024-01-14,2024-01-02,Shipped,Priority customer — rush order.,22803
16249,2023-01-27,2023-02-21,2023-02-05,Shipped,Please ship as soon as possible.,21540
16250,2024-02-06,2024-03-06,2024-02-11,Resolved,,23486
16251,2025-07-25,2025-08-03,2025-07-28,Shipped,,20291
16252,2024-05-28,2024-06-07,2024-06-01,Shipped,,20205
16253,2026-07-06,2026-07-28,2026-07-10,Resolved,,22289
16254,2025-07-29,2025-08-08,,On Hold,Hold for customer confirmation.,24282
16255,2023-12-04,2023-12-29,2023-12-08,Shipped,,21018
16256,2026-05-23,2026-06-22,2026-05-25,Shipped,,21011
16257,2026-04-18,2026-05-08,2026-04-21,Resolved,,22882
16258,2025-11-20,2025-12-13,2025-11-27,Shipped,Replacement for damaged order.,23405
16259,2025-03-04,2025-03-15,,Cancelled,Customer requested expedited shipping.,21693
16260,2026-05-08,2026-05-17,,In Process,Partial shipment approved by customer.,22213
16261,2026-07-18,2026-08-16,,In Process,,24930
16262,2024-02-26,2024-03-16,,On Hold,Check stock before processing.,21856
16263,2022-05-09,2022-05-30,2022-05-12,Shipped,Hold for customer confirmation.,23143
16264,2024-07-18,2024-07-31,2024-07-20,Shipped,Partial shipment approved by customer.,23545
16265,2023-05-18,2023-06-02,2023-05-23,Disputed,Gift wrapping requested.,22285
16266,2022-04-16,2022-04-29,2022-04-26,Shipped,Hold for customer confirmation.,23798
16267,2023-01-14,2023-01-24,2023-01-20,Shipped,,21306
16268,2026-01-14,2026-02-02,2026-01-21,Shipped,Please ship as soon as possible.,23125
16269,2022-01-20,2022-02-17,2022-01-23,Shipped,Priority customer — rush order.,21627
16270,2022-09-26,2022-10-11,2022-10-05,Shipped,,20433
16271,2024-08-07,2024-08-19,2024-08-15,Shipped,,22509
16272,2025-03-21,2025-04-02,,Cancelled,Check stock before processing.,23400
16273,2025-10-30,2025-11-23,2025-11-03,Shipped,Customer will pick up at warehouse.,20197
16274,2023-06-15,2023-06-25,,Cancelled,Partial shipment approved by customer.,20075
16275,2023-04-17,2023-05-13,2023-04-19,Shipped,International shipment — customs docs needed.,23969
16276,2025-10-31,2025-11-17,,In Process,Special discount applied.,20039
16277,2022-01-11,2022-01-24,2022-01-21,Shipped,Gift wrapping requested.,20887
16278,2025-04-21,2025-05-20,,In Process,International shipment — customs docs needed.,22554
16279,2026-05-03,2026-05-21,,On Hold,International shipment — customs docs needed.,24321
16280,2025-11-30,2025-12-29,2025-12-01,Resolved,,23031
16281,2023-05-24,2023-06-15,,On Hold,Customer requested expedited shipping.,24694
16282,2022-01-12,2022-02-01,2022-01-13,Shipped,Verified credit before processing.,22020
16283,2022-08-09,2022-08-30,,Cancelled,Fragile items — handle with care.,20856
16284,2022-07-04,2022-07-24,2022-07-10,Disputed,,24319
16285,2023-12-19,2024-01-09,2023-12-22,Resolved,,24347
16286,2022-10-08,2022-11-07,,In Process,,23335
16287,2022-05-16,2022-06-15,,Cancelled,Verified credit before processing.,23921
16288,2022-12-01,2022-12-15,,Cancelled,,22733
16289,2023-01-02,2023-01-14,,On Hold,Backorder — ship when available.,20869
16290,2023-06-29,2023-07-27,2023-07-06,Shipped,Gift wrapping requested.,22824
16291,2025-01-06,2025-01-18,2025-01-10,Shipped,,24931
16292,2023-10-17,2023-11-07,,On Hold,,24280
16293,2022-05-27,2022-06-04,2022-06-02,Shipped,Customer will pick up at warehouse.,22662
16294,2023-06-09,2023-06-23,2023-06-19,Shipped,Partial shipment approved by customer.,21496
16295,2024-02-15,2024-02-24,2024-02-19,Shipped,Backorder — ship when available.,21025
16296,2022-04-05,2022-04-22,2022-04-12,Disputed,Customer requested expedited shipping.,22609
16297,2026-02-22,2026-03-01,2026-02-24,Shipped,Backorder — ship when available.,20021
16298,2023-08-12,2023-08-23,,In Process,Check stock before processing.,21014
16299,2024-08-25,2024-09-02,,In Process,Partial shipment approved by customer.,20781
16300,2022-02-17,2022-02-27,2022-02-23,Disputed,Priority customer — rush order.,24705
16301,2024-12-04,2024-12-17,,Cancelled,,23015
16302,2025-11-13,2025-11-21,,Cancelled,Hold for customer confirmation.,21163
16303,2024-07-11,2024-08-07,2024-07-17,Shipped,,24965
16304,2022-05-31,2022-06-19,,Cancelled,,20828
16305,2022-10-15,2022-11-13,2022-10-23,Shipped,Special discount applied.,22342
16306,2023-08-14,2023-08-23,2023-08-17,Disputed,Please ship as soon as possible.,24089
16307,2022-07-20,2022-08-16,2022-07-26,Disputed,Please ship as soon as possible.,20823
16308,2022-05-01,2022-05-09,2022-05-11,Shipped,,23666
16309,2023-05-05,2023-05-30,2023-05-10,Shipped,Verified credit before processing.,21612
16310,2023-10-31,2023-11-19,2023-11-02,Resolved,,22289
16311,2025-02-24,2025-03-06,,In Process,,20356
16312,2026-02-21,2026-03-03,,In Process,Replacement for damaged order.,24812
16313,2025-09-22,2025-10-08,,In Process,Customer will pick up at warehouse.,20076
16314,2025-06-22,2025-07-20,2025-06-28,Disputed,Priority customer — rush order.,22864
16315,2025-11-30,2025-12-29,,In Process,Partial shipment approved by customer.,23195
16316,2024-05-22,2024-06-19,2024-05-27,Resolved,Partial shipment approved by customer.,23925
16317,2026-06-13,2026-07-06,2026-06-17,Shipped,Priority customer — rush order.,23935
16318,2024-03-17,2024-04-04,2024-03-18,Shipped,,24059
16319,2022-05-15,2022-05-23,,On Hold,Replacement for damaged order.,23383
16320,2025-08-01,2025-08-15,2025-08-03,Disputed,Backorder — ship when available.,23663
16321,2023-10-19,2023-11-12,,Cancelled,Verified credit before processing.,21566
16322,2024-03-02,2024-03-30,2024-03-07,Shipped,,20371
16323,2025-04-02,2025-04-20,2025-04-10,Shipped,International shipment — customs docs needed.,23350
16324,2024-06-03,2024-06-19,2024-06-07,Shipped,Special discount applied.,23810
16325,2024-08-17,2024-08-29,2024-08-18,Shipped,Customer will pick up at warehouse.,23178
16326,2023-11-29,2023-12-14,2023-12-02,Disputed,Fragile items — handle with care.,20758
16327,2025-04-25,2025-05-05,,Cancelled,Replacement for damaged order.,21433
16328,2023-09-29,2023-10-25,2023-10-04,Resolved,Customer will pick up at warehouse.,23902
16329,2024-01-08,2024-02-06,,Cancelled,Please ship as soon as possible.,21342
16330,2024-11-27,2024-12-05,2024-12-05,Shipped,Customer will pick up at warehouse.,24911
16331,2025-01-10,2025-01-21,,On Hold,,21478
16332,2022-03-10,2022-04-04,2022-03-12,Shipped,,23936
16333,2023-12-07,2024-01-05,,In Process,Backorder — ship when available.,24560
16334,2023-05-01,2023-05-14,,In Process,,22648
16335,2022-09-17,2022-09-26,2022-09-23,Shipped,,20393
16336,2022-11-09,2022-11-20,,In Process,,24470
16337,2025-10-17,2025-10-27,,In Process,Call before delivery.,22945
16338,2023-06-14,2023-07-10,2023-06-23,Shipped,Replacement for damaged order.,22858
16339,2025-11-06,2025-12-02,,Cancelled,Backorder — ship when available.,21553
16340,2022-10-17,2022-11-08,,On Hold,,22316
16341,2024-06-02,2024-06-13,2024-06-08,Resolved,Call before delivery.,24042
16342,2023-04-26,2023-05-15,2023-05-04,Shipped,,24928
16343,2026-07-11,2026-08-01,2026-07-20,Shipped,Backorder — ship when available.,22785
16344,2023-12-16,2024-01-11,2023-12-25,Resolved,Backorder — ship when available.,23010
16345,2025-06-18,2025-07-06,,Cancelled,Customer requested expedited shipping.,24461
16346,2024-11-03,2024-11-14,2024-11-07,Shipped,Partial shipment approved by customer.,22077
16347,2024-07-25,2024-08-01,,On Hold,Partial shipment approved by customer.,23589
16348,2022-02-15,2022-03-02,2022-02-17,Shipped,Hold for customer confirmation.,23672
16349,2023-08-14,2023-09-12,2023-08-18,Shipped,International shipment — customs docs needed.,21463
16350,2023-05-22,2023-06-12,2023-05-27,Shipped,Gift wrapping requested.,23585
16351,2026-05-24,2026-06-05,2026-06-03,Shipped,Customer requested expedited shipping.,22106
16352,2024-10-25,2024-11-24,2024-11-03,Shipped,Priority customer — rush order.,21509
16353,2024-10-18,2024-11-10,,On Hold,,20880
16354,2025-01-19,2025-02-08,,On Hold,International shipment — customs docs needed.,21364
16355,2022-02-16,2022-03-15,2022-02-25,Shipped,Special discount applied.,24692
16356,2023-04-26,2023-05-09,2023-05-02,Shipped,Verified credit before processing.,21592
16357,2024-07-06,2024-07-29,2024-07-11,Resolved,Fragile items — handle with care.,20693
16358,2024-05-10,2024-05-20,2024-05-18,Shipped,International shipment — customs docs needed.,23920
16359,2024-01-13,2024-01-26,,Cancelled,International shipment — customs docs needed.,24625
16360,2026-04-21,2026-05-15,2026-04-24,Shipped,Gift wrapping requested.,20738
16361,2023-05-07,2023-05-24,2023-05-14,Shipped,Backorder — ship when available.,24375
16362,2024-06-10,2024-07-08,2024-06-18,Resolved,Fragile items — handle with care.,20219
16363,2024-05-27,2024-06-11,2024-05-29,Resolved,,21509
16364,2025-04-04,2025-04-24,,On Hold,Call before delivery.,20172
16365,2025-11-02,2025-11-24,2025-11-07,Disputed,,23505
16366,2022-09-26,2022-10-17,2022-10-06,Shipped,International shipment — customs docs needed.,23366
16367,2026-01-01,2026-01-18,2026-01-05,Disputed,Customer requested expedited shipping.,20754
16368,2023-03-05,2023-03-19,2023-03-09,Shipped,,23514
16369,2022-04-17,2022-05-02,2022-04-21,Shipped,,24835
16370,2026-01-19,2026-02-14,,Cancelled,,20002
16371,2024-10-08,2024-11-07,,Cancelled,Customer requested expedited shipping.,24862
16372,2025-08-23,2025-09-03,2025-08-25,Shipped,,20830
16373,2024-03-03,2024-03-11,,In Process,Gift wrapping requested.,24696
16374,2024-01-09,2024-01-24,2024-01-19,Shipped,Gift wrapping requested.,23975
16375,2026-01-13,2026-02-03,2026-01-18,Resolved,Special discount applied.,22263
16376,2022-01-24,2022-02-03,2022-01-30,Shipped,,23600
16377,2022-02-04,2022-02-26,2022-02-14,Shipped,,24605
16378,2025-04-08,2025-05-06,2025-04-18,Disputed,Replacement for damaged order.,22457
16379,2023-12-14,2024-01-03,2023-12-23,Shipped,,20831
16380,2026-04-07,2026-04-29,,Cancelled,International shipment — customs docs needed.,20309
16381,2024-08-15,2024-08-29,2024-08-23,Shipped,,22303
16382,2024-06-26,2024-07-19,,Cancelled,Please ship as soon as possible.,21103
16383,2024-06-12,2024-07-04,2024-06-13,Disputed,Partial shipment approved by customer.,24828
16384,2024-05-15,2024-06-09,,On Hold,,21075
16385,2026-03-08,2026-03-24,,On Hold,Special discount applied.,24071
16386,2024-04-01,2024-04-11,2024-04-03,Shipped,Check stock before processing.,22382
16387,2026-07-04,2026-07-12,2026-07-10,Shipped,Customer will pick up at warehouse.,21290
16388,2025-06-05,2025-06-23,2025-06-06,Shipped,Replacement for damaged order.,21044
16389,2026-04-25,2026-05-10,2026-05-05,Shipped,Backorder — ship when available.,24600
16390,2024-04-06,2024-04-21,2024-04-16,Shipped,,21307
16391,2024-12-02,2024-12-13,2024-12-10,Shipped,,23639
16392,2023-09-03,2023-09-20,2023-09-05,Shipped,Verified credit before processing.,23064
16393,2023-07-03,2023-07-26,,Cancelled,Backorder — ship when available.,20821
16394,2025-04-13,2025-04-24,2025-04-21,Shipped,,24683
16395,2025-05-22,2025-05-30,2025-05-25,Shipped,,21606
16396,2025-12-13,2025-12-22,,On Hold,Call before delivery.,21538
16397,2022-06-27,2022-07-06,,In Process,Hold for customer confirmation.,20134
16398,2025-11-10,2025-11-24,,On Hold,Please ship as soon as possible.,23049
16399,2025-09-14,2025-09-29,,Cancelled,Special discount applied.,21261
16400,2023-03-04,2023-03-30,,In Process,Gift wrapping requested.,23339
16401,2024-11-11,2024-11-22,2024-11-19,Shipped,,21581
16402,2025-05-30,2025-06-10,2025-06-02,Shipped,,20354
16403,2026-04-13,2026-05-08,,Cancelled,Check stock before processing.,22742
16404,2026-06-08,2026-07-07,2026-06-18,Shipped,,23009
16405,2024-12-27,2025-01-16,2025-01-06,Shipped,Replacement for damaged order.,22825
16406,2023-02-22,2023-03-17,,Cancelled,,22022
16407,2024-11-19,2024-11-26,,On Hold,Call before delivery.,21997
16408,2025-12-01,2025-12-12,2025-12-05,Shipped,Customer requested expedited shipping.,20815
16409,2025-06-30,2025-07-25,,On Hold,International shipment — customs docs needed.,22752
16410,2025-06-08,2025-06-18,2025-06-15,Resolved,Customer requested expedited shipping.,23882
16411,2023-06-14,2023-06-27,2023-06-22,Shipped,Fragile items — handle with care.,20437
16412,2023-10-02,2023-10-28,2023-10-09,Shipped,Customer will pick up at warehouse.,22333
16413,2024-10-01,2024-10-08,2024-10-06,Disputed,Special discount applied.,21008
16414,2024-04-28,2024-05-08,2024-04-29,Shipped,International shipment — customs docs needed.,24060
16415,2025-05-28,2025-06-15,2025-05-29,Shipped,,22023
16416,2023-05-14,2023-06-05,2023-05-19,Shipped,,22767
16417,2025-06-20,2025-07-19,2025-06-29,Shipped,Check stock before processing.,21754
16418,2022-06-05,2022-06-17,2022-06-10,Shipped,Customer will pick up at warehouse.,20768
16419,2025-09-07,2025-09-21,,In Process,,24100
16420,2023-12-26,2024-01-24,2024-01-03,Shipped,Gift wrapping requested.,20009
16421,2023-11-26,2023-12-20,2023-11-28,Resolved,Hold for customer confirmation.,24103
16422,2024-03-12,2024-03-25,2024-03-15,Shipped,Please ship as soon as possible.,20486
16423,2025-09-21,2025-10-12,,On Hold,Customer requested expedited shipping.,24825
16424,2022-10-30,2022-11-12,,On Hold,Please ship as soon as possible.,21123
16425,2024-11-01,2024-11-23,2024-11-08,Shipped,Gift wrapping requested.,21148
16426,2026-07-06,2026-07-14,,Cancelled,Priority customer — rush order.,23718
16427,2026-06-20,2026-07-06,,In Process,Customer will pick up at warehouse.,24490
16428,2025-06-24,2025-07-19,2025-06-28,Shipped,,21009
16429,2026-01-25,2026-02-09,,Cancelled,Customer will pick up at warehouse.,20316
16430,2026-05-12,2026-06-11,2026-05-22,Shipped,,22193
16431,2025-05-05,2025-05-16,2025-05-11,Shipped,Gift wrapping requested.,20571
16432,2026-01-05,2026-01-29,,In Process,Customer requested expedited shipping.,24629
16433,2024-06-18,2024-07-14,,On Hold,Partial shipment approved by customer.,23436
16434,2023-12-19,2024-01-17,2023-12-26,Resolved,,23500
16435,2022-06-06,2022-06-16,2022-06-16,Shipped,,22773
16436,2023-12-05,2023-12-29,2023-12-15,Shipped,,20875
16437,2023-07-22,2023-08-18,2023-07-30,Resolved,Customer will pick up at warehouse.,21154
16438,2022-11-17,2022-11-24,,On Hold,,23566
16439,2025-03-09,2025-03-18,2025-03-15,Resolved,Partial shipment approved by customer.,22527
16440,2024-06-06,2024-06-19,2024-06-11,Disputed,,23488
16441,2026-06-16,2026-07-16,2026-06-24,Shipped,International shipment — customs docs needed.,23749
16442,2023-11-01,2023-11-15,2023-11-06,Shipped,Please ship as soon as possible.,20722
16443,2025-02-23,2025-03-24,2025-02-27,Disputed,,22410
16444,2024-08-31,2024-09-16,,On Hold,Replacement for damaged order.,23825
16445,2023-03-16,2023-04-02,2023-03-24,Disputed,,23815
16446,2022-06-17,2022-07-10,2022-06-19,Shipped,,22309
16447,2022-09-05,2022-09-29,,In Process,,22537
16448,2026-06-14,2026-07-03,,In Process,,24980
16449,2022-10-21,2022-11-05,2022-10-28,Disputed,,21136
16450,2024-08-14,2024-08-27,2024-08-22,Shipped,Customer will pick up at warehouse.,22794
16451,2025-10-10,2025-11-02,2025-10-11,Shipped,,24163
16452,2023-07-09,2023-07-22,2023-07-19,Shipped,Call before delivery.,23169
16453,2023-06-06,2023-07-04,2023-06-16,Disputed,International shipment — customs docs needed.,20260
16454,2023-11-26,2023-12-18,,Cancelled,,22947
16455,2025-11-28,2025-12-13,2025-11-29,Resolved,Fragile items — handle with care.,24066
16456,2025-09-02,2025-09-16,2025-09-07,Shipped,Check stock before processing.,20015
16457,2025-06-06,2025-06-19,,In Process,Customer requested expedited shipping.,22265
16458,2025-10-19,2025-10-31,2025-10-22,Shipped,Backorder — ship when available.,21928
16459,2026-02-22,2026-03-10,,On Hold,Priority customer — rush order.,24410
16460,2022-05-15,2022-06-12,2022-05-25,Shipped,Replacement for damaged order.,21406
16461,2023-09-03,2023-09-21,2023-09-06,Shipped,Please ship as soon as possible.,21998
16462,2022-10-12,2022-11-01,2022-10-17,Shipped,Customer will pick up at warehouse.,21016
16463,2024-06-30,2024-07-08,,On Hold,Verified credit before processing.,24837
16464,2022-04-16,2022-04-25,,In Process,Special discount applied.,20166
16465,2025-03-12,2025-03-31,2025-03-18,Shipped,,20084
16466,2022-03-28,2022-04-09,2022-04-06,Shipped,Customer will pick up at warehouse.,20985
16467,2025-07-20,2025-08-19,2025-07-29,Shipped,,21413
16468,2025-02-08,2025-03-06,,Cancelled,Customer requested expedited shipping.,20724
16469,2024-11-15,2024-11-29,,In Process,,24495
16470,2025-09-26,2025-10-11,,On Hold,Customer requested expedited shipping.,24662
16471,2022-05-29,2022-06-24,,On Hold,Verified credit before processing.,20778
16472,2026-01-25,2026-02-16,2026-01-29,Shipped,,20338
16473,2022-02-21,2022-03-05,,Cancelled,,21129
16474,2023-07-29,2023-08-22,2023-08-06,Resolved,Backorder — ship when available.,24199
16475,2025-12-30,2026-01-23,2026-01-09,Shipped,,22885
16476,2026-01-01,2026-01-31,,In Process,Call before delivery.,22422
16477,2022-03-23,2022-04-05,2022-03-25,Shipped,Replacement for damaged order.,23270
16478,2025-12-04,2025-12-17,2025-12-11,Resolved,Priority customer — rush order.,21264
16479,2023-08-27,2023-09-07,2023-09-03,Shipped,Please ship as soon as possible.,24308
16480,2024-07-17,2024-08-07,2024-07-23,Disputed,Verified credit before processing.,22821
16481,2023-12-05,2023-12-19,,Cancelled,,22187
16482,2024-08-18,2024-09-01,,On Hold,Priority customer — rush order.,23102
16483,2026-03-18,2026-04-10,2026-03-19,Shipped,Hold for customer confirmation.,24136
16484,2023-11-22,2023-12-16,2023-11-26,Resolved,Replacement for damaged order.,20650
16485,2026-03-18,2026-04-08,2026-03-20,Shipped,,24242
16486,2026-01-22,2026-02-19,,In Process,Check stock before processing.,23263
16487,2025-02-14,2025-03-01,2025-02-18,Shipped,Customer requested expedited shipping.,24457
16488,2026-03-27,2026-04-16,2026-03-30,Shipped,Special discount applied.,21852
16489,2022-05-04,2022-05-24,2022-05-11,Shipped,Please ship as soon as possible.,24483
16490,2022-10-29,2022-11-26,2022-11-08,Shipped,International shipment — customs docs needed.,22031
16491,2022-10-04,2022-10-21,,On Hold,Gift wrapping requested.,23863
16492,2024-12-06,2024-12-17,2024-12-10,Shipped,Priority customer — rush order.,20547
16493,2024-06-30,2024-07-20,2024-07-03,Shipped,International shipment — customs docs needed.,21501
16494,2022-02-07,2022-02-17,2022-02-10,Shipped,,20445
16495,2026-05-27,2026-06-04,2026-05-31,Shipped,Call before delivery.,21994
16496,2022-11-22,2022-12-14,2022-11-24,Shipped,,22962
16497,2024-11-10,2024-11-23,,On Hold,Fragile items — handle with care.,23025
16498,2022-01-11,2022-02-07,,On Hold,Priority customer — rush order.,20958
16499,2024-01-08,2024-01-30,2024-01-18,Shipped,,24598
16500,2023-04-28,2023-05-11,,Cancelled,Call before delivery.,23703
16501,2025-11-10,2025-12-05,,In Process,Replacement for damaged order.,24492
16502,2024-12-30,2025-01-07,2025-01-07,Shipped,Priority customer — rush order.,21762
16503,2025-06-29,2025-07-06,,Cancelled,Please ship as soon as possible.,21970
16504,2023-12-02,2023-12-23,2023-12-05,Resolved,Customer requested expedited shipping.,24381
16505,2024-06-16,2024-07-09,2024-06-25,Shipped,Please ship as soon as possible.,24513
16506,2023-04-21,2023-04-29,2023-04-30,Disputed,,24647
16507,2023-07-28,2023-08-15,,On Hold,,20595
16508,2023-04-20,2023-05-02,,Cancelled,Customer will pick up at warehouse.,20586
16509,2022-12-15,2023-01-13,2022-12-20,Shipped,Replacement for damaged order.,23074
16510,2025-11-03,2025-11-14,2025-11-05,Disputed,,23574
16511,2024-01-17,2024-02-06,,Cancelled,Partial shipment approved by customer.,23815
16512,2025-10-16,2025-11-14,2025-10-24,Shipped,,23577
16513,2022-02-16,2022-03-01,2022-02-18,Shipped,,22562
16514,2025-05-27,2025-06-15,,In Process,Please ship as soon as possible.,23755
16515,2024-08-27,2024-09-25,2024-08-30,Resolved,,24825
16516,2023-04-11,2023-05-08,2023-04-14,Shipped,Verified credit before processing.,23877
16517,2022-05-05,2022-05-13,2022-05-14,Shipped,Backorder — ship when available.,20261
16518,2025-09-30,2025-10-20,,In Process,Priority customer — rush order.,20827
16519,2024-03-27,2024-04-21,2024-03-29,Shipped,Special discount applied.,20189
16520,2026-01-27,2026-02-05,2026-02-06,Disputed,Backorder — ship when available.,21211
16521,2024-07-06,2024-07-22,2024-07-13,Shipped,Replacement for damaged order.,20173
16522,2025-06-04,2025-06-11,2025-06-08,Shipped,,23084
16523,2025-10-04,2025-10-14,2025-10-09,Shipped,International shipment — customs docs needed.,20352
16524,2024-12-26,2025-01-18,2024-12-30,Disputed,,20181
16525,2022-05-03,2022-06-02,,Cancelled,Gift wrapping requested.,21039
16526,2025-08-05,2025-08-21,2025-08-14,Shipped,,21185
16527,2025-02-10,2025-02-23,,On Hold,Customer requested expedited shipping.,23421
16528,2022-08-05,2022-08-17,2022-08-10,Shipped,Replacement for damaged order.,21725
16529,2022-11-05,2022-11-15,2022-11-12,Disputed,Gift wrapping requested.,22848
16530,2022-12-05,2022-12-30,,On Hold,Fragile items — handle with care.,22604
16531,2022-01-25,2022-02-23,2022-01-29,Shipped,Partial shipment approved by customer.,24181
16532,2024-08-02,2024-08-17,2024-08-10,Shipped,Verified credit before processing.,20102
16533,2023-02-03,2023-02-11,2023-02-04,Resolved,Fragile items — handle with care.,24043
16534,2025-11-24,2025-12-05,2025-12-01,Shipped,Call before delivery.,21209
16535,2026-07-13,2026-08-07,2026-07-17,Shipped,Priority customer — rush order.,22024
16536,2026-06-13,2026-06-26,2026-06-17,Shipped,Priority customer — rush order.,24595
16537,2024-10-01,2024-10-26,2024-10-10,Shipped,,21892
16538,2023-11-07,2023-12-07,2023-11-16,Disputed,Priority customer — rush order.,22528
16539,2023-12-04,2024-01-03,2023-12-11,Disputed,Customer will pick up at warehouse.,23772
16540,2026-07-09,2026-07-27,2026-07-11,Shipped,Hold for customer confirmation.,24303
16541,2022-05-01,2022-05-12,2022-05-11,Shipped,Partial shipment approved by customer.,21257
16542,2024-06-13,2024-06-21,,On Hold,Gift wrapping requested.,24999
16543,2023-01-24,2023-02-16,,On Hold,Priority customer — rush order.,20982
16544,2023-01-03,2023-01-17,,On Hold,,22732
16545,2025-05-26,2025-06-24,2025-06-03,Disputed,Hold for customer confirmation.,22539
16546,2024-11-03,2024-12-03,2024-11-07,Shipped,Call before delivery.,22304
16547,2022-01-10,2022-01-23,2022-01-12,Shipped,,24818
16548,2023-12-14,2023-12-30,,In Process,,24678
16549,2025-10-31,2025-11-14,2025-11-06,Shipped,,21558
16550,2023-09-29,2023-10-16,,Cancelled,Gift wrapping requested.,23854
16551,2023-09-12,2023-10-01,2023-09-22,Shipped,,21172
16552,2022-04-05,2022-04-27,2022-04-12,Shipped,,24179
16553,2025-11-20,2025-12-17,2025-11-23,Shipped,Fragile items — handle with care.,24116
16554,2023-03-11,2023-03-18,2023-03-15,Shipped,Priority customer — rush order.,24685
16555,2024-01-26,2024-02-18,2024-02-03,Shipped,Fragile items — handle with care.,22861
16556,2025-04-26,2025-05-26,2025-04-29,Resolved,,21737
16557,2023-09-13,2023-10-13,2023-09-19,Shipped,Priority customer — rush order.,21347
16558,2025-07-28,2025-08-17,2025-08-07,Disputed,,20095
16559,2022-01-03,2022-01-30,2022-01-13,Shipped,,20112
16560,2022-05-06,2022-05-16,2022-05-16,Shipped,Partial shipment approved by customer.,23243
16561,2022-06-08,2022-07-08,,On Hold,Customer will pick up at warehouse.,22755
16562,2024-06-29,2024-07-28,,On Hold,International shipment — customs docs needed.,21768
16563,2025-01-23,2025-02-03,2025-02-02,Shipped,,22187
16564,2023-10-10,2023-11-01,2023-10-19,Shipped,Priority customer — rush order.,20179
16565,2023-09-18,2023-09-27,2023-09-26,Shipped,,21588
16566,2022-05-27,2022-06-24,2022-05-28,Resolved,Please ship as soon as possible.,22631
16567,2022-05-20,2022-06-16,2022-05-22,Shipped,Fragile items — handle with care.,20122
16568,2024-01-17,2024-01-27,2024-01-21,Shipped,,20144
16569,2024-04-21,2024-05-05,,On Hold,Fragile items — handle with care.,24460
16570,2023-08-16,2023-09-11,2023-08-24,Shipped,Verified credit before processing.,22045
16571,2022-09-08,2022-09-25,2022-09-11,Shipped,,21683
16572,2024-08-01,2024-08-12,,On Hold,Hold for customer confirmation.,20876
16573,2022-04-09,2022-04-19,2022-04-10,Resolved,Hold for customer confirmation.,23657
16574,2026-06-27,2026-07-08,2026-07-02,Resolved,Customer will pick up at warehouse.,23859
16575,2025-10-18,2025-11-03,2025-10-22,Shipped,International shipment — customs docs needed.,21593
16576,2025-07-29,2025-08-28,,In Process,Hold for customer confirmation.,20164
16577,2023-06-07,2023-06-25,2023-06-16,Shipped,,24419
16578,2025-11-04,2025-11-15,2025-11-07,Resolved,Backorder — ship when available.,23375
16579,2023-11-18,2023-12-08,2023-11-19,Shipped,Call before delivery.,24213
16580,2024-11-09,2024-11-24,2024-11-10,Resolved,Gift wrapping requested.,23758
16581,2024-07-20,2024-08-18,2024-07-25,Disputed,Customer requested expedited shipping.,23088
16582,2022-08-23,2022-09-13,,In Process,,22629
16583,2024-11-19,2024-12-14,2024-11-29,Shipped,,22604
16584,2024-01-13,2024-01-26,2024-01-18,Shipped,Call before delivery.,22550
16585,2023-06-03,2023-06-23,2023-06-06,Shipped,Replacement for damaged order.,22953
16586,2023-04-10,2023-05-03,2023-04-18,Shipped,,24041
16587,2024-10-24,2024-11-21,,On Hold,Special discount applied.,24886
16588,2026-01-08,2026-01-30,,Cancelled,Customer requested expedited shipping.,21754
16589,2022-05-27,2022-06-08,2022-05-30,Shipped,Fragile items — handle with care.,21276
16590,2025-05-27,2025-06-04,,On Hold,,23904
16591,2023-01-03,2023-01-16,2023-01-07,Shipped,,23510
16592,2024-06-09,2024-06-23,2024-06-14,Shipped,Customer will pick up at warehouse.,23249
16593,2025-06-29,2025-07-23,2025-07-09,Shipped,Replacement for damaged order.,20755
16594,2023-05-17,2023-05-30,2023-05-18,Shipped,Priority customer — rush order.,20750
16595,2025-09-30,2025-10-20,2025-10-09,Shipped,,22415
16596,2023-05-10,2023-05-23,,In Process,Customer requested expedited shipping.,22603
16597,2022-01-17,2022-01-29,,On Hold,Call before delivery.,22783
16598,2025-04-10,2025-05-06,2025-04-14,Shipped,,21229
16599,2022-12-14,2023-01-08,,In Process,Fragile items — handle with care.,21874
16600,2025-11-05,2025-11-22,2025-11-13,Shipped,,21588
16601,2023-08-02,2023-08-19,2023-08-03,Shipped,Priority customer — rush order.,23315
16602,2023-11-08,2023-12-01,2023-11-12,Resolved,Call before delivery.,23433
16603,2022-02-26,2022-03-28,,In Process,,21340
16604,2022-04-09,2022-05-03,2022-04-12,Disputed,Hold for customer confirmation.,22403
16605,2022-09-14,2022-09-21,2022-09-20,Shipped,,21573
16606,2023-06-29,2023-07-09,2023-07-05,Shipped,Verified credit before processing.,20446
16607,2023-11-18,2023-12-17,2023-11-23,Shipped,,22322
16608,2025-11-27,2025-12-21,2025-12-02,Shipped,Customer requested expedited shipping.,23645
16609,2022-09-15,2022-10-13,2022-09-16,Disputed,,22989
16610,2025-12-17,2025-12-25,2025-12-24,Resolved,Replacement for damaged order.,20217
16611,2025-06-14,2025-07-05,2025-06-18,Disputed,Fragile items — handle with care.,21741
16612,2026-03-21,2026-04-10,,Cancelled,Partial shipment approved by customer.,20896
16613,2022-02-25,2022-03-20,,In Process,,22097
16614,2023-03-22,2023-04-15,2023-04-01,Shipped,,20975
16615,2022-11-29,2022-12-06,2022-12-02,Disputed,Hold for customer confirmation.,24557
16616,2022-08-20,2022-09-19,2022-08-22,Disputed,Hold for customer confirmation.,24894
16617,2025-05-01,2025-05-25,,On Hold,,20790
16618,2024-06-20,2024-07-16,,In Process,Hold for customer confirmation.,20371
16619,2024-09-07,2024-09-23,2024-09-13,Shipped,Priority customer — rush order.,20933
16620,2023-05-18,2023-06-13,,On Hold,,21458
16621,2024-12-28,2025-01-26,,Cancelled,,24412
16622,2022-08-22,2022-09-03,2022-08-28,Resolved,Hold for customer confirmation.,20051
16623,2022-02-27,2022-03-09,,On Hold,Check stock before processing.,21664
16624,2022-12-11,2023-01-10,2022-12-16,Shipped,Hold for customer confirmation.,21492
16625,2022-10-14,2022-11-07,2022-10-22,Shipped,,22569
16626,2024-06-23,2024-07-16,2024-06-24,Shipped,Fragile items — handle with care.,23753
16627,2025-05-06,2025-05-18,2025-05-13,Disputed,,24307
16628,2022-11-30,2022-12-17,2022-12-05,Shipped,,21019
16629,2024-01-03,2024-01-10,2024-01-05,Disputed,,21431
16630,2024-01-19,2024-02-01,2024-01-21,Shipped,,23703
16631,2022-05-24,2022-06-02,2022-06-02,Shipped,,24792
16632,2023-07-21,2023-07-31,2023-07-22,Shipped,Hold for customer confirmation.,23105
16633,2022-02-08,2022-02-16,,On Hold,Backorder — ship when available.,23728
16634,2022-02-05,2022-02-18,2022-02-10,Shipped,Priority customer — rush order.,23287
16635,2022-04-04,2022-04-18,,On Hold,Customer requested expedited shipping.,21432
16636,2024-03-05,2024-03-29,2024-03-06,Disputed,Please ship as soon as possible.,23556
16637,2025-09-10,2025-09-17,2025-09-19,Shipped,Verified credit before processing.,24993
16638,2025-03-27,2025-04-13,,On Hold,,22769
16639,2022-03-26,2022-04-25,2022-04-04,Shipped,,23310
16640,2023-03-29,2023-04-26,,On Hold,Hold for customer confirmation.,24614
16641,2023-12-17,2024-01-05,2023-12-24,Resolved,,24863
16642,2023-01-08,2023-01-28,,In Process,,22999
16643,2022-12-15,2023-01-05,2022-12-20,Disputed,,24553
16644,2022-06-12,2022-06-23,2022-06-19,Shipped,Check stock before processing.,20461
16645,2024-11-22,2024-12-12,2024-12-01,Shipped,Check stock before processing.,22010
16646,2024-04-28,2024-05-12,2024-05-04,Resolved,International shipment — customs docs needed.,24484
16647,2023-05-10,2023-05-25,2023-05-16,Shipped,,20049
16648,2023-07-24,2023-08-07,2023-08-03,Shipped,,20126
16649,2024-06-09,2024-06-17,,In Process,,24772
16650,2025-04-11,2025-05-10,,Cancelled,Hold for customer confirmation.,20623
16651,2026-03-16,2026-03-31,,Cancelled,,22282
16652,2022-08-25,2022-09-18,,In Process,Backorder — ship when available.,21287
16653,2024-06-05,2024-06-30,,On Hold,Special discount applied.,22493
16654,2023-11-24,2023-12-17,2023-11-30,Disputed,,23583
16655,2023-05-23,2023-05-30,2023-05-30,Shipped,Special discount applied.,24300
16656,2022-05-10,2022-06-05,,Cancelled,,21229
16657,2023-02-27,2023-03-14,2023-03-04,Shipped,Fragile items — handle with care.,24336
16658,2022-06-28,2022-07-18,2022-07-04,Shipped,Priority customer — rush order.,24054
16659,2023-10-23,2023-11-04,2023-10-24,Shipped,Replacement for damaged order.,22740
16660,2023-08-05,2023-08-27,,Cancelled,,24809
16661,2023-05-12,2023-06-05,2023-05-15,Shipped,Fragile items — handle with care.,22430
16662,2024-06-26,2024-07-06,2024-06-29,Shipped,Backorder — ship when available.,23418
16663,2024-11-24,2024-12-20,2024-11-30,Disputed,Gift wrapping requested.,22478
16664,2022-08-17,2022-08-25,2022-08-27,Shipped,Partial shipment approved by customer.,21391
16665,2026-03-23,2026-04-09,2026-03-28,Shipped,,20784
16666,2024-08-15,2024-09-10,2024-08-18,Shipped,Hold for customer confirmation.,24483
16667,2024-08-24,2024-09-09,2024-09-03,Disputed,Verified credit before processing.,22018
16668,2023-02-05,2023-02-25,2023-02-11,Shipped,,22363
16669,2022-05-23,2022-05-30,2022-05-30,Shipped,Customer requested expedited shipping.,21758
16670,2024-02-15,2024-03-16,,In Process,,23611
16671,2025-02-17,2025-03-04,,On Hold,Customer will pick up at warehouse.,24349
16672,2025-07-24,2025-08-10,2025-08-02,Shipped,,20520
16673,2023-10-29,2023-11-08,2023-10-30,Shipped,Priority customer — rush order.,21212
16674,2023-12-07,2023-12-30,2023-12-15,Shipped,,20163
16675,2026-06-24,2026-07-18,2026-06-29,Disputed,Please ship as soon as possible.,20071
16676,2024-02-28,2024-03-23,,On Hold,,24674
16677,2025-09-06,2025-09-13,,Cancelled,Customer requested expedited shipping.,21370
16678,2023-10-02,2023-10-18,2023-10-06,Resolved,,20381
16679,2023-08-24,2023-08-31,2023-08-26,Shipped,,24760
16680,2022-08-19,2022-09-10,,On Hold,,20719
16681,2025-09-10,2025-10-06,,Cancelled,Customer requested expedited shipping.,22201
16682,2024-06-20,2024-06-29,2024-06-25,Resolved,Verified credit before processing.,22608
16683,2024-02-24,2024-03-09,2024-02-29,Disputed,Check stock before processing.,24320
16684,2023-04-11,2023-05-04,,Cancelled,,20338
16685,2022-07-30,2022-08-14,2022-08-04,Resolved,International shipment — customs docs needed.,21521
16686,2025-10-03,2025-10-21,2025-10-10,Shipped,Please ship as soon as possible.,23361
16687,2024-08-31,2024-09-12,2024-09-10,Shipped,,21055
16688,2023-06-04,2023-06-14,,Cancelled,Priority customer — rush order.,24482
16689,2023-01-21,2023-02-06,,Cancelled,Fragile items — handle with care.,20034
16690,2024-03-19,2024-04-15,2024-03-23,Shipped,,22658
16691,2024-04-23,2024-05-07,2024-05-03,Shipped,Verified credit before processing.,20244
16692,2024-09-24,2024-10-04,,On Hold,Customer requested expedited shipping.,23935
16693,2024-11-19,2024-12-12,2024-11-23,Shipped,,21372
16694,2022-12-10,2022-12-30,,In Process,Priority customer — rush order.,21819
16695,2023-03-20,2023-04-05,2023-03-27,Resolved,Check stock before processing.,22918
16696,2023-08-09,2023-09-02,2023-08-11,Shipped,Verified credit before processing.,24299
16697,2022-02-17,2022-02-24,2022-02-19,Shipped,Priority customer — rush order.,21262
16698,2023-02-28,2023-03-30,2023-03-06,Shipped,Gift wrapping requested.,23098
16699,2023-05-11,2023-05-28,2023-05-12,Resolved,,24074
16700,2024-04-21,2024-05-03,2024-04-26,Disputed,,23938
16701,2023-05-11,2023-05-23,,Cancelled,International shipment — customs docs needed.,20788
16702,2026-03-23,2026-04-13,2026-03-26,Shipped,,22910
16703,2023-05-07,2023-05-30,,In Process,,20702
16704,2023-01-18,2023-02-05,2023-01-19,Shipped,Customer will pick up at warehouse.,24432
16705,2024-05-29,2024-06-19,,On Hold,Check stock before processing.,22448
16706,2026-06-20,2026-07-01,,On Hold,Replacement for damaged order.,22964
16707,2022-07-05,2022-07-18,,Cancelled,Verified credit before processing.,20835
16708,2022-12-15,2022-12-28,2022-12-18,Shipped,Fragile items — handle with care.,21945
16709,2026-04-24,2026-05-18,2026-05-04,Disputed,Backorder — ship when available.,20312
16710,2026-02-27,2026-03-23,2026-03-04,Shipped,,22720
16711,2026-05-29,2026-06-23,2026-06-03,Shipped,International shipment — customs docs needed.,21966
16712,2022-02-04,2022-03-02,2022-02-08,Shipped,Please ship as soon as possible.,21759
16713,2024-07-20,2024-07-30,2024-07-22,Resolved,Fragile items — handle with care.,20209
16714,2026-02-13,2026-03-14,2026-02-19,Shipped,Customer requested expedited shipping.,24091
16715,2022-12-30,2023-01-27,,In Process,Call before delivery.,21325
16716,2023-09-04,2023-09-13,2023-09-09,Shipped,Partial shipment approved by customer.,21359
16717,2023-06-12,2023-06-30,2023-06-16,Shipped,Customer will pick up at warehouse.,21060
16718,2025-09-12,2025-10-02,,On Hold,Check stock before processing.,24815
16719,2023-11-14,2023-11-26,2023-11-20,Disputed,Customer requested expedited shipping.,21718
16720,2024-02-04,2024-02-12,2024-02-13,Disputed,,23661
16721,2025-07-17,2025-07-24,2025-07-21,Shipped,Backorder — ship when available.,23723
16722,2022-05-16,2022-06-01,2022-05-26,Shipped,,23819
16723,2026-02-11,2026-03-13,2026-02-14,Shipped,Hold for customer confirmation.,22081
16724,2023-09-15,2023-10-11,,On Hold,Customer will pick up at warehouse.,22121
16725,2023-04-13,2023-05-03,,In Process,Check stock before processing.,23122
16726,2024-12-10,2025-01-06,,On Hold,,23088
16727,2024-08-01,2024-08-26,2024-08-08,Shipped,Partial shipment approved by customer.,23553
16728,2023-02-01,2023-02-24,2023-02-06,Shipped,Verified credit before processing.,22787
16729,2025-10-04,2025-10-11,,On Hold,Check stock before processing.,23159
16730,2025-09-19,2025-10-15,,On Hold,Gift wrapping requested.,22794
16731,2024-11-22,2024-12-01,,In Process,Priority customer — rush order.,20065
16732,2025-12-17,2025-12-27,,On Hold,Please ship as soon as possible.,24608
16733,2023-04-17,2023-05-17,2023-04-27,Shipped,,21399
16734,2026-07-01,2026-07-31,2026-07-08,Shipped,,23336
16735,2022-06-10,2022-06-28,2022-06-16,Shipped,Call before delivery.,24931
16736,2023-03-29,2023-04-07,,Cancelled,Partial shipment approved by customer.,23263
16737,2025-04-19,2025-05-11,2025-04-23,Resolved,Verified credit before processing.,24816
16738,2025-05-24,2025-06-18,2025-05-27,Resolved,International shipment — customs docs needed.,22948
16739,2023-08-19,2023-09-17,,In Process,Special discount applied.,20330
16740,2025-03-04,2025-03-17,2025-03-09,Shipped,Verified credit before processing.,24590
16741,2023-12-20,2024-01-18,2023-12-28,Shipped,,24132
16742,2022-05-10,2022-05-28,2022-05-16,Resolved,Verified credit before processing.,20446
16743,2024-06-21,2024-07-20,2024-06-24,Shipped,International shipment — customs docs needed.,21939
16744,2022-08-05,2022-08-18,2022-08-09,Disputed,,20963
16745,2024-08-16,2024-09-05,,Cancelled,Hold for customer confirmation.,23260
16746,2026-01-16,2026-02-09,2026-01-20,Shipped,Customer will pick up at warehouse.,21061
16747,2024-10-13,2024-11-02,2024-10-22,Disputed,Replacement for damaged order.,22425
16748,2022-04-21,2022-05-15,2022-04-28,Shipped,,22472
16749,2024-05-08,2024-06-01,2024-05-10,Disputed,Priority customer — rush order.,21672
16750,2022-01-05,2022-01-17,2022-01-07,Shipped,Customer will pick up at warehouse.,22188
16751,2023-09-10,2023-09-18,2023-09-11,Shipped,,20084
16752,2022-08-03,2022-09-02,,On Hold,Call before delivery.,22893
16753,2024-02-17,2024-02-27,2024-02-19,Resolved,Check stock before processing.,21614
16754,2022-05-17,2022-06-06,2022-05-21,Shipped,,24668
16755,2023-06-30,2023-07-07,2023-07-08,Shipped,Partial shipment approved by customer.,24989
16756,2025-11-18,2025-12-10,2025-11-28,Shipped,,21377
16757,2024-04-26,2024-05-03,2024-05-04,Shipped,Replacement for damaged order.,23519
16758,2026-03-16,2026-03-30,2026-03-24,Shipped,Call before delivery.,22648
16759,2025-05-24,2025-06-23,2025-05-31,Shipped,Call before delivery.,24985
16760,2025-05-15,2025-05-31,2025-05-21,Shipped,Partial shipment approved by customer.,23717
16761,2022-03-03,2022-03-14,2022-03-11,Shipped,Call before delivery.,20590
16762,2024-07-22,2024-08-13,2024-07-29,Disputed,Partial shipment approved by customer.,22839
16763,2023-12-16,2023-12-27,2023-12-26,Shipped,Verified credit before processing.,24851
16764,2025-08-20,2025-09-02,2025-08-23,Shipped,International shipment — customs docs needed.,20536
16765,2022-05-24,2022-06-05,2022-05-28,Shipped,,20850
16766,2025-12-01,2025-12-29,2025-12-09,Shipped,Replacement for damaged order.,21502
16767,2026-06-02,2026-06-30,,In Process,Hold for customer confirmation.,22323
16768,2024-06-13,2024-06-27,2024-06-15,Shipped,Fragile items — handle with care.,24726
16769,2022-05-02,2022-05-30,2022-05-10,Disputed,Backorder — ship when available.,22114
16770,2024-04-15,2024-04-26,,On Hold,Check stock before processing.,21882
16771,2022-02-10,2022-02-25,,Cancelled,,24151
16772,2026-03-08,2026-03-15,2026-03-17,Shipped,Hold for customer confirmation.,21216
16773,2025-10-11,2025-10-25,,In Process,Verified credit before processing.,21969
16774,2022-02-20,2022-03-20,,Cancelled,,21193
16775,2023-03-13,2023-04-03,2023-03-17,Shipped,,24934
16776,2022-12-20,2022-12-27,2022-12-26,Shipped,Fragile items — handle with care.,22601
16777,2025-07-24,2025-08-11,,In Process,,24009
16778,2022-03-15,2022-04-14,2022-03-18,Shipped,,21074
16779,2026-04-13,2026-05-07,2026-04-21,Shipped,Verified credit before processing.,22216
16780,2022-10-08,2022-10-17,2022-10-10,Shipped,Priority customer — rush order.,23016
16781,2025-10-24,2025-11-21,,In Process,Backorder — ship when available.,23707
16782,2024-04-02,2024-04-30,,In Process,Fragile items — handle with care.,23949
16783,2026-01-02,2026-01-26,,In Process,Gift wrapping requested.,22523
16784,2026-01-25,2026-02-14,2026-02-01,Shipped,Gift wrapping requested.,23687
16785,2023-07-30,2023-08-18,,In Process,Check stock before processing.,22191
16786,2024-05-13,2024-06-04,2024-05-17,Resolved,Customer requested expedited shipping.,23631
16787,2024-09-29,2024-10-24,,In Process,Customer requested expedited shipping.,23475
16788,2022-07-21,2022-07-30,2022-07-27,Shipped,Customer requested expedited shipping.,23987
16789,2024-03-07,2024-03-27,,Cancelled,Hold for customer confirmation.,22174
16790,2022-07-30,2022-08-26,2022-08-07,Disputed,,21896
16791,2023-08-04,2023-08-28,2023-08-07,Resolved,Hold for customer confirmation.,22654
16792,2024-01-21,2024-01-28,2024-01-23,Shipped,,24473
16793,2025-05-07,2025-05-16,2025-05-12,Shipped,,24985
16794,2024-12-14,2025-01-06,2024-12-20,Disputed,Gift wrapping requested.,22335
16795,2023-01-26,2023-02-09,,Cancelled,Replacement for damaged order.,21801
16796,2026-01-16,2026-02-12,2026-01-17,Resolved,,23275
16797,2026-06-23,2026-07-07,2026-06-26,Shipped,Replacement for damaged order.,23126
16798,2023-03-14,2023-04-05,2023-03-23,Shipped,Hold for customer confirmation.,23215
16799,2022-01-07,2022-01-26,2022-01-16,Shipped,Please ship as soon as possible.,24011
16800,2024-07-30,2024-08-14,2024-08-01,Shipped,Special discount applied.,23488
16801,2022-11-17,2022-12-16,2022-11-22,Disputed,International shipment — customs docs needed.,21022
16802,2024-10-17,2024-11-16,,In Process,Verified credit before processing.,20911
16803,2025-12-28,2026-01-20,2026-01-02,Shipped,,24901
16804,2025-11-10,2025-12-04,,Cancelled,Customer will pick up at warehouse.,20253
16805,2025-08-09,2025-08-21,,Cancelled,Verified credit before processing.,21109
16806,2023-03-28,2023-04-21,2023-04-02,Shipped,,24861
16807,2023-03-18,2023-04-10,2023-03-25,Resolved,,24153
16808,2025-12-12,2025-12-25,2025-12-20,Shipped,Check stock before processing.,23348
16809,2022-04-29,2022-05-15,2022-05-06,Shipped,International shipment — customs docs needed.,24057
16810,2023-12-07,2023-12-15,,On Hold,International shipment — customs docs needed.,24770
16811,2022-04-24,2022-05-06,,On Hold,Customer will pick up at warehouse.,22812
16812,2024-02-24,2024-03-08,2024-03-05,Shipped,,20613
16813,2024-08-02,2024-08-16,2024-08-09,Resolved,Customer requested expedited shipping.,20630
16814,2022-11-15,2022-11-23,2022-11-23,Shipped,Call before delivery.,22625
16815,2022-10-04,2022-10-24,,Cancelled,Special discount applied.,22956
16816,2026-04-10,2026-04-29,,On Hold,Replacement for damaged order.,23911
16817,2025-11-17,2025-12-15,2025-11-24,Shipped,,20196
16818,2022-03-22,2022-04-21,2022-03-26,Shipped,,23912
16819,2024-05-02,2024-05-13,2024-05-10,Resolved,Check stock before processing.,20335
16820,2026-02-22,2026-03-19,,On Hold,Special discount applied.,22347
16821,2026-04-25,2026-05-08,,On Hold,Replacement for damaged order.,22337
16822,2026-04-28,2026-05-16,,In Process,,20940
16823,2022-10-19,2022-11-18,,On Hold,,23613
16824,2024-11-22,2024-12-15,2024-11-25,Resolved,Call before delivery.,21930
16825,2025-04-03,2025-05-02,2025-04-10,Shipped,Hold for customer confirmation.,20330
16826,2026-03-31,2026-04-12,,In Process,,22829
16827,2025-11-15,2025-12-10,2025-11-19,Shipped,Special discount applied.,24933
16828,2025-12-22,2026-01-08,2025-12-29,Shipped,Gift wrapping requested.,21707
16829,2026-02-03,2026-02-20,2026-02-08,Shipped,Replacement for damaged order.,23665
16830,2022-12-31,2023-01-25,2023-01-06,Resolved,Call before delivery.,21158
16831,2023-07-04,2023-07-28,2023-07-13,Shipped,Gift wrapping requested.,22059
16832,2026-01-06,2026-02-02,2026-01-10,Shipped,,22901
16833,2023-02-26,2023-03-12,,Cancelled,,23838
16834,2026-06-24,2026-07-03,,In Process,,22063
16835,2025-09-25,2025-10-15,2025-09-28,Shipped,Special discount applied.,21046
16836,2023-07-21,2023-08-07,2023-07-28,Shipped,Hold for customer confirmation.,21890
16837,2024-03-19,2024-04-09,,Cancelled,Check stock before processing.,20667
16838,2025-09-24,2025-10-03,2025-09-27,Shipped,Customer requested expedited shipping.,24304
16839,2026-01-28,2026-02-24,2026-02-01,Resolved,Special discount applied.,23893
16840,2024-06-21,2024-07-16,,On Hold,Priority customer — rush order.,24081
16841,2022-08-06,2022-09-01,2022-08-10,Shipped,Customer will pick up at warehouse.,22802
16842,2024-04-23,2024-05-09,2024-05-01,Shipped,Priority customer — rush order.,23617
16843,2023-02-14,2023-03-08,,Cancelled,Customer will pick up at warehouse.,21851
16844,2025-12-12,2025-12-21,2025-12-13,Shipped,Verified credit before processing.,21120
16845,2024-08-25,2024-09-06,2024-08-28,Shipped,Backorder — ship when available.,20147
16846,2023-09-20,2023-10-15,2023-09-24,Shipped,Customer requested expedited shipping.,22197
16847,2022-06-28,2022-07-22,,Cancelled,Special discount applied.,21306
16848,2024-04-04,2024-04-23,2024-04-10,Shipped,,23640
16849,2024-10-09,2024-10-27,2024-10-11,Shipped,,23961
16850,2026-02-03,2026-02-15,,Cancelled,Gift wrapping requested.,21030
16851,2024-10-31,2024-11-27,2024-11-06,Shipped,,21108
16852,2023-05-20,2023-05-31,2023-05-29,Shipped,Priority customer — rush order.,22317
16853,2024-07-09,2024-08-05,2024-07-12,Shipped,Hold for customer confirmation.,22481
16854,2022-10-08,2022-10-15,2022-10-14,Resolved,Customer requested expedited shipping.,24751
16855,2023-06-24,2023-07-22,2023-07-02,Shipped,,24128
16856,2026-06-02,2026-06-21,2026-06-09,Shipped,,23392
16857,2026-07-09,2026-08-02,2026-07-18,Shipped,Please ship as soon as possible.,21763
16858,2025-04-04,2025-04-24,2025-04-12,Shipped,,22002
16859,2022-04-08,2022-04-27,,In Process,Gift wrapping requested.,20028
16860,2026-06-05,2026-06-22,2026-06-08,Shipped,Backorder — ship when available.,24160
16861,2024-11-16,2024-11-24,,In Process,,20146
16862,2023-08-21,2023-09-03,2023-08-30,Shipped,,20769
16863,2025-02-06,2025-02-13,2025-02-13,Disputed,Please ship as soon as possible.,21157
16864,2022-07-05,2022-07-20,2022-07-13,Disputed,,23273
16865,2023-04-02,2023-04-10,2023-04-10,Disputed,Fragile items — handle with care.,20471
16866,2024-02-17,2024-02-25,2024-02-18,Disputed,Please ship as soon as possible.,21574
16867,2023-02-27,2023-03-25,2023-02-28,Disputed,Gift wrapping requested.,21072
16868,2022-02-09,2022-03-05,2022-02-19,Resolved,,24862
16869,2023-12-07,2023-12-30,2023-12-15,Shipped,Verified credit before processing.,21643
16870,2022-07-16,2022-08-07,2022-07-25,Shipped,,24400
16871,2026-03-12,2026-04-07,2026-03-16,Shipped,,24480
16872,2023-04-19,2023-05-14,,On Hold,Gift wrapping requested.,23469
16873,2025-06-29,2025-07-19,,On Hold,Replacement for damaged order.,23462
16874,2026-03-03,2026-03-14,2026-03-04,Shipped,Customer requested expedited shipping.,23898
16875,2023-10-16,2023-10-28,,On Hold,Partial shipment approved by customer.,21753
16876,2025-07-12,2025-08-05,,Cancelled,International shipment — customs docs needed.,23689
16877,2025-04-21,2025-05-01,2025-04-24,Shipped,Priority customer — rush order.,24454
16878,2022-05-12,2022-05-26,2022-05-14,Shipped,,22329
16879,2022-11-16,2022-12-15,2022-11-19,Disputed,Check stock before processing.,24193
16880,2025-11-07,2025-11-17,2025-11-13,Resolved,,20161
16881,2023-11-23,2023-12-06,,On Hold,,23407
16882,2025-03-17,2025-04-02,2025-03-27,Disputed,,21051
16883,2026-01-04,2026-01-31,2026-01-13,Disputed,Customer will pick up at warehouse.,20297
16884,2024-08-27,2024-09-11,2024-08-30,Disputed,,23232
16885,2024-01-19,2024-02-14,,On Hold,Customer will pick up at warehouse.,22139
16886,2023-07-11,2023-07-26,,On Hold,Special discount applied.,23496
16887,2024-10-27,2024-11-17,,On Hold,,23817
16888,2026-05-20,2026-06-14,,In Process,Check stock before processing.,22412
16889,2026-02-02,2026-02-17,2026-02-08,Shipped,Verified credit before processing.,24994
16890,2023-10-10,2023-11-05,2023-10-14,Shipped,Check stock before processing.,21821
16891,2023-10-23,2023-11-07,,On Hold,Fragile items — handle with care.,21577
16892,2025-10-12,2025-11-01,,In Process,Partial shipment approved by customer.,23435
16893,2023-01-09,2023-01-21,2023-01-13,Shipped,Special discount applied.,20839
16894,2025-08-07,2025-08-25,,On Hold,Hold for customer confirmation.,22067
16895,2024-12-20,2025-01-08,2024-12-27,Shipped,Check stock before processing.,23596
16896,2024-05-17,2024-05-30,2024-05-20,Resolved,Gift wrapping requested.,20074
16897,2024-07-22,2024-08-14,2024-07-27,Shipped,Please ship as soon as possible.,24652
16898,2024-11-22,2024-12-12,2024-12-01,Shipped,International shipment — customs docs needed.,21518
16899,2025-06-29,2025-07-20,2025-07-04,Shipped,Replacement for damaged order.,22405
16900,2024-08-31,2024-09-13,2024-09-08,Disputed,Check stock before processing.,20609
16901,2025-10-13,2025-11-11,2025-10-19,Resolved,Fragile items — handle with care.,21670
16902,2025-03-31,2025-04-17,2025-04-09,Resolved,,20680
16903,2025-04-08,2025-04-19,2025-04-16,Shipped,Customer will pick up at warehouse.,23958
16904,2023-08-03,2023-08-15,2023-08-12,Resolved,Check stock before processing.,23892
16905,2022-03-22,2022-04-14,2022-03-27,Shipped,Special discount applied.,20855
16906,2024-02-16,2024-02-29,,In Process,Backorder — ship when available.,22471
16907,2023-06-06,2023-06-13,2023-06-12,Shipped,,23190
16908,2023-08-02,2023-08-21,,In Process,International shipment — customs docs needed.,22085
16909,2023-09-09,2023-10-07,2023-09-18,Shipped,,24900
16910,2026-06-06,2026-07-06,2026-06-08,Shipped,Replacement for damaged order.,23627
16911,2022-11-18,2022-12-15,2022-11-24,Shipped,,21801
16912,2022-01-30,2022-02-09,2022-02-04,Disputed,,23935
16913,2022-10-04,2022-11-01,2022-10-07,Shipped,Backorder — ship when available.,20077
16914,2023-08-20,2023-08-30,2023-08-21,Shipped,Priority customer — rush order.,20282
16915,2024-08-08,2024-09-03,,Cancelled,Please ship as soon as possible.,21357
16916,2026-06-12,2026-07-01,2026-06-13,Shipped,Gift wrapping requested.,24150
16917,2022-01-11,2022-01-25,,On Hold,Gift wrapping requested.,21952
16918,2023-01-01,2023-01-22,2023-01-10,Disputed,Gift wrapping requested.,23503
16919,2023-10-16,2023-11-08,2023-10-22,Shipped,Check stock before processing.,21557
16920,2023-05-29,2023-06-19,,In Process,Partial shipment approved by customer.,20637
16921,2022-02-05,2022-02-23,2022-02-11,Shipped,,24957
16922,2023-06-13,2023-07-13,2023-06-21,Shipped,,22368
16923,2023-09-20,2023-10-11,2023-09-25,Disputed,,20063
16924,2022-03-30,2022-04-21,2022-04-09,Resolved,Fragile items — handle with care.,23516
16925,2022-03-24,2022-04-07,2022-04-01,Shipped,Fragile items — handle with care.,22519
16926,2024-12-12,2025-01-01,2024-12-21,Resolved,,21069
16927,2022-04-23,2022-05-08,2022-04-29,Shipped,Please ship as soon as possible.,22793
16928,2025-12-25,2026-01-16,2026-01-03,Disputed,,23924
16929,2025-06-01,2025-06-09,2025-06-02,Shipped,Customer requested expedited shipping.,24878
16930,2025-09-01,2025-09-09,2025-09-10,Resolved,Partial shipment approved by customer.,23442
16931,2023-07-25,2023-08-08,2023-08-03,Shipped,International shipment — customs docs needed.,23762
16932,2025-05-04,2025-05-13,2025-05-05,Resolved,Gift wrapping requested.,20059
16933,2026-07-14,2026-08-12,2026-07-20,Shipped,Customer will pick up at warehouse.,21001
16934,2022-03-23,2022-04-01,2022-03-30,Shipped,,23953
16935,2022-07-17,2022-07-31,,Cancelled,,23002
16936,2023-05-09,2023-05-28,2023-05-19,Shipped,,23558
16937,2023-06-28,2023-07-09,,Cancelled,,21800
16938,2024-09-08,2024-09-15,2024-09-12,Shipped,Customer will pick up at warehouse.,21421
16939,2026-01-29,2026-02-15,,In Process,Verified credit before processing.,20671
16940,2026-01-04,2026-01-20,2026-01-13,Shipped,,21511
16941,2022-05-17,2022-06-13,,On Hold,Check stock before processing.,21970
16942,2023-10-04,2023-10-22,,Cancelled,International shipment — customs docs needed.,20509
16943,2023-09-09,2023-10-04,,On Hold,Verified credit before processing.,24479
16944,2026-05-17,2026-06-08,2026-05-27,Disputed,International shipment — customs docs needed.,24468
16945,2025-05-20,2025-06-11,2025-05-21,Disputed,Special discount applied.,23423
16946,2025-03-09,2025-03-26,2025-03-14,Disputed,,21264
16947,2025-06-03,2025-06-24,,On Hold,Check stock before processing.,20371
16948,2025-02-09,2025-02-25,2025-02-12,Resolved,,23902
16949,2024-02-10,2024-02-22,2024-02-15,Shipped,Customer will pick up at warehouse.,23111
16950,2025-01-18,2025-02-11,2025-01-23,Resolved,Customer requested expedited shipping.,24933
16951,2023-01-26,2023-02-05,,Cancelled,Verified credit before processing.,21600
16952,2022-12-30,2023-01-22,2023-01-07,Shipped,,20246
16953,2026-03-16,2026-04-12,2026-03-18,Shipped,,24062
16954,2022-06-02,2022-06-12,2022-06-07,Shipped,Verified credit before processing.,20747
16955,2026-02-07,2026-02-15,2026-02-12,Shipped,Customer requested expedited shipping.,23658
16956,2022-08-30,2022-09-22,2022-09-03,Shipped,Gift wrapping requested.,23568
16957,2025-01-28,2025-02-26,2025-02-01,Shipped,International shipment — customs docs needed.,22846
16958,2022-12-07,2022-12-25,2022-12-10,Shipped,Partial shipment approved by customer.,24487
16959,2024-06-06,2024-07-01,2024-06-15,Shipped,,23978
16960,2022-07-03,2022-07-19,2022-07-10,Shipped,Verified credit before processing.,24423
16961,2022-01-27,2022-02-06,2022-02-02,Shipped,Priority customer — rush order.,20475
16962,2023-06-17,2023-07-08,2023-06-24,Shipped,Backorder — ship when available.,22150
16963,2024-04-26,2024-05-04,2024-05-01,Shipped,Special discount applied.,21231
16964,2026-03-05,2026-04-02,2026-03-08,Shipped,,20524
16965,2023-04-17,2023-05-04,,In Process,Special discount applied.,23097
16966,2022-08-16,2022-08-23,2022-08-24,Shipped,Special discount applied.,21964
16967,2025-09-19,2025-10-18,2025-09-22,Shipped,Priority customer — rush order.,24015
16968,2022-05-29,2022-06-18,2022-06-04,Disputed,,23814
16969,2025-06-07,2025-06-22,,Cancelled,Check stock before processing.,21575
16970,2023-12-31,2024-01-30,2024-01-02,Resolved,Gift wrapping requested.,20868
16971,2026-07-10,2026-07-22,2026-07-16,Resolved,Customer will pick up at warehouse.,20865
16972,2022-08-20,2022-08-30,2022-08-25,Shipped,Partial shipment approved by customer.,22435
16973,2026-01-04,2026-02-03,2026-01-13,Resolved,Please ship as soon as possible.,22718
16974,2023-04-24,2023-05-08,2023-05-02,Disputed,,20611
16975,2023-02-10,2023-02-21,2023-02-14,Shipped,,23712
16976,2022-11-03,2022-11-12,2022-11-10,Shipped,Partial shipment approved by customer.,22156
16977,2023-12-13,2023-12-26,2023-12-16,Shipped,,20230
16978,2025-07-14,2025-08-13,2025-07-18,Shipped,,21889
16979,2022-12-15,2023-01-04,2022-12-22,Shipped,Priority customer — rush order.,20378
16980,2022-12-19,2023-01-01,,Cancelled,Gift wrapping requested.,20167
16981,2023-09-06,2023-09-30,2023-09-11,Disputed,,21178
16982,2024-12-16,2025-01-01,2024-12-23,Shipped,Backorder — ship when available.,23123
16983,2023-04-23,2023-05-05,2023-04-24,Shipped,,22415
16984,2024-11-11,2024-12-04,2024-11-20,Resolved,Backorder — ship when available.,23221
16985,2022-04-01,2022-04-11,2022-04-11,Resolved,,23892
16986,2023-05-19,2023-06-04,,Cancelled,Gift wrapping requested.,21265
16987,2024-01-03,2024-01-22,2024-01-10,Shipped,Call before delivery.,21138
16988,2022-05-31,2022-06-21,2022-06-01,Shipped,,22159
16989,2023-01-12,2023-02-01,2023-01-17,Shipped,Please ship as soon as possible.,24765
16990,2026-01-05,2026-01-15,2026-01-12,Shipped,Partial shipment approved by customer.,20728
16991,2024-02-24,2024-03-13,2024-03-03,Shipped,,20662
16992,2026-01-02,2026-01-24,2026-01-04,Shipped,,22684
16993,2025-10-31,2025-11-25,,In Process,Partial shipment approved by customer.,23980
16994,2025-01-22,2025-01-29,,On Hold,Hold for customer confirmation.,23820
16995,2024-04-15,2024-04-30,2024-04-21,Disputed,Customer requested expedited shipping.,23400
16996,2022-03-27,2022-04-11,,In Process,,20760
16997,2026-02-10,2026-03-07,2026-02-19,Disputed,,22319
16998,2024-09-05,2024-09-19,,On Hold,Call before delivery.,20310
16999,2022-11-04,2022-12-01,2022-11-05,Disputed,Customer requested expedited shipping.,24127
17000,2024-09-07,2024-09-23,,On Hold,Backorder — ship when available.,23750
17001,2023-04-12,2023-05-11,2023-04-17,Shipped,International shipment — customs docs needed.,23815
17002,2023-01-04,2023-01-13,2023-01-10,Shipped,Partial shipment approved by customer.,24168
17003,2026-07-17,2026-08-04,,On Hold,,22620
17004,2022-06-15,2022-07-01,2022-06-19,Resolved,,22183
17005,2024-01-28,2024-02-16,2024-02-04,Resolved,Check stock before processing.,24119
17006,2025-08-13,2025-09-11,,On Hold,,22276
17007,2026-07-16,2026-07-23,,Cancelled,Priority customer — rush order.,24387
17008,2022-09-15,2022-10-05,2022-09-19,Shipped,Hold for customer confirmation.,20922
17009,2022-02-21,2022-03-22,,Cancelled,,22468
17010,2025-09-04,2025-09-13,2025-09-07,Resolved,,24315
17011,2023-01-20,2023-02-11,,Cancelled,Customer will pick up at warehouse.,23186
17012,2026-04-23,2026-05-19,2026-04-27,Shipped,Call before delivery.,20788
17013,2024-07-21,2024-08-02,2024-07-31,Shipped,Partial shipment approved by customer.,24297
17014,2023-08-31,2023-09-15,2023-09-10,Disputed,Call before delivery.,23428
17015,2022-05-18,2022-05-26,2022-05-20,Shipped,,23040
17016,2025-08-08,2025-09-06,2025-08-15,Shipped,Customer will pick up at warehouse.,22790
17017,2025-11-05,2025-11-20,2025-11-11,Shipped,,20180
17018,2025-11-10,2025-11-18,2025-11-14,Resolved,Customer requested expedited shipping.,20227
17019,2023-08-09,2023-08-29,2023-08-13,Disputed,Customer will pick up at warehouse.,20485
17020,2024-07-26,2024-08-25,2024-08-02,Shipped,Gift wrapping requested.,21750
17021,2026-02-06,2026-02-14,2026-02-10,Shipped,,20539
17022,2023-07-15,2023-07-24,2023-07-25,Shipped,,24431
17023,2026-06-21,2026-07-21,2026-06-23,Shipped,,21385
17024,2024-05-29,2024-06-06,2024-05-30,Shipped,,20572
17025,2026-06-07,2026-07-01,2026-06-16,Shipped,Fragile items — handle with care.,22075
17026,2022-06-10,2022-06-24,,On Hold,Fragile items — handle with care.,22318
17027,2022-03-16,2022-04-07,2022-03-22,Disputed,,21680
17028,2022-04-01,2022-04-20,2022-04-07,Shipped,,21745
17029,2026-03-11,2026-03-19,,On Hold,Replacement for damaged order.,20771
17030,2023-03-23,2023-04-16,2023-03-24,Shipped,Priority customer — rush order.,21058
17031,2023-04-17,2023-04-26,2023-04-20,Disputed,Gift wrapping requested.,24888
17032,2025-03-22,2025-03-30,,Cancelled,Call before delivery.,24841
17033,2024-05-18,2024-06-03,,Cancelled,Replacement for damaged order.,21867
17034,2022-01-04,2022-01-18,,In Process,International shipment — customs docs needed.,23168
17035,2024-12-13,2025-01-06,2024-12-20,Resolved,,20393
17036,2022-10-14,2022-10-28,2022-10-24,Shipped,Check stock before processing.,24613
17037,2022-09-19,2022-10-19,,In Process,Partial shipment approved by customer.,20981
17038,2024-03-16,2024-04-06,2024-03-24,Resolved,Special discount applied.,22839
17039,2026-02-28,2026-03-09,2026-03-04,Shipped,,23493
17040,2023-10-07,2023-10-15,2023-10-16,Shipped,International shipment — customs docs needed.,24372
17041,2024-04-03,2024-04-14,,In Process,Special discount applied.,23849
17042,2022-12-07,2023-01-06,2022-12-15,Shipped,Hold for customer confirmation.,20889
17043,2026-03-16,2026-04-15,2026-03-18,Shipped,Hold for customer confirmation.,24370
17044,2024-03-24,2024-04-06,2024-03-29,Shipped,Customer will pick up at warehouse.,24080
17045,2022-05-01,2022-05-29,2022-05-08,Disputed,Backorder — ship when available.,21675
17046,2024-10-19,2024-11-12,2024-10-21,Resolved,,24997
17047,2025-08-15,2025-09-05,2025-08-17,Shipped,Fragile items — handle with care.,20102
17048,2025-03-09,2025-03-26,2025-03-10,Shipped,Replacement for damaged order.,21365
17049,2026-05-16,2026-05-28,2026-05-25,Shipped,Customer will pick up at warehouse.,23257
17050,2023-12-23,2024-01-22,2024-01-01,Shipped,Partial shipment approved by customer.,22362
17051,2024-01-05,2024-01-24,,Cancelled,Fragile items — handle with care.,20088
17052,2024-12-16,2025-01-01,2024-12-22,Shipped,,23832
17053,2022-07-03,2022-07-17,2022-07-07,Shipped,Hold for customer confirmation.,20092
17054,2022-06-28,2022-07-14,2022-07-06,Shipped,Fragile items — handle with care.,21544
17055,2023-10-13,2023-11-01,2023-10-15,Disputed,,20710
17056,2026-06-01,2026-06-28,,On Hold,,22388
17057,2024-12-08,2024-12-28,2024-12-17,Shipped,,23307
17058,2023-01-15,2023-02-10,,In Process,Call before delivery.,20879
17059,2025-02-27,2025-03-10,2025-03-07,Disputed,Call before delivery.,20438
17060,2025-12-01,2025-12-09,2025-12-02,Resolved,,22223
17061,2025-09-12,2025-10-01,2025-09-13,Shipped,Gift wrapping requested.,20888
17062,2024-12-23,2025-01-11,,Cancelled,Backorder — ship when available.,20467
17063,2023-01-29,2023-02-07,2023-02-04,Shipped,Replacement for damaged order.,20390
17064,2023-12-13,2024-01-09,2023-12-15,Shipped,Call before delivery.,24052
17065,2024-07-05,2024-07-19,,In Process,Backorder — ship when available.,22425
17066,2023-08-31,2023-09-10,2023-09-09,Shipped,Partial shipment approved by customer.,21264
17067,2024-07-06,2024-07-18,,On Hold,International shipment — customs docs needed.,24264
17068,2023-07-03,2023-07-19,2023-07-08,Shipped,,22089
17069,2023-03-01,2023-03-27,2023-03-02,Shipped,,22872
17070,2023-06-03,2023-06-20,2023-06-05,Disputed,Please ship as soon as possible.,21668
17071,2026-05-10,2026-05-18,,Cancelled,Partial shipment approved by customer.,23415
17072,2025-07-06,2025-07-30,,Cancelled,Priority customer — rush order.,22136
17073,2025-03-03,2025-03-14,2025-03-08,Shipped,,23722
17074,2024-07-02,2024-07-14,2024-07-10,Disputed,International shipment — customs docs needed.,23265
17075,2024-09-29,2024-10-08,2024-10-05,Shipped,Gift wrapping requested.,23981
17076,2023-03-28,2023-04-24,,In Process,Verified credit before processing.,23702
17077,2022-01-18,2022-01-26,2022-01-28,Shipped,Gift wrapping requested.,23279
17078,2025-12-10,2025-12-22,,On Hold,Verified credit before processing.,21623
17079,2025-08-21,2025-09-20,2025-08-22,Disputed,Hold for customer confirmation.,21183
17080,2024-11-01,2024-11-14,2024-11-11,Shipped,,21585
17081,2022-11-03,2022-12-01,2022-11-12,Shipped,,22553
17082,2024-06-23,2024-07-07,2024-06-30,Disputed,Call before delivery.,20558
17083,2023-10-04,2023-10-28,2023-10-12,Shipped,Verified credit before processing.,24449
17084,2022-07-31,2022-08-19,2022-08-10,Shipped,,23800
17085,2023-08-17,2023-09-10,2023-08-24,Shipped,,21574
17086,2026-06-21,2026-07-05,2026-06-29,Shipped,,21522
17087,2023-04-04,2023-04-19,2023-04-14,Shipped,International shipment — customs docs needed.,20236
17088,2026-06-14,2026-07-08,2026-06-24,Shipped,Priority customer — rush order.,20849
17089,2023-04-07,2023-05-07,,In Process,,23333
17090,2026-04-30,2026-05-11,2026-05-09,Shipped,Check stock before processing.,22998
17091,2025-02-10,2025-02-24,,On Hold,International shipment — customs docs needed.,21541
17092,2023-12-16,2024-01-10,,On Hold,Replacement for damaged order.,20126
17093,2025-02-06,2025-02-16,2025-02-08,Disputed,Replacement for damaged order.,24303
17094,2023-11-02,2023-11-09,2023-11-08,Resolved,Call before delivery.,22381
17095,2025-07-28,2025-08-16,,On Hold,,24870
17096,2023-05-06,2023-05-28,2023-05-11,Shipped,,22341
17097,2024-10-22,2024-11-13,2024-10-29,Resolved,,20854
17098,2024-02-28,2024-03-09,,In Process,Check stock before processing.,24221
17099,2026-06-20,2026-07-17,2026-06-25,Shipped,International shipment — customs docs needed.,22117
17100,2024-10-29,2024-11-20,2024-11-07,Resolved,,20846
17101,2026-06-18,2026-07-01,2026-06-21,Shipped,Special discount applied.,22892
17102,2023-01-19,2023-01-27,2023-01-29,Disputed,,24297
17103,2025-07-08,2025-08-05,2025-07-17,Resolved,Please ship as soon as possible.,24203
17104,2023-04-03,2023-05-03,2023-04-07,Resolved,Replacement for damaged order.,22125
17105,2024-02-06,2024-03-06,,On Hold,Fragile items — handle with care.,22268
17106,2025-01-17,2025-01-26,2025-01-21,Disputed,Priority customer — rush order.,20048
17107,2025-07-18,2025-08-14,2025-07-27,Shipped,,22447
17108,2023-05-09,2023-05-18,2023-05-19,Shipped,,23818
17109,2025-11-03,2025-11-19,2025-11-09,Shipped,Please ship as soon as possible.,23521
17110,2024-06-09,2024-06-24,,On Hold,Fragile items — handle with care.,22832
17111,2025-10-30,2025-11-12,2025-11-03,Shipped,,24988
17112,2024-03-02,2024-03-31,2024-03-04,Shipped,Backorder — ship when available.,21148
17113,2023-06-30,2023-07-28,,On Hold,Customer requested expedited shipping.,22729
17114,2026-01-18,2026-02-14,2026-01-22,Resolved,,24248
17115,2023-02-03,2023-02-11,2023-02-10,Shipped,,23236
17116,2023-11-17,2023-12-01,,Cancelled,Priority customer — rush order.,24227
17117,2025-04-09,2025-05-07,2025-04-11,Resolved,,22197
17118,2022-10-27,2022-11-24,2022-11-05,Shipped,Verified credit before processing.,21863
17119,2024-07-13,2024-07-24,2024-07-21,Shipped,,23401
17120,2023-03-24,2023-04-19,2023-03-26,Shipped,Partial shipment approved by customer.,23514
17121,2024-03-08,2024-03-20,2024-03-18,Shipped,,23937
17122,2023-09-29,2023-10-23,,On Hold,Fragile items — handle with care.,22844
17123,2022-04-19,2022-05-04,2022-04-23,Resolved,,20338
17124,2023-10-04,2023-10-26,2023-10-08,Resolved,Verified credit before processing.,21723
17125,2025-11-06,2025-12-01,2025-11-15,Shipped,Hold for customer confirmation.,22901
17126,2022-07-26,2022-08-17,2022-07-28,Resolved,Priority customer — rush order.,23231
17127,2022-10-30,2022-11-11,,Cancelled,Customer requested expedited shipping.,20459
17128,2024-04-05,2024-04-25,2024-04-07,Disputed,Backorder — ship when available.,24856
17129,2023-10-01,2023-10-23,2023-10-04,Shipped,Customer will pick up at warehouse.,21221
17130,2022-06-03,2022-06-10,2022-06-09,Disputed,Customer will pick up at warehouse.,21804
17131,2025-09-20,2025-10-19,2025-09-23,Shipped,,20509
17132,2024-05-29,2024-06-10,,On Hold,,24229
17133,2023-01-13,2023-01-20,2023-01-19,Shipped,Please ship as soon as possible.,23229
17134,2022-05-12,2022-05-23,2022-05-20,Shipped,Priority customer — rush order.,22838
17135,2025-08-12,2025-09-01,,In Process,International shipment — customs docs needed.,23853
17136,2022-10-29,2022-11-18,2022-10-31,Resolved,,22281
17137,2026-06-27,2026-07-10,2026-07-02,Shipped,Special discount applied.,24750
17138,2026-01-12,2026-01-29,2026-01-20,Disputed,Customer will pick up at warehouse.,24702
17139,2022-02-06,2022-03-04,2022-02-13,Resolved,Customer requested expedited shipping.,22891
17140,2025-07-26,2025-08-22,2025-08-04,Shipped,International shipment — customs docs needed.,22206
17141,2026-07-06,2026-07-13,2026-07-07,Resolved,Replacement for damaged order.,24729
17142,2023-05-13,2023-06-06,,Cancelled,,21391
17143,2024-08-27,2024-09-08,,In Process,,20388
17144,2023-12-29,2024-01-22,,Cancelled,,21569
17145,2026-07-01,2026-07-21,,In Process,,23739
17146,2023-06-20,2023-07-08,2023-06-22,Shipped,Fragile items — handle with care.,22291
17147,2023-08-28,2023-09-25,,On Hold,Gift wrapping requested.,21239
17148,2024-05-10,2024-06-06,2024-05-17,Shipped,Call before delivery.,20537
17149,2025-06-04,2025-06-19,2025-06-10,Disputed,Verified credit before processing.,24856
17150,2022-04-28,2022-05-28,2022-05-07,Shipped,Call before delivery.,22304
17151,2026-06-04,2026-06-26,2026-06-07,Shipped,Call before delivery.,20857
17152,2026-01-09,2026-01-20,2026-01-11,Shipped,,23728
17153,2025-05-03,2025-05-10,2025-05-05,Shipped,Backorder — ship when available.,23539
17154,2023-01-13,2023-02-09,2023-01-14,Shipped,Replacement for damaged order.,23296
17155,2023-06-11,2023-06-30,2023-06-21,Shipped,Call before delivery.,22059
17156,2023-04-28,2023-05-22,2023-05-07,Shipped,Verified credit before processing.,20723
17157,2024-08-01,2024-08-16,2024-08-08,Shipped,,22353
17158,2024-06-22,2024-07-01,2024-07-01,Shipped,Call before delivery.,23175
17159,2026-03-16,2026-03-30,2026-03-19,Shipped,,21505
17160,2024-08-27,2024-09-09,2024-09-02,Shipped,Fragile items — handle with care.,21771
17161,2026-07-16,2026-08-04,,On Hold,,24902
17162,2023-07-04,2023-07-29,2023-07-11,Shipped,Call before delivery.,23908
17163,2022-08-11,2022-08-18,2022-08-19,Shipped,,20831
17164,2024-05-12,2024-06-09,2024-05-13,Disputed,,21059
17165,2023-02-25,2023-03-05,2023-02-28,Disputed,Hold for customer confirmation.,21542
17166,2022-05-09,2022-05-29,2022-05-11,Resolved,Replacement for damaged order.,22394
17167,2022-09-02,2022-09-28,,In Process,Fragile items — handle with care.,22860
17168,2023-02-17,2023-03-18,2023-02-27,Shipped,Please ship as soon as possible.,21897
17169,2024-01-01,2024-01-16,,Cancelled,,21617
17170,2025-10-17,2025-10-24,,In Process,Priority customer — rush order.,20627
17171,2024-10-04,2024-10-18,2024-10-10,Shipped,,22886
17172,2025-10-29,2025-11-17,2025-11-04,Shipped,Partial shipment approved by customer.,21073
17173,2022-02-10,2022-03-07,2022-02-16,Disputed,Special discount applied.,23371
17174,2025-03-20,2025-04-05,,On Hold,Backorder — ship when available.,21853
17175,2024-12-17,2025-01-06,2024-12-20,Shipped,,24009
17176,2023-12-01,2023-12-22,2023-12-04,Shipped,,24198
17177,2025-10-15,2025-11-05,2025-10-24,Shipped,Call before delivery.,20382
17178,2025-04-09,2025-04-23,,Cancelled,Priority customer — rush order.,22236
17179,2025-09-29,2025-10-18,2025-10-09,Shipped,Fragile items — handle with care.,24495
17180,2025-12-01,2025-12-11,2025-12-02,Shipped,,20399
17181,2022-06-02,2022-06-15,2022-06-09,Disputed,,20356
17182,2023-05-21,2023-05-30,,In Process,Hold for customer confirmation.,23507
17183,2022-03-08,2022-04-07,,Cancelled,,24779
17184,2025-07-07,2025-07-18,,On Hold,Priority customer — rush order.,24650
17185,2022-09-14,2022-10-07,2022-09-24,Disputed,International shipment — customs docs needed.,20123
17186,2026-01-18,2026-01-27,2026-01-22,Shipped,,22044
17187,2023-03-15,2023-03-29,,Cancelled,Partial shipment approved by customer.,24916
17188,2025-08-30,2025-09-20,,In Process,Special discount applied.,23466
17189,2025-08-26,2025-09-16,2025-08-30,Shipped,,20622
17190,2024-02-04,2024-03-02,2024-02-09,Shipped,Special discount applied.,21984
17191,2026-01-03,2026-02-01,2026-01-09,Shipped,,22124
17192,2024-01-14,2024-02-01,,Cancelled,Customer requested expedited shipping.,22220
17193,2025-07-15,2025-08-05,2025-07-24,Disputed,,23968
17194,2023-08-31,2023-09-12,2023-09-04,Shipped,Priority customer — rush order.,21334
17195,2026-06-01,2026-06-24,2026-06-07,Disputed,,24322
17196,2022-11-16,2022-12-13,2022-11-25,Shipped,,22562
17197,2022-05-04,2022-05-27,,In Process,Partial shipment approved by customer.,23552
17198,2023-09-22,2023-10-21,2023-09-26,Disputed,Hold for customer confirmation.,23443
17199,2023-05-10,2023-06-04,2023-05-13,Shipped,,23683
17200,2023-10-11,2023-10-27,2023-10-21,Resolved,,24049
17201,2022-04-20,2022-05-15,2022-04-30,Shipped,,22576
17202,2023-08-28,2023-09-22,2023-09-06,Shipped,Partial shipment approved by customer.,24811
17203,2023-01-30,2023-02-27,2023-02-05,Disputed,Verified credit before processing.,22211
17204,2023-06-05,2023-06-22,2023-06-08,Shipped,,20444
17205,2023-07-15,2023-07-29,,On Hold,,20307
17206,2025-08-25,2025-09-17,2025-09-03,Disputed,,24044
17207,2025-01-18,2025-02-08,2025-01-23,Shipped,Please ship as soon as possible.,21634
17208,2026-04-05,2026-04-28,2026-04-09,Shipped,Verified credit before processing.,20772
17209,2022-08-30,2022-09-24,2022-09-03,Shipped,Check stock before processing.,23126
17210,2022-02-26,2022-03-07,2022-03-08,Shipped,Special discount applied.,21227
17211,2025-06-09,2025-07-07,2025-06-11,Disputed,Replacement for damaged order.,20723
17212,2022-10-13,2022-10-22,2022-10-21,Resolved,Hold for customer confirmation.,21436
17213,2022-08-12,2022-09-08,2022-08-16,Shipped,,21078
17214,2023-12-10,2023-12-19,,On Hold,Customer will pick up at warehouse.,24370
17215,2024-12-23,2025-01-15,,On Hold,Verified credit before processing.,20552
17216,2022-09-24,2022-10-08,2022-10-01,Shipped,Hold for customer confirmation.,23807
17217,2025-10-28,2025-11-26,2025-10-30,Shipped,Gift wrapping requested.,21671
17218,2025-10-04,2025-10-24,2025-10-06,Disputed,,23281
17219,2024-05-28,2024-06-25,2024-06-01,Shipped,,20764
17220,2025-02-23,2025-03-22,2025-03-05,Shipped,,24115
17221,2025-12-10,2025-12-24,2025-12-20,Shipped,Partial shipment approved by customer.,23201
17222,2022-04-23,2022-05-22,2022-04-26,Shipped,Please ship as soon as possible.,21058
17223,2022-12-04,2022-12-24,2022-12-08,Shipped,Check stock before processing.,23675
17224,2026-05-30,2026-06-20,2026-06-06,Disputed,,22316
17225,2025-10-12,2025-10-26,2025-10-13,Disputed,Gift wrapping requested.,22496
17226,2023-03-09,2023-03-28,,Cancelled,Gift wrapping requested.,21659
17227,2025-11-15,2025-12-06,,In Process,Priority customer — rush order.,24083
17228,2022-03-26,2022-04-11,2022-04-04,Disputed,,23636
17229,2022-04-21,2022-04-30,2022-04-28,Shipped,Replacement for damaged order.,23657
17230,2022-01-04,2022-01-12,2022-01-07,Shipped,Priority customer — rush order.,20426
17231,2023-11-25,2023-12-11,2023-11-28,Shipped,Partial shipment approved by customer.,22064
17232,2026-05-18,2026-05-29,2026-05-21,Shipped,Backorder — ship when available.,22740
17233,2026-01-31,2026-02-08,2026-02-10,Shipped,Priority customer — rush order.,20083
17234,2024-05-05,2024-05-14,2024-05-06,Shipped,Partial shipment approved by customer.,22523
17235,2025-05-21,2025-06-07,2025-05-27,Resolved,Verified credit before processing.,20648
17236,2022-06-10,2022-06-20,,In Process,,22084
17237,2024-08-13,2024-08-25,,On Hold,,22947
17238,2023-04-11,2023-05-07,2023-04-16,Shipped,,20439
17239,2025-03-21,2025-04-12,2025-03-22,Shipped,,23738
17240,2025-12-16,2026-01-03,2025-12-24,Shipped,,22113
17241,2025-10-01,2025-10-22,2025-10-09,Disputed,Hold for customer confirmation.,21948
17242,2022-05-20,2022-06-14,2022-05-24,Shipped,Priority customer — rush order.,20705
17243,2023-02-23,2023-03-06,2023-02-28,Shipped,Fragile items — handle with care.,24094
17244,2025-11-12,2025-11-23,2025-11-22,Shipped,Partial shipment approved by customer.,23251
17245,2024-09-23,2024-10-15,2024-09-24,Disputed,Check stock before processing.,21782
17246,2025-02-08,2025-02-20,2025-02-15,Shipped,,24592
17247,2024-02-26,2024-03-24,2024-03-05,Resolved,Call before delivery.,24666
17248,2026-03-04,2026-03-13,2026-03-05,Shipped,Backorder — ship when available.,23651
17249,2024-10-23,2024-11-11,2024-11-02,Shipped,Special discount applied.,22280
17250,2025-04-28,2025-05-11,2025-05-03,Shipped,Call before delivery.,22558
17251,2022-11-26,2022-12-04,2022-11-29,Shipped,,20543
17252,2022-04-16,2022-05-06,2022-04-24,Shipped,,23450
17253,2023-11-08,2023-11-27,2023-11-13,Resolved,Verified credit before processing.,22419
17254,2023-09-20,2023-10-12,2023-09-22,Disputed,,20854
17255,2025-08-06,2025-08-30,,Cancelled,Customer will pick up at warehouse.,22678
17256,2024-11-01,2024-11-22,,On Hold,Gift wrapping requested.,23430
17257,2022-09-12,2022-09-20,2022-09-16,Shipped,,22391
17258,2026-03-24,2026-04-09,2026-04-03,Resolved,,20233
17259,2024-10-17,2024-11-09,2024-10-23,Shipped,,21613
17260,2024-11-28,2024-12-19,2024-12-01,Shipped,,20121
17261,2025-08-15,2025-08-29,2025-08-20,Resolved,Check stock before processing.,24975
17262,2022-05-28,2022-06-22,2022-05-31,Shipped,Check stock before processing.,22282
17263,2023-09-14,2023-10-08,2023-09-24,Shipped,Check stock before processing.,22054
17264,2022-08-26,2022-09-22,,Cancelled,,24684
17265,2022-01-15,2022-01-22,2022-01-21,Disputed,,24493
17266,2023-07-17,2023-08-08,2023-07-22,Disputed,Fragile items — handle with care.,24944
17267,2023-01-01,2023-01-31,2023-01-04,Shipped,,20456
17268,2024-08-28,2024-09-05,2024-09-03,Shipped,,21407
17269,2025-08-03,2025-08-12,2025-08-11,Shipped,,23643
17270,2026-04-09,2026-04-18,2026-04-16,Shipped,International shipment — customs docs needed.,24043
17271,2024-12-24,2025-01-21,2024-12-31,Shipped,Partial shipment approved by customer.,20580
17272,2025-08-30,2025-09-19,2025-09-01,Shipped,Customer requested expedited shipping.,22535
17273,2022-04-12,2022-05-02,2022-04-15,Shipped,Fragile items — handle with care.,23435
17274,2022-11-30,2022-12-20,2022-12-01,Shipped,,20585
17275,2025-02-05,2025-03-01,,On Hold,Call before delivery.,21338
17276,2023-04-05,2023-04-24,,On Hold,,23925
17277,2023-08-14,2023-08-29,2023-08-24,Shipped,,21407
17278,2024-06-24,2024-07-04,,In Process,Customer will pick up at warehouse.,23895
17279,2026-04-09,2026-05-05,2026-04-10,Shipped,Customer requested expedited shipping.,24897
17280,2026-04-13,2026-05-01,2026-04-18,Shipped,,24048
17281,2026-06-03,2026-06-26,2026-06-07,Shipped,,24765
17282,2024-04-17,2024-05-11,2024-04-26,Shipped,Backorder — ship when available.,22749
17283,2024-05-03,2024-05-24,,Cancelled,International shipment — customs docs needed.,21784
17284,2022-04-17,2022-05-09,2022-04-26,Resolved,Customer will pick up at warehouse.,20254
17285,2023-09-21,2023-10-07,2023-09-25,Shipped,Customer will pick up at warehouse.,23848
17286,2022-02-09,2022-02-16,,On Hold,International shipment — customs docs needed.,21587
17287,2024-01-14,2024-02-10,2024-01-17,Shipped,Gift wrapping requested.,23228
17288,2025-06-19,2025-06-30,2025-06-28,Resolved,Backorder — ship when available.,21892
17289,2024-05-09,2024-05-16,,On Hold,Please ship as soon as possible.,20296
17290,2023-08-12,2023-08-26,2023-08-16,Shipped,Backorder — ship when available.,23909
17291,2025-03-05,2025-03-21,2025-03-07,Resolved,,22795
17292,2026-05-11,2026-05-29,2026-05-18,Shipped,Replacement for damaged order.,21693
17293,2025-04-24,2025-05-16,,Cancelled,Call before delivery.,21021
17294,2025-12-16,2025-12-26,2025-12-26,Shipped,,20738
17295,2025-02-08,2025-02-21,,Cancelled,Fragile items — handle with care.,20678
17296,2022-11-10,2022-11-19,2022-11-14,Disputed,Please ship as soon as possible.,23225
17297,2023-03-08,2023-03-27,2023-03-12,Shipped,Hold for customer confirmation.,22128
17298,2022-10-06,2022-10-16,2022-10-11,Shipped,International shipment — customs docs needed.,22578
17299,2022-12-19,2023-01-10,2022-12-25,Shipped,Customer will pick up at warehouse.,21095
17300,2022-11-27,2022-12-14,2022-11-29,Shipped,Call before delivery.,23861
17301,2023-05-14,2023-05-21,2023-05-21,Shipped,,24061
17302,2025-09-16,2025-10-10,,On Hold,Verified credit before processing.,21422
17303,2025-08-26,2025-09-05,,In Process,,24207
17304,2024-03-13,2024-03-24,,Cancelled,Customer requested expedited shipping.,24814
17305,2026-01-01,2026-01-15,,In Process,Partial shipment approved by customer.,24568
17306,2025-12-19,2026-01-08,,Cancelled,Customer will pick up at warehouse.,20086
17307,2023-03-09,2023-04-01,2023-03-18,Disputed,,21662
17308,2024-05-25,2024-06-17,,In Process,Backorder — ship when available.,21670
17309,2023-10-11,2023-11-10,,On Hold,Customer requested expedited shipping.,23197
17310,2024-11-15,2024-12-14,,Cancelled,Priority customer — rush order.,20041
17311,2022-10-21,2022-11-15,2022-10-22,Disputed,,21641
17312,2023-08-15,2023-08-24,2023-08-19,Shipped,,20891
17313,2022-05-14,2022-06-01,2022-05-23,Shipped,,22085
17314,2022-03-03,2022-04-01,2022-03-10,Shipped,Partial shipment approved by customer.,20509
17315,2023-09-06,2023-09-22,2023-09-10,Shipped,,21986
17316,2026-07-10,2026-07-29,,In Process,Replacement for damaged order.,21207
17317,2024-10-01,2024-10-20,2024-10-11,Disputed,Priority customer — rush order.,21187
17318,2022-05-06,2022-05-15,,Cancelled,,21630
17319,2026-05-02,2026-05-30,2026-05-11,Shipped,Customer will pick up at warehouse.,22514
17320,2025-09-23,2025-10-21,,Cancelled,Replacement for damaged order.,23885
17321,2023-12-19,2023-12-26,2023-12-22,Shipped,,20385
17322,2023-12-21,2024-01-17,,Cancelled,Customer requested expedited shipping.,22061
17323,2023-04-04,2023-05-02,2023-04-11,Shipped,Special discount applied.,22275
17324,2024-11-11,2024-11-20,,On Hold,Priority customer — rush order.,20931
17325,2022-07-23,2022-08-15,2022-07-29,Shipped,Customer will pick up at warehouse.,21814
17326,2022-01-09,2022-02-05,2022-01-12,Disputed,Customer will pick up at warehouse.,20515
17327,2022-04-01,2022-04-14,2022-04-11,Shipped,,20377
17328,2022-07-21,2022-08-02,2022-07-28,Shipped,Customer requested expedited shipping.,20829
17329,2022-04-08,2022-05-05,2022-04-13,Shipped,Hold for customer confirmation.,22418
17330,2025-10-19,2025-11-10,2025-10-20,Resolved,Replacement for damaged order.,24774
17331,2023-01-29,2023-02-24,2023-02-01,Shipped,Fragile items — handle with care.,22503
17332,2026-04-13,2026-04-23,2026-04-16,Disputed,International shipment — customs docs needed.,24062
17333,2022-01-01,2022-01-31,,On Hold,,24661
17334,2024-09-04,2024-09-20,,Cancelled,Customer requested expedited shipping.,22459
17335,2023-10-25,2023-11-14,,On Hold,Priority customer — rush order.,22464
17336,2024-05-04,2024-05-24,,Cancelled,Priority customer — rush order.,23588
17337,2024-08-16,2024-09-05,2024-08-25,Shipped,Please ship as soon as possible.,22146
17338,2026-01-21,2026-02-11,,Cancelled,,21337
17339,2022-03-20,2022-04-09,2022-03-26,Shipped,,22303
17340,2025-07-08,2025-08-04,,In Process,,22246
17341,2026-03-08,2026-03-18,2026-03-10,Resolved,Fragile items — handle with care.,20751
17342,2026-07-08,2026-07-15,2026-07-15,Disputed,,20530
17343,2022-01-24,2022-02-09,,Cancelled,Customer requested expedited shipping.,20759
17344,2022-03-12,2022-04-01,2022-03-19,Shipped,,23366
17345,2024-09-27,2024-10-13,2024-10-05,Shipped,,21619
17346,2025-12-16,2025-12-25,2025-12-22,Shipped,Fragile items — handle with care.,21311
17347,2023-08-13,2023-08-27,,On Hold,,22972
17348,2024-06-08,2024-07-07,2024-06-09,Shipped,Backorder — ship when available.,23963
17349,2026-03-20,2026-04-10,2026-03-30,Disputed,Customer will pick up at warehouse.,22458
17350,2022-05-05,2022-05-20,,In Process,Hold for customer confirmation.,21971
17351,2026-04-19,2026-05-04,2026-04-25,Shipped,International shipment — customs docs needed.,23727
17352,2025-05-21,2025-06-04,2025-05-29,Disputed,Call before delivery.,24021
17353,2023-08-16,2023-09-08,2023-08-19,Shipped,,20785
17354,2024-10-02,2024-10-09,2024-10-06,Shipped,,22057
17355,2026-04-03,2026-04-13,,On Hold,,21704
17356,2025-10-05,2025-10-20,,In Process,,21741
17357,2023-06-10,2023-07-02,2023-06-15,Disputed,,21975
17358,2025-08-03,2025-08-24,,On Hold,Hold for customer confirmation.,22632
17359,2023-12-13,2024-01-01,,On Hold,Call before delivery.,22337
17360,2024-06-04,2024-07-04,2024-06-06,Shipped,Please ship as soon as possible.,24737
17361,2022-10-11,2022-11-10,2022-10-13,Resolved,Customer requested expedited shipping.,22323
17362,2026-04-25,2026-05-02,,In Process,,24021
17363,2023-08-30,2023-09-19,2023-09-01,Shipped,Special discount applied.,21298
17364,2024-01-12,2024-02-07,,On Hold,International shipment — customs docs needed.,20601
17365,2025-08-04,2025-08-13,2025-08-14,Disputed,Check stock before processing.,23194
17366,2023-05-22,2023-06-19,2023-05-31,Resolved,Hold for customer confirmation.,24887
17367,2025-08-09,2025-08-30,,Cancelled,Fragile items — handle with care.,20409
17368,2025-03-08,2025-03-29,2025-03-16,Resolved,Special discount applied.,24405
17369,2022-08-20,2022-09-03,2022-08-28,Shipped,Special discount applied.,23657
17370,2024-02-27,2024-03-21,2024-03-03,Shipped,Special discount applied.,22371
17371,2023-12-29,2024-01-25,2024-01-07,Shipped,,21436
17372,2024-06-25,2024-07-15,2024-06-26,Shipped,Please ship as soon as possible.,20763
17373,2026-04-19,2026-05-05,2026-04-25,Disputed,,20324
17374,2024-01-09,2024-02-02,,In Process,Customer requested expedited shipping.,24355
17375,2024-08-20,2024-09-16,2024-08-27,Shipped,Fragile items — handle with care.,24130
17376,2025-08-07,2025-08-22,2025-08-11,Resolved,,22687
17377,2023-08-05,2023-08-16,2023-08-11,Resolved,,21695
17378,2024-04-09,2024-04-17,,Cancelled,Please ship as soon as possible.,24910
17379,2024-03-19,2024-04-09,2024-03-23,Shipped,,21177
17380,2025-02-05,2025-02-27,,On Hold,Verified credit before processing.,21149
17381,2024-04-20,2024-04-27,2024-04-30,Shipped,Customer requested expedited shipping.,24616
17382,2024-02-13,2024-03-14,,In Process,Please ship as soon as possible.,20441
17383,2024-07-09,2024-07-20,2024-07-19,Shipped,,24918
17384,2024-03-27,2024-04-04,2024-03-31,Shipped,Customer requested expedited shipping.,22115
17385,2026-07-01,2026-07-18,2026-07-06,Shipped,Priority customer — rush order.,20273
17386,2023-06-05,2023-07-05,2023-06-08,Shipped,,20151
17387,2026-07-15,2026-08-04,2026-07-20,Shipped,,23019
17388,2023-06-21,2023-07-19,2023-06-22,Shipped,International shipment — customs docs needed.,22179
17389,2026-06-06,2026-07-05,2026-06-12,Shipped,Verified credit before processing.,20519
17390,2025-02-16,2025-03-01,2025-02-20,Resolved,Verified credit before processing.,20231
17391,2025-07-30,2025-08-14,,On Hold,Hold for customer confirmation.,24249
17392,2023-11-28,2023-12-19,2023-12-05,Shipped,,21593
17393,2025-08-15,2025-09-01,,Cancelled,,24893
17394,2022-03-03,2022-03-18,2022-03-06,Disputed,Please ship as soon as possible.,24689
17395,2024-03-19,2024-04-18,2024-03-28,Shipped,Hold for customer confirmation.,23731
17396,2023-12-20,2024-01-16,,Cancelled,Partial shipment approved by customer.,24872
17397,2026-03-06,2026-03-24,,In Process,Check stock before processing.,21005
17398,2023-09-22,2023-10-04,,Cancelled,Replacement for damaged order.,24407
17399,2023-04-08,2023-05-02,2023-04-17,Shipped,Fragile items — handle with care.,21562
17400,2023-02-19,2023-03-06,,Cancelled,,22339
17401,2024-01-17,2024-02-08,2024-01-24,Shipped,Customer will pick up at warehouse.,22093
17402,2025-03-01,2025-03-26,2025-03-07,Shipped,Verified credit before processing.,20263
17403,2022-07-15,2022-08-11,2022-07-17,Resolved,Check stock before processing.,22897
17404,2022-03-18,2022-04-03,,In Process,,20864
17405,2023-01-06,2023-02-05,2023-01-15,Shipped,,21572
17406,2023-02-04,2023-02-18,2023-02-13,Shipped,International shipment — customs docs needed.,23992
17407,2023-03-18,2023-03-28,,On Hold,,23306
17408,2026-03-28,2026-04-04,2026-03-29,Shipped,Priority customer — rush order.,23743
17409,2025-02-15,2025-02-23,,On Hold,Priority customer — rush order.,21785
17410,2023-06-21,2023-07-05,2023-06-30,Resolved,,22458
17411,2022-03-09,2022-03-16,2022-03-11,Disputed,,24120
17412,2025-05-20,2025-05-28,,In Process,,23153
17413,2023-10-24,2023-11-22,,In Process,Customer requested expedited shipping.,24520
17414,2026-01-21,2026-02-03,2026-01-25,Shipped,Verified credit before processing.,23568
17415,2024-10-03,2024-11-02,2024-10-07,Resolved,Priority customer — rush order.,21025
17416,2023-10-28,2023-11-22,2023-11-03,Shipped,,24101
17417,2022-11-14,2022-11-22,2022-11-19,Shipped,Verified credit before processing.,20109
17418,2022-09-17,2022-10-01,2022-09-27,Shipped,,23840
17419,2024-02-25,2024-03-03,2024-03-06,Shipped,Special discount applied.,24458
17420,2024-10-15,2024-10-28,,On Hold,Customer requested expedited shipping.,24605
17421,2022-11-25,2022-12-14,,On Hold,Priority customer — rush order.,23246
17422,2025-02-20,2025-03-03,,On Hold,Replacement for damaged order.,23463
17423,2025-04-15,2025-05-11,2025-04-17,Shipped,,21197
17424,2024-09-28,2024-10-25,2024-10-03,Shipped,,22815
17425,2023-11-02,2023-11-12,2023-11-12,Shipped,International shipment — customs docs needed.,24649
17426,2023-06-07,2023-07-04,2023-06-08,Shipped,Verified credit before processing.,24753
17427,2025-06-28,2025-07-11,2025-07-01,Shipped,,22030
17428,2023-10-28,2023-11-20,2023-11-03,Shipped,,23168
17429,2024-03-29,2024-04-11,2024-03-31,Disputed,Gift wrapping requested.,21281
17430,2022-08-30,2022-09-26,,In Process,Partial shipment approved by customer.,23808
17431,2023-07-18,2023-08-10,,In Process,Verified credit before processing.,24404
17432,2024-06-15,2024-06-29,2024-06-25,Shipped,Fragile items — handle with care.,22142
17433,2025-04-08,2025-04-26,2025-04-14,Shipped,Special discount applied.,24878
17434,2024-09-12,2024-10-09,,Cancelled,,24213
17435,2025-03-25,2025-04-23,,Cancelled,Priority customer — rush order.,22162
17436,2023-09-14,2023-10-02,,Cancelled,,24759
17437,2022-12-20,2023-01-15,,In Process,Priority customer — rush order.,22488
17438,2026-05-04,2026-05-13,,Cancelled,,23185
17439,2024-07-06,2024-07-20,2024-07-14,Shipped,Customer requested expedited shipping.,22213
17440,2023-05-30,2023-06-26,2023-06-01,Shipped,Verified credit before processing.,23493
17441,2022-04-22,2022-05-21,,On Hold,Partial shipment approved by customer.,21990
17442,2023-04-07,2023-05-04,2023-04-13,Shipped,,20505
17443,2024-02-14,2024-03-02,2024-02-19,Disputed,Backorder — ship when available.,24577
17444,2026-02-20,2026-03-10,,Cancelled,,24398
17445,2023-11-08,2023-11-18,,On Hold,,20149
17446,2023-03-24,2023-04-22,2023-03-28,Resolved,Hold for customer confirmation.,20015
17447,2023-04-06,2023-04-14,,In Process,,23076
17448,2022-05-27,2022-06-13,2022-05-31,Resolved,International shipment — customs docs needed.,24440
17449,2025-11-07,2025-11-21,2025-11-13,Resolved,Special discount applied.,23609
17450,2023-06-19,2023-07-04,,Cancelled,Hold for customer confirmation.,22109
17451,2023-01-12,2023-02-06,2023-01-22,Shipped,,20274
17452,2025-05-24,2025-06-02,,On Hold,Customer requested expedited shipping.,22534
17453,2024-03-09,2024-04-04,2024-03-10,Shipped,,21454
17454,2022-02-11,2022-03-01,,Cancelled,Fragile items — handle with care.,24242
17455,2023-08-16,2023-09-02,2023-08-20,Shipped,Gift wrapping requested.,23773
17456,2022-05-22,2022-06-13,2022-05-29,Shipped,Fragile items — handle with care.,21937
17457,2026-02-13,2026-02-27,,Cancelled,,21549
17458,2023-04-01,2023-04-16,2023-04-02,Shipped,Hold for customer confirmation.,23995
17459,2025-04-23,2025-05-18,2025-04-26,Shipped,Call before delivery.,20457
17460,2022-11-28,2022-12-24,2022-12-02,Shipped,Gift wrapping requested.,20909
17461,2022-03-11,2022-03-30,2022-03-18,Shipped,,21219
17462,2022-05-06,2022-06-03,2022-05-09,Shipped,Replacement for damaged order.,23231
17463,2023-09-23,2023-10-15,2023-09-29,Shipped,Please ship as soon as possible.,20973
17464,2023-09-28,2023-10-06,2023-10-03,Shipped,Please ship as soon as possible.,24874
17465,2026-07-09,2026-07-23,2026-07-17,Resolved,Partial shipment approved by customer.,21417
17466,2026-02-07,2026-03-02,2026-02-14,Shipped,Hold for customer confirmation.,24064
17467,2023-07-03,2023-07-31,2023-07-11,Disputed,Replacement for damaged order.,22600
17468,2022-09-15,2022-09-23,,In Process,,20727
17469,2023-02-25,2023-03-12,,On Hold,International shipment — customs docs needed.,20020
17470,2025-06-22,2025-07-06,2025-06-26,Shipped,,21079
17471,2025-06-07,2025-07-07,,Cancelled,Check stock before processing.,20318
17472,2023-04-09,2023-05-05,,On Hold,Fragile items — handle with care.,21202
17473,2025-10-13,2025-10-29,2025-10-15,Shipped,International shipment — customs docs needed.,22774
17474,2024-04-13,2024-04-23,2024-04-17,Shipped,,23421
17475,2024-05-20,2024-06-15,2024-05-27,Shipped,Check stock before processing.,24034
17476,2023-11-07,2023-11-25,,Cancelled,Priority customer — rush order.,22574
17477,2026-05-27,2026-06-18,2026-05-30,Resolved,Priority customer — rush order.,20137
17478,2024-05-14,2024-05-28,2024-05-20,Resolved,,23530
17479,2024-05-15,2024-05-28,,On Hold,Backorder — ship when available.,22717
17480,2026-04-28,2026-05-19,,Cancelled,Priority customer — rush order.,20015
17481,2022-12-02,2022-12-23,2022-12-05,Shipped,,20398
17482,2026-01-28,2026-02-26,2026-02-01,Shipped,International shipment — customs docs needed.,20272
17483,2024-08-13,2024-08-22,2024-08-18,Disputed,,24899
17484,2025-02-14,2025-02-28,,On Hold,Fragile items — handle with care.,22984
17485,2024-09-19,2024-10-02,,In Process,,20047
17486,2022-08-20,2022-09-12,2022-08-30,Shipped,Replacement for damaged order.,23134
17487,2022-08-31,2022-09-10,2022-09-09,Shipped,Customer requested expedited shipping.,21821
17488,2026-04-30,2026-05-22,2026-05-04,Shipped,Fragile items — handle with care.,20820
17489,2024-01-10,2024-02-06,2024-01-12,Shipped,,23083
17490,2025-10-06,2025-10-26,,In Process,Fragile items — handle with care.,24712
17491,2022-01-10,2022-02-02,2022-01-19,Resolved,Hold for customer confirmation.,23361
17492,2022-03-06,2022-03-20,2022-03-08,Resolved,,23800
17493,2024-12-17,2025-01-08,,On Hold,Verified credit before processing.,20937
17494,2024-08-24,2024-09-16,2024-08-27,Shipped,,22109
17495,2026-05-02,2026-05-17,,In Process,Verified credit before processing.,22862
17496,2025-03-24,2025-04-16,,Cancelled,Gift wrapping requested.,22158
17497,2025-06-13,2025-07-09,2025-06-17,Shipped,Verified credit before processing.,22710
17498,2026-04-26,2026-05-17,,In Process,Call before delivery.,24679
17499,2022-05-25,2022-06-19,,In Process,,22188
17500,2026-05-10,2026-05-19,2026-05-16,Shipped,Special discount applied.,22288
17501,2026-03-14,2026-04-07,2026-03-20,Disputed,,22321
17502,2024-11-07,2024-11-28,,Cancelled,Call before delivery.,21235
17503,2025-05-26,2025-06-11,2025-06-05,Shipped,Replacement for damaged order.,23771
17504,2024-06-09,2024-06-17,2024-06-17,Shipped,International shipment — customs docs needed.,22702
17505,2022-05-28,2022-06-12,2022-06-04,Resolved,Replacement for damaged order.,22776
17506,2025-10-12,2025-10-24,,In Process,,23402
17507,2023-05-20,2023-06-06,2023-05-22,Resolved,,24773
17508,2024-08-03,2024-08-28,2024-08-13,Disputed,Fragile items — handle with care.,23056
17509,2026-05-08,2026-05-24,2026-05-14,Shipped,Call before delivery.,23254
17510,2022-01-10,2022-01-28,2022-01-17,Shipped,Special discount applied.,20076
17511,2024-10-01,2024-10-16,2024-10-05,Disputed,Check stock before processing.,21418
17512,2025-07-03,2025-07-27,,On Hold,Backorder — ship when available.,23939
17513,2026-05-01,2026-05-23,2026-05-06,Shipped,Please ship as soon as possible.,24913
17514,2023-07-06,2023-07-22,2023-07-15,Disputed,Priority customer — rush order.,20648
17515,2025-03-26,2025-04-08,2025-03-30,Shipped,Check stock before processing.,24981
17516,2022-12-30,2023-01-22,,In Process,Special discount applied.,21608
17517,2023-06-17,2023-07-04,2023-06-20,Shipped,Call before delivery.,21703
17518,2023-10-15,2023-10-29,,In Process,Partial shipment approved by customer.,22963
17519,2023-04-14,2023-05-06,2023-04-15,Shipped,Please ship as soon as possible.,20880
17520,2024-11-14,2024-12-01,2024-11-23,Shipped,Special discount applied.,24695
17521,2024-11-05,2024-11-15,2024-11-10,Shipped,International shipment — customs docs needed.,22571
17522,2024-08-26,2024-09-24,2024-08-27,Shipped,Backorder — ship when available.,21291
17523,2024-12-26,2025-01-19,2025-01-04,Shipped,,22906
17524,2026-01-20,2026-02-09,,In Process,Customer requested expedited shipping.,23567
17525,2026-01-30,2026-02-07,2026-02-01,Shipped,Customer requested expedited shipping.,24902
17526,2025-09-10,2025-09-19,2025-09-12,Shipped,,20684
17527,2025-07-05,2025-07-25,,In Process,,23467
17528,2025-04-24,2025-05-07,2025-04-30,Shipped,Replacement for damaged order.,22160
17529,2024-03-24,2024-04-11,2024-03-29,Shipped,,22730
17530,2024-06-11,2024-06-24,2024-06-18,Shipped,,21630
17531,2024-04-21,2024-05-05,,On Hold,Priority customer — rush order.,24543
17532,2024-05-04,2024-05-18,2024-05-05,Shipped,Partial shipment approved by customer.,24604
17533,2024-09-29,2024-10-19,,On Hold,Priority customer — rush order.,22453
17534,2022-09-05,2022-09-29,2022-09-12,Shipped,,21213
17535,2022-11-03,2022-11-25,,In Process,Call before delivery.,23709
17536,2026-05-30,2026-06-21,2026-06-04,Shipped,Customer requested expedited shipping.,24738
17537,2023-08-14,2023-09-07,,On Hold,,20451
17538,2023-01-13,2023-02-09,2023-01-17,Shipped,,22389
17539,2024-07-03,2024-07-15,2024-07-12,Shipped,Check stock before processing.,24356
17540,2024-06-26,2024-07-24,,Cancelled,,20456
17541,2024-11-16,2024-11-26,,Cancelled,,23139
17542,2022-10-19,2022-11-04,,In Process,Customer will pick up at warehouse.,22521
17543,2023-04-20,2023-05-08,2023-04-22,Shipped,,24449
17544,2026-03-16,2026-04-02,,On Hold,,24215
17545,2023-04-29,2023-05-07,2023-05-07,Shipped,,22881
17546,2025-08-07,2025-08-15,,In Process,,21323
17547,2025-03-01,2025-03-10,,Cancelled,,21116
17548,2024-11-02,2024-11-15,2024-11-10,Resolved,Call before delivery.,23603
17549,2024-08-04,2024-08-18,2024-08-07,Shipped,Call before delivery.,20160
17550,2023-08-03,2023-08-14,2023-08-09,Shipped,Check stock before processing.,24004
17551,2024-04-15,2024-05-08,2024-04-23,Shipped,,23382
17552,2024-06-09,2024-06-20,2024-06-19,Disputed,Please ship as soon as possible.,20065
17553,2025-04-08,2025-04-23,2025-04-18,Shipped,Backorder — ship when available.,21107
17554,2025-07-23,2025-07-31,2025-07-31,Shipped,Please ship as soon as possible.,23734
17555,2025-11-29,2025-12-06,,Cancelled,Check stock before processing.,22318
17556,2023-09-29,2023-10-08,2023-10-06,Shipped,,21098
17557,2022-06-14,2022-06-23,2022-06-17,Shipped,,22201
17558,2022-01-28,2022-02-05,2022-02-03,Shipped,Replacement for damaged order.,24899
17559,2025-11-22,2025-12-09,2025-12-01,Shipped,Gift wrapping requested.,24455
17560,2022-08-07,2022-08-26,2022-08-17,Shipped,,20436
17561,2023-07-02,2023-07-27,,Cancelled,,21414
17562,2025-07-18,2025-08-07,2025-07-22,Shipped,Customer will pick up at warehouse.,23022
17563,2026-03-19,2026-04-12,,Cancelled,,21876
17564,2025-09-06,2025-09-25,2025-09-07,Resolved,Check stock before processing.,20019
17565,2022-10-16,2022-10-30,2022-10-23,Shipped,Please ship as soon as possible.,24572
17566,2025-02-14,2025-03-05,2025-02-23,Shipped,Customer requested expedited shipping.,23506
17567,2022-03-19,2022-03-31,2022-03-29,Shipped,,24168
17568,2023-01-26,2023-02-14,2023-01-31,Resolved,,20108
17569,2026-04-20,2026-05-16,,In Process,Customer will pick up at warehouse.,23686
17570,2024-11-04,2024-11-15,2024-11-14,Resolved,Replacement for damaged order.,23375
17571,2023-02-02,2023-02-13,,On Hold,International shipment — customs docs needed.,23829
17572,2024-11-05,2024-11-13,2024-11-06,Shipped,Verified credit before processing.,24344
17573,2026-01-05,2026-01-13,2026-01-09,Shipped,Customer requested expedited shipping.,20685
17574,2025-03-30,2025-04-26,2025-03-31,Shipped,,20846
17575,2023-10-25,2023-11-20,2023-11-02,Disputed,Check stock before processing.,21060
17576,2024-01-16,2024-01-29,,Cancelled,Verified credit before processing.,24079
17577,2024-06-15,2024-06-30,2024-06-24,Shipped,,22423
17578,2023-11-09,2023-11-22,2023-11-16,Disputed,Please ship as soon as possible.,20872
17579,2025-03-22,2025-04-05,2025-03-25,Shipped,Verified credit before processing.,23798
17580,2023-08-19,2023-09-10,2023-08-24,Shipped,Partial shipment approved by customer.,23903
17581,2023-06-17,2023-07-08,,Cancelled,,24867
17582,2022-03-29,2022-04-25,,In Process,Partial shipment approved by customer.,20118
17583,2026-03-26,2026-04-02,2026-03-28,Disputed,Call before delivery.,20099
17584,2025-08-28,2025-09-10,,On Hold,Hold for customer confirmation.,24252
17585,2024-08-13,2024-09-04,2024-08-19,Shipped,Please ship as soon as possible.,22353
17586,2024-02-01,2024-02-12,,In Process,,23210
17587,2025-09-20,2025-10-13,,In Process,Fragile items — handle with care.,24541
17588,2022-05-29,2022-06-22,2022-06-06,Resolved,Special discount applied.,23398
17589,2022-12-08,2022-12-16,,In Process,Gift wrapping requested.,23431
17590,2025-09-15,2025-10-12,2025-09-24,Disputed,International shipment — customs docs needed.,20522
17591,2025-10-24,2025-11-11,2025-10-28,Shipped,Verified credit before processing.,21891
17592,2025-08-30,2025-09-23,,On Hold,Priority customer — rush order.,24906
17593,2022-05-19,2022-06-04,,In Process,,21441
17594,2022-07-10,2022-07-28,2022-07-17,Shipped,Hold for customer confirmation.,21579
17595,2022-04-04,2022-04-27,,On Hold,Special discount applied.,20472
17596,2026-01-15,2026-01-31,2026-01-24,Shipped,,23160
17597,2023-08-03,2023-09-02,2023-08-04,Shipped,Fragile items — handle with care.,23240
17598,2025-11-13,2025-12-08,2025-11-16,Shipped,,21925
17599,2025-07-21,2025-08-14,2025-07-24,Resolved,Customer requested expedited shipping.,22983
17600,2025-10-15,2025-10-26,2025-10-22,Disputed,Verified credit before processing.,23240
17601,2024-02-13,2024-02-29,,On Hold,Special discount applied.,22183
17602,2026-02-08,2026-02-24,2026-02-18,Shipped,Verified credit before processing.,21878
17603,2024-06-29,2024-07-18,,On Hold,Call before delivery.,24480
17604,2025-06-17,2025-06-30,2025-06-24,Shipped,Customer will pick up at warehouse.,23660
17605,2024-01-28,2024-02-09,2024-01-29,Shipped,,24439
17606,2024-07-29,2024-08-10,2024-08-07,Shipped,,20401
17607,2023-04-26,2023-05-22,2023-04-30,Shipped,Please ship as soon as possible.,22291
17608,2022-05-14,2022-06-08,2022-05-23,Resolved,,23807
17609,2024-06-04,2024-06-17,2024-06-06,Shipped,Special discount applied.,22031
17610,2025-01-11,2025-01-21,2025-01-18,Shipped,,20628
17611,2024-05-04,2024-06-02,2024-05-13,Shipped,,20869
17612,2023-04-18,2023-05-11,2023-04-21,Resolved,Replacement for damaged order.,24852
17613,2026-03-18,2026-04-12,2026-03-20,Shipped,Gift wrapping requested.,20718
17614,2026-02-26,2026-03-16,2026-02-27,Shipped,Fragile items — handle with care.,24704
17615,2025-11-21,2025-12-07,,On Hold,Fragile items — handle with care.,24126
17616,2023-07-08,2023-08-03,2023-07-14,Shipped,International shipment — customs docs needed.,24413
17617,2023-01-14,2023-02-10,,Cancelled,,23435
17618,2022-08-14,2022-08-22,2022-08-17,Resolved,International shipment — customs docs needed.,20483
17619,2023-09-13,2023-09-22,2023-09-15,Shipped,,20783
17620,2023-12-23,2024-01-20,2023-12-29,Disputed,,20271
17621,2024-06-06,2024-06-24,2024-06-09,Shipped,,21785
17622,2023-10-30,2023-11-27,2023-11-09,Disputed,Backorder — ship when available.,21111
17623,2025-02-08,2025-03-05,2025-02-15,Resolved,,23432
17624,2026-06-06,2026-07-02,2026-06-12,Resolved,,23621
17625,2022-02-22,2022-03-08,2022-02-25,Shipped,,24813
17626,2023-01-29,2023-02-28,2023-01-31,Shipped,Partial shipment approved by customer.,24627
17627,2025-07-26,2025-08-08,2025-07-27,Shipped,Fragile items — handle with care.,23973
17628,2022-11-27,2022-12-08,2022-12-01,Disputed,Call before delivery.,22574
17629,2022-11-27,2022-12-08,2022-12-03,Shipped,Call before delivery.,20405
17630,2022-04-27,2022-05-17,2022-05-02,Shipped,Priority customer — rush order.,23677
17631,2024-10-29,2024-11-18,,Cancelled,Please ship as soon as possible.,20291
17632,2023-05-08,2023-05-15,,On Hold,Please ship as soon as possible.,22763
17633,2026-02-19,2026-02-26,2026-02-24,Shipped,,20058
17634,2026-04-05,2026-05-02,2026-04-10,Shipped,,22722
17635,2025-05-21,2025-06-02,,Cancelled,Gift wrapping requested.,23742
17636,2025-05-01,2025-05-26,,Cancelled,,23000
17637,2025-09-12,2025-09-21,,In Process,Customer requested expedited shipping.,21946
17638,2026-04-11,2026-04-29,2026-04-13,Resolved,Priority customer — rush order.,23510
17639,2025-06-21,2025-06-28,2025-06-22,Shipped,Replacement for damaged order.,21269
17640,2022-06-07,2022-06-16,,In Process,Replacement for damaged order.,20864
17641,2025-05-04,2025-06-03,2025-05-14,Resolved,,22924
17642,2026-07-08,2026-07-26,2026-07-12,Resolved,,23915
17643,2024-03-21,2024-03-29,2024-03-27,Shipped,Priority customer — rush order.,23454
17644,2022-09-11,2022-09-29,2022-09-16,Resolved,Partial shipment approved by customer.,23904
17645,2023-11-23,2023-12-15,2023-12-03,Shipped,,24649
17646,2022-05-13,2022-06-07,2022-05-18,Shipped,Special discount applied.,20980
17647,2026-06-03,2026-06-13,,Cancelled,,22372
17648,2025-06-24,2025-07-19,2025-07-02,Disputed,Call before delivery.,23628
17649,2022-02-11,2022-02-27,2022-02-14,Disputed,Customer will pick up at warehouse.,22098
17650,2024-06-21,2024-07-15,,Cancelled,Hold for customer confirmation.,21690
17651,2022-06-07,2022-06-23,2022-06-16,Resolved,Replacement for damaged order.,23480
17652,2024-07-04,2024-07-16,2024-07-11,Disputed,,23697
17653,2026-01-02,2026-01-28,2026-01-11,Disputed,,23763
17654,2025-11-14,2025-11-28,2025-11-20,Shipped,,22422
17655,2025-03-10,2025-03-24,2025-03-11,Disputed,Priority customer — rush order.,20674
17656,2022-12-13,2022-12-21,2022-12-22,Shipped,,24415
17657,2023-07-21,2023-08-01,2023-07-31,Shipped,Customer will pick up at warehouse.,21197
17658,2022-02-06,2022-03-06,2022-02-16,Disputed,Replacement for damaged order.,20120
17659,2022-10-04,2022-10-25,2022-10-12,Shipped,,23315
17660,2024-09-21,2024-10-11,,In Process,,22714
17661,2025-08-30,2025-09-23,2025-09-04,Shipped,,22905
17662,2022-12-06,2022-12-24,,Cancelled,Backorder — ship when available.,24274
17663,2025-07-06,2025-07-30,,Cancelled,,20689
17664,2024-02-14,2024-03-06,2024-02-22,Shipped,Replacement for damaged order.,21504
17665,2025-03-14,2025-03-25,,Cancelled,,21383
17666,2025-08-12,2025-09-07,2025-08-22,Shipped,Gift wrapping requested.,22911
17667,2025-09-11,2025-09-26,2025-09-17,Shipped,,20815
17668,2022-02-14,2022-02-23,2022-02-19,Shipped,Customer will pick up at warehouse.,20597
17669,2024-05-05,2024-05-28,2024-05-07,Shipped,,20511
17670,2025-10-31,2025-11-23,2025-11-03,Shipped,Check stock before processing.,23393
17671,2023-09-21,2023-10-03,2023-09-27,Shipped,Gift wrapping requested.,23329
17672,2025-06-03,2025-06-14,2025-06-05,Shipped,Backorder — ship when available.,21364
17673,2024-02-05,2024-02-23,,In Process,,20780
17674,2025-12-12,2025-12-26,2025-12-15,Shipped,Gift wrapping requested.,23327
17675,2024-10-04,2024-10-31,2024-10-09,Shipped,Check stock before processing.,23943
17676,2022-03-31,2022-04-11,2022-04-07,Shipped,Backorder — ship when available.,22863
17677,2023-03-28,2023-04-27,2023-04-07,Shipped,Check stock before processing.,20822
17678,2022-03-07,2022-03-14,,In Process,Please ship as soon as possible.,24241
17679,2023-12-07,2023-12-22,2023-12-08,Shipped,Hold for customer confirmation.,21011
17680,2025-04-20,2025-05-11,2025-04-22,Resolved,Please ship as soon as possible.,20726
17681,2025-02-12,2025-02-25,2025-02-15,Shipped,Priority customer — rush order.,24645
17682,2022-03-25,2022-04-15,,Cancelled,Replacement for damaged order.,20441
17683,2023-11-21,2023-12-02,,On Hold,Customer will pick up at warehouse.,23373
17684,2022-10-27,2022-11-08,2022-10-28,Shipped,Call before delivery.,24576
17685,2025-12-05,2025-12-20,2025-12-14,Shipped,Special discount applied.,21624
17686,2024-11-06,2024-11-16,,In Process,,20311
17687,2024-04-28,2024-05-28,2024-05-03,Disputed,Gift wrapping requested.,20952
17688,2026-02-27,2026-03-25,2026-03-02,Shipped,Special discount applied.,22691
17689,2025-09-04,2025-09-24,,On Hold,International shipment — customs docs needed.,21426
17690,2023-11-24,2023-12-14,2023-11-28,Disputed,,21825
17691,2025-02-10,2025-02-22,2025-02-17,Shipped,Customer requested expedited shipping.,23859
17692,2022-10-08,2022-10-22,,In Process,,20399
17693,2025-12-07,2026-01-02,2025-12-16,Shipped,,20780
17694,2024-11-23,2024-12-14,2024-11-28,Shipped,Replacement for damaged order.,24216
17695,2025-01-01,2025-01-08,2025-01-02,Shipped,Please ship as soon as possible.,20586
17696,2025-06-26,2025-07-18,2025-07-01,Shipped,,22583
17697,2025-07-20,2025-08-07,,Cancelled,Fragile items — handle with care.,24547
17698,2023-09-26,2023-10-17,,Cancelled,Call before delivery.,23583
17699,2023-03-21,2023-03-28,2023-03-24,Shipped,Partial shipment approved by customer.,24111
17700,2024-09-18,2024-10-06,,Cancelled,International shipment — customs docs needed.,22756
17701,2023-02-24,2023-03-10,,In Process,Verified credit before processing.,22407
17702,2026-02-23,2026-03-23,2026-02-24,Shipped,Fragile items — handle with care.,20375
17703,2025-07-12,2025-08-10,,On Hold,Customer will pick up at warehouse.,23697
17704,2025-10-05,2025-10-29,2025-10-11,Shipped,Partial shipment approved by customer.,21346
17705,2023-01-27,2023-02-20,2023-01-31,Shipped,Hold for customer confirmation.,21876
17706,2022-09-02,2022-09-11,,Cancelled,Customer requested expedited shipping.,24168
17707,2023-05-13,2023-06-09,2023-05-16,Shipped,Backorder — ship when available.,21264
17708,2023-03-19,2023-04-14,,In Process,,24663
17709,2026-02-14,2026-02-27,,In Process,Customer requested expedited shipping.,22728
17710,2022-10-13,2022-10-26,2022-10-16,Shipped,Backorder — ship when available.,20468
17711,2022-03-29,2022-04-13,2022-04-07,Disputed,,21303
17712,2022-10-31,2022-11-13,2022-11-10,Shipped,Customer requested expedited shipping.,21566
17713,2025-01-15,2025-02-07,2025-01-17,Disputed,,22424
17714,2023-05-15,2023-05-30,2023-05-17,Resolved,Call before delivery.,24493
17715,2023-05-16,2023-05-28,2023-05-20,Resolved,,22548
17716,2024-01-18,2024-02-16,,In Process,,23356
17717,2023-12-22,2024-01-03,,On Hold,,23885
17718,2026-04-06,2026-04-15,2026-04-11,Shipped,Hold for customer confirmation.,20001
17719,2026-01-23,2026-02-11,2026-01-29,Shipped,Please ship as soon as possible.,24022
17720,2022-12-24,2023-01-04,2023-01-03,Disputed,,24402
17721,2022-11-08,2022-11-18,2022-11-18,Disputed,Customer will pick up at warehouse.,22486
17722,2025-03-16,2025-03-26,,In Process,International shipment — customs docs needed.,21805
17723,2026-06-11,2026-07-01,2026-06-21,Shipped,Customer requested expedited shipping.,23278
17724,2025-02-22,2025-03-05,2025-02-23,Resolved,,24364
17725,2023-07-16,2023-08-04,,On Hold,Special discount applied.,24153
17726,2024-04-02,2024-04-24,2024-04-11,Shipped,Please ship as soon as possible.,23786
17727,2026-06-03,2026-06-24,,In Process,Customer requested expedited shipping.,24021
17728,2025-10-17,2025-11-14,2025-10-19,Shipped,Gift wrapping requested.,21778
17729,2025-07-18,2025-08-07,,In Process,Fragile items — handle with care.,21280
17730,2026-04-22,2026-05-15,2026-04-28,Shipped,Partial shipment approved by customer.,24004
17731,2026-03-06,2026-03-19,,Cancelled,Check stock before processing.,20119
17732,2024-11-09,2024-12-01,,Cancelled,Replacement for damaged order.,22726
17733,2026-02-07,2026-03-06,2026-02-10,Resolved,Special discount applied.,20089
17734,2022-11-19,2022-12-11,,On Hold,,24480
17735,2024-07-19,2024-08-05,2024-07-22,Shipped,,24526
17736,2022-08-19,2022-09-11,2022-08-26,Resolved,Customer will pick up at warehouse.,21358
17737,2024-06-29,2024-07-17,2024-07-02,Disputed,Verified credit before processing.,24189
17738,2023-03-22,2023-03-30,,In Process,Check stock before processing.,20179
17739,2022-03-14,2022-04-04,,On Hold,Verified credit before processing.,22189
17740,2025-01-03,2025-01-12,,In Process,Customer will pick up at warehouse.,23197
17741,2026-05-16,2026-06-06,2026-05-24,Shipped,International shipment — customs docs needed.,22618
17742,2023-03-02,2023-03-10,,On Hold,Call before delivery.,21983
17743,2025-06-13,2025-06-20,2025-06-18,Shipped,Gift wrapping requested.,20488
17744,2024-03-26,2024-04-06,,Cancelled,Check stock before processing.,21419
17745,2023-01-25,2023-02-18,,In Process,Replacement for damaged order.,24843
17746,2025-02-26,2025-03-27,2025-03-01,Shipped,Partial shipment approved by customer.,22708
17747,2024-12-09,2025-01-05,,Cancelled,Customer requested expedited shipping.,23374
17748,2025-10-04,2025-10-15,2025-10-14,Shipped,Fragile items — handle with care.,22324
17749,2025-08-30,2025-09-28,2025-09-09,Shipped,Verified credit before processing.,22602
17750,2024-12-11,2024-12-24,2024-12-21,Disputed,Verified credit before processing.,20329
17751,2026-03-31,2026-04-13,,Cancelled,Fragile items — handle with care.,23604
17752,2025-11-03,2025-11-16,2025-11-09,Resolved,,21534
17753,2022-04-24,2022-05-08,,In Process,Please ship as soon as possible.,21531
17754,2024-05-21,2024-06-15,,In Process,Check stock before processing.,22636
17755,2023-05-23,2023-06-22,,Cancelled,,20169
17756,2023-07-20,2023-07-30,2023-07-30,Shipped,Check stock before processing.,21156
17757,2022-12-03,2022-12-23,2022-12-12,Disputed,Replacement for damaged order.,22164
17758,2025-01-25,2025-02-07,,In Process,International shipment — customs docs needed.,22398
17759,2023-06-26,2023-07-26,2023-06-30,Resolved,Backorder — ship when available.,23508
17760,2023-05-11,2023-06-05,2023-05-14,Shipped,International shipment — customs docs needed.,23208
17761,2023-09-08,2023-09-22,2023-09-14,Disputed,Hold for customer confirmation.,22013
17762,2022-06-25,2022-07-04,,In Process,Check stock before processing.,23284
17763,2024-01-05,2024-01-27,2024-01-08,Shipped,,22926
17764,2024-10-24,2024-11-10,2024-10-30,Shipped,Special discount applied.,20615
17765,2024-11-10,2024-12-04,,On Hold,,23165
17766,2025-12-07,2025-12-28,2025-12-09,Shipped,,20407
17767,2024-07-20,2024-08-15,2024-07-29,Shipped,Replacement for damaged order.,20585
17768,2022-09-19,2022-09-28,2022-09-22,Shipped,Customer requested expedited shipping.,22361
17769,2024-05-12,2024-05-20,2024-05-14,Shipped,,22592
17770,2022-09-20,2022-09-29,2022-09-30,Shipped,Backorder — ship when available.,21966
17771,2024-07-04,2024-07-26,2024-07-14,Disputed,Backorder — ship when available.,23118
17772,2022-10-02,2022-10-20,2022-10-05,Shipped,Fragile items — handle with care.,20966
17773,2022-03-06,2022-04-01,2022-03-12,Shipped,,21088
17774,2025-09-01,2025-09-08,2025-09-06,Shipped,International shipment — customs docs needed.,23673
17775,2025-06-04,2025-06-11,2025-06-10,Shipped,,21127
17776,2022-05-23,2022-06-08,,On Hold,,23649
17777,2025-06-16,2025-07-08,2025-06-25,Resolved,Special discount applied.,24440
17778,2025-03-17,2025-04-07,,Cancelled,,24753
17779,2025-03-06,2025-03-27,,Cancelled,,23944
17780,2023-02-28,2023-03-17,2023-03-03,Shipped,Gift wrapping requested.,24425
17781,2025-07-27,2025-08-10,2025-08-06,Shipped,Check stock before processing.,23987
17782,2025-05-24,2025-06-13,2025-06-01,Resolved,Fragile items — handle with care.,21384
17783,2026-04-01,2026-04-09,2026-04-09,Resolved,,21953
17784,2023-03-28,2023-04-23,2023-03-29,Shipped,International shipment — customs docs needed.,20542
17785,2024-03-28,2024-04-13,2024-03-31,Shipped,Customer requested expedited shipping.,20268
17786,2025-08-03,2025-08-18,2025-08-10,Shipped,Check stock before processing.,23843
17787,2024-12-17,2025-01-09,2024-12-20,Shipped,Customer will pick up at warehouse.,21538
17788,2023-07-12,2023-07-29,2023-07-17,Shipped,Gift wrapping requested.,21651
17789,2022-04-29,2022-05-13,,On Hold,Gift wrapping requested.,21086
17790,2023-07-29,2023-08-07,,Cancelled,,21000
17791,2022-06-28,2022-07-27,2022-06-29,Disputed,Partial shipment approved by customer.,21944
17792,2026-06-10,2026-07-07,2026-06-14,Shipped,,21241
17793,2023-10-06,2023-11-04,2023-10-14,Shipped,Please ship as soon as possible.,23292
17794,2022-03-14,2022-04-11,2022-03-23,Shipped,Please ship as soon as possible.,21588
17795,2022-06-23,2022-07-09,2022-06-28,Shipped,Please ship as soon as possible.,22961
17796,2024-10-23,2024-11-09,,On Hold,,24260
17797,2022-07-29,2022-08-09,2022-08-03,Shipped,,22476
17798,2023-03-29,2023-04-11,2023-04-04,Shipped,Customer will pick up at warehouse.,23853
17799,2023-08-16,2023-09-03,2023-08-21,Shipped,,24478
17800,2023-03-19,2023-04-04,,In Process,International shipment — customs docs needed.,20896
17801,2025-01-23,2025-02-08,2025-01-27,Shipped,Please ship as soon as possible.,21969
17802,2022-09-15,2022-10-13,2022-09-19,Shipped,Call before delivery.,24414
17803,2023-07-06,2023-07-27,2023-07-12,Shipped,,22335
17804,2022-04-01,2022-04-25,2022-04-09,Disputed,Fragile items — handle with care.,24671
17805,2023-01-24,2023-02-15,,In Process,,24170
17806,2026-01-17,2026-02-10,,On Hold,Call before delivery.,22705
17807,2025-11-10,2025-11-26,2025-11-13,Shipped,Backorder — ship when available.,21585
17808,2023-04-29,2023-05-06,2023-05-02,Shipped,Call before delivery.,21461
17809,2023-11-19,2023-12-02,2023-11-25,Resolved,Gift wrapping requested.,21493
17810,2024-05-06,2024-05-19,,In Process,,23479
17811,2023-08-12,2023-08-31,2023-08-17,Shipped,Verified credit before processing.,21864
17812,2025-11-16,2025-11-28,,On Hold,Special discount applied.,22248
17813,2025-07-18,2025-08-05,2025-07-21,Disputed,,23282
17814,2024-11-05,2024-12-05,2024-11-11,Disputed,,22284
17815,2023-06-23,2023-07-04,2023-06-30,Shipped,Customer will pick up at warehouse.,23592
17816,2024-05-13,2024-05-20,2024-05-21,Resolved,,20709
17817,2025-10-23,2025-11-07,2025-10-31,Shipped,,22298
17818,2024-12-07,2025-01-02,,On Hold,Call before delivery.,24171
17819,2025-12-25,2026-01-02,,Cancelled,Customer requested expedited shipping.,21993
17820,2022-05-19,2022-06-18,2022-05-24,Disputed,Fragile items — handle with care.,21627
17821,2023-08-29,2023-09-06,2023-09-08,Shipped,Please ship as soon as possible.,20648
17822,2022-01-25,2022-02-17,,In Process,Fragile items — handle with care.,24050
17823,2026-01-24,2026-02-16,2026-01-25,Shipped,Gift wrapping requested.,24279
17824,2022-02-18,2022-03-04,2022-02-23,Resolved,,20817
17825,2022-06-17,2022-07-14,2022-06-22,Disputed,Hold for customer confirmation.,21058
17826,2024-12-17,2025-01-10,2024-12-20,Resolved,Partial shipment approved by customer.,24865
17827,2023-02-11,2023-02-24,,On Hold,Call before delivery.,21844
17828,2023-07-04,2023-07-15,2023-07-08,Shipped,Fragile items — handle with care.,20765
17829,2026-05-26,2026-06-15,2026-05-30,Resolved,,21954
17830,2024-01-16,2024-01-26,,On Hold,Special discount applied.,24292
17831,2024-10-25,2024-11-11,2024-10-31,Resolved,Special discount applied.,22399
17832,2024-11-14,2024-12-13,2024-11-20,Shipped,,24991
17833,2025-10-02,2025-10-17,2025-10-12,Shipped,International shipment — customs docs needed.,21673
17834,2024-11-17,2024-12-01,2024-11-27,Shipped,Backorder — ship when available.,24810
17835,2026-03-30,2026-04-17,2026-03-31,Shipped,,24052
17836,2023-04-19,2023-05-14,2023-04-24,Shipped,Customer will pick up at warehouse.,22683
17837,2024-08-11,2024-08-20,2024-08-18,Shipped,Verified credit before processing.,22246
17838,2024-11-19,2024-12-09,,On Hold,Special discount applied.,21662
17839,2024-08-11,2024-09-08,,On Hold,Check stock before processing.,22109
17840,2025-05-05,2025-05-31,2025-05-13,Shipped,,22668
17841,2023-09-13,2023-10-01,,Cancelled,Replacement for damaged order.,21450
17842,2024-12-08,2025-01-01,,Cancelled,Call before delivery.,20078
17843,2024-08-08,2024-08-17,2024-08-18,Shipped,Please ship as soon as possible.,23893
17844,2025-01-26,2025-02-22,2025-01-31,Shipped,Customer requested expedited shipping.,23048
17845,2024-01-27,2024-02-14,,On Hold,International shipment — customs docs needed.,20766
17846,2026-03-08,2026-03-31,2026-03-16,Resolved,Special discount applied.,22708
17847,2025-09-07,2025-09-26,2025-09-13,Shipped,International shipment — customs docs needed.,24291
17848,2023-01-17,2023-02-02,2023-01-20,Shipped,Priority customer — rush order.,23684
17849,2024-09-04,2024-09-11,2024-09-05,Resolved,Customer will pick up at warehouse.,24848
17850,2024-12-13,2024-12-21,2024-12-21,Shipped,Customer requested expedited shipping.,22320
17851,2023-12-20,2024-01-04,2023-12-22,Disputed,Customer will pick up at warehouse.,20606
17852,2023-05-22,2023-06-01,,In Process,Fragile items — handle with care.,23446
17853,2022-05-21,2022-06-13,2022-05-29,Shipped,Gift wrapping requested.,24063
17854,2023-09-16,2023-09-28,2023-09-26,Shipped,International shipment — customs docs needed.,23212
17855,2025-02-10,2025-03-06,2025-02-19,Shipped,Call before delivery.,21868
17856,2025-09-04,2025-09-27,2025-09-07,Resolved,Special discount applied.,23429
17857,2022-10-30,2022-11-17,2022-11-06,Resolved,Fragile items — handle with care.,23638
17858,2023-12-27,2024-01-05,2024-01-02,Shipped,Gift wrapping requested.,24698
17859,2025-03-13,2025-03-30,,Cancelled,,22535
17860,2023-02-20,2023-03-20,,On Hold,Customer will pick up at warehouse.,21466
17861,2023-09-19,2023-10-05,2023-09-29,Shipped,Check stock before processing.,21684
17862,2024-07-04,2024-07-28,,Cancelled,,24795
17863,2024-02-26,2024-03-11,2024-02-27,Shipped,Gift wrapping requested.,22150
17864,2024-08-30,2024-09-20,2024-09-02,Resolved,Replacement for damaged order.,22024
17865,2023-06-28,2023-07-08,2023-06-30,Resolved,Partial shipment approved by customer.,20182
17866,2022-09-03,2022-09-20,,Cancelled,Backorder — ship when available.,23674
17867,2025-01-11,2025-01-27,2025-01-19,Shipped,Backorder — ship when available.,24614
17868,2023-11-10,2023-11-17,,Cancelled,Fragile items — handle with care.,20218
17869,2024-09-23,2024-10-13,2024-10-02,Shipped,International shipment — customs docs needed.,24705
17870,2025-05-16,2025-06-10,2025-05-20,Shipped,Partial shipment approved by customer.,20930
17871,2026-03-02,2026-03-13,2026-03-05,Resolved,Call before delivery.,23116
17872,2023-01-15,2023-01-22,2023-01-22,Shipped,,22462
17873,2025-01-21,2025-02-17,2025-01-31,Shipped,Partial shipment approved by customer.,21873
17874,2026-06-26,2026-07-08,2026-07-02,Resolved,Backorder — ship when available.,22500
17875,2023-10-26,2023-11-16,2023-10-31,Shipped,Verified credit before processing.,23891
17876,2022-03-03,2022-03-11,2022-03-10,Resolved,Fragile items — handle with care.,24562
17877,2024-11-22,2024-12-07,2024-11-23,Shipped,Gift wrapping requested.,20191
17878,2024-02-13,2024-03-09,,Cancelled,Gift wrapping requested.,24787
17879,2022-02-03,2022-03-05,2022-02-08,Shipped,Verified credit before processing.,20494
17880,2023-10-06,2023-11-04,,On Hold,Verified credit before processing.,21759
17881,2025-01-30,2025-02-16,2025-02-02,Disputed,Special discount applied.,23992
17882,2022-12-04,2023-01-01,,In Process,Gift wrapping requested.,24212
17883,2022-04-20,2022-05-06,2022-04-29,Shipped,Customer will pick up at warehouse.,23584
17884,2026-02-10,2026-02-26,2026-02-12,Shipped,,21435
17885,2025-06-05,2025-06-21,2025-06-14,Shipped,Customer will pick up at warehouse.,21408
17886,2024-06-05,2024-06-30,2024-06-12,Shipped,Please ship as soon as possible.,21021
17887,2026-06-02,2026-06-12,2026-06-05,Disputed,Priority customer — rush order.,20257
17888,2026-04-24,2026-05-18,,In Process,Gift wrapping requested.,22233
17889,2023-04-02,2023-05-01,2023-04-09,Shipped,,20263
17890,2023-06-03,2023-06-18,2023-06-13,Shipped,,24645
17891,2026-06-30,2026-07-17,,Cancelled,Call before delivery.,24106
17892,2025-03-22,2025-03-31,,In Process,Gift wrapping requested.,24984
17893,2022-10-17,2022-10-24,2022-10-27,Shipped,Backorder — ship when available.,22120
17894,2025-10-09,2025-11-01,2025-10-10,Shipped,Backorder — ship when available.,24620
17895,2022-03-20,2022-04-09,2022-03-22,Disputed,,22763
17896,2022-03-17,2022-03-27,2022-03-18,Shipped,Fragile items — handle with care.,20006
17897,2025-06-26,2025-07-09,,On Hold,Customer will pick up at warehouse.,24029
17898,2023-09-30,2023-10-22,,Cancelled,Customer requested expedited shipping.,22698
17899,2022-10-16,2022-11-02,,In Process,,20212
17900,2022-02-07,2022-03-02,2022-02-13,Disputed,,21751
17901,2023-05-06,2023-05-17,2023-05-13,Shipped,,20809
17902,2026-01-02,2026-01-26,2026-01-03,Shipped,Special discount applied.,21523
17903,2022-09-13,2022-09-29,2022-09-15,Shipped,,20346
17904,2025-03-08,2025-03-17,2025-03-13,Shipped,,23880
17905,2026-06-15,2026-07-08,2026-06-20,Shipped,,20374
17906,2023-11-07,2023-11-15,2023-11-09,Shipped,Backorder — ship when available.,23826
17907,2022-01-29,2022-02-23,2022-02-05,Disputed,,22797
17908,2025-07-02,2025-07-30,2025-07-12,Shipped,Customer will pick up at warehouse.,20349
17909,2023-12-08,2023-12-26,,Cancelled,Backorder — ship when available.,20524
17910,2025-09-12,2025-10-10,2025-09-19,Resolved,Special discount applied.,22000
17911,2026-06-18,2026-07-04,2026-06-19,Shipped,Partial shipment approved by customer.,22416
17912,2024-11-09,2024-12-09,,On Hold,,21556
17913,2024-09-03,2024-09-11,,Cancelled,Priority customer — rush order.,23921
17914,2025-04-07,2025-05-01,2025-04-13,Shipped,Customer requested expedited shipping.,24266
17915,2024-06-09,2024-06-27,,Cancelled,,21386
17916,2025-09-19,2025-10-09,,In Process,Fragile items — handle with care.,20214
17917,2022-03-26,2022-04-06,2022-04-05,Shipped,Hold for customer confirmation.,21146
17918,2024-05-23,2024-06-22,2024-05-30,Shipped,Gift wrapping requested.,22745
17919,2024-06-27,2024-07-12,,On Hold,International shipment — customs docs needed.,21779
17920,2025-01-22,2025-02-12,2025-01-25,Disputed,,23287
17921,2022-04-17,2022-05-01,2022-04-22,Shipped,Check stock before processing.,24783
17922,2025-10-26,2025-11-12,2025-10-30,Resolved,Customer requested expedited shipping.,24620
17923,2024-06-18,2024-06-30,,Cancelled,Special discount applied.,22410
17924,2022-01-30,2022-02-25,2022-02-04,Shipped,Gift wrapping requested.,20186
17925,2026-05-29,2026-06-14,,In Process,,24961
17926,2025-06-19,2025-07-11,2025-06-26,Shipped,Gift wrapping requested.,24945
17927,2024-04-01,2024-04-22,2024-04-02,Resolved,Hold for customer confirmation.,24776
17928,2026-04-30,2026-05-12,,On Hold,Special discount applied.,22013
17929,2025-04-19,2025-04-28,2025-04-26,Shipped,,21045
17930,2026-06-03,2026-06-14,2026-06-12,Shipped,,21813
17931,2022-10-02,2022-10-16,2022-10-07,Shipped,Please ship as soon as possible.,20100
17932,2024-01-08,2024-02-04,2024-01-11,Resolved,Replacement for damaged order.,20907
17933,2025-06-30,2025-07-07,2025-07-03,Shipped,Check stock before processing.,22479
17934,2023-10-24,2023-11-18,2023-10-26,Shipped,,23287
17935,2026-06-29,2026-07-21,,In Process,Fragile items — handle with care.,23570
17936,2025-09-29,2025-10-19,2025-10-06,Disputed,Customer will pick up at warehouse.,21539
17937,2022-06-22,2022-07-22,,In Process,Gift wrapping requested.,22176
17938,2025-10-19,2025-10-27,,On Hold,Check stock before processing.,22195
17939,2023-10-31,2023-11-13,2023-11-09,Shipped,,20493
17940,2023-07-29,2023-08-13,2023-07-31,Shipped,,22736
17941,2024-08-02,2024-08-15,2024-08-03,Shipped,Priority customer — rush order.,21842
17942,2026-03-17,2026-04-04,2026-03-26,Shipped,Hold for customer confirmation.,22033
17943,2023-11-30,2023-12-08,2023-12-03,Shipped,Backorder — ship when available.,22069
17944,2026-04-08,2026-04-27,2026-04-09,Shipped,Backorder — ship when available.,22937
17945,2025-04-19,2025-04-28,2025-04-25,Shipped,Verified credit before processing.,24873
17946,2022-06-22,2022-07-21,2022-06-30,Resolved,International shipment — customs docs needed.,22120
17947,2023-04-20,2023-05-12,2023-04-21,Shipped,Customer requested expedited shipping.,24922
17948,2026-01-04,2026-01-17,2026-01-10,Shipped,Replacement for damaged order.,20113
17949,2024-03-18,2024-03-26,,On Hold,Customer requested expedited shipping.,23206
17950,2023-03-04,2023-03-15,,In Process,Customer requested expedited shipping.,21893
17951,2022-11-03,2022-11-21,2022-11-13,Resolved,,24489
17952,2022-04-24,2022-05-01,2022-05-03,Shipped,,23092
17953,2024-01-09,2024-01-26,2024-01-15,Shipped,Gift wrapping requested.,21862
17954,2022-11-07,2022-11-19,2022-11-08,Shipped,Special discount applied.,24810
17955,2024-02-07,2024-02-14,,On Hold,Backorder — ship when available.,23449
17956,2024-05-13,2024-05-23,,On Hold,Fragile items — handle with care.,24884
17957,2022-01-15,2022-02-07,2022-01-19,Shipped,Verified credit before processing.,21676
17958,2023-11-03,2023-11-20,2023-11-10,Shipped,Gift wrapping requested.,20348
17959,2026-01-06,2026-01-27,2026-01-14,Shipped,,22205
17960,2025-11-19,2025-12-18,2025-11-21,Disputed,,23790
17961,2024-04-08,2024-04-25,,In Process,Gift wrapping requested.,21589
17962,2024-04-24,2024-05-14,,On Hold,Check stock before processing.,21217
17963,2024-02-10,2024-02-29,2024-02-17,Resolved,Priority customer — rush order.,22015
17964,2023-08-23,2023-09-10,2023-08-30,Shipped,,20512
17965,2025-04-12,2025-04-25,2025-04-22,Shipped,Priority customer — rush order.,23634
17966,2022-06-14,2022-07-01,2022-06-20,Shipped,,21368
17967,2022-03-16,2022-03-30,,On Hold,,24461
17968,2023-06-29,2023-07-13,2023-07-05,Resolved,Fragile items — handle with care.,23355
17969,2023-11-07,2023-11-24,2023-11-16,Shipped,,20567
17970,2026-07-07,2026-07-20,2026-07-10,Shipped,,24983
17971,2026-01-19,2026-02-02,,In Process,,22896
17972,2022-11-29,2022-12-08,2022-12-03,Shipped,Backorder — ship when available.,20568
17973,2023-12-21,2024-01-14,2023-12-28,Shipped,Customer will pick up at warehouse.,23761
17974,2025-04-27,2025-05-17,,Cancelled,Replacement for damaged order.,22191
17975,2023-07-23,2023-08-12,,In Process,,24580
17976,2026-03-24,2026-04-11,2026-04-03,Shipped,,22541
17977,2025-04-18,2025-05-18,2025-04-25,Shipped,Customer will pick up at warehouse.,23039
17978,2024-02-21,2024-03-01,2024-02-28,Shipped,,24907
17979,2024-02-21,2024-03-07,2024-02-29,Resolved,Customer requested expedited shipping.,24474
17980,2023-04-06,2023-04-25,,In Process,Customer requested expedited shipping.,20404
17981,2025-12-09,2026-01-05,2025-12-14,Shipped,Backorder — ship when available.,24624
17982,2026-01-01,2026-01-12,2026-01-07,Disputed,Gift wrapping requested.,24446
17983,2024-01-23,2024-02-03,2024-01-25,Shipped,,20605
17984,2025-11-01,2025-11-28,2025-11-07,Disputed,Call before delivery.,24832
17985,2025-09-23,2025-10-16,2025-09-28,Disputed,Gift wrapping requested.,24581
17986,2023-04-19,2023-05-03,,In Process,Verified credit before processing.,23465
17987,2025-01-27,2025-02-19,2025-02-05,Shipped,Customer will pick up at warehouse.,20077
17988,2023-08-13,2023-08-31,,On Hold,,24097
17989,2025-01-14,2025-01-26,2025-01-16,Shipped,International shipment — customs docs needed.,23753
17990,2024-05-31,2024-06-07,2024-06-04,Shipped,,23839
17991,2022-09-10,2022-09-29,2022-09-18,Shipped,International shipment — customs docs needed.,22793
17992,2022-10-12,2022-10-28,,Cancelled,Gift wrapping requested.,23932
17993,2022-02-21,2022-03-01,2022-03-02,Resolved,Call before delivery.,23952
17994,2026-01-07,2026-01-14,,Cancelled,Replacement for damaged order.,21642
17995,2025-05-04,2025-05-29,2025-05-14,Shipped,Verified credit before processing.,22277
17996,2022-03-24,2022-04-05,2022-04-01,Shipped,,22136
17997,2022-01-25,2022-02-23,2022-01-29,Shipped,,20393
17998,2024-05-30,2024-06-19,2024-06-07,Disputed,Call before delivery.,20742
17999,2022-06-03,2022-06-20,,Cancelled,,23863
18000,2022-07-03,2022-07-18,2022-07-10,Shipped,Partial shipment approved by customer.,24576
18001,2023-01-12,2023-02-05,,In Process,Check stock before processing.,21211
18002,2024-08-12,2024-09-11,,Cancelled,,23585
18003,2022-09-23,2022-10-18,2022-09-26,Resolved,Special discount applied.,20520
18004,2022-04-21,2022-05-04,2022-04-26,Shipped,,20457
18005,2024-08-03,2024-08-11,2024-08-11,Shipped,,23997
18006,2022-05-27,2022-06-16,2022-05-28,Resolved,Gift wrapping requested.,23409
18007,2022-02-24,2022-03-13,2022-03-01,Shipped,,22627
18008,2023-10-15,2023-11-09,,On Hold,Replacement for damaged order.,24026
18009,2024-10-04,2024-10-14,2024-10-14,Shipped,International shipment — customs docs needed.,23576
18010,2025-01-05,2025-02-02,2025-01-08,Shipped,Verified credit before processing.,20731
18011,2023-07-03,2023-08-02,,Cancelled,,22722
18012,2026-02-01,2026-02-19,2026-02-05,Shipped,Priority customer — rush order.,24767
18013,2023-08-04,2023-08-14,,On Hold,Replacement for damaged order.,20999
18014,2022-02-01,2022-02-08,,On Hold,Call before delivery.,21755
18015,2024-11-30,2024-12-30,2024-12-09,Resolved,Backorder — ship when available.,20643
18016,2022-02-27,2022-03-11,2022-03-02,Shipped,Call before delivery.,20546
18017,2025-01-10,2025-01-20,,In Process,Customer will pick up at warehouse.,20467
18018,2023-04-10,2023-04-19,2023-04-12,Resolved,,23101
18019,2022-06-08,2022-06-30,,In Process,Verified credit before processing.,24679
18020,2022-09-18,2022-10-07,2022-09-21,Shipped,Customer will pick up at warehouse.,22439
18021,2024-04-08,2024-04-20,,On Hold,,23210
18022,2022-03-26,2022-04-08,2022-04-03,Disputed,Check stock before processing.,21427
18023,2024-09-10,2024-10-07,2024-09-15,Disputed,Priority customer — rush order.,24183
18024,2023-01-10,2023-02-03,2023-01-17,Shipped,Check stock before processing.,20909
18025,2025-04-26,2025-05-21,,In Process,Call before delivery.,23303
18026,2025-09-01,2025-09-18,2025-09-11,Shipped,Backorder — ship when available.,20511
18027,2025-07-04,2025-07-25,2025-07-11,Shipped,,21538
18028,2023-02-09,2023-02-19,,Cancelled,Please ship as soon as possible.,23133
18029,2023-12-29,2024-01-05,,In Process,,24016
18030,2022-07-17,2022-07-26,,On Hold,Backorder — ship when available.,24438
18031,2022-05-20,2022-05-27,2022-05-26,Shipped,Customer will pick up at warehouse.,20399
18032,2026-04-15,2026-05-10,2026-04-17,Resolved,,24992
18033,2024-01-18,2024-01-28,,In Process,,21230
18034,2024-03-30,2024-04-16,,On Hold,Replacement for damaged order.,24525
18035,2025-08-04,2025-08-21,2025-08-05,Shipped,Special discount applied.,22588
18036,2022-12-17,2023-01-10,2022-12-18,Disputed,Hold for customer confirmation.,24866
18037,2025-09-28,2025-10-20,2025-10-07,Resolved,,23444
18038,2024-05-12,2024-06-01,2024-05-13,Resolved,Backorder — ship when available.,23550
18039,2024-08-12,2024-09-06,2024-08-20,Resolved,,22864
18040,2022-04-12,2022-05-07,,Cancelled,Fragile items — handle with care.,24239
18041,2025-09-29,2025-10-16,,On Hold,Check stock before processing.,23666
18042,2026-02-08,2026-02-16,2026-02-17,Shipped,,24327
18043,2026-04-07,2026-04-27,,In Process,Special discount applied.,24295
18044,2024-10-12,2024-10-24,2024-10-18,Shipped,Call before delivery.,21788
18045,2024-05-02,2024-05-20,,In Process,Customer requested expedited shipping.,21403
18046,2023-08-28,2023-09-18,2023-09-01,Shipped,Replacement for damaged order.,23509
18047,2024-07-28,2024-08-16,2024-07-30,Shipped,Verified credit before processing.,20959
18048,2022-01-23,2022-02-05,2022-01-27,Shipped,Check stock before processing.,24422
18049,2026-03-11,2026-03-21,2026-03-21,Shipped,Backorder — ship when available.,22795
18050,2022-01-04,2022-01-21,2022-01-08,Shipped,Check stock before processing.,22395
18051,2022-10-07,2022-10-30,,On Hold,Hold for customer confirmation.,24185
18052,2025-06-07,2025-07-04,2025-06-14,Disputed,,22122
18053,2023-06-16,2023-06-29,2023-06-23,Resolved,Gift wrapping requested.,22263
18054,2025-03-19,2025-03-31,2025-03-27,Resolved,,21766
18055,2023-01-04,2023-02-01,2023-01-14,Resolved,Gift wrapping requested.,23088
18056,2022-09-21,2022-10-15,2022-09-28,Resolved,,20836
18057,2024-03-27,2024-04-23,,Cancelled,,22883
18058,2023-06-27,2023-07-18,,In Process,Fragile items — handle with care.,24380
18059,2023-07-08,2023-07-30,2023-07-10,Shipped,Verified credit before processing.,20545
18060,2025-05-02,2025-05-23,2025-05-03,Shipped,Partial shipment approved by customer.,24096
18061,2022-06-29,2022-07-09,2022-07-01,Shipped,Replacement for damaged order.,20260
18062,2026-04-20,2026-05-01,2026-04-27,Shipped,Special discount applied.,23385
18063,2022-03-24,2022-04-12,2022-04-03,Shipped,Replacement for damaged order.,21678
18064,2025-02-08,2025-02-22,,Cancelled,,20238
18065,2025-01-28,2025-02-08,2025-02-03,Shipped,Replacement for damaged order.,23259
18066,2022-05-26,2022-06-07,2022-05-31,Disputed,Please ship as soon as possible.,22207
18067,2024-05-07,2024-05-23,2024-05-08,Shipped,Verified credit before processing.,23413
18068,2022-02-19,2022-03-05,2022-02-22,Resolved,,21461
18069,2026-06-20,2026-07-14,2026-06-23,Shipped,Special discount applied.,21392
18070,2022-09-15,2022-10-02,,In Process,,24194
18071,2022-10-21,2022-10-29,2022-10-29,Resolved,,23994
18072,2025-11-30,2025-12-13,2025-12-07,Shipped,,24590
18073,2025-06-29,2025-07-29,2025-07-08,Shipped,Fragile items — handle with care.,21743
18074,2024-11-17,2024-12-08,2024-11-21,Shipped,Call before delivery.,24309
18075,2026-01-07,2026-01-17,2026-01-17,Shipped,Gift wrapping requested.,23749
18076,2025-05-21,2025-06-06,2025-05-27,Shipped,Priority customer — rush order.,23013
18077,2023-10-30,2023-11-13,2023-11-01,Resolved,Backorder — ship when available.,20444
18078,2022-03-17,2022-03-29,,On Hold,Call before delivery.,22605
18079,2022-06-24,2022-07-17,2022-06-27,Shipped,Hold for customer confirmation.,20811
18080,2022-06-29,2022-07-06,2022-07-02,Disputed,Verified credit before processing.,21262
18081,2024-01-20,2024-02-06,,Cancelled,,22511
18082,2026-02-25,2026-03-22,2026-02-27,Shipped,Partial shipment approved by customer.,21658
18083,2022-12-14,2023-01-06,2022-12-16,Shipped,Priority customer — rush order.,21587
18084,2025-02-22,2025-03-17,2025-03-02,Shipped,International shipment — customs docs needed.,21333
18085,2025-01-04,2025-01-23,2025-01-10,Shipped,Priority customer — rush order.,21712
18086,2023-10-06,2023-10-16,2023-10-11,Disputed,,21901
18087,2026-03-21,2026-04-11,2026-03-23,Resolved,,21955
18088,2023-04-11,2023-04-24,2023-04-20,Shipped,Gift wrapping requested.,21251
18089,2023-11-19,2023-12-16,,In Process,Special discount applied.,20778
18090,2023-06-07,2023-06-28,2023-06-17,Shipped,International shipment — customs docs needed.,22992
18091,2022-11-26,2022-12-10,2022-12-01,Resolved,Fragile items — handle with care.,21769
18092,2022-05-29,2022-06-08,,Cancelled,Hold for customer confirmation.,20426
18093,2024-12-11,2024-12-21,2024-12-19,Resolved,Fragile items — handle with care.,21979
18094,2022-02-19,2022-03-13,,Cancelled,Customer requested expedited shipping.,23417
18095,2026-05-16,2026-05-28,,On Hold,,23025
18096,2024-06-19,2024-07-07,2024-06-27,Shipped,Priority customer — rush order.,22985
18097,2023-10-09,2023-11-07,2023-10-10,Shipped,,20811
18098,2024-04-11,2024-04-18,,Cancelled,Customer will pick up at warehouse.,23986
18099,2026-07-16,2026-07-24,2026-07-20,Shipped,,24485
18100,2022-02-16,2022-03-12,,Cancelled,,23886
18101,2023-04-13,2023-04-22,2023-04-20,Shipped,Priority customer — rush order.,24675
18102,2025-05-10,2025-05-18,,Cancelled,International shipment — customs docs needed.,24134
18103,2022-03-23,2022-04-14,2022-03-31,Resolved,,20348
18104,2026-03-01,2026-03-23,2026-03-05,Resolved,Fragile items — handle with care.,21985
18105,2024-04-03,2024-04-23,,Cancelled,Verified credit before processing.,24496
18106,2024-01-21,2024-02-16,2024-01-30,Shipped,Backorder — ship when available.,21893
18107,2026-01-22,2026-02-08,2026-01-25,Shipped,,24160
18108,2026-03-14,2026-04-11,2026-03-17,Shipped,,22573
18109,2024-07-18,2024-08-13,2024-07-20,Shipped,Verified credit before processing.,21381
18110,2022-03-08,2022-03-27,,Cancelled,,24938
18111,2025-12-17,2026-01-10,2025-12-23,Shipped,Priority customer — rush order.,20579
18112,2023-03-14,2023-03-29,2023-03-16,Shipped,Customer will pick up at warehouse.,23237
18113,2025-10-28,2025-11-15,,Cancelled,Special discount applied.,21540
18114,2023-12-30,2024-01-18,,In Process,Backorder — ship when available.,23579
18115,2022-07-09,2022-07-26,2022-07-11,Resolved,Partial shipment approved by customer.,23362
18116,2022-07-02,2022-07-30,,In Process,Verified credit before processing.,23123
18117,2023-01-07,2023-02-03,,On Hold,,23291
18118,2023-07-23,2023-08-04,2023-07-31,Shipped,,24397
18119,2023-04-25,2023-05-16,2023-05-03,Resolved,,23245
18120,2024-01-22,2024-02-15,2024-01-25,Shipped,,23827
18121,2024-12-15,2024-12-26,2024-12-19,Shipped,Check stock before processing.,24779
18122,2026-06-01,2026-06-30,,Cancelled,Special discount applied.,20388
18123,2022-09-26,2022-10-24,2022-09-29,Disputed,Backorder — ship when available.,24922
18124,2025-05-02,2025-05-15,,On Hold,Check stock before processing.,22239
18125,2025-08-03,2025-08-21,,Cancelled,,22489
18126,2023-01-11,2023-02-02,,On Hold,Please ship as soon as possible.,21688
18127,2023-08-11,2023-08-29,2023-08-19,Shipped,Hold for customer confirmation.,22345
18128,2024-05-09,2024-05-22,2024-05-15,Shipped,Call before delivery.,20830
18129,2025-02-09,2025-02-24,2025-02-12,Shipped,Fragile items — handle with care.,23765
18130,2023-03-29,2023-04-18,2023-03-30,Shipped,,23477
18131,2026-07-19,2026-08-16,2026-07-20,Shipped,,22121
18132,2026-03-03,2026-03-27,2026-03-07,Shipped,,24178
18133,2024-04-22,2024-05-18,2024-04-30,Shipped,,20259
18134,2023-11-11,2023-12-08,2023-11-21,Disputed,,21838
18135,2023-01-27,2023-02-05,,Cancelled,,21596
18136,2023-07-01,2023-07-26,2023-07-10,Resolved,Priority customer — rush order.,23127
18137,2025-06-11,2025-06-22,2025-06-16,Disputed,,21453
18138,2022-12-20,2023-01-10,2022-12-28,Shipped,,20920
18139,2023-08-12,2023-08-25,2023-08-17,Shipped,Customer requested expedited shipping.,21302
18140,2023-12-31,2024-01-26,,In Process,Fragile items — handle with care.,24832
18141,2022-09-10,2022-09-24,,Cancelled,,22339
18142,2025-04-08,2025-04-25,2025-04-15,Shipped,Customer will pick up at warehouse.,20027
18143,2025-11-27,2025-12-04,2025-12-05,Shipped,Special discount applied.,21964
18144,2023-10-08,2023-10-18,2023-10-18,Shipped,,21380
18145,2025-05-15,2025-06-11,2025-05-19,Shipped,Hold for customer confirmation.,23933
18146,2022-07-01,2022-07-23,2022-07-03,Disputed,Fragile items — handle with care.,24510
18147,2023-11-19,2023-11-30,,On Hold,,21665
18148,2026-02-15,2026-03-08,2026-02-18,Resolved,Gift wrapping requested.,23867
18149,2022-08-03,2022-08-13,2022-08-07,Shipped,Please ship as soon as possible.,20322
18150,2022-06-27,2022-07-16,2022-07-05,Disputed,Check stock before processing.,21836
18151,2025-05-20,2025-06-13,2025-05-27,Shipped,Customer requested expedited shipping.,21934
18152,2023-03-31,2023-04-30,,In Process,Replacement for damaged order.,22440
18153,2025-04-07,2025-05-07,2025-04-12,Resolved,Customer will pick up at warehouse.,24550
18154,2025-07-13,2025-08-10,2025-07-21,Resolved,,22937
18155,2022-10-08,2022-10-24,2022-10-14,Shipped,,20110
18156,2025-11-22,2025-12-12,2025-12-02,Shipped,,21635
18157,2025-12-15,2025-12-23,2025-12-16,Resolved,Partial shipment approved by customer.,20100
18158,2024-11-30,2024-12-10,2024-12-10,Disputed,Special discount applied.,21442
18159,2025-10-21,2025-11-08,,On Hold,,22339
18160,2022-11-18,2022-12-07,,In Process,Backorder — ship when available.,24686
18161,2024-03-27,2024-04-06,2024-03-29,Shipped,Verified credit before processing.,22860
18162,2025-03-17,2025-03-27,2025-03-19,Shipped,Backorder — ship when available.,21083
18163,2022-11-07,2022-11-21,,On Hold,Priority customer — rush order.,23900
18164,2025-03-30,2025-04-07,2025-04-04,Shipped,Special discount applied.,23140
18165,2022-06-23,2022-07-13,,Cancelled,,21486
18166,2023-04-10,2023-04-19,2023-04-16,Shipped,Check stock before processing.,22777
18167,2023-07-03,2023-07-20,2023-07-12,Disputed,Check stock before processing.,21118
18168,2022-08-09,2022-08-29,,Cancelled,Check stock before processing.,22765
18169,2026-05-02,2026-05-19,2026-05-03,Disputed,Call before delivery.,20518
18170,2023-02-15,2023-03-17,2023-02-19,Shipped,Gift wrapping requested.,20418
18171,2024-06-24,2024-07-21,2024-06-26,Shipped,Fragile items — handle with care.,23252
18172,2025-03-29,2025-04-06,,On Hold,,23608
18173,2025-06-07,2025-06-28,2025-06-09,Shipped,Customer will pick up at warehouse.,20118
18174,2022-07-07,2022-08-06,2022-07-10,Resolved,,24936
18175,2022-07-08,2022-07-16,2022-07-11,Shipped,Hold for customer confirmation.,21919
18176,2023-01-22,2023-02-16,2023-01-31,Resolved,Please ship as soon as possible.,21911
18177,2022-05-08,2022-05-30,2022-05-14,Shipped,Call before delivery.,24519
18178,2024-02-18,2024-03-11,2024-02-20,Shipped,,21299
18179,2022-11-14,2022-12-12,2022-11-21,Shipped,Customer requested expedited shipping.,20776
18180,2023-08-24,2023-09-20,2023-08-27,Shipped,Backorder — ship when available.,23725
18181,2022-12-01,2022-12-23,2022-12-03,Shipped,Fragile items — handle with care.,20119
18182,2026-05-01,2026-05-12,,On Hold,Customer will pick up at warehouse.,24872
18183,2023-02-22,2023-03-05,2023-02-24,Shipped,,21825
18184,2024-04-25,2024-05-08,,On Hold,,24573
18185,2022-01-04,2022-02-02,,On Hold,Replacement for damaged order.,23833
18186,2023-10-20,2023-11-17,,Cancelled,Verified credit before processing.,21781
18187,2024-04-04,2024-04-25,,Cancelled,Gift wrapping requested.,22219
18188,2022-09-21,2022-10-17,,Cancelled,Call before delivery.,21802
18189,2025-10-05,2025-10-28,2025-10-15,Shipped,Special discount applied.,24598
18190,2026-04-18,2026-04-26,,In Process,Fragile items — handle with care.,23441
18191,2025-08-16,2025-08-28,2025-08-23,Shipped,Partial shipment approved by customer.,23857
18192,2025-12-04,2025-12-17,2025-12-09,Shipped,,23895
18193,2023-03-10,2023-04-08,2023-03-15,Shipped,Partial shipment approved by customer.,20702
18194,2026-05-18,2026-05-28,2026-05-24,Shipped,Please ship as soon as possible.,20736
18195,2025-11-28,2025-12-18,,On Hold,,22152
18196,2024-01-13,2024-02-07,2024-01-23,Shipped,,24874
18197,2025-12-22,2026-01-06,2025-12-23,Shipped,Replacement for damaged order.,21698
18198,2025-06-29,2025-07-14,2025-07-06,Shipped,,24058
18199,2023-01-28,2023-02-06,2023-02-02,Shipped,,24911
18200,2025-10-19,2025-10-28,2025-10-27,Disputed,Special discount applied.,20004
18201,2025-09-01,2025-09-15,,In Process,Call before delivery.,20861
18202,2026-01-29,2026-02-26,,In Process,Customer requested expedited shipping.,21642
18203,2024-09-18,2024-10-03,2024-09-24,Shipped,,21853
18204,2022-11-06,2022-11-28,2022-11-13,Shipped,Check stock before processing.,20875
18205,2022-09-30,2022-10-21,2022-10-05,Shipped,Partial shipment approved by customer.,24051
18206,2024-02-04,2024-03-01,,On Hold,,21904
18207,2023-08-17,2023-08-24,2023-08-20,Resolved,,23365
18208,2024-12-07,2025-01-03,2024-12-16,Resolved,Priority customer — rush order.,20959
18209,2025-10-04,2025-10-25,2025-10-07,Shipped,International shipment — customs docs needed.,23077
18210,2023-01-14,2023-01-29,,Cancelled,Partial shipment approved by customer.,23427
18211,2023-07-21,2023-08-20,2023-07-29,Shipped,,23080
18212,2023-05-05,2023-05-19,2023-05-12,Disputed,Customer will pick up at warehouse.,21624
18213,2023-10-13,2023-11-09,2023-10-20,Shipped,,23318
18214,2024-05-16,2024-06-11,2024-05-17,Shipped,Backorder — ship when available.,24981
18215,2025-02-18,2025-03-14,2025-02-20,Shipped,,23850
18216,2026-03-08,2026-04-05,2026-03-15,Shipped,Backorder — ship when available.,22402
18217,2022-02-11,2022-02-18,2022-02-21,Shipped,,23362
18218,2024-06-18,2024-07-15,2024-06-20,Disputed,Special discount applied.,22303
18219,2024-05-22,2024-06-01,,In Process,International shipment — customs docs needed.,22050
18220,2023-06-02,2023-06-20,2023-06-06,Shipped,,22209
18221,2022-10-19,2022-11-13,2022-10-21,Shipped,Check stock before processing.,22601
18222,2024-10-06,2024-10-31,,In Process,,23305
18223,2024-01-08,2024-01-24,2024-01-17,Resolved,Please ship as soon as possible.,21484
18224,2026-06-17,2026-06-25,,Cancelled,Replacement for damaged order.,20341
18225,2022-07-22,2022-08-09,2022-07-25,Shipped,Verified credit before processing.,21212
18226,2026-03-02,2026-03-13,2026-03-06,Shipped,Check stock before processing.,22818
18227,2023-07-04,2023-07-25,2023-07-07,Shipped,Backorder — ship when available.,21028
18228,2024-08-22,2024-09-01,2024-08-23,Shipped,Customer requested expedited shipping.,24262
18229,2026-04-01,2026-04-14,2026-04-02,Shipped,Priority customer — rush order.,21004
18230,2023-06-10,2023-06-28,2023-06-18,Shipped,International shipment — customs docs needed.,22482
18231,2024-09-10,2024-09-26,2024-09-19,Shipped,Verified credit before processing.,21589
18232,2025-04-20,2025-05-01,2025-04-30,Shipped,Check stock before processing.,22941
18233,2026-01-21,2026-02-01,,Cancelled,Customer will pick up at warehouse.,22213
18234,2022-03-12,2022-04-01,2022-03-19,Shipped,,21905
18235,2025-10-12,2025-11-01,2025-10-18,Shipped,Customer will pick up at warehouse.,21974
18236,2024-09-04,2024-10-03,2024-09-08,Shipped,Call before delivery.,21537
18237,2026-01-10,2026-02-01,2026-01-15,Shipped,Customer will pick up at warehouse.,20607
18238,2025-01-04,2025-01-30,2025-01-11,Shipped,Backorder — ship when available.,23551
18239,2026-02-24,2026-03-13,2026-02-26,Shipped,,22841
18240,2022-08-13,2022-09-05,2022-08-17,Shipped,Backorder — ship when available.,20412
18241,2025-07-24,2025-08-14,,On Hold,,23305
18242,2022-02-09,2022-03-06,,In Process,Verified credit before processing.,24904
18243,2025-06-24,2025-07-16,,On Hold,,20230
18244,2024-01-19,2024-02-11,,Cancelled,,22379
18245,2025-06-15,2025-06-30,2025-06-18,Shipped,Check stock before processing.,23247
18246,2025-10-13,2025-10-21,2025-10-21,Shipped,,24137
18247,2022-10-21,2022-11-12,,In Process,,20095
18248,2024-12-16,2024-12-29,,In Process,,20506
18249,2026-03-28,2026-04-20,2026-04-02,Shipped,International shipment — customs docs needed.,21477
18250,2025-12-02,2025-12-14,2025-12-06,Resolved,,21061
18251,2022-12-21,2023-01-14,2022-12-27,Resolved,,20073
18252,2024-06-28,2024-07-25,2024-07-03,Shipped,,22919
18253,2022-11-15,2022-12-03,,Cancelled,Special discount applied.,22470
18254,2023-04-19,2023-05-04,,Cancelled,Call before delivery.,22973
18255,2022-03-06,2022-03-23,2022-03-08,Disputed,Priority customer — rush order.,23026
18256,2022-08-03,2022-08-29,2022-08-04,Shipped,Customer will pick up at warehouse.,22633
18257,2023-10-24,2023-11-02,,On Hold,Customer will pick up at warehouse.,21995
18258,2023-12-11,2023-12-28,,On Hold,,22714
18259,2022-07-02,2022-07-12,,On Hold,Partial shipment approved by customer.,23553
18260,2022-05-04,2022-05-11,2022-05-06,Shipped,,21444
18261,2025-11-16,2025-11-27,2025-11-24,Resolved,Replacement for damaged order.,20095
18262,2023-08-19,2023-08-29,2023-08-24,Shipped,Customer will pick up at warehouse.,22748
18263,2026-03-24,2026-04-18,,In Process,Priority customer — rush order.,24220
18264,2025-04-14,2025-05-06,2025-04-23,Shipped,Fragile items — handle with care.,24710
18265,2026-04-13,2026-05-09,,Cancelled,Gift wrapping requested.,21932
18266,2025-05-27,2025-06-07,2025-06-02,Shipped,,20867
18267,2022-12-22,2023-01-14,,Cancelled,International shipment — customs docs needed.,22012
18268,2024-01-22,2024-02-05,2024-02-01,Disputed,Customer requested expedited shipping.,22460
18269,2022-07-07,2022-07-16,2022-07-16,Resolved,,23077
18270,2022-04-08,2022-04-25,2022-04-16,Shipped,,24117
18271,2023-11-15,2023-12-14,,On Hold,Partial shipment approved by customer.,24208
18272,2023-11-29,2023-12-27,2023-12-05,Shipped,Special discount applied.,23847
18273,2024-05-22,2024-06-19,2024-05-28,Shipped,Replacement for damaged order.,22165
18274,2022-05-28,2022-06-06,,In Process,Customer requested expedited shipping.,21363
18275,2024-11-30,2024-12-28,2024-12-08,Shipped,,20812
18276,2024-09-15,2024-09-24,2024-09-16,Shipped,,23297
18277,2026-06-18,2026-07-05,2026-06-25,Shipped,Call before delivery.,24298
18278,2026-06-19,2026-07-06,2026-06-26,Shipped,Hold for customer confirmation.,22043
18279,2025-03-10,2025-04-05,2025-03-14,Shipped,Verified credit before processing.,24104
18280,2026-01-05,2026-02-01,2026-01-12,Disputed,Please ship as soon as possible.,24139
18281,2025-01-24,2025-02-04,,On Hold,Partial shipment approved by customer.,23106
18282,2024-01-07,2024-02-03,2024-01-14,Shipped,Backorder — ship when available.,22168
18283,2025-12-21,2026-01-04,,In Process,Please ship as soon as possible.,20458
18284,2023-07-10,2023-07-19,,In Process,International shipment — customs docs needed.,21772
18285,2022-07-15,2022-08-13,2022-07-19,Resolved,,22553
18286,2023-07-19,2023-08-08,2023-07-25,Resolved,Check stock before processing.,22442
18287,2026-01-09,2026-01-17,,In Process,Gift wrapping requested.,24389
18288,2022-07-08,2022-08-01,2022-07-14,Resolved,International shipment — customs docs needed.,22703
18289,2023-01-09,2023-01-28,,On Hold,,24990
18290,2023-08-06,2023-08-27,2023-08-13,Shipped,Check stock before processing.,22594
18291,2024-08-01,2024-08-21,2024-08-03,Shipped,,23575
18292,2024-06-01,2024-07-01,2024-06-10,Shipped,Fragile items — handle with care.,24693
18293,2022-05-24,2022-06-08,,In Process,,20062
18294,2025-06-27,2025-07-27,2025-07-02,Shipped,Check stock before processing.,22378
18295,2023-05-27,2023-06-12,2023-06-02,Shipped,Backorder — ship when available.,22423
18296,2025-08-19,2025-09-04,,Cancelled,Call before delivery.,22948
18297,2023-10-16,2023-11-04,2023-10-18,Resolved,Fragile items — handle with care.,20555
18298,2023-10-14,2023-10-30,2023-10-18,Resolved,,24734
18299,2023-07-16,2023-08-10,,In Process,,22662
18300,2023-05-14,2023-05-31,2023-05-22,Shipped,Gift wrapping requested.,23932
18301,2024-03-15,2024-03-27,2024-03-17,Shipped,Customer will pick up at warehouse.,23132
18302,2026-02-01,2026-02-12,2026-02-10,Shipped,Fragile items — handle with care.,22494
18303,2023-12-05,2023-12-16,2023-12-15,Shipped,Replacement for damaged order.,22208
18304,2023-02-08,2023-02-28,,On Hold,Partial shipment approved by customer.,21804
18305,2024-04-19,2024-05-05,2024-04-26,Shipped,Priority customer — rush order.,24764
18306,2025-08-13,2025-09-10,2025-08-20,Shipped,,21956
18307,2025-06-13,2025-07-01,,Cancelled,Hold for customer confirmation.,24944
18308,2022-03-02,2022-03-12,,Cancelled,Priority customer — rush order.,20840
18309,2022-09-08,2022-09-19,2022-09-10,Shipped,,22033
18310,2023-07-15,2023-07-30,2023-07-22,Shipped,Verified credit before processing.,22526
18311,2025-05-12,2025-05-19,2025-05-21,Resolved,Call before delivery.,24038
18312,2023-10-16,2023-11-10,,In Process,,20299
18313,2025-12-02,2025-12-17,,In Process,,23785
18314,2024-08-31,2024-09-19,2024-09-10,Shipped,International shipment — customs docs needed.,22198
18315,2024-10-31,2024-11-27,2024-11-01,Shipped,Backorder — ship when available.,21829
18316,2023-08-16,2023-09-15,,On Hold,Backorder — ship when available.,20454
18317,2023-10-24,2023-11-17,2023-10-27,Resolved,,24938
18318,2022-12-29,2023-01-09,,Cancelled,Customer requested expedited shipping.,23087
18319,2024-11-05,2024-12-04,2024-11-09,Resolved,,20380
18320,2025-09-02,2025-09-10,2025-09-03,Shipped,Verified credit before processing.,23647
18321,2023-03-11,2023-03-20,2023-03-20,Shipped,Check stock before processing.,21896
18322,2022-01-19,2022-02-04,,Cancelled,International shipment — customs docs needed.,20637
18323,2025-12-22,2026-01-03,2025-12-24,Shipped,Check stock before processing.,22182
18324,2026-01-25,2026-02-20,,Cancelled,Customer will pick up at warehouse.,21349
18325,2024-07-20,2024-08-14,2024-07-30,Shipped,,20131
18326,2025-10-16,2025-11-06,2025-10-23,Shipped,Customer requested expedited shipping.,21499
18327,2023-11-08,2023-12-06,,Cancelled,Backorder — ship when available.,21156
18328,2023-09-21,2023-09-28,2023-09-22,Shipped,Gift wrapping requested.,23120
18329,2024-10-15,2024-11-04,2024-10-24,Resolved,Hold for customer confirmation.,20055
18330,2025-07-16,2025-07-24,2025-07-23,Shipped,,24217
18331,2023-04-14,2023-05-07,,Cancelled,,22298
18332,2025-11-27,2025-12-13,2025-12-06,Shipped,Customer will pick up at warehouse.,20051
18333,2024-05-25,2024-06-03,2024-05-28,Shipped,Call before delivery.,23747
18334,2026-07-07,2026-07-25,2026-07-15,Resolved,Hold for customer confirmation.,20538
18335,2023-10-09,2023-10-26,,In Process,Customer will pick up at warehouse.,24492
18336,2023-01-26,2023-02-17,2023-01-29,Resolved,,21672
18337,2026-01-04,2026-01-28,2026-01-09,Shipped,,24876
18338,2023-03-12,2023-04-08,2023-03-20,Shipped,,21735
18339,2026-03-23,2026-04-21,2026-03-24,Shipped,,22591
18340,2023-07-13,2023-08-04,2023-07-15,Shipped,Verified credit before processing.,24530
18341,2022-02-04,2022-02-14,2022-02-08,Disputed,Check stock before processing.,23977
18342,2022-04-22,2022-05-02,2022-04-30,Shipped,,23864
18343,2022-02-24,2022-03-20,2022-03-01,Disputed,,22630
18344,2025-02-05,2025-02-19,2025-02-15,Shipped,International shipment — customs docs needed.,20258
18345,2026-04-08,2026-04-16,2026-04-18,Shipped,,21355
18346,2024-11-04,2024-11-21,2024-11-10,Shipped,Gift wrapping requested.,22106
18347,2025-05-12,2025-05-20,,Cancelled,International shipment — customs docs needed.,20116
18348,2025-08-16,2025-09-09,,In Process,Fragile items — handle with care.,20802
18349,2025-12-25,2026-01-24,2025-12-29,Shipped,,21181
18350,2022-11-18,2022-12-17,2022-11-20,Shipped,Gift wrapping requested.,20965
18351,2026-01-18,2026-02-12,,On Hold,Fragile items — handle with care.,23566
18352,2023-02-10,2023-03-03,2023-02-11,Disputed,Priority customer — rush order.,21583
18353,2023-02-21,2023-03-15,2023-03-03,Shipped,International shipment — customs docs needed.,24950
18354,2022-03-03,2022-04-01,,On Hold,Call before delivery.,20341
18355,2024-12-06,2024-12-19,2024-12-12,Shipped,,23855
18356,2022-05-18,2022-05-25,2022-05-23,Shipped,Backorder — ship when available.,24254
18357,2024-05-19,2024-06-03,2024-05-25,Shipped,Fragile items — handle with care.,23605
18358,2023-07-03,2023-07-21,2023-07-08,Shipped,Please ship as soon as possible.,20714
18359,2026-02-06,2026-02-14,2026-02-16,Resolved,Special discount applied.,21019
18360,2024-12-07,2024-12-19,2024-12-15,Resolved,Priority customer — rush order.,23175
18361,2026-06-14,2026-07-11,2026-06-17,Shipped,Replacement for damaged order.,21616
18362,2023-03-24,2023-03-31,,In Process,Call before delivery.,22380
18363,2025-05-10,2025-05-30,2025-05-16,Shipped,Backorder — ship when available.,22433
18364,2025-12-23,2026-01-12,,In Process,Special discount applied.,24502
18365,2023-05-15,2023-05-29,,On Hold,Customer will pick up at warehouse.,21168
18366,2023-12-16,2023-12-29,2023-12-17,Shipped,International shipment — customs docs needed.,24457
18367,2026-01-27,2026-02-19,2026-02-04,Shipped,Please ship as soon as possible.,23866
18368,2022-03-24,2022-04-05,2022-04-03,Resolved,,21106
18369,2022-10-10,2022-11-06,2022-10-17,Shipped,Customer requested expedited shipping.,21218
18370,2022-05-28,2022-06-06,,On Hold,,20107
18371,2023-04-10,2023-04-19,2023-04-14,Disputed,,20535
18372,2022-07-23,2022-08-20,,On Hold,Please ship as soon as possible.,21531
18373,2025-11-19,2025-11-30,2025-11-23,Shipped,,23163
18374,2024-12-27,2025-01-14,,Cancelled,,24012
18375,2024-04-06,2024-04-15,,On Hold,Partial shipment approved by customer.,23254
18376,2025-11-04,2025-11-16,2025-11-14,Resolved,,24020
18377,2024-12-13,2025-01-08,,On Hold,Verified credit before processing.,20804
18378,2026-05-11,2026-05-29,2026-05-14,Resolved,International shipment — customs docs needed.,23037
18379,2024-08-14,2024-08-31,,In Process,,22095
18380,2026-01-28,2026-02-12,2026-01-29,Resolved,,22742
18381,2023-01-28,2023-02-11,,In Process,,22734
18382,2025-08-21,2025-08-28,2025-08-23,Shipped,,21626
18383,2024-10-20,2024-11-05,2024-10-24,Shipped,,20080
18384,2025-07-24,2025-08-22,2025-07-29,Shipped,International shipment — customs docs needed.,23784
18385,2023-11-17,2023-11-27,2023-11-18,Shipped,,23230
18386,2022-08-03,2022-08-24,2022-08-04,Shipped,,23193
18387,2025-05-11,2025-05-23,2025-05-19,Shipped,,20791
18388,2024-04-14,2024-04-29,2024-04-21,Resolved,Call before delivery.,21232
18389,2025-11-15,2025-12-06,2025-11-20,Shipped,Replacement for damaged order.,21305
18390,2025-06-05,2025-06-21,,In Process,Partial shipment approved by customer.,20222
18391,2024-11-14,2024-12-04,2024-11-24,Shipped,Fragile items — handle with care.,22259
18392,2026-02-12,2026-02-27,2026-02-16,Shipped,,21723
18393,2026-07-19,2026-08-12,2026-07-20,Shipped,,21420
18394,2024-02-03,2024-02-16,2024-02-11,Shipped,Replacement for damaged order.,21683
18395,2026-03-19,2026-04-17,2026-03-27,Shipped,Call before delivery.,23906
18396,2024-03-05,2024-03-18,,Cancelled,International shipment — customs docs needed.,20468
18397,2023-12-14,2024-01-06,2023-12-17,Resolved,,21945
18398,2022-06-19,2022-07-10,2022-06-24,Shipped,Call before delivery.,21638
18399,2023-10-09,2023-10-19,2023-10-19,Resolved,,24585
18400,2022-01-05,2022-01-27,2022-01-07,Resolved,Special discount applied.,22064
18401,2023-04-01,2023-04-08,,On Hold,,20981
18402,2026-07-06,2026-07-30,2026-07-13,Shipped,,20960
18403,2025-04-04,2025-04-13,,Cancelled,Please ship as soon as possible.,20066
18404,2024-10-22,2024-11-07,2024-10-30,Resolved,Gift wrapping requested.,20147
18405,2026-07-14,2026-08-07,2026-07-20,Shipped,,21503
18406,2024-10-01,2024-10-12,2024-10-11,Shipped,Customer will pick up at warehouse.,22854
18407,2024-05-15,2024-05-22,,In Process,Please ship as soon as possible.,23284
18408,2026-04-24,2026-05-15,,In Process,,20285
18409,2024-07-18,2024-08-05,2024-07-20,Shipped,Customer will pick up at warehouse.,23610
18410,2024-12-09,2024-12-27,,In Process,,24346
18411,2024-01-03,2024-01-10,2024-01-13,Shipped,Hold for customer confirmation.,21775
18412,2023-07-10,2023-08-02,2023-07-18,Shipped,Replacement for damaged order.,21014
18413,2025-08-21,2025-09-06,2025-08-29,Shipped,Replacement for damaged order.,21894
18414,2025-01-22,2025-02-19,,On Hold,Backorder — ship when available.,24435
18415,2025-12-08,2025-12-29,2025-12-15,Shipped,Replacement for damaged order.,21046
18416,2022-03-31,2022-04-08,2022-04-01,Shipped,,23638
18417,2023-02-28,2023-03-22,2023-03-06,Resolved,,22879
18418,2023-08-16,2023-08-25,2023-08-20,Shipped,Check stock before processing.,23745
18419,2022-07-11,2022-08-01,2022-07-21,Shipped,,20141
18420,2023-12-30,2024-01-27,2024-01-02,Shipped,Gift wrapping requested.,22278
18421,2023-08-22,2023-09-05,2023-08-28,Shipped,Partial shipment approved by customer.,20529
18422,2023-06-09,2023-06-28,,Cancelled,Please ship as soon as possible.,21120
18423,2023-10-15,2023-10-26,2023-10-21,Shipped,Call before delivery.,23347
18424,2026-05-13,2026-06-04,2026-05-22,Resolved,International shipment — customs docs needed.,21591
18425,2022-10-15,2022-11-13,,On Hold,Backorder — ship when available.,20477
18426,2026-07-16,2026-08-02,2026-07-19,Resolved,Priority customer — rush order.,20853
18427,2022-07-14,2022-08-10,2022-07-21,Shipped,Hold for customer confirmation.,24727
18428,2023-11-28,2023-12-16,2023-12-07,Shipped,International shipment — customs docs needed.,20678
18429,2023-02-06,2023-03-08,2023-02-16,Shipped,Gift wrapping requested.,21874
18430,2026-07-19,2026-08-13,2026-07-20,Shipped,,23542
18431,2022-04-28,2022-05-26,2022-04-29,Shipped,Hold for customer confirmation.,22967
18432,2023-08-10,2023-08-22,,On Hold,,22124
18433,2025-12-05,2025-12-31,,In Process,,23305
18434,2026-05-06,2026-05-30,2026-05-14,Resolved,,23302
18435,2025-03-22,2025-04-10,2025-03-26,Shipped,,21528
18436,2022-11-21,2022-12-02,,In Process,Fragile items — handle with care.,22122
18437,2023-08-27,2023-09-07,2023-08-29,Disputed,,22193
18438,2025-09-13,2025-09-21,,On Hold,,21759
18439,2024-02-20,2024-03-15,,In Process,Hold for customer confirmation.,20767
18440,2023-03-11,2023-03-20,2023-03-18,Shipped,,23707
18441,2025-04-08,2025-04-22,,On Hold,Verified credit before processing.,21754
18442,2022-07-30,2022-08-07,,On Hold,Backorder — ship when available.,24409
18443,2024-12-22,2025-01-07,,In Process,Partial shipment approved by customer.,20051
18444,2023-07-28,2023-08-27,,On Hold,Priority customer — rush order.,24533
18445,2023-02-18,2023-03-18,2023-02-23,Shipped,Customer requested expedited shipping.,20900
18446,2025-02-11,2025-03-05,2025-02-16,Shipped,Verified credit before processing.,23504
18447,2026-05-14,2026-05-24,2026-05-21,Shipped,,22390
18448,2023-01-04,2023-01-27,2023-01-09,Shipped,Replacement for damaged order.,21823
18449,2023-01-12,2023-02-06,2023-01-22,Shipped,Priority customer — rush order.,22465
18450,2025-08-14,2025-09-13,2025-08-18,Resolved,,22960
18451,2025-08-11,2025-08-24,2025-08-20,Disputed,,22365
18452,2025-02-05,2025-03-01,2025-02-12,Shipped,Replacement for damaged order.,23354
18453,2023-08-22,2023-09-12,2023-08-27,Shipped,Hold for customer confirmation.,23307
18454,2024-04-13,2024-04-27,2024-04-18,Shipped,Partial shipment approved by customer.,20835
18455,2024-05-15,2024-06-10,,Cancelled,,21544
18456,2022-08-29,2022-09-18,,On Hold,Please ship as soon as possible.,21393
18457,2025-11-05,2025-12-01,2025-11-11,Resolved,Please ship as soon as possible.,22811
18458,2026-06-14,2026-06-29,2026-06-15,Shipped,,21034
18459,2025-12-12,2025-12-26,2025-12-18,Shipped,,22361
18460,2025-06-23,2025-07-12,2025-06-25,Shipped,,23779
18461,2025-08-11,2025-08-28,2025-08-16,Resolved,,24823
18462,2022-02-24,2022-03-24,,Cancelled,,23221
18463,2025-11-04,2025-11-20,2025-11-08,Disputed,Priority customer — rush order.,21130
18464,2023-03-15,2023-04-08,2023-03-18,Shipped,,23498
18465,2025-08-03,2025-08-17,2025-08-13,Shipped,Replacement for damaged order.,23175
18466,2025-05-14,2025-06-12,,Cancelled,Check stock before processing.,23763
18467,2023-08-14,2023-09-11,2023-08-17,Disputed,,24740
18468,2025-08-14,2025-09-12,,On Hold,Fragile items — handle with care.,22172
18469,2026-01-05,2026-01-31,2026-01-09,Shipped,,21043
18470,2024-01-10,2024-02-02,2024-01-11,Shipped,Customer will pick up at warehouse.,24588
18471,2026-03-10,2026-04-03,2026-03-12,Shipped,Customer requested expedited shipping.,24971
18472,2023-01-03,2023-02-01,,Cancelled,Priority customer — rush order.,21010
18473,2025-05-14,2025-05-21,2025-05-23,Shipped,Call before delivery.,23360
18474,2022-09-08,2022-10-08,,Cancelled,Backorder — ship when available.,20959
18475,2022-06-14,2022-06-26,,In Process,Fragile items — handle with care.,20036
18476,2024-01-23,2024-02-03,2024-02-01,Shipped,,23528
18477,2023-01-23,2023-02-21,2023-01-24,Resolved,,23871
18478,2025-11-23,2025-12-05,,In Process,,22151
18479,2026-06-30,2026-07-11,,Cancelled,Call before delivery.,20761
18480,2022-05-02,2022-06-01,2022-05-03,Shipped,Customer requested expedited shipping.,20093
18481,2023-06-21,2023-07-18,2023-06-22,Resolved,Gift wrapping requested.,22655
18482,2025-04-06,2025-04-20,2025-04-08,Disputed,Priority customer — rush order.,22955
18483,2026-07-07,2026-08-06,2026-07-08,Disputed,,24018
18484,2026-04-21,2026-05-07,2026-04-30,Shipped,,21828
18485,2022-03-07,2022-04-01,,Cancelled,,21861
18486,2022-01-19,2022-02-16,,In Process,Partial shipment approved by customer.,24067
18487,2023-02-03,2023-02-26,,Cancelled,Hold for customer confirmation.,23545
18488,2023-11-07,2023-11-15,2023-11-09,Disputed,Check stock before processing.,24969
18489,2024-12-23,2025-01-21,2025-01-02,Disputed,,21788
18490,2023-08-09,2023-08-20,2023-08-13,Shipped,,24295
18491,2025-04-03,2025-05-01,2025-04-13,Shipped,Customer will pick up at warehouse.,21676
18492,2026-05-30,2026-06-18,,On Hold,Please ship as soon as possible.,21360
18493,2026-05-06,2026-05-15,2026-05-11,Disputed,Replacement for damaged order.,23181
18494,2024-02-26,2024-03-14,2024-02-29,Shipped,Special discount applied.,24613
18495,2022-05-27,2022-06-17,2022-06-05,Shipped,Customer requested expedited shipping.,22686
18496,2023-12-06,2023-12-16,,Cancelled,Priority customer — rush order.,20724
18497,2025-08-30,2025-09-27,,On Hold,,21651
18498,2022-08-23,2022-09-03,2022-08-31,Shipped,Priority customer — rush order.,22140
18499,2024-08-04,2024-09-01,2024-08-11,Shipped,Customer will pick up at warehouse.,24415
18500,2022-05-27,2022-06-11,2022-05-31,Shipped,,23881
18501,2022-01-04,2022-01-11,2022-01-10,Shipped,,21560
18502,2024-09-12,2024-09-20,2024-09-22,Shipped,Partial shipment approved by customer.,20365
18503,2022-12-24,2023-01-04,2022-12-27,Shipped,,22296
18504,2025-01-26,2025-02-25,,On Hold,,24207
18505,2025-04-02,2025-04-27,2025-04-12,Resolved,International shipment — customs docs needed.,21333
18506,2022-12-15,2022-12-24,2022-12-19,Shipped,Fragile items — handle with care.,24830
18507,2026-01-28,2026-02-14,2026-02-02,Disputed,Check stock before processing.,24386
18508,2026-02-06,2026-02-17,2026-02-12,Shipped,Check stock before processing.,23730
18509,2026-04-14,2026-04-27,,In Process,,20897
18510,2024-09-15,2024-09-27,2024-09-24,Shipped,,20551
18511,2024-11-15,2024-12-02,2024-11-17,Shipped,Check stock before processing.,21319
18512,2023-01-19,2023-02-16,,In Process,Verified credit before processing.,23374
18513,2024-04-01,2024-04-09,2024-04-08,Resolved,Customer will pick up at warehouse.,23457
18514,2022-08-31,2022-09-16,,In Process,,24811
18515,2026-02-26,2026-03-18,2026-03-03,Shipped,Hold for customer confirmation.,21771
18516,2025-05-21,2025-06-01,2025-05-27,Shipped,Backorder — ship when available.,20620
18517,2022-03-06,2022-04-03,2022-03-10,Disputed,Special discount applied.,22918
18518,2022-01-04,2022-01-28,2022-01-10,Shipped,Hold for customer confirmation.,23083
18519,2023-07-15,2023-08-14,2023-07-20,Resolved,,24440
18520,2022-03-22,2022-04-01,2022-04-01,Shipped,International shipment — customs docs needed.,20523
18521,2024-05-24,2024-06-23,2024-05-27,Disputed,,21486
18522,2023-10-05,2023-10-24,2023-10-11,Shipped,,21622
18523,2025-05-16,2025-05-23,2025-05-19,Shipped,,20162
18524,2025-11-09,2025-11-18,2025-11-12,Disputed,Replacement for damaged order.,24831
18525,2023-05-15,2023-06-05,,Cancelled,,22637
18526,2025-09-30,2025-10-25,2025-10-03,Disputed,Replacement for damaged order.,20090
18527,2026-04-28,2026-05-08,2026-04-30,Resolved,,22586
18528,2023-02-25,2023-03-17,,In Process,Backorder — ship when available.,20561
18529,2025-12-27,2026-01-03,2026-01-05,Shipped,Fragile items — handle with care.,22423
18530,2025-02-24,2025-03-12,2025-03-03,Shipped,International shipment — customs docs needed.,21371
18531,2025-03-14,2025-04-07,2025-03-18,Shipped,Special discount applied.,20704
18532,2022-03-14,2022-04-09,,On Hold,Fragile items — handle with care.,23363
18533,2023-07-18,2023-08-06,2023-07-22,Resolved,Special discount applied.,21206
18534,2025-03-09,2025-03-24,2025-03-19,Shipped,,21637
18535,2022-04-16,2022-04-29,,On Hold,Customer requested expedited shipping.,20668
18536,2025-11-02,2025-11-27,2025-11-10,Disputed,Hold for customer confirmation.,22444
18537,2023-08-02,2023-08-30,2023-08-04,Shipped,Gift wrapping requested.,23648
18538,2025-08-05,2025-08-17,2025-08-12,Shipped,Replacement for damaged order.,24453
18539,2022-12-23,2023-01-21,,Cancelled,,24575
18540,2026-03-23,2026-04-07,2026-03-25,Shipped,Gift wrapping requested.,20062
18541,2022-03-12,2022-03-25,2022-03-14,Shipped,Please ship as soon as possible.,24210
18542,2022-12-14,2023-01-12,2022-12-22,Shipped,,22006
18543,2023-06-06,2023-06-14,2023-06-13,Shipped,Backorder — ship when available.,24318
18544,2023-03-24,2023-04-10,2023-03-30,Shipped,Please ship as soon as possible.,21763
18545,2026-04-25,2026-05-10,2026-05-01,Shipped,Customer will pick up at warehouse.,23032
18546,2022-11-13,2022-12-12,2022-11-16,Shipped,Customer will pick up at warehouse.,20928
18547,2023-03-09,2023-03-28,,Cancelled,,21609
18548,2022-03-01,2022-03-30,,On Hold,,24030
18549,2023-06-09,2023-06-27,2023-06-16,Shipped,Please ship as soon as possible.,21705
18550,2026-03-24,2026-04-22,,In Process,Replacement for damaged order.,20954
18551,2025-04-02,2025-04-29,2025-04-03,Shipped,Gift wrapping requested.,21897
18552,2025-03-15,2025-04-09,2025-03-23,Shipped,,21864
18553,2023-03-09,2023-04-04,2023-03-12,Shipped,Fragile items — handle with care.,20611
18554,2022-10-31,2022-11-09,,In Process,,24200
18555,2022-02-27,2022-03-19,2022-03-04,Shipped,International shipment — customs docs needed.,24019
18556,2026-01-29,2026-02-19,2026-01-31,Shipped,International shipment — customs docs needed.,24459
18557,2025-02-26,2025-03-12,2025-03-02,Disputed,Special discount applied.,24243
18558,2024-12-24,2025-01-22,2024-12-28,Disputed,,23695
18559,2022-08-31,2022-09-26,2022-09-03,Resolved,Call before delivery.,23907
18560,2026-03-18,2026-04-12,2026-03-27,Shipped,Customer will pick up at warehouse.,20496
18561,2025-03-04,2025-04-01,2025-03-08,Shipped,,24602
18562,2024-10-03,2024-10-11,2024-10-08,Disputed,Special discount applied.,23187
18563,2023-09-04,2023-10-02,2023-09-07,Shipped,Call before delivery.,20595
18564,2025-12-09,2025-12-31,2025-12-10,Disputed,,23657
18565,2026-02-02,2026-03-04,,On Hold,Replacement for damaged order.,22406
18566,2022-05-04,2022-05-30,,On Hold,Fragile items — handle with care.,24384
18567,2023-01-28,2023-02-06,,In Process,Gift wrapping requested.,24309
18568,2025-01-23,2025-02-06,2025-01-24,Shipped,,21961
18569,2026-03-21,2026-04-17,2026-03-27,Shipped,,24018
18570,2024-05-24,2024-06-04,2024-05-27,Shipped,Replacement for damaged order.,21089
18571,2025-08-30,2025-09-14,,In Process,,23192
18572,2024-11-10,2024-11-20,2024-11-14,Shipped,,23653
18573,2022-08-19,2022-09-02,2022-08-20,Shipped,,24049
18574,2022-11-04,2022-11-16,2022-11-12,Disputed,,23119
18575,2023-10-18,2023-11-14,2023-10-22,Shipped,Backorder — ship when available.,20388
18576,2022-09-08,2022-09-29,2022-09-15,Shipped,,22302
18577,2024-11-12,2024-12-08,2024-11-15,Shipped,Customer will pick up at warehouse.,21644
18578,2023-07-01,2023-07-26,2023-07-03,Shipped,Check stock before processing.,23527
18579,2025-01-02,2025-01-25,2025-01-12,Shipped,,22875
18580,2022-08-11,2022-08-29,,Cancelled,,23002
18581,2022-01-11,2022-01-24,,On Hold,Check stock before processing.,23514
18582,2024-04-28,2024-05-27,2024-05-03,Shipped,Backorder — ship when available.,23920
18583,2025-02-10,2025-03-09,2025-02-13,Shipped,Special discount applied.,24655
18584,2025-11-22,2025-12-08,2025-11-27,Shipped,Fragile items — handle with care.,21452
18585,2023-05-10,2023-06-03,2023-05-17,Resolved,Customer will pick up at warehouse.,23601
18586,2025-03-17,2025-04-16,2025-03-20,Shipped,Please ship as soon as possible.,23686
18587,2025-03-14,2025-03-22,2025-03-20,Resolved,,20342
18588,2024-06-16,2024-07-01,,Cancelled,Customer requested expedited shipping.,20359
18589,2022-05-18,2022-05-28,2022-05-20,Shipped,Partial shipment approved by customer.,22152
18590,2022-04-01,2022-04-22,2022-04-07,Shipped,,24718
18591,2023-01-28,2023-02-04,2023-02-03,Shipped,Customer will pick up at warehouse.,22631
18592,2023-11-29,2023-12-28,2023-12-06,Resolved,Hold for customer confirmation.,24623
18593,2025-10-21,2025-11-06,,Cancelled,Call before delivery.,20395
18594,2023-08-30,2023-09-22,2023-09-03,Shipped,International shipment — customs docs needed.,20825
18595,2022-12-30,2023-01-19,2023-01-01,Shipped,Fragile items — handle with care.,23860
18596,2026-03-26,2026-04-21,,Cancelled,,24425
18597,2022-01-25,2022-02-06,2022-02-03,Disputed,Fragile items — handle with care.,20987
18598,2022-11-23,2022-12-01,2022-11-30,Disputed,Backorder — ship when available.,21111
18599,2022-09-13,2022-10-09,,On Hold,Priority customer — rush order.,21434
18600,2023-10-25,2023-11-16,2023-11-02,Shipped,,20963
18601,2023-05-02,2023-05-14,,On Hold,Verified credit before processing.,22824
18602,2025-10-07,2025-10-22,,On Hold,,23823
18603,2023-06-25,2023-07-17,2023-06-26,Shipped,,20395
18604,2024-02-24,2024-03-19,,In Process,Priority customer — rush order.,23931
18605,2024-05-23,2024-06-04,,On Hold,Verified credit before processing.,20643
18606,2025-06-17,2025-07-01,2025-06-23,Shipped,Please ship as soon as possible.,21250
18607,2022-03-17,2022-04-14,,On Hold,,21124
18608,2026-04-29,2026-05-25,2026-05-05,Disputed,,21282
18609,2026-01-28,2026-02-07,,In Process,Replacement for damaged order.,21726
18610,2022-01-12,2022-01-28,,On Hold,International shipment — customs docs needed.,24652
18611,2024-02-05,2024-03-06,,In Process,Backorder — ship when available.,22250
18612,2024-06-26,2024-07-26,2024-07-03,Shipped,Call before delivery.,21872
18613,2022-05-12,2022-06-01,2022-05-18,Shipped,,21699
18614,2022-08-20,2022-09-03,2022-08-26,Resolved,Special discount applied.,23239
18615,2024-02-13,2024-02-26,,On Hold,Gift wrapping requested.,23150
18616,2025-11-22,2025-11-30,,In Process,International shipment — customs docs needed.,23899
18617,2025-05-20,2025-06-16,2025-05-23,Resolved,Special discount applied.,24844
18618,2024-03-17,2024-03-29,,Cancelled,,22769
18619,2025-04-26,2025-05-17,,In Process,,21118
18620,2022-04-23,2022-05-02,2022-04-30,Resolved,,22194
18621,2025-09-11,2025-10-02,,On Hold,Backorder — ship when available.,20398
18622,2024-08-14,2024-09-13,,On Hold,Backorder — ship when available.,20544
18623,2026-04-27,2026-05-05,2026-05-01,Shipped,Replacement for damaged order.,23102
18624,2025-01-04,2025-01-24,2025-01-14,Shipped,,20665
18625,2024-04-28,2024-05-22,2024-04-30,Shipped,Verified credit before processing.,21270
18626,2022-05-31,2022-06-17,2022-06-05,Shipped,Call before delivery.,20839
18627,2025-12-17,2026-01-04,,In Process,Priority customer — rush order.,21425
18628,2022-07-29,2022-08-16,2022-07-31,Shipped,,20424
18629,2025-05-21,2025-06-18,,Cancelled,Customer will pick up at warehouse.,23965
18630,2023-09-08,2023-09-23,,In Process,,20544
18631,2022-05-16,2022-06-12,2022-05-23,Shipped,,22474
18632,2024-05-17,2024-06-09,2024-05-20,Shipped,Hold for customer confirmation.,24781
18633,2025-04-23,2025-05-07,2025-05-02,Shipped,,23573
18634,2024-06-09,2024-06-16,2024-06-11,Disputed,,21794
18635,2025-01-13,2025-01-26,,In Process,,22928
18636,2026-02-24,2026-03-18,2026-03-03,Resolved,,23155
18637,2024-12-09,2024-12-30,2024-12-12,Shipped,Partial shipment approved by customer.,22743
18638,2024-02-16,2024-02-23,,Cancelled,Please ship as soon as possible.,22641
18639,2022-09-02,2022-09-17,2022-09-07,Shipped,,21003
18640,2026-06-28,2026-07-28,2026-07-02,Shipped,,24801
18641,2023-07-12,2023-08-10,,Cancelled,,20792
18642,2023-10-19,2023-11-17,2023-10-23,Shipped,Check stock before processing.,21638
18643,2022-05-05,2022-05-17,,In Process,Special discount applied.,20579
18644,2023-11-01,2023-11-12,2023-11-04,Shipped,Call before delivery.,24264
18645,2023-12-18,2024-01-02,2023-12-26,Shipped,,24849
18646,2023-10-19,2023-11-09,,In Process,International shipment — customs docs needed.,24863
18647,2024-10-01,2024-10-20,,In Process,,24122
18648,2024-10-29,2024-11-13,,Cancelled,Call before delivery.,20867
18649,2025-06-09,2025-06-19,2025-06-12,Shipped,Verified credit before processing.,22072
18650,2022-02-05,2022-02-17,2022-02-10,Disputed,Check stock before processing.,22157
18651,2023-04-08,2023-04-18,2023-04-12,Shipped,Call before delivery.,23253
18652,2023-11-09,2023-11-20,2023-11-10,Shipped,Call before delivery.,23884
18653,2025-05-04,2025-05-20,,On Hold,Special discount applied.,23886
18654,2022-09-02,2022-10-02,2022-09-06,Disputed,,22237
18655,2022-11-23,2022-12-09,,In Process,Hold for customer confirmation.,20016
18656,2023-04-05,2023-04-13,2023-04-06,Disputed,Partial shipment approved by customer.,23342
18657,2025-11-14,2025-12-07,2025-11-19,Shipped,,24573
18658,2022-01-30,2022-02-13,2022-02-05,Shipped,Backorder — ship when available.,21515
18659,2025-05-13,2025-06-06,2025-05-20,Disputed,Gift wrapping requested.,24183
18660,2023-10-13,2023-10-28,,In Process,,23178
18661,2024-09-03,2024-10-01,2024-09-08,Shipped,,23748
18662,2023-05-29,2023-06-22,,In Process,,24658
18663,2024-06-20,2024-07-15,,Cancelled,,23549
18664,2025-03-18,2025-04-08,2025-03-24,Shipped,Please ship as soon as possible.,22678
18665,2022-12-21,2023-01-11,2022-12-26,Shipped,Backorder — ship when available.,22612
18666,2023-08-10,2023-09-03,2023-08-18,Shipped,,21186
18667,2023-02-01,2023-02-18,2023-02-05,Shipped,Customer will pick up at warehouse.,24881
18668,2024-07-09,2024-07-17,2024-07-19,Shipped,,23687
18669,2022-03-14,2022-03-22,,In Process,Priority customer — rush order.,24062
18670,2025-05-31,2025-06-12,2025-06-10,Resolved,,24823
18671,2024-12-27,2025-01-05,2024-12-29,Shipped,,22182
18672,2022-02-20,2022-02-27,2022-02-21,Shipped,Customer will pick up at warehouse.,21314
18673,2024-03-31,2024-04-25,2024-04-02,Shipped,,22478
18674,2022-07-14,2022-07-22,2022-07-18,Shipped,Partial shipment approved by customer.,23787
18675,2025-01-03,2025-01-26,2025-01-04,Shipped,,24432
18676,2023-07-21,2023-08-03,2023-07-23,Shipped,,24981
18677,2025-05-19,2025-06-15,2025-05-26,Shipped,,24478
18678,2023-12-20,2024-01-12,2023-12-25,Disputed,Priority customer — rush order.,21890
18679,2022-12-01,2022-12-21,,On Hold,Check stock before processing.,23266
18680,2024-12-27,2025-01-23,,On Hold,Customer will pick up at warehouse.,20414
18681,2025-11-28,2025-12-18,2025-12-02,Shipped,,23274
18682,2022-10-30,2022-11-27,2022-11-07,Shipped,Priority customer — rush order.,21760
18683,2022-12-21,2023-01-05,2022-12-30,Disputed,Special discount applied.,22235
18684,2024-04-10,2024-04-26,2024-04-14,Shipped,Priority customer — rush order.,23269
18685,2026-05-16,2026-06-01,,In Process,,20568
18686,2022-02-10,2022-02-27,2022-02-13,Resolved,International shipment — customs docs needed.,23505
18687,2026-06-11,2026-06-23,2026-06-21,Disputed,Backorder — ship when available.,21799
18688,2023-12-03,2023-12-20,,Cancelled,Backorder — ship when available.,23890
18689,2023-08-30,2023-09-11,2023-08-31,Shipped,Verified credit before processing.,20182
18690,2025-01-21,2025-02-14,2025-01-23,Shipped,Check stock before processing.,24585
18691,2026-03-18,2026-03-30,2026-03-26,Shipped,Check stock before processing.,24192
18692,2023-04-17,2023-04-27,,In Process,,23012
18693,2022-04-22,2022-05-21,2022-04-29,Disputed,,24638
18694,2025-11-06,2025-12-06,2025-11-12,Shipped,,21603
18695,2025-06-30,2025-07-22,,In Process,Customer will pick up at warehouse.,20570
18696,2025-07-16,2025-07-24,2025-07-24,Shipped,,24978
18697,2023-09-23,2023-10-08,2023-09-26,Resolved,,24495
18698,2025-02-24,2025-03-25,,Cancelled,Fragile items — handle with care.,20024
18699,2024-09-29,2024-10-23,,On Hold,Hold for customer confirmation.,22222
18700,2023-08-16,2023-09-03,,In Process,,20466
18701,2022-02-08,2022-02-17,,On Hold,Please ship as soon as possible.,21533
18702,2023-09-05,2023-10-03,2023-09-13,Disputed,Fragile items — handle with care.,21182
18703,2025-09-20,2025-10-03,2025-09-24,Shipped,Please ship as soon as possible.,21529
18704,2025-10-28,2025-11-27,2025-11-05,Shipped,,21363
18705,2022-12-12,2022-12-25,2022-12-19,Shipped,Check stock before processing.,24158
18706,2026-02-28,2026-03-22,2026-03-01,Disputed,,20131
18707,2023-08-05,2023-09-02,,On Hold,,20784
18708,2025-12-09,2025-12-21,2025-12-16,Shipped,Please ship as soon as possible.,22326
18709,2024-12-20,2025-01-08,2024-12-22,Resolved,Replacement for damaged order.,23814
18710,2026-06-08,2026-06-17,,Cancelled,,23552
18711,2024-04-06,2024-04-16,2024-04-11,Shipped,Customer requested expedited shipping.,21945
18712,2025-12-27,2026-01-19,2026-01-03,Disputed,Check stock before processing.,21351
18713,2025-04-21,2025-05-21,2025-05-01,Disputed,Customer requested expedited shipping.,23698
18714,2023-12-13,2023-12-27,2023-12-17,Shipped,,21304
18715,2023-07-23,2023-08-09,,Cancelled,Gift wrapping requested.,21150
18716,2024-11-10,2024-11-25,2024-11-12,Shipped,Verified credit before processing.,22710
18717,2022-07-05,2022-07-22,2022-07-08,Shipped,,24218
18718,2023-01-11,2023-01-24,2023-01-14,Resolved,,22358
18719,2024-08-15,2024-09-14,2024-08-25,Shipped,,22011
18720,2022-01-25,2022-02-12,,In Process,Replacement for damaged order.,20917
18721,2025-04-30,2025-05-22,2025-05-06,Shipped,Gift wrapping requested.,23542
18722,2022-11-20,2022-11-27,2022-11-30,Resolved,Partial shipment approved by customer.,23831
18723,2022-04-04,2022-04-15,2022-04-07,Shipped,,22411
18724,2025-10-22,2025-10-29,2025-10-23,Shipped,Verified credit before processing.,24445
18725,2026-01-17,2026-01-26,2026-01-21,Shipped,Fragile items — handle with care.,21690
18726,2024-11-26,2024-12-07,,In Process,,22541
18727,2024-11-07,2024-12-07,2024-11-17,Shipped,,21898
18728,2023-06-15,2023-07-01,,In Process,,22340
18729,2024-10-13,2024-11-05,,Cancelled,International shipment — customs docs needed.,22609
18730,2023-05-22,2023-06-11,2023-05-25,Shipped,,20433
18731,2026-04-20,2026-05-03,2026-04-22,Shipped,Customer requested expedited shipping.,22348
18732,2025-05-27,2025-06-19,2025-06-02,Shipped,Replacement for damaged order.,22161
18733,2024-09-16,2024-09-28,2024-09-21,Shipped,,21381
18734,2025-05-26,2025-06-13,2025-06-04,Shipped,Call before delivery.,23364
18735,2022-08-02,2022-08-09,2022-08-09,Shipped,,22945
18736,2026-05-17,2026-06-10,2026-05-19,Disputed,Please ship as soon as possible.,22332
18737,2024-01-14,2024-01-30,,In Process,Customer requested expedited shipping.,23849
18738,2024-05-06,2024-05-16,,On Hold,Customer requested expedited shipping.,23320
18739,2023-12-24,2024-01-22,2024-01-03,Shipped,,23362
18740,2024-05-24,2024-06-19,,Cancelled,Replacement for damaged order.,23832
18741,2024-04-20,2024-05-06,2024-04-22,Shipped,Call before delivery.,22010
18742,2023-03-18,2023-03-26,2023-03-28,Resolved,,23072
18743,2022-01-30,2022-02-06,2022-02-01,Disputed,Gift wrapping requested.,22656
18744,2023-09-16,2023-09-28,2023-09-24,Resolved,Hold for customer confirmation.,20828
18745,2025-12-16,2025-12-29,,On Hold,Gift wrapping requested.,24278
18746,2022-05-11,2022-05-19,2022-05-12,Resolved,,20294
18747,2025-04-22,2025-05-01,2025-04-23,Resolved,Gift wrapping requested.,20332
18748,2022-03-11,2022-03-18,2022-03-12,Shipped,Customer will pick up at warehouse.,21020
18749,2022-03-25,2022-04-07,2022-03-30,Disputed,,20720
18750,2023-07-04,2023-07-31,2023-07-06,Shipped,International shipment — customs docs needed.,20344
18751,2025-12-14,2026-01-05,,On Hold,,24094
18752,2022-09-29,2022-10-10,2022-10-02,Shipped,Gift wrapping requested.,23640
18753,2026-06-06,2026-06-17,,In Process,Partial shipment approved by customer.,21508
18754,2024-11-15,2024-12-08,,On Hold,,22081
18755,2024-07-12,2024-08-06,2024-07-22,Resolved,,24401
18756,2022-12-23,2023-01-09,,Cancelled,Customer requested expedited shipping.,21328
18757,2024-10-20,2024-11-14,2024-10-24,Shipped,Fragile items — handle with care.,24155
18758,2024-09-15,2024-10-11,2024-09-20,Shipped,Gift wrapping requested.,22083
18759,2023-02-14,2023-03-03,2023-02-15,Shipped,,23903
18760,2024-04-29,2024-05-15,,In Process,,22201
18761,2022-09-29,2022-10-19,,In Process,Verified credit before processing.,21320
18762,2025-01-29,2025-02-09,2025-01-31,Shipped,,20818
18763,2024-06-30,2024-07-17,,On Hold,Replacement for damaged order.,24940
18764,2022-02-17,2022-03-10,2022-02-22,Shipped,,23217
18765,2023-09-30,2023-10-26,2023-10-02,Resolved,Customer requested expedited shipping.,24363
18766,2022-07-05,2022-07-13,2022-07-06,Disputed,Partial shipment approved by customer.,23778
18767,2025-02-24,2025-03-07,,In Process,Customer requested expedited shipping.,23146
18768,2022-10-17,2022-11-10,2022-10-26,Shipped,Priority customer — rush order.,21324
18769,2024-04-05,2024-04-30,2024-04-10,Shipped,Verified credit before processing.,21506
18770,2024-11-25,2024-12-04,2024-12-03,Shipped,Partial shipment approved by customer.,21439
18771,2022-10-12,2022-10-31,,On Hold,Special discount applied.,22244
18772,2022-08-21,2022-09-16,2022-08-22,Disputed,Customer requested expedited shipping.,24922
18773,2022-01-05,2022-02-02,,In Process,Customer will pick up at warehouse.,20487
18774,2023-05-31,2023-06-27,2023-06-01,Shipped,,22952
18775,2022-06-15,2022-06-22,2022-06-25,Shipped,Backorder — ship when available.,22215
18776,2025-08-26,2025-09-07,2025-08-31,Shipped,International shipment — customs docs needed.,22126
18777,2023-09-10,2023-09-30,2023-09-14,Shipped,Fragile items — handle with care.,21660
18778,2023-10-08,2023-11-02,2023-10-09,Shipped,Gift wrapping requested.,23971
18779,2023-02-01,2023-02-11,2023-02-10,Shipped,Verified credit before processing.,21568
18780,2026-05-16,2026-05-23,2026-05-22,Shipped,Customer will pick up at warehouse.,24672
18781,2026-03-11,2026-03-22,,In Process,Gift wrapping requested.,21776
18782,2023-09-14,2023-10-06,,In Process,Please ship as soon as possible.,20086
18783,2023-09-05,2023-09-29,,On Hold,,23365
18784,2023-03-26,2023-04-15,2023-04-03,Shipped,Partial shipment approved by customer.,22761
18785,2025-09-28,2025-10-14,2025-09-30,Shipped,,24614
18786,2026-04-30,2026-05-14,,In Process,Hold for customer confirmation.,20563
18787,2022-06-03,2022-06-17,,Cancelled,,22388
18788,2025-04-28,2025-05-25,2025-05-06,Shipped,Customer will pick up at warehouse.,21346
18789,2024-03-01,2024-03-17,2024-03-09,Shipped,Customer requested expedited shipping.,24612
18790,2024-07-26,2024-08-25,2024-07-29,Disputed,Fragile items — handle with care.,24883
18791,2024-06-20,2024-07-17,2024-06-29,Shipped,Backorder — ship when available.,20544
18792,2023-04-25,2023-05-14,2023-05-02,Shipped,Fragile items — handle with care.,21203
18793,2023-02-06,2023-03-01,2023-02-15,Shipped,,24857
18794,2022-06-09,2022-06-18,2022-06-16,Disputed,Priority customer — rush order.,20137
18795,2023-05-06,2023-05-24,2023-05-14,Shipped,Customer requested expedited shipping.,23598
18796,2025-08-26,2025-09-10,2025-09-03,Shipped,Check stock before processing.,20910
18797,2023-05-29,2023-06-22,2023-06-08,Shipped,,24924
18798,2026-02-05,2026-02-20,2026-02-06,Shipped,,22696
18799,2026-01-24,2026-02-17,,On Hold,Partial shipment approved by customer.,23231
18800,2026-04-11,2026-04-21,2026-04-12,Shipped,,20156
18801,2025-05-12,2025-05-29,2025-05-21,Disputed,Customer will pick up at warehouse.,22776
18802,2025-02-05,2025-02-14,2025-02-09,Shipped,Customer will pick up at warehouse.,24848
18803,2024-03-19,2024-03-31,2024-03-21,Shipped,Special discount applied.,20767
18804,2023-11-09,2023-11-29,,Cancelled,Check stock before processing.,21984
18805,2023-06-02,2023-06-21,2023-06-10,Shipped,Backorder — ship when available.,23708
18806,2024-06-20,2024-07-16,,Cancelled,,20747
18807,2023-01-15,2023-02-05,2023-01-21,Shipped,Please ship as soon as possible.,22845
18808,2025-08-07,2025-08-28,2025-08-10,Shipped,,22154
18809,2024-06-25,2024-07-25,2024-06-28,Shipped,,24325
18810,2023-01-24,2023-02-15,,Cancelled,,22111
18811,2024-08-14,2024-08-30,2024-08-17,Resolved,Priority customer — rush order.,23531
18812,2024-01-01,2024-01-21,2024-01-03,Disputed,Customer will pick up at warehouse.,24703
18813,2024-01-27,2024-02-19,2024-01-30,Shipped,Priority customer — rush order.,20047
18814,2023-02-19,2023-03-14,,On Hold,International shipment — customs docs needed.,24049
18815,2022-08-18,2022-08-26,2022-08-24,Shipped,Replacement for damaged order.,20369
18816,2023-04-28,2023-05-26,,Cancelled,Backorder — ship when available.,21513
18817,2025-03-04,2025-03-20,2025-03-13,Shipped,,23823
18818,2024-02-29,2024-03-19,2024-03-01,Shipped,Customer requested expedited shipping.,24864
18819,2026-05-19,2026-06-04,,On Hold,Gift wrapping requested.,23736
18820,2025-08-27,2025-09-17,,In Process,Special discount applied.,24628
18821,2022-10-02,2022-10-18,2022-10-05,Resolved,,24846
18822,2025-05-07,2025-05-29,2025-05-14,Disputed,,21075
18823,2022-10-14,2022-10-28,2022-10-21,Shipped,Replacement for damaged order.,22989
18824,2026-05-03,2026-05-11,2026-05-06,Shipped,Fragile items — handle with care.,22405
18825,2022-10-25,2022-11-08,,Cancelled,Verified credit before processing.,24426
18826,2024-08-14,2024-08-27,,In Process,Customer requested expedited shipping.,21102
18827,2026-07-14,2026-07-29,2026-07-20,Shipped,,21225
18828,2025-03-05,2025-03-17,2025-03-15,Shipped,Backorder — ship when available.,21629
18829,2025-04-03,2025-04-11,2025-04-04,Shipped,International shipment — customs docs needed.,20021
18830,2022-08-30,2022-09-12,,On Hold,,24873
18831,2023-09-28,2023-10-16,2023-10-02,Shipped,,24761
18832,2024-12-27,2025-01-03,2024-12-28,Shipped,,20696
18833,2024-10-12,2024-11-07,2024-10-15,Shipped,Partial shipment approved by customer.,23555
18834,2025-05-12,2025-05-24,2025-05-16,Shipped,Priority customer — rush order.,20001
18835,2022-03-16,2022-04-07,2022-03-25,Shipped,Gift wrapping requested.,22061
18836,2022-04-05,2022-04-30,,In Process,,24105
18837,2025-03-03,2025-03-31,2025-03-05,Disputed,,24851
18838,2024-03-25,2024-04-16,2024-04-03,Shipped,,22182
18839,2026-02-13,2026-03-12,2026-02-22,Shipped,Please ship as soon as possible.,21313
18840,2025-07-02,2025-07-19,,In Process,Partial shipment approved by customer.,23097
18841,2022-08-10,2022-08-28,2022-08-14,Shipped,Please ship as soon as possible.,24234
18842,2024-08-09,2024-09-07,,In Process,Priority customer — rush order.,22692
18843,2022-12-05,2022-12-19,,In Process,,22111
18844,2023-05-14,2023-06-11,2023-05-22,Shipped,Customer requested expedited shipping.,20695
18845,2024-08-11,2024-08-21,2024-08-15,Shipped,Check stock before processing.,24816
18846,2025-04-30,2025-05-21,2025-05-04,Shipped,Check stock before processing.,22728
18847,2024-09-27,2024-10-24,,In Process,,21924
18848,2023-08-20,2023-08-30,2023-08-28,Shipped,,24683
18849,2024-06-12,2024-07-09,2024-06-15,Shipped,Verified credit before processing.,22240
18850,2023-08-11,2023-08-29,2023-08-19,Shipped,,21795
18851,2024-06-23,2024-07-17,2024-06-30,Shipped,Partial shipment approved by customer.,21123
18852,2022-11-17,2022-12-01,2022-11-18,Shipped,,20233
18853,2023-07-11,2023-07-26,,In Process,,21042
18854,2022-09-11,2022-10-05,2022-09-20,Disputed,,21152
18855,2026-02-23,2026-03-03,2026-02-24,Resolved,,22126
18856,2022-05-18,2022-06-10,2022-05-26,Shipped,,22225
18857,2024-02-27,2024-03-14,2024-03-06,Shipped,International shipment — customs docs needed.,23333
18858,2023-09-25,2023-10-10,2023-10-03,Resolved,Check stock before processing.,20360
18859,2022-07-10,2022-07-28,2022-07-11,Shipped,,21207
18860,2023-08-13,2023-08-24,2023-08-14,Resolved,International shipment — customs docs needed.,22502
18861,2022-04-15,2022-04-25,,In Process,,21077
18862,2023-11-02,2023-11-24,2023-11-04,Disputed,Partial shipment approved by customer.,23710
18863,2024-04-29,2024-05-13,,Cancelled,Partial shipment approved by customer.,20530
18864,2024-04-04,2024-04-25,,Cancelled,Backorder — ship when available.,24044
18865,2026-02-20,2026-03-08,2026-02-23,Disputed,Replacement for damaged order.,20561
18866,2025-11-21,2025-12-15,2025-11-23,Shipped,,22108
18867,2022-12-31,2023-01-23,2023-01-05,Shipped,Customer requested expedited shipping.,23552
18868,2025-06-05,2025-06-23,,In Process,Call before delivery.,22350
18869,2025-04-15,2025-04-22,,Cancelled,International shipment — customs docs needed.,24907
18870,2023-07-20,2023-08-05,2023-07-22,Shipped,,22089
18871,2022-03-31,2022-04-19,,In Process,Check stock before processing.,23445
18872,2025-05-02,2025-05-14,2025-05-12,Shipped,,23390
18873,2023-10-23,2023-11-06,2023-10-25,Resolved,Fragile items — handle with care.,21533
18874,2026-03-26,2026-04-17,,In Process,,23957
18875,2025-08-21,2025-09-12,,On Hold,Hold for customer confirmation.,24560
18876,2025-11-19,2025-12-02,2025-11-29,Resolved,,22380
18877,2024-01-02,2024-01-15,2024-01-06,Shipped,,24256
18878,2023-01-09,2023-01-16,2023-01-10,Shipped,Call before delivery.,20403
18879,2025-02-05,2025-03-06,,In Process,Check stock before processing.,20194
18880,2025-01-18,2025-01-25,2025-01-21,Shipped,,22431
18881,2022-10-17,2022-10-28,2022-10-22,Shipped,,22784
18882,2025-12-26,2026-01-03,2025-12-28,Disputed,,20796
18883,2023-08-05,2023-08-24,2023-08-15,Shipped,,24786
18884,2026-04-21,2026-05-03,2026-04-28,Shipped,Special discount applied.,21292
18885,2025-06-17,2025-06-24,2025-06-27,Shipped,,22988
18886,2022-09-11,2022-09-24,2022-09-15,Disputed,,22585
18887,2026-03-03,2026-03-26,2026-03-05,Resolved,,24359
18888,2022-06-07,2022-07-06,2022-06-16,Shipped,Verified credit before processing.,22428
18889,2026-07-20,2026-08-15,2026-07-20,Shipped,,23655
18890,2024-01-17,2024-02-14,2024-01-18,Shipped,Hold for customer confirmation.,23372
18891,2022-02-04,2022-02-13,2022-02-11,Disputed,Please ship as soon as possible.,22398
18892,2022-01-17,2022-02-15,2022-01-23,Resolved,Replacement for damaged order.,22799
18893,2024-11-29,2024-12-22,2024-11-30,Shipped,Customer will pick up at warehouse.,23422
18894,2023-04-08,2023-04-26,2023-04-15,Shipped,Priority customer — rush order.,22334
18895,2026-03-02,2026-03-10,,Cancelled,,23558
18896,2024-03-08,2024-04-07,2024-03-17,Disputed,,21041
18897,2023-06-09,2023-06-18,2023-06-18,Shipped,,20440
18898,2024-01-05,2024-01-15,,Cancelled,Please ship as soon as possible.,20589
18899,2024-05-10,2024-06-03,2024-05-12,Shipped,Special discount applied.,20459
18900,2024-08-23,2024-08-31,2024-09-01,Shipped,Partial shipment approved by customer.,24092
18901,2025-06-13,2025-07-09,2025-06-23,Shipped,Fragile items — handle with care.,20034
18902,2023-05-26,2023-06-20,2023-06-04,Resolved,Gift wrapping requested.,20619
18903,2023-11-12,2023-12-08,2023-11-16,Disputed,International shipment — customs docs needed.,24798
18904,2024-12-04,2024-12-11,2024-12-12,Shipped,Customer requested expedited shipping.,22490
18905,2024-11-06,2024-11-15,2024-11-08,Shipped,,21256
18906,2024-04-30,2024-05-13,2024-05-10,Shipped,,20859
18907,2024-12-13,2025-01-02,2024-12-19,Shipped,,22096
18908,2023-02-08,2023-02-18,2023-02-14,Disputed,International shipment — customs docs needed.,21256
18909,2023-09-24,2023-10-23,,On Hold,,20511
18910,2023-07-23,2023-08-21,2023-08-01,Resolved,,21032
18911,2023-01-15,2023-01-30,2023-01-20,Shipped,Please ship as soon as possible.,20051
18912,2023-08-04,2023-08-13,2023-08-11,Shipped,Please ship as soon as possible.,20293
18913,2023-06-16,2023-06-30,2023-06-18,Shipped,Priority customer — rush order.,22033
18914,2023-06-19,2023-07-11,2023-06-20,Shipped,,22629
18915,2022-12-11,2023-01-06,2022-12-16,Shipped,,22618
18916,2023-05-10,2023-06-07,,In Process,Customer will pick up at warehouse.,20207
18917,2023-04-11,2023-04-21,2023-04-21,Shipped,Replacement for damaged order.,24351
18918,2024-03-05,2024-04-02,2024-03-09,Resolved,Call before delivery.,20003
18919,2023-07-08,2023-07-28,,In Process,,24188
18920,2023-01-13,2023-02-07,2023-01-18,Disputed,,24051
18921,2022-05-25,2022-06-03,2022-06-03,Shipped,,21469
18922,2025-02-08,2025-02-16,2025-02-15,Resolved,,22710
18923,2025-02-02,2025-02-26,,Cancelled,Priority customer — rush order.,20807
18924,2024-05-13,2024-05-23,2024-05-17,Resolved,Replacement for damaged order.,22643
18925,2022-07-04,2022-08-02,2022-07-13,Resolved,Call before delivery.,22439
18926,2025-05-18,2025-06-01,2025-05-26,Disputed,Verified credit before processing.,23874
18927,2023-10-27,2023-11-13,,Cancelled,Backorder — ship when available.,21902
18928,2026-02-28,2026-03-27,2026-03-09,Shipped,International shipment — customs docs needed.,22093
18929,2024-12-02,2024-12-16,2024-12-09,Shipped,Verified credit before processing.,22184
18930,2023-05-09,2023-05-25,,On Hold,Customer will pick up at warehouse.,24143
18931,2025-03-24,2025-04-11,2025-03-30,Shipped,Fragile items — handle with care.,22232
18932,2026-01-17,2026-02-02,,In Process,Fragile items — handle with care.,21960
18933,2022-10-20,2022-11-05,2022-10-30,Shipped,Please ship as soon as possible.,20007
18934,2025-11-29,2025-12-21,2025-12-06,Resolved,,22172
18935,2024-12-04,2024-12-23,2024-12-09,Shipped,Customer will pick up at warehouse.,24307
18936,2024-01-16,2024-02-13,2024-01-25,Shipped,Partial shipment approved by customer.,20493
18937,2024-08-29,2024-09-06,,Cancelled,Check stock before processing.,23067
18938,2024-06-02,2024-06-15,,In Process,Fragile items — handle with care.,20769
18939,2022-09-11,2022-09-30,2022-09-16,Shipped,,21852
18940,2022-02-18,2022-03-14,,In Process,Customer will pick up at warehouse.,24775
18941,2025-11-16,2025-12-14,2025-11-19,Shipped,,20683
18942,2025-02-09,2025-03-08,2025-02-10,Shipped,Gift wrapping requested.,22710
18943,2025-06-24,2025-07-06,2025-07-03,Shipped,Partial shipment approved by customer.,22641
18944,2026-01-18,2026-02-03,2026-01-25,Shipped,Call before delivery.,20895
18945,2026-06-07,2026-07-07,2026-06-13,Shipped,Partial shipment approved by customer.,22301
18946,2025-01-27,2025-02-07,2025-02-06,Disputed,Call before delivery.,20791
18947,2022-10-10,2022-10-29,2022-10-12,Disputed,,22164
18948,2023-03-10,2023-04-06,,Cancelled,Check stock before processing.,24286
18949,2025-08-24,2025-09-08,,Cancelled,Partial shipment approved by customer.,21141
18950,2023-02-23,2023-03-22,2023-02-26,Shipped,Backorder — ship when available.,21848
18951,2026-04-19,2026-05-10,,Cancelled,,23100
18952,2024-10-09,2024-11-02,,Cancelled,,24378
18953,2022-11-27,2022-12-12,2022-11-28,Shipped,Priority customer — rush order.,22477
18954,2025-09-11,2025-10-03,,In Process,,21786
18955,2024-06-29,2024-07-25,2024-07-06,Shipped,,23007
18956,2025-02-21,2025-03-08,,In Process,,23806
18957,2026-03-16,2026-04-09,2026-03-26,Disputed,Gift wrapping requested.,21599
18958,2024-10-09,2024-10-21,2024-10-12,Shipped,,23426
18959,2025-02-26,2025-03-21,2025-03-03,Shipped,,21786
18960,2023-07-20,2023-08-01,2023-07-24,Shipped,Customer requested expedited shipping.,21560
18961,2026-05-16,2026-06-15,,In Process,Partial shipment approved by customer.,24046
18962,2024-06-12,2024-07-09,2024-06-22,Resolved,Special discount applied.,21220
18963,2022-12-27,2023-01-25,2023-01-06,Shipped,Special discount applied.,22504
18964,2022-03-17,2022-04-02,,On Hold,,23930
18965,2022-01-11,2022-02-05,2022-01-13,Shipped,Verified credit before processing.,22067
18966,2026-01-26,2026-02-04,2026-01-27,Shipped,,23018
18967,2025-09-24,2025-10-07,2025-09-29,Resolved,Backorder — ship when available.,24350
18968,2023-07-02,2023-07-20,2023-07-07,Disputed,,23051
18969,2026-04-01,2026-04-24,2026-04-10,Disputed,Please ship as soon as possible.,21316
18970,2024-03-15,2024-03-29,2024-03-20,Shipped,Gift wrapping requested.,24419
18971,2022-04-22,2022-05-19,,On Hold,Verified credit before processing.,20535
18972,2022-12-09,2022-12-30,2022-12-15,Shipped,Priority customer — rush order.,24792
18973,2025-01-13,2025-01-20,2025-01-19,Shipped,,22751
18974,2023-06-15,2023-06-24,2023-06-21,Shipped,,22873
18975,2025-08-06,2025-08-24,2025-08-10,Shipped,Hold for customer confirmation.,21679
18976,2024-11-23,2024-12-06,,In Process,Call before delivery.,24084
18977,2024-06-21,2024-07-01,2024-06-22,Shipped,,23421
18978,2026-07-06,2026-08-02,2026-07-10,Shipped,Gift wrapping requested.,22089
18979,2023-07-14,2023-08-06,2023-07-18,Shipped,Customer requested expedited shipping.,20056
18980,2025-06-21,2025-07-13,2025-06-27,Shipped,Priority customer — rush order.,22985
18981,2025-09-06,2025-09-24,2025-09-13,Shipped,Hold for customer confirmation.,22135
18982,2026-05-31,2026-06-07,2026-06-01,Shipped,Gift wrapping requested.,23800
18983,2026-03-27,2026-04-05,2026-03-31,Resolved,Partial shipment approved by customer.,20427
18984,2024-11-29,2024-12-23,2024-12-02,Resolved,,24728
18985,2024-11-05,2024-11-25,2024-11-09,Shipped,Backorder — ship when available.,22662
18986,2023-11-26,2023-12-15,,In Process,Backorder — ship when available.,24800
18987,2022-11-03,2022-11-11,2022-11-13,Disputed,,23883
18988,2024-07-11,2024-07-29,,Cancelled,Call before delivery.,21836
18989,2022-02-15,2022-02-22,2022-02-22,Resolved,,21044
18990,2023-10-26,2023-11-05,2023-10-27,Resolved,,20132
18991,2024-09-05,2024-09-19,,On Hold,,22355
18992,2025-06-22,2025-07-07,,On Hold,,20121
18993,2025-01-12,2025-01-19,2025-01-22,Shipped,Call before delivery.,21289
18994,2025-03-25,2025-04-19,2025-03-29,Shipped,Hold for customer confirmation.,22704
18995,2024-12-17,2024-12-25,2024-12-18,Resolved,Fragile items — handle with care.,21485
18996,2024-02-06,2024-02-17,2024-02-12,Shipped,,21574
18997,2023-08-27,2023-09-26,,On Hold,,20257
18998,2026-06-01,2026-06-29,,On Hold,,21868
18999,2023-06-20,2023-07-04,2023-06-21,Shipped,Check stock before processing.,20277
19000,2025-07-24,2025-08-09,2025-08-01,Shipped,Backorder — ship when available.,21520
19001,2026-06-28,2026-07-17,2026-07-08,Shipped,Partial shipment approved by customer.,24275
19002,2023-04-03,2023-04-28,2023-04-04,Disputed,,21213
19003,2024-09-12,2024-10-12,2024-09-21,Shipped,Hold for customer confirmation.,22041
19004,2023-04-15,2023-04-29,2023-04-25,Resolved,International shipment — customs docs needed.,20861
19005,2022-12-21,2023-01-05,,Cancelled,Verified credit before processing.,20935
19006,2024-12-31,2025-01-09,2025-01-01,Resolved,Partial shipment approved by customer.,21289
19007,2026-03-12,2026-04-08,2026-03-21,Shipped,,20614
19008,2026-03-20,2026-04-14,2026-03-29,Shipped,Backorder — ship when available.,20796
19009,2025-12-28,2026-01-04,2026-01-02,Shipped,Please ship as soon as possible.,24886
19010,2026-04-20,2026-04-29,2026-04-28,Shipped,,24850
19011,2024-07-30,2024-08-28,2024-08-05,Shipped,Fragile items — handle with care.,21189
19012,2023-05-07,2023-05-21,2023-05-13,Disputed,,22650
19013,2024-05-05,2024-05-17,2024-05-14,Shipped,,21499
19014,2026-05-02,2026-05-19,,Cancelled,Hold for customer confirmation.,20938
19015,2023-02-26,2023-03-22,,In Process,Backorder — ship when available.,21423
19016,2022-03-26,2022-04-13,,On Hold,Please ship as soon as possible.,23313
19017,2024-11-30,2024-12-14,2024-12-01,Shipped,Replacement for damaged order.,21916
19018,2026-01-17,2026-01-28,2026-01-22,Resolved,Call before delivery.,22479
19019,2023-09-30,2023-10-19,2023-10-09,Shipped,,22629
19020,2022-11-24,2022-12-01,,Cancelled,,20295
19021,2024-07-09,2024-07-25,2024-07-14,Shipped,Priority customer — rush order.,21558
19022,2024-11-07,2024-11-17,2024-11-10,Shipped,,21259
19023,2022-10-18,2022-10-25,2022-10-21,Shipped,Priority customer — rush order.,22671
19024,2023-06-29,2023-07-15,,Cancelled,,21122
19025,2026-07-19,2026-08-09,,On Hold,,22837
19026,2022-02-10,2022-02-21,2022-02-14,Shipped,Gift wrapping requested.,21025
19027,2022-10-14,2022-10-29,,Cancelled,Partial shipment approved by customer.,22177
19028,2022-07-24,2022-08-01,,Cancelled,,21535
19029,2022-07-14,2022-07-23,2022-07-24,Shipped,Verified credit before processing.,21993
19030,2022-12-15,2023-01-06,,In Process,,20428
19031,2025-03-18,2025-03-27,2025-03-28,Shipped,,24280
19032,2026-06-10,2026-06-25,2026-06-19,Shipped,,21498
19033,2025-12-27,2026-01-19,2026-01-03,Disputed,,21627
19034,2022-03-03,2022-03-30,,Cancelled,,23474
19035,2026-03-10,2026-03-18,2026-03-16,Shipped,Backorder — ship when available.,20925
19036,2026-07-03,2026-07-29,2026-07-13,Resolved,Check stock before processing.,21702
19037,2025-01-17,2025-02-04,,Cancelled,Partial shipment approved by customer.,23403
19038,2022-03-06,2022-03-16,2022-03-09,Shipped,Hold for customer confirmation.,24117
19039,2024-11-13,2024-12-04,2024-11-14,Shipped,Check stock before processing.,24530
19040,2023-03-27,2023-04-26,2023-04-04,Disputed,,20174
19041,2025-10-10,2025-11-04,,Cancelled,Partial shipment approved by customer.,20177
19042,2026-04-23,2026-05-06,2026-04-30,Shipped,Replacement for damaged order.,22248
19043,2022-06-28,2022-07-16,,Cancelled,Customer will pick up at warehouse.,22080
19044,2022-04-14,2022-04-27,,In Process,Customer will pick up at warehouse.,21033
19045,2023-07-08,2023-08-06,2023-07-18,Shipped,International shipment — customs docs needed.,23871
19046,2023-02-01,2023-02-14,2023-02-02,Shipped,Special discount applied.,20810
19047,2024-04-10,2024-05-04,,In Process,,22488
19048,2022-08-29,2022-09-18,2022-09-06,Shipped,,21620
19049,2025-05-01,2025-05-23,2025-05-09,Shipped,International shipment — customs docs needed.,23972
19050,2026-01-03,2026-01-21,2026-01-13,Resolved,,24673
19051,2026-07-09,2026-07-28,2026-07-14,Shipped,,20614
19052,2026-03-10,2026-03-24,,On Hold,International shipment — customs docs needed.,21327
19053,2023-05-16,2023-06-14,2023-05-24,Shipped,,21462
19054,2022-08-10,2022-08-17,2022-08-17,Resolved,,20105
19055,2022-02-21,2022-03-15,,Cancelled,Customer requested expedited shipping.,20228
19056,2026-04-05,2026-04-16,2026-04-11,Shipped,Verified credit before processing.,22428
19057,2024-01-10,2024-01-25,,In Process,Partial shipment approved by customer.,23382
19058,2023-06-09,2023-07-07,2023-06-11,Disputed,,21287
19059,2022-10-21,2022-10-29,,On Hold,,21150
19060,2024-10-04,2024-11-01,2024-10-12,Disputed,Replacement for damaged order.,23695
19061,2023-08-29,2023-09-15,2023-09-08,Shipped,Please ship as soon as possible.,23616
19062,2026-05-23,2026-06-19,2026-05-31,Shipped,,24791
19063,2022-04-06,2022-04-20,2022-04-11,Shipped,,24110
19064,2024-12-16,2024-12-26,2024-12-24,Shipped,Fragile items — handle with care.,21356
19065,2025-01-24,2025-02-10,,In Process,Backorder — ship when available.,24433
19066,2025-05-14,2025-06-02,,In Process,Customer requested expedited shipping.,20564
19067,2025-11-09,2025-12-07,2025-11-14,Shipped,Gift wrapping requested.,23174
19068,2022-11-14,2022-12-03,2022-11-24,Shipped,International shipment — customs docs needed.,22518
19069,2024-03-09,2024-03-21,2024-03-19,Shipped,Priority customer — rush order.,20107
19070,2022-10-08,2022-11-01,2022-10-14,Shipped,Hold for customer confirmation.,22206
19071,2023-03-11,2023-04-09,2023-03-14,Shipped,,23917
19072,2026-01-25,2026-02-21,2026-02-04,Shipped,,21650
19073,2023-11-26,2023-12-21,2023-12-06,Disputed,International shipment — customs docs needed.,22689
19074,2024-09-15,2024-10-15,2024-09-24,Shipped,Please ship as soon as possible.,23916
19075,2024-09-20,2024-10-20,2024-09-27,Resolved,,24919
19076,2024-05-07,2024-06-04,2024-05-09,Shipped,,21468
19077,2023-03-11,2023-04-06,2023-03-17,Shipped,Please ship as soon as possible.,24529
19078,2024-10-04,2024-10-30,2024-10-06,Disputed,Verified credit before processing.,20840
19079,2022-02-03,2022-02-28,2022-02-12,Shipped,International shipment — customs docs needed.,23005
19080,2022-10-22,2022-11-03,2022-10-30,Shipped,,23612
19081,2024-05-01,2024-05-15,,In Process,Call before delivery.,21951
19082,2023-04-25,2023-05-06,2023-05-04,Resolved,Customer will pick up at warehouse.,21458
19083,2023-07-17,2023-08-04,2023-07-20,Disputed,Check stock before processing.,20806
19084,2023-03-19,2023-04-10,,On Hold,,21081
19085,2026-06-17,2026-07-12,,Cancelled,Special discount applied.,21205
19086,2026-03-03,2026-03-15,2026-03-04,Shipped,,21544
19087,2022-09-06,2022-09-22,2022-09-09,Resolved,Special discount applied.,21886
19088,2023-06-21,2023-07-16,2023-06-24,Shipped,,24423
19089,2025-03-06,2025-03-31,,In Process,,24542
19090,2024-05-22,2024-06-19,2024-05-24,Shipped,Customer requested expedited shipping.,23060
19091,2023-08-03,2023-08-24,2023-08-05,Shipped,,24642
19092,2026-03-26,2026-04-02,2026-03-29,Shipped,Customer will pick up at warehouse.,24767
19093,2025-01-26,2025-02-04,2025-01-30,Disputed,Backorder — ship when available.,20527
19094,2023-06-23,2023-07-09,2023-07-01,Shipped,Fragile items — handle with care.,21723
19095,2025-01-30,2025-02-18,2025-01-31,Shipped,Priority customer — rush order.,24978
19096,2022-04-16,2022-04-30,2022-04-19,Shipped,,21832
19097,2022-05-29,2022-06-26,,Cancelled,International shipment — customs docs needed.,24035
19098,2022-05-04,2022-05-24,,On Hold,Customer will pick up at warehouse.,24731
19099,2022-05-11,2022-06-08,,On Hold,,20634
19100,2023-02-15,2023-03-14,2023-02-19,Shipped,International shipment — customs docs needed.,20339
19101,2025-05-12,2025-05-23,2025-05-17,Shipped,,24160
19102,2024-07-04,2024-07-29,,In Process,,23747
19103,2024-07-29,2024-08-18,,In Process,Customer will pick up at warehouse.,22253
19104,2023-10-18,2023-11-16,2023-10-25,Resolved,Check stock before processing.,24846
19105,2026-01-12,2026-01-26,,Cancelled,,21948
19106,2022-09-17,2022-10-08,2022-09-19,Shipped,Verified credit before processing.,20080
19107,2025-12-01,2025-12-22,,In Process,,20799
19108,2023-10-29,2023-11-13,2023-11-05,Resolved,,20414
19109,2026-02-09,2026-02-25,,In Process,Special discount applied.,24741
19110,2025-07-18,2025-08-15,2025-07-24,Resolved,Customer will pick up at warehouse.,21087
19111,2022-03-28,2022-04-27,,Cancelled,Check stock before processing.,23044
19112,2024-02-21,2024-03-13,2024-02-29,Shipped,Hold for customer confirmation.,24980
19113,2022-02-01,2022-02-26,2022-02-04,Shipped,Special discount applied.,22262
19114,2023-07-05,2023-07-27,,In Process,,24139
19115,2022-09-11,2022-09-27,,Cancelled,International shipment — customs docs needed.,23404
19116,2022-01-05,2022-01-26,2022-01-11,Shipped,International shipment — customs docs needed.,20587
19117,2025-02-23,2025-03-21,2025-03-03,Shipped,,20973
19118,2023-04-19,2023-05-13,2023-04-29,Shipped,Fragile items — handle with care.,24371
19119,2022-05-16,2022-06-06,,Cancelled,Call before delivery.,24038
19120,2026-06-16,2026-07-01,2026-06-26,Shipped,,21615
19121,2025-10-17,2025-10-25,2025-10-25,Shipped,,23518
19122,2025-10-03,2025-10-18,2025-10-09,Shipped,,22292
19123,2025-03-01,2025-03-28,2025-03-04,Shipped,,20797
19124,2025-09-03,2025-09-25,2025-09-06,Shipped,,22983
19125,2022-12-20,2022-12-31,2022-12-23,Resolved,,21746
19126,2022-03-17,2022-04-11,2022-03-25,Shipped,Fragile items — handle with care.,21101
19127,2022-10-13,2022-10-30,2022-10-21,Disputed,Gift wrapping requested.,23411
19128,2024-08-27,2024-09-05,,Cancelled,,23368
19129,2023-09-14,2023-09-28,2023-09-23,Disputed,Hold for customer confirmation.,21357
19130,2023-09-13,2023-10-07,2023-09-16,Shipped,Check stock before processing.,24078
19131,2022-05-29,2022-06-19,2022-06-03,Shipped,,24891
19132,2023-05-12,2023-05-30,2023-05-18,Resolved,,23376
19133,2025-01-01,2025-01-12,2025-01-03,Disputed,,24336
19134,2024-08-12,2024-08-24,2024-08-22,Shipped,Gift wrapping requested.,21888
19135,2022-11-20,2022-12-18,2022-11-24,Shipped,Customer requested expedited shipping.,21996
19136,2025-05-17,2025-06-09,2025-05-19,Shipped,Gift wrapping requested.,22192
19137,2026-02-07,2026-02-19,,Cancelled,Gift wrapping requested.,20847
19138,2023-06-16,2023-07-13,2023-06-19,Shipped,Call before delivery.,22689
19139,2024-03-27,2024-04-07,2024-03-31,Disputed,,20603
19140,2022-06-01,2022-06-26,,On Hold,Replacement for damaged order.,22312
19141,2026-03-08,2026-03-26,2026-03-13,Shipped,Customer will pick up at warehouse.,22668
19142,2022-11-11,2022-12-11,2022-11-14,Shipped,Backorder — ship when available.,21673
19143,2022-04-18,2022-05-03,2022-04-21,Resolved,Special discount applied.,24986
19144,2022-08-14,2022-08-29,2022-08-19,Shipped,Check stock before processing.,20411
19145,2022-09-28,2022-10-22,2022-10-03,Shipped,Gift wrapping requested.,22992
19146,2024-12-09,2024-12-25,,On Hold,,23286
19147,2022-11-08,2022-11-29,2022-11-09,Disputed,Customer will pick up at warehouse.,22607
19148,2022-10-24,2022-11-16,,In Process,Verified credit before processing.,23445
19149,2025-12-02,2025-12-30,2025-12-11,Shipped,Check stock before processing.,22005
19150,2026-05-11,2026-06-05,2026-05-19,Disputed,Customer requested expedited shipping.,23697
19151,2024-03-28,2024-04-24,2024-04-04,Shipped,Replacement for damaged order.,21349
19152,2025-11-14,2025-12-03,2025-11-17,Disputed,Partial shipment approved by customer.,21556
19153,2024-12-29,2025-01-19,,Cancelled,International shipment — customs docs needed.,23304
19154,2026-05-11,2026-06-05,2026-05-16,Shipped,Check stock before processing.,20349
19155,2022-06-14,2022-06-28,2022-06-18,Shipped,,20120
19156,2025-12-17,2026-01-06,2025-12-25,Shipped,,22127
19157,2025-04-21,2025-05-14,,On Hold,,23101
19158,2026-07-04,2026-07-29,2026-07-06,Shipped,Call before delivery.,21021
19159,2026-07-02,2026-07-16,2026-07-12,Shipped,Gift wrapping requested.,22536
19160,2024-05-27,2024-06-22,2024-06-05,Shipped,Hold for customer confirmation.,24996
19161,2024-04-09,2024-05-06,2024-04-14,Shipped,Call before delivery.,23555
19162,2025-11-07,2025-12-05,,On Hold,Call before delivery.,21304
19163,2023-01-27,2023-02-18,,On Hold,Gift wrapping requested.,20567
19164,2025-01-12,2025-02-04,,Cancelled,Backorder — ship when available.,20811
19165,2025-04-23,2025-04-30,2025-04-29,Shipped,Hold for customer confirmation.,23614
19166,2024-01-25,2024-02-09,2024-02-02,Disputed,Replacement for damaged order.,22792
19167,2023-04-08,2023-04-23,,Cancelled,Check stock before processing.,21086
19168,2026-06-30,2026-07-07,2026-07-03,Shipped,,22297
19169,2024-07-22,2024-08-18,2024-07-24,Disputed,Check stock before processing.,20346
19170,2023-11-02,2023-11-09,,Cancelled,Customer will pick up at warehouse.,21798
19171,2022-12-05,2022-12-14,2022-12-07,Resolved,,24946
19172,2022-11-16,2022-12-04,2022-11-24,Shipped,Please ship as soon as possible.,23802
19173,2023-12-13,2024-01-10,2023-12-15,Shipped,Please ship as soon as possible.,23578
19174,2022-01-15,2022-02-07,2022-01-23,Disputed,Replacement for damaged order.,22842
19175,2023-07-14,2023-07-23,2023-07-15,Shipped,Verified credit before processing.,23810
19176,2025-03-14,2025-04-13,2025-03-16,Shipped,Fragile items — handle with care.,21059
19177,2024-12-20,2025-01-18,,On Hold,Special discount applied.,20986
19178,2026-03-12,2026-04-05,,Cancelled,Replacement for damaged order.,20399
19179,2023-11-05,2023-12-01,,On Hold,Hold for customer confirmation.,22703
19180,2024-04-26,2024-05-08,2024-05-04,Resolved,,20720
19181,2023-01-05,2023-01-19,2023-01-12,Disputed,Customer requested expedited shipping.,21208
19182,2026-04-19,2026-04-27,2026-04-23,Shipped,Priority customer — rush order.,20500
19183,2025-05-28,2025-06-21,,On Hold,Fragile items — handle with care.,21810
19184,2022-04-29,2022-05-12,2022-05-04,Disputed,Customer will pick up at warehouse.,24923
19185,2023-06-26,2023-07-06,,On Hold,Verified credit before processing.,20980
19186,2022-09-24,2022-10-05,2022-10-04,Resolved,,22682
19187,2023-10-01,2023-10-08,2023-10-08,Shipped,Verified credit before processing.,24273
19188,2024-09-26,2024-10-04,,Cancelled,Call before delivery.,23753
19189,2023-10-12,2023-10-27,2023-10-13,Disputed,,22379
19190,2023-12-15,2024-01-10,2023-12-20,Disputed,Replacement for damaged order.,21580
19191,2022-01-13,2022-02-08,,In Process,,22166
19192,2024-09-30,2024-10-23,2024-10-10,Shipped,,24326
19193,2023-03-18,2023-04-12,2023-03-19,Disputed,Customer will pick up at warehouse.,24964
19194,2025-03-22,2025-04-04,2025-03-26,Shipped,,24737
19195,2023-06-15,2023-07-12,,Cancelled,Customer requested expedited shipping.,24302
19196,2023-02-19,2023-03-15,2023-02-27,Shipped,International shipment — customs docs needed.,23368
19197,2024-12-16,2025-01-12,2024-12-26,Shipped,,20347
19198,2023-01-11,2023-02-05,2023-01-16,Disputed,,20224
19199,2023-09-10,2023-10-02,,Cancelled,,21729
19200,2022-01-30,2022-02-10,2022-02-04,Shipped,,20969
19201,2024-06-09,2024-06-19,,Cancelled,,22689
19202,2024-02-08,2024-02-19,2024-02-11,Shipped,Hold for customer confirmation.,21294
19203,2023-05-15,2023-06-09,,Cancelled,,24967
19204,2024-10-12,2024-11-11,2024-10-13,Shipped,Call before delivery.,21842
19205,2025-09-15,2025-10-08,2025-09-18,Shipped,,24101
19206,2023-01-13,2023-01-30,,In Process,,23793
19207,2025-12-30,2026-01-19,,On Hold,,23135
19208,2023-05-03,2023-05-13,2023-05-07,Shipped,International shipment — customs docs needed.,24633
19209,2022-12-08,2022-12-27,2022-12-17,Shipped,Replacement for damaged order.,24903
19210,2024-04-18,2024-05-15,,On Hold,Customer will pick up at warehouse.,20961
19211,2026-04-13,2026-04-22,,On Hold,Replacement for damaged order.,21987
19212,2022-04-02,2022-04-10,,On Hold,,23975
19213,2024-03-01,2024-03-28,,Cancelled,Check stock before processing.,20061
19214,2026-03-27,2026-04-20,,Cancelled,Replacement for damaged order.,20922
19215,2025-12-02,2025-12-20,,On Hold,,23680
19216,2025-03-24,2025-04-02,2025-04-01,Disputed,International shipment — customs docs needed.,20428
19217,2022-06-17,2022-07-17,2022-06-24,Shipped,Gift wrapping requested.,20721
19218,2024-05-23,2024-06-11,2024-05-29,Shipped,,21649
19219,2023-01-12,2023-02-03,,On Hold,Customer will pick up at warehouse.,22317
19220,2026-06-25,2026-07-09,2026-06-29,Resolved,Check stock before processing.,23716
19221,2024-07-26,2024-08-11,2024-08-05,Disputed,Please ship as soon as possible.,20084
19222,2023-12-11,2024-01-01,2023-12-16,Shipped,Special discount applied.,22038
19223,2022-07-25,2022-08-04,2022-08-03,Resolved,Please ship as soon as possible.,22327
19224,2023-07-23,2023-08-18,,In Process,Customer requested expedited shipping.,20603
19225,2026-01-16,2026-01-30,2026-01-17,Shipped,Check stock before processing.,23382
19226,2022-08-04,2022-08-29,2022-08-08,Resolved,Please ship as soon as possible.,23177
19227,2023-02-12,2023-02-25,2023-02-17,Disputed,International shipment — customs docs needed.,24944
19228,2024-04-30,2024-05-19,2024-05-01,Shipped,,21100
19229,2026-02-15,2026-03-11,2026-02-22,Shipped,Partial shipment approved by customer.,20656
19230,2022-07-05,2022-08-04,,On Hold,Gift wrapping requested.,22133
19231,2025-09-04,2025-09-24,2025-09-06,Shipped,,24240
19232,2023-07-16,2023-08-01,,In Process,,20457
19233,2023-03-11,2023-04-07,2023-03-14,Shipped,,21087
19234,2025-08-31,2025-09-17,,On Hold,Gift wrapping requested.,22660
19235,2024-05-20,2024-05-28,2024-05-21,Disputed,Replacement for damaged order.,22560
19236,2023-01-25,2023-02-06,,Cancelled,Priority customer — rush order.,24276
19237,2025-05-01,2025-05-17,,In Process,,24005
19238,2025-08-27,2025-09-19,2025-09-03,Disputed,Special discount applied.,24694
19239,2025-01-22,2025-02-17,2025-01-26,Shipped,Customer will pick up at warehouse.,23017
19240,2023-12-08,2023-12-19,,On Hold,,24406
19241,2024-06-19,2024-07-01,2024-06-24,Shipped,Customer will pick up at warehouse.,20957
19242,2025-02-21,2025-03-06,2025-03-01,Shipped,Customer requested expedited shipping.,20254
19243,2024-07-24,2024-08-08,2024-07-27,Disputed,Replacement for damaged order.,22026
19244,2022-07-19,2022-07-30,2022-07-21,Shipped,,21301
19245,2024-06-04,2024-06-16,2024-06-14,Shipped,,22802
19246,2023-06-02,2023-06-29,2023-06-12,Shipped,Replacement for damaged order.,23103
19247,2023-04-01,2023-04-20,,In Process,,22190
19248,2022-08-01,2022-08-11,,In Process,Partial shipment approved by customer.,24459
19249,2026-01-17,2026-02-16,2026-01-24,Shipped,Call before delivery.,23869
19250,2022-09-22,2022-10-14,,On Hold,,24579
19251,2024-06-20,2024-06-29,2024-06-27,Disputed,Partial shipment approved by customer.,20208
19252,2024-04-07,2024-04-25,2024-04-11,Resolved,,21526
19253,2023-03-02,2023-03-23,2023-03-03,Disputed,Hold for customer confirmation.,23554
19254,2026-05-18,2026-06-03,2026-05-24,Disputed,Call before delivery.,23841
19255,2022-08-19,2022-08-26,2022-08-28,Shipped,Verified credit before processing.,20232
19256,2025-02-22,2025-03-22,,On Hold,Check stock before processing.,23018
19257,2024-10-28,2024-11-18,,In Process,,23063
19258,2024-12-30,2025-01-29,,On Hold,Customer will pick up at warehouse.,23040
19259,2025-05-09,2025-05-22,,On Hold,,21065
19260,2025-11-09,2025-11-23,,On Hold,,20559
19261,2026-01-29,2026-02-06,2026-02-07,Shipped,,20888
19262,2022-12-29,2023-01-25,2023-01-06,Shipped,,23354
19263,2023-01-10,2023-02-06,2023-01-16,Shipped,,22313
19264,2024-01-21,2024-02-07,2024-01-30,Shipped,Backorder — ship when available.,20452
19265,2023-09-10,2023-09-29,2023-09-20,Shipped,Priority customer — rush order.,21032
19266,2025-12-02,2025-12-09,2025-12-09,Shipped,,23331
19267,2022-04-22,2022-05-21,,On Hold,Check stock before processing.,21393
19268,2023-05-17,2023-06-10,,In Process,,23666
19269,2025-05-24,2025-06-16,2025-05-26,Shipped,,22532
19270,2025-08-22,2025-09-18,2025-09-01,Shipped,Customer will pick up at warehouse.,22919
19271,2023-06-02,2023-06-20,2023-06-12,Disputed,Fragile items — handle with care.,22336
19272,2025-06-02,2025-06-19,2025-06-05,Shipped,Special discount applied.,22404
19273,2024-12-06,2024-12-16,,In Process,Call before delivery.,24551
19274,2022-09-24,2022-10-04,2022-10-02,Shipped,Please ship as soon as possible.,20724
19275,2022-01-13,2022-01-24,2022-01-17,Shipped,Check stock before processing.,24141
19276,2025-07-25,2025-08-08,2025-07-27,Resolved,,23258
19277,2026-02-02,2026-02-27,2026-02-08,Shipped,Backorder — ship when available.,21251
19278,2024-01-26,2024-02-13,2024-01-27,Shipped,Replacement for damaged order.,21759
19279,2023-11-27,2023-12-09,2023-12-01,Shipped,Fragile items — handle with care.,24251
19280,2025-05-24,2025-06-08,2025-05-28,Shipped,,22886
19281,2025-12-29,2026-01-23,,Cancelled,,24159
19282,2025-07-06,2025-07-25,2025-07-12,Disputed,Verified credit before processing.,24228
19283,2023-10-25,2023-11-04,2023-10-30,Shipped,Call before delivery.,22682
19284,2024-07-28,2024-08-17,,Cancelled,,23926
19285,2022-10-13,2022-11-09,,On Hold,Partial shipment approved by customer.,24367
19286,2024-11-15,2024-12-05,,In Process,,24314
19287,2022-08-29,2022-09-13,2022-09-03,Shipped,Hold for customer confirmation.,20473
19288,2022-10-14,2022-11-07,,On Hold,Replacement for damaged order.,22153
19289,2022-03-02,2022-03-24,2022-03-06,Resolved,,20080
19290,2024-01-11,2024-01-31,2024-01-19,Shipped,Priority customer — rush order.,23894
19291,2024-07-26,2024-08-24,2024-07-29,Shipped,,22844
19292,2025-06-06,2025-06-13,2025-06-10,Shipped,Call before delivery.,20440
19293,2023-12-04,2023-12-20,2023-12-05,Shipped,Backorder — ship when available.,23209
19294,2026-04-13,2026-05-11,2026-04-16,Shipped,Gift wrapping requested.,23329
19295,2023-08-15,2023-08-24,2023-08-16,Shipped,Customer will pick up at warehouse.,22642
19296,2023-12-12,2024-01-02,2023-12-16,Shipped,Call before delivery.,21744
19297,2025-12-15,2025-12-28,2025-12-25,Disputed,,20536
19298,2025-10-12,2025-10-30,2025-10-22,Shipped,Hold for customer confirmation.,20978
19299,2023-10-11,2023-11-02,2023-10-18,Shipped,Verified credit before processing.,20112
19300,2023-12-23,2024-01-11,2023-12-28,Shipped,Gift wrapping requested.,22764
19301,2025-06-24,2025-07-06,,Cancelled,Hold for customer confirmation.,21941
19302,2024-03-09,2024-04-06,2024-03-18,Resolved,,21467
19303,2022-04-20,2022-04-29,2022-04-28,Shipped,Check stock before processing.,20391
19304,2022-02-14,2022-03-01,2022-02-16,Shipped,Priority customer — rush order.,20833
19305,2025-05-30,2025-06-29,2025-06-07,Disputed,,24836
19306,2022-08-01,2022-08-30,,In Process,,23222
19307,2022-07-12,2022-07-19,2022-07-17,Shipped,Call before delivery.,23399
19308,2025-02-09,2025-03-01,,Cancelled,,23796
19309,2025-05-11,2025-05-21,2025-05-12,Shipped,,21844
19310,2023-05-20,2023-06-01,2023-05-26,Shipped,Partial shipment approved by customer.,23668
19311,2024-01-30,2024-02-24,2024-02-04,Shipped,,20570
19312,2025-05-29,2025-06-16,2025-05-30,Shipped,Customer will pick up at warehouse.,24493
19313,2024-12-21,2025-01-14,2024-12-23,Resolved,International shipment — customs docs needed.,22920
19314,2025-07-03,2025-07-23,,On Hold,,22788
19315,2023-09-05,2023-09-12,2023-09-06,Shipped,Customer will pick up at warehouse.,21860
19316,2022-01-10,2022-01-17,2022-01-11,Resolved,Partial shipment approved by customer.,23438
19317,2023-01-14,2023-02-11,2023-01-23,Shipped,,21418
19318,2024-06-30,2024-07-29,2024-07-08,Resolved,Call before delivery.,20537
19319,2025-08-27,2025-09-08,2025-09-05,Shipped,Call before delivery.,20745
19320,2024-06-03,2024-06-11,,In Process,Priority customer — rush order.,22961
19321,2023-12-19,2024-01-03,2023-12-29,Shipped,Priority customer — rush order.,20906
19322,2023-04-02,2023-04-23,2023-04-11,Shipped,Verified credit before processing.,23832
19323,2023-02-12,2023-02-27,2023-02-18,Shipped,Backorder — ship when available.,23195
19324,2023-04-25,2023-05-13,,In Process,Backorder — ship when available.,20250
19325,2025-05-11,2025-05-28,2025-05-13,Shipped,Call before delivery.,23131
19326,2023-08-18,2023-09-12,,On Hold,Call before delivery.,24681
19327,2023-06-21,2023-07-12,2023-06-29,Disputed,Priority customer — rush order.,20789
19328,2023-12-20,2024-01-03,2023-12-21,Shipped,,24362
19329,2025-05-08,2025-06-03,2025-05-13,Shipped,Priority customer — rush order.,22221
19330,2023-02-19,2023-03-13,2023-02-25,Disputed,,24599
19331,2023-04-25,2023-05-14,2023-05-04,Shipped,Customer will pick up at warehouse.,24707
19332,2022-05-08,2022-05-21,2022-05-10,Shipped,Call before delivery.,24427
19333,2025-01-24,2025-02-09,,On Hold,Partial shipment approved by customer.,20917
19334,2023-05-22,2023-06-02,,In Process,Backorder — ship when available.,20577
19335,2025-05-07,2025-05-25,2025-05-12,Shipped,Customer requested expedited shipping.,20503
19336,2023-03-03,2023-03-14,,On Hold,,21438
19337,2025-07-29,2025-08-07,2025-08-02,Resolved,Priority customer — rush order.,23699
19338,2026-04-06,2026-04-30,2026-04-09,Shipped,,20601
19339,2023-01-24,2023-02-07,2023-02-03,Resolved,,23583
19340,2022-05-22,2022-06-14,2022-05-23,Shipped,Priority customer — rush order.,20657
19341,2023-10-31,2023-11-15,2023-11-04,Shipped,Partial shipment approved by customer.,21319
19342,2022-11-14,2022-12-11,,On Hold,,22721
19343,2024-02-22,2024-03-12,,In Process,,24218
19344,2024-06-17,2024-07-11,,Cancelled,Gift wrapping requested.,23835
19345,2022-08-16,2022-09-10,2022-08-21,Resolved,Customer will pick up at warehouse.,22801
19346,2022-10-01,2022-10-18,2022-10-08,Shipped,Priority customer — rush order.,21052
19347,2025-07-30,2025-08-20,2025-08-03,Shipped,Priority customer — rush order.,23303
19348,2022-04-07,2022-04-18,2022-04-10,Disputed,Check stock before processing.,21574
19349,2022-12-04,2023-01-02,2022-12-13,Disputed,Call before delivery.,22395
19350,2025-07-29,2025-08-21,2025-07-30,Disputed,Hold for customer confirmation.,22748
19351,2025-03-28,2025-04-26,2025-03-30,Shipped,Hold for customer confirmation.,24059
19352,2025-01-28,2025-02-15,2025-02-03,Shipped,,24164
19353,2024-07-26,2024-08-07,,In Process,Priority customer — rush order.,24256
19354,2026-03-22,2026-04-18,2026-03-27,Shipped,,21576
19355,2023-05-02,2023-05-27,2023-05-08,Shipped,Fragile items — handle with care.,20919
19356,2025-10-08,2025-11-07,2025-10-11,Shipped,,20019
19357,2024-03-29,2024-04-06,2024-04-05,Shipped,Partial shipment approved by customer.,23978
19358,2024-09-01,2024-09-20,2024-09-07,Shipped,,24293
19359,2024-09-14,2024-09-22,2024-09-17,Shipped,Customer will pick up at warehouse.,22657
19360,2026-04-22,2026-04-29,,Cancelled,Please ship as soon as possible.,20387
19361,2024-11-23,2024-12-18,,Cancelled,,23653
19362,2022-01-27,2022-02-23,,In Process,,20534
19363,2024-03-24,2024-04-03,,In Process,,21443
19364,2024-03-05,2024-03-19,2024-03-08,Shipped,,23017
19365,2024-12-26,2025-01-15,2025-01-05,Shipped,,21532
19366,2024-12-11,2024-12-21,,Cancelled,,21762
19367,2022-09-19,2022-10-01,,On Hold,Priority customer — rush order.,21925
19368,2025-11-27,2025-12-25,2025-12-03,Disputed,Backorder — ship when available.,24456
19369,2025-08-23,2025-09-09,2025-08-27,Shipped,Priority customer — rush order.,23099
19370,2026-03-14,2026-04-01,,Cancelled,Verified credit before processing.,21862
19371,2022-05-25,2022-06-03,2022-06-04,Shipped,,20397
19372,2024-03-14,2024-03-29,,Cancelled,Check stock before processing.,20794
19373,2024-05-29,2024-06-21,2024-05-30,Shipped,Gift wrapping requested.,24482
19374,2025-04-24,2025-05-07,2025-05-02,Shipped,Check stock before processing.,21696
19375,2024-06-07,2024-06-18,2024-06-10,Shipped,Hold for customer confirmation.,21613
19376,2026-01-26,2026-02-18,2026-02-01,Disputed,Priority customer — rush order.,24587
19377,2023-04-02,2023-04-26,,In Process,Partial shipment approved by customer.,22467
19378,2023-02-02,2023-02-17,2023-02-06,Shipped,Partial shipment approved by customer.,21561
19379,2023-05-25,2023-06-22,,In Process,International shipment — customs docs needed.,22652
19380,2022-07-19,2022-08-15,2022-07-28,Disputed,Gift wrapping requested.,23920
19381,2025-03-09,2025-04-08,2025-03-13,Disputed,Backorder — ship when available.,21515
19382,2022-09-21,2022-10-15,2022-09-23,Shipped,International shipment — customs docs needed.,23670
19383,2023-02-08,2023-03-09,2023-02-14,Shipped,,23399
19384,2025-08-30,2025-09-19,2025-09-09,Shipped,Verified credit before processing.,24236
19385,2024-01-19,2024-02-17,2024-01-21,Disputed,Fragile items — handle with care.,24241
19386,2022-12-29,2023-01-08,,In Process,Fragile items — handle with care.,21707
19387,2025-04-05,2025-04-25,2025-04-14,Shipped,,23023
19388,2022-08-19,2022-09-12,2022-08-27,Shipped,,24637
19389,2023-06-10,2023-06-27,2023-06-12,Resolved,,23844
19390,2022-08-07,2022-09-01,,In Process,,20831
19391,2025-07-01,2025-07-25,,In Process,Backorder — ship when available.,24324
19392,2023-04-30,2023-05-16,,In Process,Verified credit before processing.,23109
19393,2024-06-30,2024-07-30,2024-07-01,Shipped,Hold for customer confirmation.,22816
19394,2024-04-15,2024-04-24,2024-04-18,Shipped,,21040
19395,2022-07-04,2022-07-11,2022-07-10,Shipped,,23492
19396,2024-07-30,2024-08-16,,Cancelled,Priority customer — rush order.,22407
19397,2022-08-15,2022-08-31,2022-08-20,Shipped,Check stock before processing.,24585
19398,2025-04-28,2025-05-16,,In Process,Please ship as soon as possible.,24741
19399,2023-10-27,2023-11-04,,In Process,Customer will pick up at warehouse.,22620
19400,2025-10-31,2025-11-19,2025-11-09,Shipped,,21141
19401,2024-02-03,2024-02-24,,Cancelled,,24880
19402,2022-03-12,2022-03-29,2022-03-14,Resolved,Gift wrapping requested.,24591
19403,2025-02-01,2025-02-26,2025-02-04,Shipped,Please ship as soon as possible.,24405
19404,2023-12-14,2023-12-28,2023-12-15,Shipped,,20243
19405,2026-01-22,2026-01-29,,In Process,,22646
19406,2024-09-02,2024-09-20,2024-09-11,Shipped,,20566
19407,2023-06-18,2023-07-15,,Cancelled,,21260
19408,2025-03-31,2025-04-18,2025-04-05,Resolved,,20463
19409,2025-06-06,2025-06-30,,On Hold,,20834
19410,2023-12-05,2023-12-23,2023-12-09,Shipped,Partial shipment approved by customer.,20126
19411,2025-11-05,2025-11-27,2025-11-08,Shipped,Replacement for damaged order.,21199
19412,2026-01-14,2026-02-10,2026-01-17,Shipped,,22472
19413,2025-09-12,2025-09-24,,On Hold,International shipment — customs docs needed.,21093
19414,2025-03-12,2025-03-28,,In Process,Hold for customer confirmation.,23456
19415,2023-03-03,2023-03-23,2023-03-08,Shipped,,20989
19416,2025-03-09,2025-03-20,2025-03-18,Shipped,Call before delivery.,24153
19417,2026-03-15,2026-03-23,2026-03-22,Shipped,Verified credit before processing.,21860
19418,2025-07-25,2025-08-16,,On Hold,Fragile items — handle with care.,24149
19419,2022-08-15,2022-08-30,2022-08-16,Shipped,Backorder — ship when available.,21677
19420,2023-02-15,2023-03-04,,In Process,,23683
19421,2022-11-28,2022-12-08,2022-12-02,Shipped,Customer requested expedited shipping.,21262
19422,2023-10-28,2023-11-04,,Cancelled,Hold for customer confirmation.,20402
19423,2025-07-15,2025-08-02,2025-07-17,Shipped,,22130
19424,2024-04-10,2024-05-01,2024-04-13,Disputed,Partial shipment approved by customer.,22370
19425,2026-07-13,2026-07-20,,On Hold,Backorder — ship when available.,21276
19426,2024-05-30,2024-06-11,,In Process,Fragile items — handle with care.,21566
19427,2024-12-25,2025-01-07,2024-12-26,Disputed,,20019
19428,2023-04-29,2023-05-24,2023-05-06,Shipped,Customer will pick up at warehouse.,23490
19429,2024-01-10,2024-02-03,,On Hold,Call before delivery.,22248
19430,2024-12-14,2025-01-12,,In Process,Call before delivery.,22641
19431,2024-11-02,2024-11-10,2024-11-12,Shipped,,23974
19432,2023-09-16,2023-09-27,,Cancelled,Partial shipment approved by customer.,20659
19433,2024-01-28,2024-02-27,2024-02-03,Shipped,Customer requested expedited shipping.,24099
19434,2025-06-17,2025-07-14,,On Hold,,20411
19435,2023-08-04,2023-08-24,,In Process,Special discount applied.,22057
19436,2022-03-25,2022-04-07,2022-04-01,Shipped,,22328
19437,2024-07-15,2024-07-22,2024-07-17,Shipped,Priority customer — rush order.,20741
19438,2024-02-02,2024-02-18,2024-02-12,Shipped,Gift wrapping requested.,20664
19439,2024-09-24,2024-10-20,2024-09-30,Resolved,Replacement for damaged order.,23408
19440,2025-05-03,2025-06-02,2025-05-10,Shipped,,23213
19441,2022-07-28,2022-08-27,,In Process,,20126
19442,2025-08-01,2025-08-08,,On Hold,Customer will pick up at warehouse.,24549
19443,2023-08-21,2023-09-06,2023-08-30,Shipped,Gift wrapping requested.,22354
19444,2024-11-14,2024-12-12,2024-11-19,Shipped,Hold for customer confirmation.,22593
19445,2023-09-05,2023-10-03,2023-09-12,Shipped,,24770
19446,2022-03-05,2022-03-18,,In Process,Gift wrapping requested.,22864
19447,2022-12-09,2022-12-27,,Cancelled,Verified credit before processing.,22274
19448,2026-03-11,2026-03-29,2026-03-16,Shipped,Customer requested expedited shipping.,21816
19449,2024-02-11,2024-03-04,,On Hold,Call before delivery.,24531
19450,2023-07-13,2023-07-26,2023-07-17,Disputed,,20983
19451,2025-06-05,2025-06-25,2025-06-06,Resolved,Please ship as soon as possible.,24030
19452,2022-11-20,2022-12-08,2022-11-24,Shipped,Special discount applied.,20303
19453,2022-03-04,2022-03-29,,In Process,Special discount applied.,21280
19454,2022-01-25,2022-02-16,2022-01-27,Shipped,Verified credit before processing.,22326
19455,2023-09-19,2023-10-16,,In Process,Partial shipment approved by customer.,24941
19456,2023-06-04,2023-06-28,2023-06-05,Shipped,Check stock before processing.,22976
19457,2023-05-16,2023-06-06,,In Process,Backorder — ship when available.,21341
19458,2024-07-21,2024-08-15,,On Hold,Hold for customer confirmation.,21636
19459,2024-01-14,2024-02-11,2024-01-24,Resolved,Verified credit before processing.,23630
19460,2025-01-27,2025-02-22,2025-01-30,Shipped,Replacement for damaged order.,23943
19461,2022-11-13,2022-12-05,2022-11-19,Shipped,Gift wrapping requested.,22803
19462,2026-07-09,2026-07-30,,In Process,,20385
19463,2022-07-02,2022-07-17,,On Hold,Priority customer — rush order.,21939
19464,2023-12-12,2023-12-23,,On Hold,,24972
19465,2025-11-20,2025-12-11,2025-11-29,Resolved,,24667
19466,2022-09-24,2022-10-06,2022-10-01,Shipped,Customer requested expedited shipping.,20119
19467,2026-02-20,2026-03-21,,In Process,Check stock before processing.,23557
19468,2026-05-29,2026-06-07,2026-06-08,Shipped,,21786
19469,2024-02-13,2024-03-08,,Cancelled,Backorder — ship when available.,20303
19470,2026-05-08,2026-05-23,,On Hold,Customer requested expedited shipping.,23852
19471,2023-11-28,2023-12-22,2023-12-04,Shipped,,20508
19472,2024-08-17,2024-09-14,2024-08-26,Shipped,,22139
19473,2023-04-05,2023-04-23,2023-04-09,Shipped,Verified credit before processing.,21545
19474,2023-09-01,2023-09-30,2023-09-04,Resolved,Hold for customer confirmation.,23713
19475,2022-11-07,2022-11-22,,Cancelled,Verified credit before processing.,23865
19476,2024-01-31,2024-02-18,,In Process,Call before delivery.,24141
19477,2024-01-20,2024-02-19,2024-01-24,Shipped,,21721
19478,2023-02-13,2023-02-23,,In Process,Backorder — ship when available.,24926
19479,2024-03-20,2024-04-15,2024-03-23,Disputed,,20281
19480,2022-02-02,2022-02-25,,Cancelled,Replacement for damaged order.,21321
19481,2024-08-02,2024-08-27,2024-08-10,Disputed,,24713
19482,2024-01-29,2024-02-14,2024-02-06,Shipped,Gift wrapping requested.,22058
19483,2022-11-09,2022-12-08,2022-11-14,Shipped,Customer requested expedited shipping.,21909
19484,2022-07-05,2022-07-22,,On Hold,,23766
19485,2025-07-17,2025-07-28,,Cancelled,,23202
19486,2022-09-22,2022-10-09,2022-09-26,Resolved,,20508
19487,2023-11-27,2023-12-12,2023-12-02,Shipped,,21757
19488,2024-10-30,2024-11-12,2024-11-02,Resolved,,24332
19489,2024-02-23,2024-03-04,2024-02-27,Disputed,Partial shipment approved by customer.,21812
19490,2022-03-11,2022-04-07,2022-03-13,Shipped,Verified credit before processing.,23830
19491,2026-04-08,2026-04-22,,In Process,,24452
19492,2023-11-29,2023-12-19,,On Hold,,23642
19493,2023-04-23,2023-05-05,2023-04-30,Resolved,Priority customer — rush order.,20373
19494,2025-11-25,2025-12-19,2025-11-29,Resolved,Partial shipment approved by customer.,20070
19495,2025-06-02,2025-06-11,2025-06-07,Disputed,Please ship as soon as possible.,21366
19496,2025-01-27,2025-02-23,2025-02-03,Shipped,,22071
19497,2023-06-15,2023-07-07,2023-06-19,Resolved,Hold for customer confirmation.,24726
19498,2026-05-15,2026-06-14,,In Process,Call before delivery.,20010
19499,2025-10-22,2025-11-05,2025-10-24,Shipped,Verified credit before processing.,24840
19500,2023-04-23,2023-05-15,2023-04-29,Shipped,Partial shipment approved by customer.,22836
19501,2022-04-13,2022-05-09,2022-04-20,Shipped,Partial shipment approved by customer.,23463
19502,2022-01-20,2022-02-11,2022-01-30,Shipped,Verified credit before processing.,20417
19503,2026-05-19,2026-06-15,,On Hold,Priority customer — rush order.,24943
19504,2025-06-21,2025-07-19,2025-06-25,Resolved,,23328
19505,2022-05-01,2022-05-17,2022-05-05,Disputed,Please ship as soon as possible.,20819
19506,2026-07-20,2026-08-09,2026-07-20,Shipped,,22812
19507,2025-07-07,2025-07-18,2025-07-15,Shipped,Gift wrapping requested.,24917
19508,2022-02-11,2022-02-24,,Cancelled,,24716
19509,2022-06-06,2022-06-16,2022-06-14,Shipped,Verified credit before processing.,20983
19510,2024-09-19,2024-10-19,2024-09-22,Disputed,International shipment — customs docs needed.,24527
19511,2024-06-20,2024-07-09,2024-06-23,Resolved,,20959
19512,2026-02-01,2026-02-13,2026-02-09,Shipped,Replacement for damaged order.,23399
19513,2022-06-05,2022-06-28,2022-06-12,Shipped,Call before delivery.,22615
19514,2022-11-24,2022-12-03,,In Process,Call before delivery.,22325
19515,2026-01-23,2026-02-22,,In Process,,22947
19516,2022-08-15,2022-09-09,2022-08-22,Disputed,Verified credit before processing.,21780
19517,2025-09-12,2025-10-07,2025-09-19,Shipped,,22954
19518,2026-03-03,2026-03-17,2026-03-10,Shipped,Special discount applied.,24977
19519,2023-05-27,2023-06-20,,In Process,,24470
19520,2022-02-06,2022-03-06,2022-02-11,Shipped,Hold for customer confirmation.,20345
19521,2023-07-07,2023-08-01,,In Process,,20655
19522,2024-10-28,2024-11-26,2024-10-31,Resolved,Backorder — ship when available.,22965
19523,2022-09-06,2022-10-04,2022-09-11,Shipped,,21096
19524,2022-12-16,2023-01-11,,On Hold,,21222
19525,2023-04-14,2023-04-22,2023-04-19,Shipped,Check stock before processing.,22801
19526,2025-09-20,2025-10-11,2025-09-23,Shipped,Verified credit before processing.,23789
19527,2022-04-30,2022-05-11,,On Hold,Please ship as soon as possible.,21498
19528,2022-07-02,2022-07-22,2022-07-10,Disputed,Special discount applied.,20672
19529,2026-06-21,2026-07-17,,On Hold,Fragile items — handle with care.,20350
19530,2022-07-29,2022-08-12,,On Hold,,21958
19531,2024-06-17,2024-07-08,,On Hold,Backorder — ship when available.,24929
19532,2025-12-07,2025-12-28,2025-12-10,Shipped,,24637
19533,2026-06-03,2026-06-25,,Cancelled,,24949
19534,2023-03-10,2023-04-06,,Cancelled,,20435
19535,2022-05-07,2022-06-06,2022-05-11,Shipped,,23334
19536,2023-06-14,2023-07-08,,On Hold,Replacement for damaged order.,21742
19537,2026-05-07,2026-06-04,2026-05-12,Shipped,Replacement for damaged order.,21121
19538,2022-06-06,2022-06-29,2022-06-13,Resolved,Customer will pick up at warehouse.,23279
19539,2025-05-07,2025-06-02,2025-05-10,Shipped,Customer will pick up at warehouse.,24852
19540,2024-08-13,2024-09-10,2024-08-15,Resolved,Fragile items — handle with care.,20993
19541,2023-08-27,2023-09-07,2023-09-02,Shipped,Call before delivery.,23870
19542,2026-06-19,2026-07-10,,On Hold,Replacement for damaged order.,24154
19543,2024-08-05,2024-08-26,2024-08-12,Shipped,Hold for customer confirmation.,24191
19544,2023-05-09,2023-05-30,2023-05-19,Shipped,,22809
19545,2025-11-21,2025-12-02,2025-11-28,Resolved,Customer will pick up at warehouse.,23482
19546,2023-01-19,2023-02-01,2023-01-22,Shipped,,24626
19547,2022-11-05,2022-12-01,2022-11-08,Disputed,Check stock before processing.,22475
19548,2022-11-30,2022-12-16,2022-12-05,Shipped,Call before delivery.,24407
19549,2024-01-13,2024-01-23,,On Hold,Customer requested expedited shipping.,22648
19550,2026-07-09,2026-07-23,2026-07-17,Disputed,,22605
19551,2022-07-15,2022-07-26,2022-07-22,Resolved,,21796
19552,2025-11-02,2025-11-16,2025-11-09,Shipped,,21646
19553,2026-02-14,2026-03-12,,Cancelled,,22533
19554,2025-03-23,2025-04-20,2025-03-29,Shipped,Special discount applied.,22366
19555,2023-03-15,2023-04-11,2023-03-25,Shipped,Customer requested expedited shipping.,20626
19556,2025-03-31,2025-04-20,,In Process,Customer will pick up at warehouse.,21255
19557,2022-11-25,2022-12-08,2022-12-03,Resolved,,21141
19558,2022-03-07,2022-03-26,,In Process,,22649
19559,2024-08-07,2024-08-28,2024-08-12,Disputed,,20089
19560,2025-06-15,2025-06-25,2025-06-23,Disputed,Hold for customer confirmation.,21470
19561,2022-10-23,2022-11-01,2022-10-25,Shipped,Gift wrapping requested.,22237
19562,2023-01-27,2023-02-23,2023-01-28,Shipped,Fragile items — handle with care.,23768
19563,2025-11-14,2025-12-13,2025-11-15,Resolved,Fragile items — handle with care.,20105
19564,2023-02-01,2023-03-01,2023-02-08,Disputed,Fragile items — handle with care.,24389
19565,2023-10-05,2023-10-19,,In Process,,23495
19566,2024-10-23,2024-11-10,,In Process,,23499
19567,2022-07-26,2022-08-12,,On Hold,Hold for customer confirmation.,23594
19568,2024-06-12,2024-06-24,2024-06-21,Disputed,Partial shipment approved by customer.,23163
19569,2025-09-19,2025-10-18,2025-09-22,Shipped,Customer requested expedited shipping.,22664
19570,2022-11-04,2022-11-27,,In Process,,22996
19571,2022-02-05,2022-02-28,2022-02-11,Shipped,Call before delivery.,21989
19572,2025-09-04,2025-09-24,2025-09-14,Disputed,Call before delivery.,20876
19573,2026-05-13,2026-06-10,2026-05-16,Shipped,Customer requested expedited shipping.,23536
19574,2025-04-12,2025-04-23,2025-04-22,Shipped,,24312
19575,2024-10-14,2024-11-07,2024-10-20,Resolved,,23426
19576,2026-07-18,2026-08-02,,Cancelled,,24203
19577,2022-03-06,2022-03-24,2022-03-13,Shipped,Gift wrapping requested.,21654
19578,2024-04-12,2024-04-28,2024-04-14,Shipped,Hold for customer confirmation.,23473
19579,2022-04-02,2022-04-23,,Cancelled,Special discount applied.,20928
19580,2023-08-20,2023-09-16,2023-08-28,Shipped,Replacement for damaged order.,21375
19581,2023-01-10,2023-02-05,2023-01-19,Shipped,Check stock before processing.,24941
19582,2022-09-29,2022-10-14,,On Hold,Backorder — ship when available.,22301
19583,2024-05-08,2024-05-15,2024-05-17,Disputed,,20203
19584,2025-03-18,2025-04-09,2025-03-20,Shipped,,23489
19585,2024-09-17,2024-10-05,2024-09-22,Shipped,,24498
19586,2022-03-17,2022-03-29,2022-03-22,Shipped,Call before delivery.,22561
19587,2026-03-18,2026-04-01,2026-03-19,Shipped,Backorder — ship when available.,24670
19588,2026-06-15,2026-06-29,2026-06-17,Disputed,,22006
19589,2023-12-14,2024-01-12,,Cancelled,Verified credit before processing.,21174
19590,2022-06-16,2022-07-09,2022-06-26,Shipped,Hold for customer confirmation.,22039
19591,2024-08-19,2024-09-04,,In Process,Replacement for damaged order.,21080
19592,2024-06-30,2024-07-17,2024-07-06,Shipped,International shipment — customs docs needed.,20941
19593,2025-08-03,2025-08-27,,Cancelled,,22312
19594,2022-02-26,2022-03-09,,On Hold,Check stock before processing.,21555
19595,2024-02-08,2024-02-19,2024-02-13,Shipped,,22285
19596,2023-03-29,2023-04-27,,In Process,Partial shipment approved by customer.,24128
19597,2025-08-23,2025-08-30,2025-08-29,Shipped,Check stock before processing.,23432
19598,2023-03-19,2023-04-05,,Cancelled,,24805
19599,2023-05-27,2023-06-17,2023-06-01,Disputed,,20647
19600,2022-03-09,2022-03-18,2022-03-12,Shipped,Partial shipment approved by customer.,21409
19601,2025-05-17,2025-06-09,2025-05-23,Shipped,Verified credit before processing.,21454
19602,2022-12-21,2023-01-15,2022-12-29,Shipped,Call before delivery.,22949
19603,2022-02-13,2022-03-09,,Cancelled,Backorder — ship when available.,24838
19604,2023-12-20,2024-01-11,,On Hold,Please ship as soon as possible.,22540
19605,2026-04-14,2026-04-30,2026-04-18,Shipped,,23403
19606,2023-01-17,2023-02-11,2023-01-21,Shipped,Priority customer — rush order.,23723
19607,2024-08-06,2024-08-21,2024-08-13,Shipped,Gift wrapping requested.,21474
19608,2025-03-09,2025-04-08,2025-03-17,Shipped,Backorder — ship when available.,20943
19609,2022-11-25,2022-12-23,2022-12-03,Shipped,International shipment — customs docs needed.,20338
19610,2022-02-06,2022-02-24,2022-02-07,Shipped,Hold for customer confirmation.,20128
19611,2022-07-17,2022-07-25,2022-07-22,Shipped,,21692
19612,2022-01-04,2022-01-23,,Cancelled,,24043
19613,2026-03-22,2026-04-17,2026-03-23,Resolved,Please ship as soon as possible.,22727
19614,2022-03-04,2022-03-30,,On Hold,International shipment — customs docs needed.,23839
19615,2024-03-10,2024-03-17,,On Hold,,24218
19616,2023-04-05,2023-04-22,,In Process,,23060
19617,2026-01-03,2026-01-19,2026-01-12,Shipped,Replacement for damaged order.,24651
19618,2025-01-04,2025-02-01,2025-01-07,Shipped,Priority customer — rush order.,20377
19619,2024-08-21,2024-09-08,2024-08-26,Shipped,,21472
19620,2022-06-06,2022-06-20,2022-06-13,Shipped,Partial shipment approved by customer.,24195
19621,2024-03-05,2024-03-23,,On Hold,,23075
19622,2023-11-20,2023-11-29,,Cancelled,Verified credit before processing.,23834
19623,2025-03-23,2025-04-16,2025-03-26,Shipped,Please ship as soon as possible.,24007
19624,2024-01-16,2024-02-01,2024-01-22,Resolved,Backorder — ship when available.,21013
19625,2025-05-23,2025-06-16,,Cancelled,Replacement for damaged order.,23561
19626,2022-10-28,2022-11-17,2022-11-02,Shipped,Fragile items — handle with care.,23555
19627,2023-09-18,2023-10-14,2023-09-23,Resolved,Partial shipment approved by customer.,23018
19628,2023-02-05,2023-02-27,,On Hold,,24569
19629,2023-02-10,2023-03-03,2023-02-15,Shipped,Gift wrapping requested.,21991
19630,2025-11-16,2025-12-12,,Cancelled,Call before delivery.,22801
19631,2024-01-03,2024-01-29,2024-01-09,Resolved,Call before delivery.,21312
19632,2025-03-02,2025-03-13,,On Hold,,20318
19633,2026-02-25,2026-03-25,2026-03-06,Shipped,,22315
19634,2022-08-23,2022-09-08,,In Process,Verified credit before processing.,21579
19635,2023-10-18,2023-11-01,,In Process,Customer requested expedited shipping.,21432
19636,2026-01-05,2026-01-31,2026-01-15,Disputed,Verified credit before processing.,23825
19637,2026-05-11,2026-05-30,2026-05-13,Shipped,Backorder — ship when available.,22107
19638,2022-09-21,2022-10-06,2022-09-26,Shipped,,20254
19639,2025-04-25,2025-05-14,,On Hold,,20980
19640,2023-02-13,2023-03-02,2023-02-19,Shipped,Backorder — ship when available.,21706
19641,2024-11-06,2024-11-17,2024-11-13,Shipped,,23523
19642,2022-09-10,2022-10-08,2022-09-13,Resolved,,24192
19643,2022-01-06,2022-01-31,2022-01-09,Shipped,Call before delivery.,22538
19644,2023-10-25,2023-11-16,2023-11-01,Disputed,,20529
19645,2022-02-19,2022-03-08,2022-02-24,Shipped,Priority customer — rush order.,24332
19646,2024-08-16,2024-09-04,2024-08-23,Resolved,,21748
19647,2024-08-04,2024-08-22,2024-08-05,Shipped,Check stock before processing.,21355
19648,2022-06-17,2022-07-04,,In Process,,23972
19649,2022-12-04,2023-01-01,,In Process,,21007
19650,2025-07-19,2025-07-30,2025-07-27,Disputed,Check stock before processing.,20187
19651,2023-09-13,2023-10-12,,Cancelled,Special discount applied.,20198
19652,2022-07-22,2022-08-11,,In Process,International shipment — customs docs needed.,20679
19653,2022-12-27,2023-01-26,2022-12-28,Shipped,Hold for customer confirmation.,21964
19654,2023-02-01,2023-02-19,,Cancelled,International shipment — customs docs needed.,22810
19655,2024-01-29,2024-02-06,2024-02-05,Shipped,,21560
19656,2024-07-30,2024-08-06,2024-08-06,Shipped,Fragile items — handle with care.,22764
19657,2024-04-17,2024-04-25,2024-04-20,Shipped,Priority customer — rush order.,21066
19658,2024-02-28,2024-03-24,2024-03-08,Shipped,Gift wrapping requested.,24173
19659,2023-08-13,2023-09-05,2023-08-16,Shipped,Call before delivery.,22049
19660,2022-12-09,2023-01-06,2022-12-13,Shipped,Customer will pick up at warehouse.,22090
19661,2022-05-07,2022-06-03,,In Process,Partial shipment approved by customer.,23759
19662,2026-02-10,2026-02-17,,In Process,,22663
19663,2022-06-12,2022-07-12,2022-06-16,Disputed,,23475
19664,2024-01-08,2024-01-17,,Cancelled,Gift wrapping requested.,24070
19665,2025-11-23,2025-12-13,2025-11-28,Shipped,,23337
19666,2025-05-09,2025-05-25,2025-05-19,Shipped,Hold for customer confirmation.,24541
19667,2022-01-16,2022-02-11,2022-01-18,Shipped,Fragile items — handle with care.,22425
19668,2025-11-07,2025-12-06,2025-11-12,Shipped,,24859
19669,2025-11-09,2025-11-21,,On Hold,,24881
19670,2023-04-10,2023-05-08,2023-04-17,Disputed,Hold for customer confirmation.,20048
19671,2024-01-16,2024-02-15,,On Hold,,23533
19672,2024-06-11,2024-07-07,,Cancelled,Special discount applied.,24702
19673,2025-01-07,2025-01-21,2025-01-17,Shipped,Customer will pick up at warehouse.,21530
19674,2023-12-26,2024-01-10,2023-12-30,Resolved,Priority customer — rush order.,21646
19675,2022-03-08,2022-04-07,,In Process,Customer requested expedited shipping.,23490
19676,2024-09-10,2024-10-07,,On Hold,Priority customer — rush order.,23098
19677,2024-12-08,2024-12-21,,In Process,Backorder — ship when available.,21245
19678,2024-10-03,2024-10-28,2024-10-13,Resolved,,20945
19679,2025-01-16,2025-02-05,2025-01-25,Shipped,Call before delivery.,22859
19680,2025-03-03,2025-03-16,2025-03-13,Resolved,,22009
19681,2023-10-31,2023-11-27,2023-11-04,Disputed,,24377
19682,2026-05-08,2026-05-19,,Cancelled,Special discount applied.,20771
19683,2025-01-23,2025-02-11,2025-01-25,Resolved,,23394
19684,2022-11-01,2022-11-22,,On Hold,Partial shipment approved by customer.,20420
19685,2022-10-28,2022-11-27,2022-11-07,Shipped,,22828
19686,2023-06-11,2023-07-02,2023-06-14,Shipped,Call before delivery.,23034
19687,2023-04-02,2023-04-14,2023-04-05,Shipped,Verified credit before processing.,24149
19688,2022-07-29,2022-08-10,2022-08-02,Resolved,,23620
19689,2023-06-10,2023-06-19,2023-06-17,Shipped,Call before delivery.,24150
19690,2022-07-08,2022-07-22,2022-07-17,Shipped,Hold for customer confirmation.,21545
19691,2022-06-22,2022-06-30,2022-06-29,Shipped,Check stock before processing.,24301
19692,2026-02-24,2026-03-04,2026-03-02,Shipped,,23906
19693,2022-11-17,2022-12-15,2022-11-18,Shipped,Fragile items — handle with care.,24109
19694,2022-07-24,2022-08-02,2022-07-29,Disputed,Fragile items — handle with care.,20734
19695,2025-02-17,2025-03-04,2025-02-27,Shipped,Replacement for damaged order.,22308
19696,2025-12-27,2026-01-09,,On Hold,,23853
19697,2023-08-22,2023-09-08,2023-08-28,Disputed,Gift wrapping requested.,22295
19698,2023-05-31,2023-06-27,2023-06-10,Disputed,Backorder — ship when available.,24215
19699,2022-02-24,2022-03-13,2022-02-26,Shipped,Call before delivery.,22045
19700,2025-04-02,2025-04-12,,In Process,Priority customer — rush order.,23216
19701,2023-02-21,2023-03-13,2023-02-22,Shipped,,23684
19702,2022-02-21,2022-03-20,2022-03-03,Shipped,Customer will pick up at warehouse.,21986
19703,2026-06-16,2026-07-01,2026-06-23,Resolved,Replacement for damaged order.,24504
19704,2024-12-30,2025-01-06,,In Process,Call before delivery.,24998
19705,2023-05-01,2023-05-15,2023-05-04,Shipped,,22417
19706,2023-11-17,2023-12-03,2023-11-24,Shipped,Gift wrapping requested.,24230
19707,2022-06-20,2022-06-28,2022-06-22,Shipped,Partial shipment approved by customer.,23373
19708,2024-10-06,2024-11-03,2024-10-10,Shipped,International shipment — customs docs needed.,24679
19709,2025-08-20,2025-09-08,2025-08-23,Disputed,Call before delivery.,20142
19710,2024-06-05,2024-06-20,,On Hold,,22552
19711,2023-10-08,2023-10-16,2023-10-13,Shipped,,24380
19712,2025-02-28,2025-03-16,2025-03-03,Shipped,Check stock before processing.,21978
19713,2022-10-16,2022-11-13,,On Hold,,22380
19714,2026-02-22,2026-03-12,2026-02-26,Shipped,Hold for customer confirmation.,24302
19715,2025-04-24,2025-05-02,2025-04-26,Shipped,Hold for customer confirmation.,23125
19716,2024-03-02,2024-03-17,2024-03-07,Shipped,International shipment — customs docs needed.,21689
19717,2026-05-30,2026-06-24,,On Hold,Hold for customer confirmation.,23565
19718,2023-09-18,2023-09-25,,On Hold,Hold for customer confirmation.,23480
19719,2024-08-09,2024-09-03,,On Hold,Check stock before processing.,22818
19720,2025-10-15,2025-11-01,2025-10-16,Resolved,Replacement for damaged order.,22898
19721,2025-09-18,2025-10-10,2025-09-26,Shipped,Verified credit before processing.,24980
19722,2024-08-10,2024-08-21,2024-08-16,Shipped,,24176
19723,2023-05-17,2023-06-10,2023-05-27,Disputed,Hold for customer confirmation.,22102
19724,2026-05-07,2026-05-14,,In Process,Gift wrapping requested.,21841
19725,2026-01-25,2026-02-05,,Cancelled,Verified credit before processing.,23678
19726,2023-02-26,2023-03-11,2023-03-08,Shipped,Fragile items — handle with care.,21331
19727,2023-11-06,2023-11-25,,On Hold,Gift wrapping requested.,23778
19728,2026-01-18,2026-02-12,,In Process,Replacement for damaged order.,22505
19729,2025-10-29,2025-11-21,,On Hold,Priority customer — rush order.,24135
19730,2023-09-18,2023-10-10,2023-09-20,Shipped,Replacement for damaged order.,24161
19731,2023-03-12,2023-03-27,,On Hold,International shipment — customs docs needed.,20658
19732,2025-04-23,2025-05-05,2025-05-03,Shipped,,20934
19733,2023-07-11,2023-08-08,,On Hold,,22695
19734,2022-11-01,2022-11-16,2022-11-06,Shipped,,22651
19735,2025-11-21,2025-12-11,,In Process,Check stock before processing.,22832
19736,2025-09-23,2025-10-17,,In Process,,21909
19737,2022-02-11,2022-03-12,,In Process,,24703
19738,2022-01-20,2022-02-06,2022-01-29,Shipped,,24105
19739,2023-08-19,2023-09-04,2023-08-27,Disputed,International shipment — customs docs needed.,23068
19740,2023-11-09,2023-11-22,,In Process,Call before delivery.,20433
19741,2025-12-30,2026-01-12,2026-01-06,Shipped,Check stock before processing.,24090
19742,2026-07-07,2026-07-18,2026-07-15,Shipped,,20807
19743,2025-01-11,2025-02-07,2025-01-17,Shipped,,22794
19744,2025-02-04,2025-02-17,2025-02-05,Shipped,Gift wrapping requested.,20676
19745,2024-02-02,2024-02-21,2024-02-08,Disputed,Priority customer — rush order.,22187
19746,2025-08-21,2025-09-14,2025-08-30,Shipped,Customer requested expedited shipping.,21136
19747,2025-04-12,2025-05-07,2025-04-20,Shipped,Gift wrapping requested.,20143
19748,2023-07-04,2023-07-21,2023-07-11,Shipped,Partial shipment approved by customer.,23317
19749,2022-02-19,2022-03-02,,On Hold,,24804
19750,2023-01-27,2023-02-25,2023-01-30,Resolved,Backorder — ship when available.,23337
19751,2025-01-08,2025-01-27,,Cancelled,,24447
19752,2024-08-28,2024-09-19,2024-08-29,Disputed,Backorder — ship when available.,21849
19753,2024-11-27,2024-12-09,,In Process,,21756
19754,2022-12-10,2022-12-27,2022-12-13,Disputed,Customer requested expedited shipping.,24086
19755,2022-07-20,2022-07-29,,In Process,Please ship as soon as possible.,20859
19756,2024-07-18,2024-08-11,2024-07-27,Resolved,,23037
19757,2022-07-21,2022-08-16,,On Hold,Special discount applied.,24037
19758,2023-11-06,2023-11-25,2023-11-11,Shipped,,21010
19759,2026-05-07,2026-05-20,,Cancelled,Customer requested expedited shipping.,20059
19760,2023-07-09,2023-07-16,,In Process,Replacement for damaged order.,23714
19761,2022-09-12,2022-10-09,2022-09-13,Disputed,Customer will pick up at warehouse.,21397
19762,2025-04-25,2025-05-15,2025-04-28,Shipped,Customer will pick up at warehouse.,22613
19763,2024-10-08,2024-10-16,2024-10-09,Shipped,,24636
19764,2026-07-06,2026-07-13,2026-07-07,Shipped,,20851
19765,2026-01-16,2026-01-29,2026-01-18,Disputed,Gift wrapping requested.,23219
19766,2022-07-03,2022-07-27,2022-07-07,Shipped,Check stock before processing.,22744
19767,2022-10-29,2022-11-27,2022-10-30,Shipped,International shipment — customs docs needed.,22874
19768,2024-10-09,2024-10-30,2024-10-16,Shipped,Check stock before processing.,23824
19769,2022-12-13,2022-12-29,2022-12-16,Disputed,,22526
19770,2026-06-10,2026-06-27,,On Hold,,20491
19771,2023-03-28,2023-04-16,,Cancelled,Hold for customer confirmation.,24531
19772,2026-02-08,2026-02-18,2026-02-11,Shipped,,23427
19773,2026-01-04,2026-01-27,2026-01-05,Shipped,,20740
19774,2024-12-21,2025-01-09,,Cancelled,Hold for customer confirmation.,20479
19775,2024-05-26,2024-06-11,2024-06-03,Disputed,Please ship as soon as possible.,24182
19776,2026-06-07,2026-06-23,2026-06-09,Shipped,Customer will pick up at warehouse.,23904
19777,2024-11-19,2024-12-04,2024-11-29,Shipped,,22359
19778,2022-07-03,2022-07-29,2022-07-11,Disputed,Partial shipment approved by customer.,20002
19779,2023-10-25,2023-11-02,2023-10-26,Resolved,,22794
19780,2024-11-03,2024-11-21,2024-11-05,Shipped,Please ship as soon as possible.,22251
19781,2022-11-17,2022-11-26,2022-11-19,Disputed,Call before delivery.,21947
19782,2024-01-23,2024-01-30,2024-01-29,Shipped,,22530
19783,2023-08-30,2023-09-20,2023-09-05,Resolved,,21296
19784,2025-11-16,2025-12-12,2025-11-18,Shipped,Check stock before processing.,20942
19785,2024-06-22,2024-07-06,,In Process,,23238
19786,2022-07-29,2022-08-08,2022-08-01,Shipped,Replacement for damaged order.,20344
19787,2024-11-12,2024-12-10,2024-11-15,Shipped,Check stock before processing.,24819
19788,2022-11-12,2022-12-09,2022-11-15,Shipped,,22517
19789,2023-04-06,2023-04-18,2023-04-15,Shipped,Verified credit before processing.,23818
19790,2024-02-06,2024-03-02,2024-02-16,Resolved,Customer requested expedited shipping.,21332
19791,2024-12-16,2025-01-03,2024-12-21,Shipped,,23415
19792,2026-06-03,2026-06-25,2026-06-12,Resolved,Call before delivery.,20016
19793,2024-09-28,2024-10-07,2024-10-01,Shipped,,23616
19794,2026-03-21,2026-04-18,2026-03-24,Shipped,Please ship as soon as possible.,20264
19795,2023-01-21,2023-02-15,,Cancelled,,20185
19796,2025-04-26,2025-05-16,2025-05-03,Shipped,Partial shipment approved by customer.,20956
19797,2022-09-09,2022-10-05,2022-09-19,Shipped,,24635
19798,2026-07-16,2026-08-01,2026-07-19,Disputed,Verified credit before processing.,22852
19799,2026-05-26,2026-06-09,,On Hold,Hold for customer confirmation.,23339
19800,2026-06-12,2026-07-03,2026-06-18,Shipped,,22147
19801,2022-02-02,2022-02-18,2022-02-03,Shipped,,23170
19802,2024-08-09,2024-08-28,2024-08-11,Shipped,,22892
19803,2025-11-20,2025-12-08,2025-11-27,Disputed,,24298
19804,2022-09-23,2022-10-12,,On Hold,,24903
19805,2022-11-17,2022-12-08,2022-11-19,Resolved,Verified credit before processing.,24617
19806,2023-04-11,2023-05-03,,Cancelled,Call before delivery.,22000
19807,2024-05-17,2024-06-01,2024-05-27,Resolved,,24450
19808,2023-09-18,2023-10-16,,In Process,Hold for customer confirmation.,24560
19809,2025-04-26,2025-05-15,,In Process,Please ship as soon as possible.,21054
19810,2025-03-03,2025-03-13,2025-03-09,Disputed,,20675
19811,2023-04-28,2023-05-26,,On Hold,Customer requested expedited shipping.,23035
19812,2023-11-26,2023-12-08,2023-11-28,Shipped,,24998
19813,2024-02-01,2024-02-21,,In Process,International shipment — customs docs needed.,22261
19814,2026-01-25,2026-02-19,2026-01-30,Shipped,,21225
19815,2023-10-15,2023-10-29,,Cancelled,Special discount applied.,23196
19816,2023-09-10,2023-10-03,2023-09-17,Shipped,Replacement for damaged order.,22665
19817,2023-08-22,2023-09-12,,Cancelled,Backorder — ship when available.,21560
19818,2022-06-20,2022-07-06,,On Hold,,24536
19819,2024-04-26,2024-05-22,,In Process,Check stock before processing.,22027
19820,2026-02-18,2026-03-02,,Cancelled,,20753
19821,2026-02-21,2026-03-07,2026-02-24,Resolved,Check stock before processing.,23080
19822,2023-05-18,2023-06-01,2023-05-26,Disputed,Hold for customer confirmation.,21284
19823,2026-02-03,2026-02-19,2026-02-09,Shipped,Fragile items — handle with care.,21294
19824,2026-03-10,2026-04-04,2026-03-20,Shipped,Priority customer — rush order.,24257
19825,2023-04-05,2023-04-16,2023-04-10,Resolved,Replacement for damaged order.,24515
19826,2024-05-07,2024-05-20,,In Process,Replacement for damaged order.,24955
19827,2024-11-15,2024-12-09,2024-11-19,Shipped,Verified credit before processing.,24749
19828,2026-07-19,2026-08-13,2026-07-20,Shipped,Call before delivery.,23421
19829,2022-08-07,2022-08-22,2022-08-08,Shipped,Partial shipment approved by customer.,24650
19830,2026-04-25,2026-05-21,2026-05-04,Resolved,Partial shipment approved by customer.,23260
19831,2026-01-14,2026-01-22,,On Hold,Replacement for damaged order.,21190
19832,2024-03-21,2024-03-30,2024-03-26,Shipped,Fragile items — handle with care.,22645
19833,2025-09-21,2025-10-15,2025-09-23,Shipped,Special discount applied.,21286
19834,2022-12-10,2022-12-25,,In Process,Customer requested expedited shipping.,23805
19835,2022-07-30,2022-08-22,2022-08-01,Shipped,Customer requested expedited shipping.,21215
19836,2025-07-25,2025-08-05,,In Process,Customer will pick up at warehouse.,24170
19837,2025-08-25,2025-09-09,,On Hold,Fragile items — handle with care.,23639
19838,2023-02-27,2023-03-11,2023-03-02,Shipped,Hold for customer confirmation.,23754
19839,2024-01-15,2024-02-13,2024-01-25,Shipped,Fragile items — handle with care.,21451
19840,2024-05-02,2024-05-20,,In Process,Special discount applied.,22254
19841,2022-04-08,2022-05-06,2022-04-11,Resolved,Partial shipment approved by customer.,21048
19842,2026-01-15,2026-02-04,,In Process,,22957
19843,2023-10-08,2023-10-17,2023-10-16,Disputed,Customer requested expedited shipping.,24715
19844,2023-02-03,2023-02-15,,Cancelled,Fragile items — handle with care.,23381
19845,2024-02-25,2024-03-04,2024-02-29,Resolved,Gift wrapping requested.,23616
19846,2024-04-25,2024-05-23,2024-05-03,Resolved,,20334
19847,2024-12-21,2025-01-17,,On Hold,Check stock before processing.,23484
19848,2026-01-18,2026-02-10,2026-01-19,Shipped,,21011
19849,2026-04-06,2026-05-02,2026-04-09,Shipped,Hold for customer confirmation.,23445
19850,2023-07-04,2023-07-19,2023-07-13,Resolved,,24970
19851,2025-04-28,2025-05-13,2025-05-05,Shipped,,23901
19852,2023-09-27,2023-10-14,2023-09-29,Shipped,Special discount applied.,22930
19853,2025-10-15,2025-11-05,2025-10-19,Shipped,Check stock before processing.,20097
19854,2025-03-15,2025-03-22,2025-03-22,Resolved,Partial shipment approved by customer.,22398
19855,2023-09-02,2023-09-14,2023-09-12,Shipped,Backorder — ship when available.,20968
19856,2025-01-12,2025-02-04,2025-01-21,Disputed,Customer will pick up at warehouse.,24971
19857,2025-01-27,2025-02-15,,On Hold,,22178
19858,2024-02-04,2024-02-19,,On Hold,Special discount applied.,20036
19859,2024-01-15,2024-02-11,2024-01-21,Shipped,International shipment — customs docs needed.,21992
19860,2023-07-31,2023-08-13,2023-08-07,Shipped,,24377
19861,2023-02-26,2023-03-13,,In Process,,24503
19862,2022-12-04,2022-12-13,2022-12-09,Shipped,Fragile items — handle with care.,24364
19863,2026-07-01,2026-07-12,2026-07-03,Shipped,Please ship as soon as possible.,23635
19864,2025-09-12,2025-09-30,2025-09-15,Disputed,Hold for customer confirmation.,23075
19865,2022-01-06,2022-01-17,,On Hold,,24370
19866,2022-09-16,2022-09-27,2022-09-25,Shipped,Call before delivery.,22721
19867,2026-04-10,2026-04-22,,In Process,,20907
19868,2026-02-15,2026-03-01,2026-02-16,Shipped,,24592
19869,2023-06-13,2023-06-20,2023-06-18,Shipped,,24529
19870,2025-06-18,2025-06-30,2025-06-21,Shipped,,22036
19871,2022-01-06,2022-01-23,2022-01-16,Disputed,International shipment — customs docs needed.,24126
19872,2022-10-04,2022-10-25,,On Hold,Call before delivery.,24688
19873,2025-08-30,2025-09-11,2025-09-07,Disputed,Customer requested expedited shipping.,22775
19874,2024-01-03,2024-02-01,2024-01-13,Shipped,Please ship as soon as possible.,22663
19875,2025-01-16,2025-02-07,2025-01-26,Resolved,Customer requested expedited shipping.,20469
19876,2023-07-30,2023-08-17,2023-08-06,Shipped,Hold for customer confirmation.,23644
19877,2022-03-18,2022-04-05,,Cancelled,Gift wrapping requested.,24517
19878,2022-07-23,2022-08-13,,On Hold,Verified credit before processing.,22749
19879,2022-05-12,2022-06-10,,On Hold,Call before delivery.,24677
19880,2023-03-03,2023-03-27,2023-03-05,Shipped,Partial shipment approved by customer.,22909
19881,2022-11-26,2022-12-14,2022-12-02,Shipped,Special discount applied.,23433
19882,2025-08-19,2025-09-12,2025-08-21,Shipped,Gift wrapping requested.,20616
19883,2023-05-27,2023-06-23,,Cancelled,,22292
19884,2024-03-29,2024-04-25,2024-04-03,Disputed,Priority customer — rush order.,23181
19885,2022-10-27,2022-11-25,2022-11-01,Shipped,Partial shipment approved by customer.,24850
19886,2024-11-20,2024-12-10,,On Hold,,21298
19887,2023-11-20,2023-12-03,2023-11-26,Disputed,Gift wrapping requested.,21272
19888,2026-03-11,2026-03-31,2026-03-14,Disputed,,20947
19889,2025-11-16,2025-12-11,2025-11-22,Resolved,Hold for customer confirmation.,20420
19890,2025-11-14,2025-12-10,2025-11-15,Shipped,Priority customer — rush order.,23965
19891,2023-05-15,2023-06-09,2023-05-23,Shipped,,23613
19892,2025-04-23,2025-05-19,2025-04-24,Shipped,Hold for customer confirmation.,24833
19893,2025-10-31,2025-11-21,2025-11-06,Shipped,,20640
19894,2022-07-16,2022-08-01,,On Hold,Priority customer — rush order.,23829
19895,2023-04-01,2023-04-14,,On Hold,Hold for customer confirmation.,22966
19896,2024-01-13,2024-02-06,,In Process,Customer requested expedited shipping.,23054
19897,2024-12-01,2024-12-21,,Cancelled,Call before delivery.,23452
19898,2023-10-31,2023-11-10,,Cancelled,,20945
19899,2022-12-05,2022-12-31,2022-12-09,Shipped,Partial shipment approved by customer.,21889
19900,2026-04-08,2026-05-08,,Cancelled,Replacement for damaged order.,21680
19901,2022-09-27,2022-10-27,2022-10-03,Shipped,,24144
19902,2025-08-25,2025-09-20,,In Process,Replacement for damaged order.,21036
19903,2026-03-06,2026-03-28,2026-03-16,Disputed,Please ship as soon as possible.,22239
19904,2025-11-24,2025-12-18,2025-11-30,Shipped,Customer requested expedited shipping.,22916
19905,2025-09-18,2025-10-09,,In Process,,22215
19906,2023-11-01,2023-11-10,2023-11-06,Shipped,Backorder — ship when available.,24253
19907,2024-01-31,2024-02-20,2024-02-10,Disputed,,23127
19908,2024-07-07,2024-08-04,,On Hold,Priority customer — rush order.,20653
19909,2025-08-13,2025-09-02,2025-08-23,Shipped,Partial shipment approved by customer.,22249
19910,2024-08-25,2024-09-12,,On Hold,,24781
19911,2023-08-14,2023-09-06,2023-08-16,Shipped,Customer will pick up at warehouse.,20562
19912,2023-01-01,2023-01-09,2023-01-09,Shipped,,22279
19913,2023-12-05,2023-12-20,2023-12-10,Resolved,,23992
19914,2025-09-01,2025-09-28,,On Hold,International shipment — customs docs needed.,23762
19915,2023-01-12,2023-02-08,2023-01-16,Resolved,,24929
19916,2026-01-13,2026-02-05,,In Process,Customer will pick up at warehouse.,21059
19917,2024-08-12,2024-08-28,2024-08-20,Shipped,Special discount applied.,20467
19918,2023-10-08,2023-10-21,2023-10-16,Shipped,Priority customer — rush order.,20593
19919,2024-07-14,2024-08-09,2024-07-22,Shipped,Customer will pick up at warehouse.,22083
19920,2023-12-26,2024-01-24,2024-01-04,Shipped,Hold for customer confirmation.,24977
19921,2024-07-08,2024-07-30,2024-07-17,Shipped,Customer will pick up at warehouse.,20420
19922,2025-03-08,2025-03-17,2025-03-17,Shipped,International shipment — customs docs needed.,22680
19923,2023-04-14,2023-04-29,,On Hold,Check stock before processing.,23996
19924,2023-03-25,2023-04-14,,In Process,Partial shipment approved by customer.,20770
19925,2026-06-15,2026-07-09,,On Hold,Check stock before processing.,21440
19926,2025-05-15,2025-05-22,,On Hold,,23197
19927,2022-10-26,2022-11-09,2022-10-30,Shipped,Call before delivery.,24560
19928,2022-02-12,2022-02-19,,On Hold,,23429
19929,2025-08-01,2025-08-17,2025-08-02,Shipped,,24808
19930,2026-06-23,2026-07-04,2026-06-30,Shipped,,22139
19931,2024-02-14,2024-02-28,2024-02-23,Shipped,,23349
19932,2024-11-12,2024-12-06,2024-11-20,Shipped,Backorder — ship when available.,23770
19933,2024-12-12,2024-12-27,2024-12-20,Disputed,Partial shipment approved by customer.,22998
19934,2023-03-12,2023-04-07,2023-03-14,Disputed,Customer will pick up at warehouse.,23797
19935,2023-01-13,2023-02-04,2023-01-17,Shipped,Please ship as soon as possible.,23741
19936,2025-09-22,2025-10-07,2025-09-28,Shipped,Fragile items — handle with care.,21689
19937,2022-01-17,2022-02-10,2022-01-27,Disputed,Customer will pick up at warehouse.,20396
19938,2026-06-28,2026-07-07,2026-07-02,Disputed,,23312
19939,2026-01-12,2026-01-30,,Cancelled,Priority customer — rush order.,20156
19940,2023-07-06,2023-07-20,2023-07-08,Shipped,,22090
19941,2023-09-07,2023-09-26,2023-09-16,Shipped,,20828
19942,2025-10-25,2025-11-14,2025-10-31,Shipped,Verified credit before processing.,23010
19943,2025-04-12,2025-04-19,2025-04-20,Disputed,Customer requested expedited shipping.,22929
19944,2022-10-28,2022-11-21,2022-11-05,Shipped,Verified credit before processing.,21590
19945,2025-04-06,2025-05-01,2025-04-12,Shipped,Please ship as soon as possible.,23622
19946,2024-05-02,2024-05-25,,On Hold,,22460
19947,2022-08-13,2022-09-08,2022-08-16,Shipped,,21062
19948,2025-03-04,2025-03-21,2025-03-12,Resolved,Verified credit before processing.,22525
19949,2024-11-03,2024-11-29,2024-11-04,Shipped,International shipment — customs docs needed.,22713
19950,2026-01-27,2026-02-11,2026-02-04,Resolved,Check stock before processing.,24010
19951,2022-07-03,2022-07-31,,On Hold,Check stock before processing.,20612
19952,2026-06-30,2026-07-12,2026-07-07,Shipped,,24171
19953,2025-07-20,2025-08-12,2025-07-26,Shipped,Backorder — ship when available.,23617
19954,2026-05-02,2026-05-21,2026-05-09,Shipped,Replacement for damaged order.,24850
19955,2022-10-02,2022-10-27,2022-10-11,Disputed,,22069
19956,2024-09-18,2024-10-10,,Cancelled,Call before delivery.,21618
19957,2023-07-18,2023-08-04,,In Process,Priority customer — rush order.,21462
19958,2025-03-01,2025-03-14,2025-03-08,Shipped,,23676
19959,2022-07-17,2022-08-16,2022-07-27,Shipped,,20612
19960,2024-09-22,2024-10-22,2024-10-02,Shipped,Fragile items — handle with care.,23879
19961,2023-05-14,2023-06-09,,In Process,Please ship as soon as possible.,23140
19962,2023-06-04,2023-06-25,2023-06-07,Resolved,Check stock before processing.,23982
19963,2024-10-06,2024-10-27,2024-10-15,Shipped,,23844
19964,2022-04-18,2022-05-07,2022-04-28,Shipped,Gift wrapping requested.,24886
19965,2022-08-23,2022-09-14,2022-08-31,Disputed,,22405
19966,2025-02-07,2025-02-25,2025-02-17,Shipped,Partial shipment approved by customer.,22421
19967,2022-12-11,2022-12-29,,In Process,,21863
19968,2023-07-07,2023-07-27,,In Process,,22364
19969,2023-10-20,2023-11-15,2023-10-28,Shipped,,24261
19970,2024-03-07,2024-03-22,2024-03-11,Shipped,International shipment — customs docs needed.,21485
19971,2025-07-02,2025-07-21,2025-07-05,Resolved,Please ship as soon as possible.,20145
19972,2024-06-02,2024-06-21,2024-06-12,Shipped,Please ship as soon as possible.,21803
19973,2023-12-01,2023-12-10,2023-12-03,Shipped,Priority customer — rush order.,22373
19974,2022-11-25,2022-12-14,2022-11-29,Shipped,Please ship as soon as possible.,23906
19975,2023-05-22,2023-06-08,2023-05-26,Shipped,Gift wrapping requested.,20110
19976,2024-12-06,2025-01-04,,In Process,Please ship as soon as possible.,20655
19977,2025-08-04,2025-08-19,2025-08-12,Shipped,Replacement for damaged order.,23215
19978,2023-01-11,2023-01-22,2023-01-16,Shipped,Fragile items — handle with care.,20061
19979,2023-10-15,2023-11-01,2023-10-20,Shipped,,20719
19980,2026-07-09,2026-07-20,2026-07-19,Disputed,Customer will pick up at warehouse.,22212
19981,2026-03-04,2026-03-28,2026-03-11,Shipped,Special discount applied.,22971
19982,2023-09-04,2023-09-29,2023-09-09,Disputed,Backorder — ship when available.,24634
19983,2022-08-03,2022-08-19,,Cancelled,Fragile items — handle with care.,20061
19984,2026-07-08,2026-07-24,,Cancelled,,22193
19985,2022-12-30,2023-01-09,,In Process,,23897
19986,2025-02-05,2025-03-01,2025-02-08,Shipped,,23361
19987,2024-10-11,2024-11-01,,Cancelled,,24671
19988,2026-06-19,2026-07-19,2026-06-25,Resolved,,21519
19989,2025-04-17,2025-05-03,,Cancelled,,23629
19990,2022-01-30,2022-02-12,2022-02-02,Resolved,,20641
19991,2023-04-08,2023-05-07,2023-04-10,Shipped,Verified credit before processing.,21517
19992,2024-01-17,2024-02-05,2024-01-27,Shipped,International shipment — customs docs needed.,21159
19993,2025-08-21,2025-08-28,2025-08-27,Shipped,Hold for customer confirmation.,21044
19994,2025-01-05,2025-02-02,,On Hold,Hold for customer confirmation.,24329
19995,2022-09-21,2022-10-20,2022-09-23,Resolved,International shipment — customs docs needed.,20432
19996,2024-04-20,2024-05-09,2024-04-23,Disputed,Hold for customer confirmation.,23318
19997,2024-02-12,2024-03-08,2024-02-17,Shipped,Verified credit before processing.,20523
19998,2025-04-21,2025-05-07,2025-04-30,Shipped,,22046
19999,2022-01-19,2022-02-05,2022-01-21,Shipped,Call before delivery.,23739
20000,2026-02-20,2026-03-21,,In Process,Call before delivery.,21947
20001,2024-04-19,2024-05-08,2024-04-22,Shipped,Customer will pick up at warehouse.,23300
20002,2025-01-14,2025-01-26,2025-01-24,Shipped,Hold for customer confirmation.,24014
20003,2025-01-28,2025-02-09,2025-01-31,Shipped,,24598
20004,2024-12-08,2025-01-04,,Cancelled,Replacement for damaged order.,22769
20005,2023-03-18,2023-03-30,,On Hold,Special discount applied.,24285
20006,2024-08-28,2024-09-21,2024-08-30,Shipped,,20746
20007,2023-03-16,2023-04-15,2023-03-24,Shipped,Priority customer — rush order.,21628
20008,2022-06-04,2022-06-15,,On Hold,Special discount applied.,23436
20009,2022-11-05,2022-11-19,2022-11-11,Resolved,Check stock before processing.,23513
20010,2026-03-05,2026-03-24,,Cancelled,,22887
20011,2024-04-17,2024-05-17,,Cancelled,Please ship as soon as possible.,21361
20012,2025-08-28,2025-09-27,2025-08-30,Shipped,Fragile items — handle with care.,22003
20013,2024-11-25,2024-12-15,2024-11-30,Shipped,,24732
20014,2025-01-29,2025-02-26,,On Hold,,21656
20015,2024-06-01,2024-06-14,2024-06-07,Disputed,Customer requested expedited shipping.,24172
20016,2024-01-29,2024-02-05,,Cancelled,Gift wrapping requested.,24206
20017,2022-03-12,2022-04-01,2022-03-16,Shipped,Partial shipment approved by customer.,24394
20018,2022-12-26,2023-01-11,,Cancelled,Customer will pick up at warehouse.,21309
20019,2023-02-11,2023-02-18,,Cancelled,Verified credit before processing.,23050
20020,2026-02-07,2026-02-17,2026-02-17,Shipped,,20566
20021,2023-09-17,2023-10-12,2023-09-27,Disputed,,20807
20022,2022-11-11,2022-11-30,,In Process,,24994
20023,2024-03-16,2024-04-13,2024-03-26,Shipped,,22732
20024,2023-05-20,2023-06-09,2023-05-23,Shipped,,22888
20025,2025-03-26,2025-04-25,2025-04-05,Shipped,,21537
20026,2024-09-18,2024-10-17,2024-09-28,Shipped,Customer will pick up at warehouse.,21291
20027,2024-01-06,2024-01-31,2024-01-09,Shipped,,22199
20028,2022-04-18,2022-04-28,2022-04-24,Shipped,Special discount applied.,20225
20029,2025-09-03,2025-09-30,,Cancelled,,21080
20030,2025-04-07,2025-04-19,,On Hold,Please ship as soon as possible.,23038
20031,2024-11-15,2024-12-01,2024-11-22,Shipped,Customer will pick up at warehouse.,23804
20032,2023-08-27,2023-09-26,,Cancelled,Partial shipment approved by customer.,22039
20033,2025-09-10,2025-09-23,2025-09-12,Shipped,,22927
20034,2023-06-24,2023-07-13,2023-06-30,Shipped,Special discount applied.,20820
20035,2023-10-05,2023-11-02,,On Hold,Customer requested expedited shipping.,24648
20036,2025-11-20,2025-12-09,2025-11-23,Resolved,Replacement for damaged order.,23381
20037,2024-06-15,2024-06-30,2024-06-22,Resolved,Call before delivery.,21561
20038,2026-03-10,2026-03-25,2026-03-16,Disputed,Call before delivery.,20125
20039,2024-06-12,2024-07-08,2024-06-16,Shipped,Fragile items — handle with care.,20047
20040,2023-12-28,2024-01-22,,Cancelled,,24808
20041,2025-03-23,2025-04-15,,On Hold,,24652
20042,2026-04-19,2026-04-26,2026-04-27,Shipped,Check stock before processing.,23058
20043,2024-07-03,2024-08-01,2024-07-06,Resolved,Backorder — ship when available.,24411
20044,2025-02-23,2025-03-14,2025-03-04,Resolved,,21770
20045,2024-07-05,2024-07-15,2024-07-11,Disputed,,22289
20046,2022-08-02,2022-09-01,2022-08-07,Resolved,Customer will pick up at warehouse.,22148
20047,2026-06-02,2026-06-14,2026-06-03,Shipped,Customer will pick up at warehouse.,23725
20048,2023-02-02,2023-02-13,2023-02-11,Shipped,Hold for customer confirmation.,20239
20049,2023-10-17,2023-10-26,2023-10-22,Shipped,,21539
20050,2023-09-20,2023-10-16,,On Hold,Call before delivery.,20850
20051,2024-06-19,2024-07-08,2024-06-21,Shipped,,21806
20052,2025-03-20,2025-04-11,2025-03-21,Resolved,,21118
20053,2024-09-16,2024-10-06,,Cancelled,,22438
20054,2023-03-22,2023-04-07,2023-04-01,Shipped,Customer requested expedited shipping.,21452
20055,2022-01-09,2022-01-27,,Cancelled,Replacement for damaged order.,24930
20056,2022-12-08,2022-12-22,2022-12-13,Disputed,Verified credit before processing.,23584
20057,2024-01-10,2024-02-04,2024-01-17,Disputed,Partial shipment approved by customer.,20735
20058,2023-08-29,2023-09-15,2023-09-01,Shipped,Check stock before processing.,21694
20059,2023-05-21,2023-06-02,,On Hold,Customer will pick up at warehouse.,20726
20060,2022-11-15,2022-11-25,2022-11-17,Shipped,Please ship as soon as possible.,21598
20061,2025-01-07,2025-01-29,2025-01-14,Resolved,Replacement for damaged order.,22983
20062,2022-09-19,2022-10-11,2022-09-27,Shipped,,23386
20063,2026-04-12,2026-04-19,2026-04-13,Shipped,Replacement for damaged order.,22887
20064,2023-12-16,2024-01-04,,On Hold,Please ship as soon as possible.,24496
20065,2026-07-20,2026-07-31,2026-07-20,Shipped,Customer will pick up at warehouse.,22935
20066,2025-09-05,2025-09-18,2025-09-12,Shipped,Partial shipment approved by customer.,21131
20067,2023-11-12,2023-11-29,2023-11-19,Resolved,Backorder — ship when available.,21621
20068,2022-12-21,2023-01-20,2022-12-22,Resolved,Customer will pick up at warehouse.,24458
20069,2026-03-02,2026-03-14,2026-03-08,Disputed,,23666
20070,2023-06-19,2023-07-17,2023-06-21,Resolved,Fragile items — handle with care.,21113
20071,2023-06-27,2023-07-14,,On Hold,Check stock before processing.,23965
20072,2024-04-23,2024-05-21,,On Hold,,21245
20073,2022-06-09,2022-07-01,2022-06-10,Shipped,Customer will pick up at warehouse.,24779
20074,2023-08-07,2023-08-19,2023-08-17,Shipped,Replacement for damaged order.,20358
20075,2022-01-19,2022-02-13,2022-01-27,Resolved,,21205
20076,2022-10-18,2022-11-09,2022-10-27,Shipped,Replacement for damaged order.,22119
20077,2024-03-11,2024-03-23,2024-03-13,Shipped,,24966
20078,2022-07-30,2022-08-17,2022-08-03,Shipped,Replacement for damaged order.,24185
20079,2025-09-03,2025-09-26,2025-09-12,Shipped,,24289
20080,2025-07-30,2025-08-20,2025-08-04,Shipped,,24216
20081,2024-04-03,2024-04-11,2024-04-07,Disputed,Replacement for damaged order.,20765
20082,2024-06-14,2024-07-10,2024-06-21,Shipped,Priority customer — rush order.,21170
20083,2026-01-07,2026-01-20,2026-01-11,Disputed,Backorder — ship when available.,24441
20084,2025-04-02,2025-04-19,2025-04-07,Shipped,,21150
20085,2022-07-04,2022-07-15,,On Hold,Priority customer — rush order.,21014
20086,2022-08-20,2022-09-10,2022-08-28,Shipped,Gift wrapping requested.,20458
20087,2025-03-21,2025-04-09,,On Hold,Replacement for damaged order.,24029
20088,2023-10-31,2023-11-12,2023-11-06,Shipped,Check stock before processing.,24418
20089,2022-07-19,2022-07-26,2022-07-25,Shipped,Replacement for damaged order.,24948
20090,2024-04-12,2024-05-11,2024-04-14,Shipped,,22576
20091,2024-11-17,2024-12-04,2024-11-22,Shipped,Check stock before processing.,21088
20092,2022-04-27,2022-05-09,2022-05-04,Resolved,Verified credit before processing.,23081
20093,2023-10-21,2023-11-12,2023-10-29,Resolved,,21931
20094,2026-02-26,2026-03-28,2026-03-08,Shipped,Check stock before processing.,24227
20095,2022-06-01,2022-06-21,,In Process,Backorder — ship when available.,21236
20096,2022-10-23,2022-11-11,,In Process,Call before delivery.,24042
20097,2023-09-16,2023-10-10,2023-09-17,Shipped,Please ship as soon as possible.,23255
20098,2022-06-03,2022-07-01,2022-06-05,Shipped,,23502
20099,2022-10-01,2022-10-24,2022-10-10,Shipped,Hold for customer confirmation.,22503
20100,2025-04-16,2025-04-27,2025-04-26,Shipped,,20711
20101,2025-11-21,2025-12-12,2025-11-22,Shipped,,21106
20102,2024-01-06,2024-01-26,,In Process,,24002
20103,2023-02-09,2023-03-02,,On Hold,Hold for customer confirmation.,20300
20104,2023-10-10,2023-10-27,2023-10-14,Disputed,,20092
20105,2026-01-15,2026-01-23,2026-01-16,Shipped,Fragile items — handle with care.,20529
20106,2026-03-06,2026-03-28,,In Process,Verified credit before processing.,22944
20107,2022-06-28,2022-07-23,,In Process,Please ship as soon as possible.,23538
20108,2025-01-22,2025-02-19,,On Hold,Priority customer — rush order.,23501
20109,2022-02-12,2022-03-05,2022-02-20,Shipped,Hold for customer confirmation.,20304
20110,2023-11-26,2023-12-19,,On Hold,Please ship as soon as possible.,20094
20111,2024-02-11,2024-03-10,2024-02-13,Shipped,Priority customer — rush order.,20035
20112,2023-06-20,2023-07-19,,On Hold,,22594
20113,2023-12-26,2024-01-10,2024-01-04,Shipped,,24571
20114,2026-02-01,2026-02-15,2026-02-06,Shipped,Check stock before processing.,20712
20115,2024-09-30,2024-10-16,2024-10-02,Shipped,Fragile items — handle with care.,22526
20116,2022-10-21,2022-11-08,2022-10-29,Disputed,,20973
20117,2025-08-15,2025-09-11,2025-08-17,Resolved,Special discount applied.,24257
20118,2022-02-25,2022-03-08,2022-03-02,Shipped,,24708
20119,2022-01-03,2022-02-02,2022-01-07,Shipped,,24039
20120,2025-09-23,2025-10-16,2025-09-24,Shipped,Priority customer — rush order.,23922
20121,2023-11-14,2023-12-06,2023-11-19,Shipped,Check stock before processing.,23210
20122,2022-10-18,2022-11-01,2022-10-21,Shipped,,21421
20123,2022-01-18,2022-02-04,,In Process,Customer will pick up at warehouse.,21916
20124,2022-02-09,2022-03-01,2022-02-12,Shipped,Partial shipment approved by customer.,21487
20125,2026-04-06,2026-04-13,2026-04-14,Shipped,Check stock before processing.,21603
20126,2022-07-17,2022-08-03,2022-07-27,Resolved,Check stock before processing.,22054
20127,2023-04-06,2023-04-19,2023-04-14,Shipped,Gift wrapping requested.,21162
20128,2024-09-13,2024-09-25,2024-09-20,Disputed,Customer requested expedited shipping.,22323
20129,2023-10-10,2023-11-01,2023-10-13,Shipped,Check stock before processing.,23260
20130,2025-07-14,2025-08-03,2025-07-19,Resolved,Replacement for damaged order.,22531
20131,2026-03-08,2026-03-15,,On Hold,Priority customer — rush order.,22715
20132,2024-10-06,2024-10-15,2024-10-07,Disputed,Backorder — ship when available.,20712
20133,2023-09-18,2023-09-30,2023-09-27,Shipped,Please ship as soon as possible.,24972
20134,2025-09-23,2025-10-06,2025-09-29,Shipped,Replacement for damaged order.,24051
20135,2024-12-31,2025-01-15,2025-01-01,Shipped,,21815
20136,2024-10-18,2024-11-10,2024-10-21,Shipped,Partial shipment approved by customer.,20148
20137,2022-10-28,2022-11-19,2022-10-31,Shipped,,21824
20138,2025-03-21,2025-04-18,,Cancelled,Backorder — ship when available.,22719
20139,2025-04-07,2025-04-29,2025-04-15,Shipped,Hold for customer confirmation.,24116
20140,2025-04-11,2025-05-09,2025-04-21,Shipped,Hold for customer confirmation.,22173
20141,2025-09-19,2025-09-29,2025-09-28,Shipped,,20958
20142,2023-08-21,2023-08-29,2023-08-22,Resolved,Backorder — ship when available.,24672
20143,2023-02-02,2023-02-28,,In Process,International shipment — customs docs needed.,24558
20144,2022-01-24,2022-02-06,2022-01-27,Shipped,Check stock before processing.,24004
20145,2023-04-06,2023-04-14,2023-04-11,Resolved,Special discount applied.,20245
20146,2024-03-23,2024-04-04,2024-03-24,Disputed,Special discount applied.,20108
20147,2024-06-10,2024-06-25,2024-06-20,Shipped,Hold for customer confirmation.,22735
20148,2026-05-17,2026-05-30,,On Hold,Partial shipment approved by customer.,23499
20149,2026-01-30,2026-02-13,2026-02-06,Resolved,,21685
20150,2024-06-05,2024-07-05,2024-06-08,Shipped,Please ship as soon as possible.,21988
20151,2023-08-26,2023-09-08,,Cancelled,Priority customer — rush order.,20952
20152,2026-02-10,2026-03-08,2026-02-12,Shipped,Customer requested expedited shipping.,21225
20153,2025-03-08,2025-03-25,2025-03-15,Disputed,Replacement for damaged order.,24237
20154,2024-09-01,2024-09-16,2024-09-04,Shipped,,20742
20155,2024-10-01,2024-10-27,2024-10-02,Disputed,Partial shipment approved by customer.,20737
20156,2022-07-16,2022-08-11,2022-07-23,Shipped,,21305
20157,2025-10-17,2025-11-04,,On Hold,Backorder — ship when available.,22699
20158,2023-04-19,2023-05-19,,Cancelled,Hold for customer confirmation.,23325
20159,2023-06-18,2023-06-25,2023-06-28,Shipped,,23317
20160,2023-04-06,2023-04-24,2023-04-13,Resolved,Check stock before processing.,24843
20161,2024-03-27,2024-04-07,2024-04-06,Shipped,Gift wrapping requested.,22052
20162,2022-03-25,2022-04-03,,In Process,Call before delivery.,20690
20163,2025-11-21,2025-12-17,2025-11-29,Disputed,Call before delivery.,21339
20164,2025-11-12,2025-11-23,2025-11-15,Shipped,Please ship as soon as possible.,20207
20165,2024-08-22,2024-09-16,2024-08-24,Shipped,Priority customer — rush order.,23958
20166,2025-06-24,2025-07-06,,On Hold,Replacement for damaged order.,23309
20167,2022-08-20,2022-09-08,2022-08-28,Shipped,,22595
20168,2026-02-25,2026-03-04,2026-03-01,Shipped,Please ship as soon as possible.,21369
20169,2023-06-06,2023-06-13,2023-06-10,Shipped,International shipment — customs docs needed.,22750
20170,2026-06-14,2026-06-22,2026-06-20,Disputed,International shipment — customs docs needed.,24877
20171,2023-10-24,2023-11-16,,In Process,Customer requested expedited shipping.,21359
20172,2025-07-16,2025-07-29,2025-07-17,Shipped,Special discount applied.,22105
20173,2026-04-03,2026-04-24,,Cancelled,Special discount applied.,23557
20174,2024-01-19,2024-02-16,2024-01-23,Shipped,,22580
20175,2026-05-20,2026-05-27,2026-05-22,Shipped,,21977
20176,2026-01-06,2026-01-19,2026-01-16,Shipped,Special discount applied.,21408
20177,2022-01-12,2022-02-06,2022-01-22,Disputed,Call before delivery.,23803
20178,2024-03-17,2024-03-27,,Cancelled,Priority customer — rush order.,21845
20179,2025-10-12,2025-10-29,2025-10-17,Shipped,,20833
20180,2023-06-16,2023-07-07,2023-06-22,Shipped,Customer requested expedited shipping.,23465
20181,2025-06-25,2025-07-18,,Cancelled,Fragile items — handle with care.,23700
20182,2022-01-11,2022-02-04,2022-01-14,Shipped,International shipment — customs docs needed.,24516
20183,2025-11-02,2025-11-25,2025-11-03,Resolved,Replacement for damaged order.,23108
20184,2022-09-26,2022-10-03,2022-09-27,Shipped,,24739
20185,2025-02-20,2025-03-20,2025-02-21,Shipped,Verified credit before processing.,22781
20186,2022-08-19,2022-09-08,2022-08-28,Shipped,,20629
20187,2024-01-15,2024-02-07,,Cancelled,Special discount applied.,24744
20188,2024-09-11,2024-10-04,,On Hold,,22842
20189,2022-04-09,2022-05-01,2022-04-19,Shipped,Customer will pick up at warehouse.,22017
20190,2024-07-05,2024-07-14,,On Hold,Call before delivery.,24705
20191,2026-03-20,2026-04-10,2026-03-26,Shipped,Fragile items — handle with care.,24215
20192,2025-12-31,2026-01-22,2026-01-08,Shipped,Replacement for damaged order.,24061
20193,2026-02-02,2026-03-04,2026-02-12,Shipped,,22416
20194,2024-03-23,2024-03-30,,In Process,Backorder — ship when available.,20037
20195,2025-06-28,2025-07-10,2025-07-07,Resolved,,21142
20196,2022-09-16,2022-09-27,2022-09-17,Shipped,Verified credit before processing.,21927
20197,2026-04-30,2026-05-07,2026-05-07,Shipped,,23395
20198,2023-06-06,2023-06-19,2023-06-11,Shipped,,24567
20199,2023-01-01,2023-01-29,,On Hold,Check stock before processing.,23037
20200,2023-07-26,2023-08-14,,In Process,Special discount applied.,21834
20201,2026-06-12,2026-06-22,2026-06-14,Shipped,Partial shipment approved by customer.,21640
20202,2026-04-04,2026-04-16,2026-04-06,Shipped,,23598
20203,2023-12-19,2024-01-17,2023-12-26,Disputed,Fragile items — handle with care.,24865
20204,2022-08-23,2022-09-02,2022-08-25,Disputed,Special discount applied.,20478
20205,2025-08-07,2025-09-06,,Cancelled,Call before delivery.,20824
20206,2023-03-17,2023-04-16,,Cancelled,Customer will pick up at warehouse.,20094
20207,2022-01-15,2022-01-24,2022-01-21,Shipped,Gift wrapping requested.,24254
20208,2023-10-29,2023-11-25,2023-11-04,Shipped,Backorder — ship when available.,21102
20209,2023-08-19,2023-09-18,2023-08-26,Shipped,,24295
20210,2024-10-05,2024-10-25,2024-10-07,Shipped,Gift wrapping requested.,20038
20211,2022-03-24,2022-04-05,2022-03-25,Shipped,,24908
20212,2026-03-30,2026-04-07,2026-04-04,Shipped,,24763
20213,2024-02-03,2024-03-03,,Cancelled,,22062
20214,2024-12-30,2025-01-18,2024-12-31,Shipped,,21978
20215,2024-12-12,2024-12-22,2024-12-13,Shipped,Customer will pick up at warehouse.,22617
20216,2024-10-15,2024-11-13,,In Process,,20607
20217,2024-08-16,2024-09-08,2024-08-25,Shipped,,21690
20218,2024-03-15,2024-04-12,2024-03-21,Shipped,Fragile items — handle with care.,24799
20219,2025-11-20,2025-12-18,2025-11-27,Shipped,,21063
20220,2022-10-04,2022-10-16,2022-10-09,Shipped,,22615
20221,2026-02-28,2026-03-26,,On Hold,,20592
20222,2024-02-19,2024-03-19,2024-02-29,Shipped,Hold for customer confirmation.,22170
20223,2022-11-05,2022-12-02,2022-11-12,Shipped,Replacement for damaged order.,21947
20224,2025-09-18,2025-09-27,,In Process,Call before delivery.,20993
20225,2026-04-27,2026-05-25,2026-05-01,Shipped,,21793
20226,2025-05-14,2025-06-10,2025-05-20,Shipped,,24880
20227,2025-08-25,2025-09-13,2025-08-27,Shipped,Please ship as soon as possible.,24904
20228,2026-06-25,2026-07-14,2026-07-04,Shipped,,20671
20229,2025-03-15,2025-04-11,,In Process,,24524
20230,2022-03-23,2022-04-01,,Cancelled,Verified credit before processing.,23065
20231,2022-07-06,2022-07-31,2022-07-08,Shipped,Verified credit before processing.,21350
20232,2026-05-26,2026-06-15,,Cancelled,Customer requested expedited shipping.,23345
20233,2024-02-19,2024-03-11,2024-02-26,Shipped,Fragile items — handle with care.,21479
20234,2026-03-08,2026-04-05,,In Process,,21939
